# The reference corpus: how densely working Java writes each word, pooled over the
# repositories a seeded draw took. It is a denominator and nothing else. No row states a
# subject, nothing here is scored, and a word absent from it has a share of zero.
#
# Columns: word, occurrences, share, error.
#   word         as the identifier splitter produced it, from a name a repository declared.
#   occurrences  how many times the pooled repositories declared it, summed over all of them
#                and independent of the weighting below.
#   share        what a reading is read against. It sums to one over this table.
#   error        the standard error of that share under this table's own weighting - for the
#                mean of shares, the between-repository standard error of the mean; for
#                pooled occurrences, the binomial standard error of the proportion. A verdict
#                whose margin sits inside it has not been shown to stand above chance.
#
# WHAT WAS READ. Every tree was read by the path this library reads itself with: the Java
# source sets, the documentation and the build modules beside them, parsed, split by
# IdentifierWords, and taken at the stage that keeps the names a repository declared and
# leaves out the sentences it wrote about them. Both sides of a comparison are therefore made
# the same way, which is the only thing that makes a share here comparable to a share there.
#
# HOW IT IS WEIGHTED: MEAN_OF_SHARES — every repository weighs the same whatever its size, which is the population the frame drew from: the sample is uniform over repositories rather than over bytes.
#   One read writes a table per weighting — reference-corpus-pooled-occurrences.tsv, reference-corpus-mean-of-shares.tsv — so they differ in
#   this line and in the share column alone.
#
# Name: the reference corpus, over words
# Publisher: this library, from a seeded draw of public Java repositories
# Kind: frequencies
# Source: reference-corpus-published.tsv, copied below, which states the frame, the predicate and
#   the seed. Every repository was cloned at the commit it pins.
# Licence: these counts are this project's measurement of publicly available source. Every
#   repository pooled states a licence GitHub recognises, named beside it below.
#
# Generated by CorpusPoolCommand.
# Repositories pooled: 100. Words: 28839. Occurrences: 1541720.
#
# The published reference corpus: a THIRD sample, of Java repositories that state a licence, are still being
# worked on, and publish an artefact. Drawn to compare against reference-corpus.tsv and
# reference-corpus-starred.tsv, never to replace either.
#
# WHY A THIRD SAMPLE. The first two are drawn and neither denominator resembles what this reading is measured
# on. Uniform over GitHub's Java gives coursework: ten of ten with zero stars and no licence. A fifty-star
# floor gives Android: five of ten, plus two pieces of teaching material. The nine evaluation-set members are
# none of those things — they are licensed libraries and servers that publish artefacts and are still
# maintained. A denominator is meant to say what the code being read is written in, so the third frame states
# those three properties directly instead of hoping a popularity proxy reaches them.
#
# THE FRAME AND THE PREDICATE, both fixed before a single rank was drawn.
#
#   FRAME, queried of GitHub:
#     language:Java fork:false mirror:false size:>=1000 pushed:>=2025-01-01 created:<2026-08-21
#     license:<each of the thirteen GitHub states>
#
#   `pushed` HAS NO UPPER BOUND, AND BOUNDING IT WAS TRIED AND REVERTED. The frame is not a fixed
#   population: a repository whose last push was in 2024 joins the moment somebody pushes to it, so the
#   count grows. It read 112,183 on 2026-08-20 and 112,251 three days later. Bounding `pushed` above at the
#   same ceiling `created` has was tried, on the reasoning that a fixed population is what makes a draw
#   reproducible. IT IS WORSE, AND THE MEASUREMENT SAYS SO.
#
#     - THE BOUNDED FRAME SHRINKS, AND IT EXPELS THE REPOSITORIES IT ALREADY DREW. `pushed` is a mutable
#       property. Under the upper bound a repository LEAVES the frame the moment anybody pushes to it, so
#       membership falls every day and a row already drawn can stop being a member. Under no upper bound
#       membership only ever grows: a repository pushed since 2025-01-01 stays in however often it is
#       pushed again, so a drawn row is a member forever. Monotone membership is the property that matters.
#     - IT COST 4,959 REPOSITORIES, AND THEY WERE THE MAINTAINED ONES. The bounded frame counted 107,224,
#       against 112,183 for the SAME window three days earlier. Those 4,959 were pushed in between, which
#       is what expelled them — so the bound removes exactly the actively maintained projects, which are
#       the ones that publish an artefact.
#     - THE TAKE RATE COLLAPSED, MEASURABLY. Sixteen ranks under the bounded frame took 3 and rejected 13,
#       against 30 taken of 53 recorded. Under the recorded rate a run of 16 takes 3 or fewer with
#       probability 0.0023, so this is the bound biasing the frame and not sampling noise.
#
#   NO `pushed` FRAME IS FIXED, BECAUSE `pushed` IS MUTABLE. Reproducibility does not come from re-running
#   the query, and cannot: it comes from THIS FILE, which pins every drawn repository at a commit. A draw is
#   a snapshot, its count is recorded beside it, and `-Dcs.draw.total` states which snapshot a run means to
#   reproduce rather than pretending the population stood still.
#
#   Each qualifier, and why it is there:
#     language:Java     the population, as GitHub states a primary language
#     fork:false        a fork is another repository's words copied; counting them twice is a sampling defect
#     mirror:false      the same reason
#     size:>=1000       one megabyte. A STATED bound, not a derived one, carried over from the first frame
#     pushed:>=2025-01-01   "modern" read as STILL BEING WORKED ON rather than recently started, with no
#                       upper bound so that membership only ever grows and a drawn row stays a member. A library
#                       begun in 2014 and pushed to this year writes today's Java; one begun in 2024 and
#                       abandoned does not. Creation date measures the wrong thing, so `pushed` is used.
#     license:...       the thirteen licences GITHUB ITSELF publishes at /licenses — agpl-3.0, apache-2.0,
#                       bsd-2-clause, bsd-3-clause, bsl-1.0, cc0-1.0, epl-2.0, gpl-2.0, gpl-3.0, lgpl-2.1,
#                       mit, mpl-2.0, unlicense. THE SET IS CITED, NOT CHOSEN: picking which licences count
#                       would be this project curating, so GitHub's own enumeration is used whole. They OR
#                       together in a query, which is what makes "states a licence GitHub recognises"
#                       expressible at all. A licence says nothing about what words a repository contains,
#                       so requiring one does not breach the rule this corpus exists to enforce. IT IS NOT
#                       NEUTRAL — a licensed repository is a more deliberate one — and that is stated rather
#                       than claimed away.
#     created:<...      a ceiling, so the frame is the same set on a later day
#
#   NOT in the frame: stars, watchers, archived state, and anything about subject matter.
#
#   PREDICATE, applied to every drawn rank without exception. GitHub's repository search cannot ask whether a
#   repository publishes anything, so it is asked of the tree directly, AT THE PINNED COMMIT:
#
#     accept if pom.xml at the repository root states a <groupId>
#          or if build.gradle or build.gradle.kts at the root applies maven-publish
#     reject otherwise, and take the next rank from the same seeded stream
#
#   A Maven groupId is the coordinate an artefact publishes under, and maven-publish is the plugin that
#   publishes one, so between them they are what a repository does to make its code available as a library.
#   The predicate is read over raw.githubusercontent.com rather than the API, which is why it costs no rate
#   limit. EVERY REJECTION IS RECORDED with the rank and the reason, in docs/reference-corpus/draw-published.json.
#
#   Rejection sampling on a predicate stated in advance is uniform over the sub-population that satisfies it.
#   That is the whole reason the predicate had to be written down before the draw ran rather than after: a
#   predicate adjusted once its rejections are visible is a choice about which repositories end up here.
#
# HOW MANY, and why it is a hundred rather than ten or thirty. The first two samples hold ten each, which is
#   what the plan asked for and is too few. A reference is a pooled density per word, so with ten roughly
#   equal repositories any one of them carries about a tenth of the total mass: a single blockchain
#   repository in the pool would have the reference claim `transaction` is written at a tenth of a blockchain
#   repository's rate, which is enough to demote it for besu. That is the contamination risk the plan names,
#   and ten bounds it badly. At thirty it is a thirtieth; at a hundred it is a hundredth.
#
#   THIRTY WAS THE NUMBER THAT LET THE BOUND BE MEASURED, AND THE MEASUREMENT SAID TO EXTEND. This header
#   stated before any rank was drawn that if the curve were still climbing at thirty the draw extends. It is
#   still climbing, and it will not stop: the disagreement between two references built from disjoint halves
#   of the draw falls as the sample size to the power -0.301, where averaging independent draws would give
#   -0.5. That exponent is between-repository heterogeneity rather than sampling noise, so no sample size
#   ends it. About one verdict in ten moves at thirty, all of it among words whose claim sits near zero.
#
#   A HUNDRED IS A BUDGET, NOT A DERIVED BOUND, AND SAYING SO IS THE POINT. Every threshold inside a reading
#   here is derived from a null; how much source a project is willing to fetch is not that kind of number.
#   What the measurements settle is the shape of the trade, and three readings of it point at a hundred.
#   One repository's weight falls to a hundredth, an order of magnitude below the tenth that made ten
#   unusable. The words that move are the ones estimated from almost no repositories — `buf` is carried by
#   an effective 4.94 of the thirty — and a hundred takes that to about sixteen, which is where a share
#   stops being one repository's accident. And past it the curve is flat: three hundred repositories buy
#   about two further points of churn for three times the source.
#
#   WHAT ACTUALLY SETTLES THE CHURN IS NOT SAMPLE SIZE. A word whose claim sits inside the reference's own
#   sampling error has not been shown to stand above chance, and that error is derivable from the split-half
#   measurement above rather than chosen. Reporting it is what makes the near-zero verdicts stop flipping,
#   and it costs no bandwidth at all.
#
#   EXTENDING A SEEDED DRAW IS NOT RE-ROLLING IT, ONCE THE FRAME IS FIXED. Further rows are the next values
#   from the same stream, so every row already recorded stays exactly as it was — which holds only because
#   the frame no longer moves under it, and is why the upper bound on `pushed` above was worth a re-draw. That is what makes growing a sample
#   different in kind from drawing it again until it looks right. The other two manifests can be grown the
#   same way without invalidating a row.
#
# Columns, the seeded draw, the exact-count method and the doctrine argument are as reference-corpus.tsv
# states them; only the frame and the predicate differ. The draw is CorpusDrawCommand, which writes both the
# record of every rank and rejection and the rows below.
#
# Source: THIS PROJECT ran the draw; GitHub states the frame, the licence enumeration and the ranks.
# big-data-plugin	https://github.com/tahopen/big-data-plugin.git	42f445f1825a020f9445b5b41ddb87f12f7416b3	Apache-2.0
# sentinel	https://github.com/ZhouJianBoPro/sentinel.git	0eec6130a863a6c947b5ffcebcc86c469ecdbc4f	Apache-2.0
# spring-boot-adminlte-master	https://github.com/jmolinsc/spring-boot-adminlte-master.git	421048e137bf717df8434ba17bfcdaccf874fd40	MIT
# worldsmemory	https://github.com/Satacki/WorldsMemory.git	a5fd0da19f0819f3829df247fbf64db820d98e28	MIT
# demand-cooking-backend	https://github.com/CR-7-CHEN/demand-cooking-backend.git	d1d29eb202db7261481f1ffdc08d070cb160a413	MIT
# matematix	https://github.com/Mutata56/MatematiX.git	65e0d7db5b21d50314b9bf42af754972553f327f	MIT
# common-xml	https://github.com/bremersee/common-xml.git	21f787fd683365d5dd0e359a7a264abda8b4a051	Apache-2.0
# local-life-service	https://github.com/Joshua36911/local-life-service.git	ecc86c857970c478f85cef50527e5e5a1fd501cc	Apache-2.0
# hapi-fhir-http-auth	https://github.com/zarif59/hapi-fhir-http-auth.git	3c65a82f6d4d0ff6899a67180939f1393b5aea46	Apache-2.0
# luna-springboot-demo	https://github.com/lunasaw/luna-springboot-demo.git	a738b8d0b1fee9751350bdb2064bf3df8a476684	MIT
# fable-worldgen	https://github.com/ViciousBadger/fable-worldgen.git	9ebdc22522556fd439db3451ad189391f2c57f51	CC0-1.0
# benchmarkjava	https://github.com/coyote-engineering/BenchmarkJava.git	1def24fc25772d034b72c704a7ff324a0eaddddb	GPL-2.0
# bahar	https://github.com/newdawn19/bahar.git	38b16dcfa34c3c7bb0e81cade3f0b512c6c35d20	AGPL-3.0
# allthecompressed	https://github.com/Pdiddy973/AllTheCompressed.git	c21f27d7f1efa599888df87f095890bcad2e683c	MIT
# framework	https://github.com/looken1024/framework.git	4063f35b9ee28f81e76ab71d664b8abfc31e41e4	Apache-2.0
# spring-data-jdbc-mybatis	https://github.com/VonChange/spring-data-jdbc-mybatis.git	8db33f9cf1a2343ecb058045e22fedd4d520e0bd	Apache-2.0
# backend-tienda-online	https://github.com/isairey/Backend-Tienda-Online.git	742dc1154946392ad612326099e9ee624ed80420	MIT
# demo-lab01-devops	https://github.com/hoanggiabao1804/demo-lab01-devops.git	c6456f59a518a33f26239d9992507efec130e736	MIT
# carml	https://github.com/carml/carml.git	f58ee44b1ccc162b6b65f180ba3eb00ffcdb5e86	MIT
# matrix-code	https://github.com/aevis-codex/matrix-code.git	3343e178ceb101bb3116395e7242747fbce199c3	MIT
# sec-prng	https://github.com/simon-greatrix/sec-prng.git	66251ecbd78d1adbd47678785d9dba75a1984600	MIT
# leapfrog-1.21	https://github.com/biggiemedium/Leapfrog-1.21.git	039b63ca8bf8309969f05e0d6b2823fcf20ab5af	CC0-1.0
# beanplanet-framework	https://github.com/lamerexter/beanplanet-framework.git	2dd37cfe5880439b2bd9f52487266f2964bbaf67	Apache-2.0
# anyline	https://github.com/anylineorg/anyline.git	a2ae4627fd235ffb729493c53d614a1891a2e99d	Apache-2.0
# microsphere-spring-boot	https://github.com/microsphere-projects/microsphere-spring-boot.git	6f2b98f03ebf89ff4e82cd5cef327033e7101cdd	Apache-2.0
# gametalk	https://github.com/Lexi115/GameTalk.git	11507cbcccd5d4a52165ef1d2bc4a81209fac6ba	MIT
# beyondlimits-1.20-neo-forge	https://github.com/Axell1280/BeyondLimits-1.20-neo-forge.git	86fb8cec06836b0055d135fda9025ceb1ef11382	MIT
# jamlin	https://github.com/Wradgio/Jamlin.git	79ca9270b2b7134f3b7cd56ff526444ae402eac3	Apache-2.0
# junit-selenium	https://github.com/CDTester/JUnit-Selenium.git	672100c5f2c0c2b34587f6c75bdb7c3f75667e94	MIT
# sop	https://github.com/shaphar98/SOP.git	af73da75f3365753cd01f9805d0588d1125bf6a5	MIT
# stitch-2	https://github.com/Actionizer/stitch-2.git	6f867f039faa350b844c88f99a91a662cae7468e	Apache-2.0
# tito-el-monito-ahorcado	https://github.com/adancortes-ing/tito-el-monito-ahorcado.git	cd251ccb1e92407d0776d87978bdfb78860a14e1	GPL-3.0
# adeptj-runtime	https://github.com/AdeptJ/adeptj-runtime.git	f2ad7e104a488288183feee3b1d4db80905eaa2d	Apache-2.0
# compilador-mini-java	https://github.com/DiogoAug16/compilador-mini-java.git	26bc893a9ddba2cb461f7f3f29b6f80ce7b5b8eb	MIT
# fever-events	https://github.com/adrianrevilla009/fever-events.git	c571a884795d2fe35f596b79993ed48f7e67da9a	Apache-2.0
# wivipay-backend	https://github.com/wilkernel/wivipay-backend.git	d7f4f37424e485e50f895106afd5159d8acfe422	MIT
# jwav-player	https://github.com/jude-james/JWav-Player.git	6ff6c1b381d87427e2bdfa97af14f8f18e73ca94	MIT
# java-apis	https://github.com/Smartlogic-Semaphore-Limited/Java-APIs.git	6054dcc7e92677c0d5c8d0c7f6a4f0a7e2b5ed15	Apache-2.0
# ph-db	https://github.com/phax/ph-db.git	e210a79b644dab8041cec29587a6310082d676cc	Apache-2.0
# chevy	https://github.com/bytestrick/chevy.git	20f4299a10c15833d3c0a9c054a589581a9c165b	GPL-3.0
# company	https://github.com/Cnewbeee/company.git	db11225e6cbde014edb8811733eb19b6442758f0	MIT
# modern-armor-bar	https://github.com/Madsbest/modern-armor-bar.git	b6d41f94ea344bc8f7603fd64a73870c5376e792	MIT
# ct-youtrackdb-976ac8d2	https://github.com/dachengxiaopang/ct-youtrackdb-976ac8d2.git	4f0383d10cb95441c7cb28f930df34fe3b9d87e4	Apache-2.0
# homiecenter	https://github.com/botorabi/HomieCenter.git	fe784bff92b0a6c1fa137412b0a871474ca6c447	MIT
# lasthope	https://github.com/harinivash8/lasthope.git	20851ecc8ff9cc87e56f094d4cc05042e3a04b5d	Apache-2.0
# mallchat	https://github.com/Aaron-g-u-o/MallChat.git	90cb4007d066d416bc7860fd64ffe9cbb5ff087e	Apache-2.0
# helpline104-api	https://github.com/PSMRI/Helpline104-API.git	f25c863965a24cfbdc8013cd6bb303af2b6a8f3f	GPL-3.0
# baritoneworker	https://github.com/TR-RBM/baritoneworker.git	62c0c636e45e2ea9e1b2365348f17a8ce2380446	CC0-1.0
# java_ia_las_palmas_demo	https://github.com/paparajote0101/JAVA_IA_Las_Palmas_Demo.git	1084a8ba8762b7c536bf5889c0c7617927308f24	MIT
# flowerbreeding	https://github.com/disjoint-account/FlowerBreeding.git	9002e4ed78fffac5504b60497f589ffd3b5cd8bd	MIT
# daily-shop-mod	https://github.com/bigchadguys/daily-shop-mod.git	ed328b47c861587ff75e150446572398fa8b2175	GPL-3.0
# ruo-yi-cloud-vue	https://github.com/open-source-project-by-zlxls/ruo-yi-cloud-vue.git	15b9f1cc3ea3ed2fabdb373665661b5940384fd3	MIT
# hadoop-wordcount	https://github.com/MFS-code/Hadoop-WordCount.git	ad137556431fdf4d90e285d8998bb4e7f0324b7c	MIT
# expense-management-rest-api	https://github.com/izumacha/Expense-Management-Rest-API.git	acf74b1f5be710b920a125a40ef4b4579e7d6b08	MIT
# vraptor4	https://github.com/siqale/vraptor4.git	593ce9ad60f9d38c360881b2132417c56b8cc093	Apache-2.0
# astraladditions	https://github.com/ethanicusss/AstralAdditions.git	cdde321950225c3c959dd1ec43d6706d331955ec	CC0-1.0
# ruoyi-vue-plus	https://github.com/sameal153/ruoyi-vue-plus.git	27518ae06eaeaee3c36890b9eeaee9239f3ea522	MIT
# amazon-sns-java-messaging-lib	https://github.com/mvallim/amazon-sns-java-messaging-lib.git	5261f478dc7d28bc8d84c8a7394df2fb8aa23e75	Apache-2.0
# slothy-s-tree	https://github.com/IlySlothy/Slothy-s-Tree.git	85d185f676c311765370b2020f61ff4e627f1513	MIT
# test_sky_main	https://github.com/JOYE661/Test_sky_main.git	a7f5d1987e1e257c9d40e241fa799c26ac85794f	Apache-2.0
# information-walls-serve	https://github.com/JCXYOZH/information-walls-serve.git	b757d686af6bde75cf0a063f279ad47e66398cf2	MIT
# sma-eventsourcing-17	https://github.com/christiandrochon/sma-eventsourcing-17.git	c639b1ea1660a76dd8975a612fd81481035fae00	MIT
# gpu_rentaler	https://github.com/xsinxcos/GPU_Rentaler.git	e42929a8b95c7100dab0c4cd401ef133c12a9d22	MIT
# velr-kotlin-driver	https://github.com/velr-ai/velr-kotlin-driver.git	2934d6c05d9080b8d28910b4970ec4e7efd6f63c	MIT
# mychat	https://github.com/OldFriend-C/MyChat.git	085cfaabbf323e93fbacb8099742cc2efe8699c0	Apache-2.0
# springcloud-review	https://github.com/skyisolated/springcloud-review.git	682a6b30ea46e46e9af7d324c5883fb7b939f241	Apache-2.0
# morethanpomodoro	https://github.com/turkerozturk/morethanpomodoro.git	49af4d291968f1b1a7a71f41124e60164cd754fd	GPL-3.0
# mod-users	https://github.com/folio-org/mod-users.git	f706c43c9ecfc5d0226448ca62047e9ec103baeb	Apache-2.0
# eclipse.platform.releng.buildtools	https://github.com/eclipse-platform/eclipse.platform.releng.buildtools.git	b197c6aef1f53d6a6e0efdaaf7e3eba84dfadda9	EPL-2.0
# scrabble	https://github.com/ekarakusnl/scrabble.git	a400702228bcc1a903e8b217868b1aa6623a79d4	GPL-3.0
# arkdsl	https://github.com/RM2PT/ArkDSL.git	ca4c431c6c1c9a1fd2eff2c8c08a81546869a0e1	MIT
# mud	https://github.com/davidrudder23/mud.git	89f7980d85afda73cbd13db9c17db78ae169bee5	Apache-2.0
# elton	https://github.com/globalbioticinteractions/elton.git	c60ec8d858ec12d6cad13823f317065b635a1b3c	GPL-3.0
# cache2k	https://github.com/cache2k/cache2k.git	6cf589ea28c02ba0b49dac2b38e849238053f1bf	Apache-2.0
# internal-developer-platform	https://github.com/Decathlon/internal-developer-platform.git	f148be0c1b708a3195b8519933a99f08dcccac68	Apache-2.0
# discordeconomysystem	https://github.com/Zone-Infinity/DiscordEconomySystem.git	753b9375d52840a5b27bff4a469af34ebac09092	MIT
# bank-of-sirius	https://github.com/nginxinc/bank-of-sirius.git	03714915db018831c3551f0bd39c44ea4b8dd32a	Apache-2.0
# oracle-cloud-sql-driver	https://github.com/satyapadala/oracle-cloud-sql-driver.git	a487b731eba5f91a3e126442c5ccec754e63e9ba	MIT
# jboss-msc2	https://github.com/jboss-msc/jboss-msc2.git	37272cf2796c59e981c24286cf33eea51773155e	Apache-2.0
# ginsim	https://github.com/GINsim/GINsim.git	08e89863aba41314537a83c7351b43301b1d4b3c	GPL-3.0
# iwa-java	https://github.com/pguraedy/IWA-Java.git	81111d3aa03bd6ed1deaeea4972be745e85ebe4d	GPL-3.0
# org.openwms.wms.movements.lib	https://github.com/openwms/org.openwms.wms.movements.lib.git	f9a87f25fe99294a84509588587af058f1ab4052	Apache-2.0
# makemkvrename	https://github.com/tycho-mertens/MakeMKVRename.git	5f503893f3f455c3e294d271fc9f56f8d7e5ad81	AGPL-3.0
# inji-certify-revoke	https://github.com/Nandeesh778/inji-certify-revoke.git	4f2c86e8675b86e11637207f76b6d4c355a4ae7e	MPL-2.0
# sling-org-apache-sling-testing-osgi-mock	https://github.com/apache/sling-org-apache-sling-testing-osgi-mock.git	87b500748a80fbafe6859fb8596789af163479aa	Apache-2.0
# mfgp	https://github.com/mcgivrer/mfgp.git	f4f0fb684761494dd8ebe7cd62c416efa8c335cd	MIT
# ueditor-plus-java	https://github.com/gloryhui/ueditor-plus-java.git	c933f881e908aeef6426e6590168b14125e64358	Apache-2.0
# minecraft-classic-reborn	https://github.com/denukernel/Minecraft-Classic-Reborn.git	a3b1a39702a65035152bcae1c5be795c8cee41c5	MIT
# taczattributeadd	https://github.com/xlxyvergil/TaczAttributeAdd.git	adde1ae378c1cfeae244f8f6a3b7b640063d8ef0	GPL-3.0
# pavan-petstore	https://github.com/Pavanmanda356/Pavan-petstore.git	cbfc903630334fa6e4c34f6c0ade6ece10b9ab07	Apache-2.0
# java_danfe	https://github.com/Samuel-Oliveira/Java_Danfe.git	9b0798d660e7953e71ea894bff303dbee54a773c	MIT
# javai	https://github.com/dcaudell/javai.git	08e7a085dbd30a61f85ade1d34b8eb26b2498809	Apache-2.0
# esportsmanager	https://github.com/luckyscooby/eSportsManager.git	0f6ece37812f58567c3bf8a4298ac39a9a6b6279	MIT
# ofbiz-framework-222559	https://github.com/kavia-common/Ofbiz-framework-222559.git	38c8692617e1eda9fc10687dfd145ff7b8421507	Apache-2.0
# rohan-code	https://github.com/acdmammoths/ROhAN-code.git	556ee2217bfc21437725fe5ff87278f48b997c7e	GPL-3.0
# serialthreads	https://github.com/markusheiden/serialthreads.git	97137345b7fb2b51620a611c6f914c2b74b2a6a4	GPL-3.0
# studentlifeapi-java	https://github.com/salmonineath/StudentLifeApi-java.git	afed5f8dc52fc7742821ab64ed53562e3e4e0200	MIT
# formeditor-demos	https://github.com/axonivy-market/formeditor-demos.git	da0ecadfe4d2a24e3e7adbff5b457fcb65178e44	Apache-2.0
# pygalago	https://github.com/QingyaoAi/PyGalago.git	c1ea54178f55effcc09e849293106dd3fa98c802	BSD-3-Clause
# realisticcitiescoder	https://github.com/PsychoicCoder/RealisticCitiesCoder.git	f12502d3ae70a8aca1131b1e5ded31be6ba0b568	CC0-1.0
get	33463	2.642e-02	1.820e-03
id	28133	2.197e-02	2.647e-03
name	27782	1.718e-02	1.457e-03
set	15987	1.112e-02	1.207e-03
value	18037	1.064e-02	1.581e-03
user	8452	7.820e-03	1.292e-03
key	13875	6.956e-03	1.072e-03
is	9137	6.588e-03	6.023e-04
type	10352	6.206e-03	6.166e-04
to	9244	6.091e-03	6.576e-04
by	5633	5.457e-03	8.499e-04
service	4881	5.078e-03	1.029e-03
count	5434	4.699e-03	1.302e-03
repository	977	4.580e-03	3.333e-03
result	13301	4.412e-03	5.534e-04
product	3868	4.395e-03	2.030e-03
message	3483	4.382e-03	8.360e-04
data	6606	4.198e-03	5.487e-04
model	1813	4.058e-03	2.749e-03
config	3762	3.997e-03	6.826e-04
path	4292	3.962e-03	6.683e-04
create	11812	3.879e-03	4.938e-04
file	6544	3.854e-03	6.235e-04
time	5395	3.838e-03	5.792e-04
list	7399	3.832e-03	5.437e-04
name}	3	3.750e-03	3.750e-03
{project	3	3.750e-03	3.750e-03
index	16653	3.582e-03	8.218e-04
update	4106	3.579e-03	5.115e-04
with	5093	3.561e-03	9.192e-04
features	197	3.390e-03	3.333e-03
bundles	18	3.387e-03	3.333e-03
args	2242	3.103e-03	6.183e-04
code	3163	3.080e-03	5.800e-04
item	4861	3.013e-03	6.634e-04
entity	5419	2.960e-03	6.073e-04
ui	250	2.953e-03	2.749e-03
size	5244	2.886e-03	4.154e-04
max	4715	2.829e-03	4.476e-04
x	3147	2.813e-03	7.375e-04
url	3443	2.774e-03	4.728e-04
ark	11	2.750e-03	2.750e-03
controller	1440	2.728e-03	5.359e-04
status	2867	2.726e-03	4.458e-04
should	2886	2.632e-03	9.607e-04
client	1680	2.599e-03	1.116e-03
order	4149	2.589e-03	8.520e-04
context	4783	2.555e-03	4.539e-04
step	2189	2.499e-03	2.062e-03
in	4147	2.497e-03	2.414e-04
find	1886	2.487e-03	5.980e-04
line	1743	2.482e-03	1.172e-03
start	3108	2.478e-03	3.612e-04
query	18879	2.474e-03	7.026e-04
instance	1666	2.462e-03	8.514e-04
exception	2805	2.446e-03	4.066e-04
page	3928	2.421e-03	7.369e-04
new	3236	2.418e-03	3.400e-04
log	1960	2.411e-03	4.016e-04
on	3153	2.393e-03	4.984e-04
date	4372	2.333e-03	4.849e-04
default	3498	2.321e-03	2.828e-04
state	1934	2.273e-03	5.848e-04
block	1390	2.270e-03	7.160e-04
token	1683	2.263e-03	6.387e-04
class	6153	2.258e-03	4.486e-04
request	2820	2.253e-03	3.633e-04
error	2305	2.252e-03	4.701e-04
map	5750	2.237e-03	4.303e-04
param	7577	2.220e-03	1.176e-03
add	3730	2.217e-03	2.954e-04
y	2737	2.196e-03	6.209e-04
test	2399	2.194e-03	1.266e-03
text	3151	2.184e-03	4.440e-04
e	2567	2.163e-03	5.233e-04
username	1056	2.098e-03	6.519e-04
string	4571	2.034e-03	2.749e-04
filter	1980	2.032e-03	1.080e-03
and	3923	2.026e-03	2.741e-04
all	2887	2.021e-03	2.667e-04
input	4044	2.020e-03	4.481e-04
field	5824	2.010e-03	4.555e-04
not	3152	1.937e-03	2.830e-04
info	2270	1.932e-03	3.474e-04
a	2558	1.927e-03	6.706e-04
delete	2125	1.918e-03	4.026e-04
event	1809	1.897e-03	5.960e-04
ctx	4001	1.897e-03	1.187e-03
p	1611	1.886e-03	1.027e-03
target	3865	1.878e-03	3.595e-04
bar	4779	1.872e-03	1.151e-03
current	2813	1.849e-03	3.781e-04
application	568	1.831e-03	5.434e-04
response	1655	1.818e-03	3.726e-04
source	2851	1.798e-03	3.948e-04
method	2657	1.797e-03	5.246e-04
properties	1479	1.769e-03	4.817e-04
password	1582	1.765e-03	3.619e-04
output	1801	1.739e-03	4.982e-04
handle	1009	1.734e-03	3.393e-04
from	3816	1.720e-03	2.029e-04
num	2135	1.694e-03	6.710e-04
role	2043	1.672e-03	4.785e-04
resource	2816	1.626e-03	3.926e-04
total	2083	1.625e-03	3.029e-04
json	1985	1.625e-03	2.716e-04
ids	2030	1.604e-03	4.520e-04
content	3392	1.595e-03	3.182e-04
values	3877	1.588e-03	5.370e-04
word	387	1.580e-03	1.266e-03
group	1705	1.562e-03	7.368e-04
when	2215	1.547e-03	4.258e-04
end	2020	1.530e-03	2.153e-04
null	4130	1.514e-03	3.514e-04
cache	4181	1.513e-03	3.294e-04
dir	1268	1.509e-03	4.443e-04
last	2415	1.506e-03	2.709e-04
command	999	1.493e-03	5.722e-04
xml	1057	1.493e-03	6.555e-04
table	2393	1.469e-03	3.193e-04
sql	2974	1.456e-03	4.895e-04
bytes	1703	1.435e-03	3.363e-04
msg	2238	1.434e-03	3.558e-04
mapper	864	1.430e-03	3.912e-04
pos	1262	1.420e-03	4.944e-04
property	3232	1.405e-03	4.502e-04
read	2050	1.395e-03	2.342e-04
names	2326	1.386e-03	3.401e-04
base	1825	1.373e-03	1.971e-04
meta	26189	1.371e-03	1.045e-03
out	2192	1.345e-03	3.291e-04
parent	1986	1.339e-03	2.869e-04
local	1241	1.336e-03	6.592e-04
for	2478	1.332e-03	2.025e-04
label	1571	1.330e-03	3.760e-04
impl	1076	1.274e-03	2.614e-04
c	1989	1.252e-03	2.707e-04
valid	1156	1.243e-03	3.268e-04
column	1791	1.238e-03	3.481e-04
number	2029	1.235e-03	3.376e-04
enabled	1065	1.229e-03	4.013e-04
entry	3654	1.222e-03	3.223e-04
register	648	1.206e-03	3.313e-04
armor	107	1.188e-03	1.088e-03
thread	1010	1.173e-03	7.021e-04
n	967	1.165e-03	4.820e-04
of	2137	1.162e-03	1.935e-04
length	3070	1.158e-03	2.505e-04
init	1929	1.157e-03	2.173e-04
category	1189	1.156e-03	3.917e-04
build	1842	1.145e-03	2.574e-04
tag	1005	1.140e-03	3.997e-04
at	1356	1.131e-03	3.909e-04
row	1709	1.130e-03	3.223e-04
object	1946	1.129e-03	2.104e-04
t	1209	1.122e-03	4.272e-04
email	628	1.120e-03	3.644e-04
configuration	661	1.111e-03	4.358e-04
v	2321	1.103e-03	2.728e-04
action	1617	1.101e-03	2.960e-04
login	1588	1.071e-03	2.322e-04
left	1272	1.069e-03	4.564e-04
color	1085	1.067e-03	3.304e-04
prefix	1556	1.063e-03	2.482e-04
array	2077	1.054e-03	2.235e-04
button	808	1.054e-03	4.358e-04
pa	2759	1.053e-03	2.006e-04
api	895	1.052e-03	1.994e-04
rams	2748	1.048e-03	2.009e-04
road	16	1.046e-03	1.046e-03
transaction	1564	1.036e-03	4.507e-04
str	2315	1.026e-03	2.187e-04
first	2103	1.026e-03	2.909e-04
location	965	1.023e-03	4.305e-04
provider	1049	1.016e-03	3.185e-04
server	1284	1.014e-03	2.547e-04
empty	2404	1.013e-03	1.296e-04
template	1384	1.011e-03	3.618e-04
node	2132	1.005e-03	2.490e-04
level	833	1.004e-03	2.972e-04
mapping	1403	1.002e-03	5.825e-04
clazz	1803	9.994e-04	3.241e-04
no	2325	9.993e-04	1.346e-04
right	1263	9.991e-04	4.536e-04
save	1071	9.982e-04	1.391e-04
b	1787	9.882e-04	2.063e-04
handler	1002	9.849e-04	1.621e-04
load	1532	9.843e-04	1.807e-04
header	1038	9.834e-04	2.018e-04
next	1986	9.821e-04	1.713e-04
db	2222	9.755e-04	3.279e-04
version	1728	9.631e-04	1.842e-04
j	678	9.595e-04	3.078e-04
run	1640	9.579e-04	2.369e-04
description	939	9.557e-04	2.364e-04
title	1295	9.503e-04	2.621e-04
auth	917	9.502e-04	3.059e-04
dto	696	9.466e-04	2.981e-04
listener	1117	9.460e-04	3.413e-04
search	1225	9.448e-04	2.172e-04
remove	2386	9.406e-04	1.562e-04
expected	1286	9.392e-04	1.747e-04
check	2208	9.367e-04	1.343e-04
do	2716	9.361e-04	4.003e-04
top	549	9.276e-04	4.884e-04
k	673	9.254e-04	4.727e-04
s	1096	9.243e-04	3.119e-04
schema	1689	9.207e-04	4.642e-04
impressao	34	9.164e-04	9.164e-04
select	1499	9.133e-04	2.859e-04
format	1525	9.101e-04	1.777e-04
display	765	8.994e-04	3.775e-04
task	1081	8.881e-04	2.218e-04
random	10464	8.859e-04	4.204e-04
record	3413	8.858e-04	2.635e-04
mat	33	8.846e-04	8.695e-04
min	1361	8.831e-04	1.973e-04
post	939	8.724e-04	1.934e-04
return	1418	8.720e-04	2.441e-04
pattern	951	8.713e-04	2.996e-04
builder	870	8.677e-04	1.696e-04
offset	1586	8.603e-04	1.858e-04
events	517	8.581e-04	5.113e-04
mod	449	8.569e-04	3.313e-04
found	1451	8.558e-04	1.745e-04
image	892	8.456e-04	3.142e-04
created	1272	8.452e-04	2.882e-04
amount	1159	8.406e-04	2.611e-04
has	1288	8.395e-04	1.188e-04
storage	1100	8.388e-04	2.937e-04
items	1127	8.373e-04	2.891e-04
address	1241	8.373e-04	2.018e-04
other	976	8.351e-04	2.071e-04
write	1421	8.309e-04	1.973e-04
as	1383	8.302e-04	2.282e-04
stream	2787	8.286e-04	2.167e-04
obj	3389	8.269e-04	1.517e-04
uri	1195	8.257e-04	2.815e-04
old	1135	8.250e-04	1.841e-04
z	821	8.199e-04	2.761e-04
frame	594	8.192e-04	4.308e-04
player	513	8.154e-04	3.022e-04
rocket	32	8.143e-04	8.064e-04
spring	585	8.065e-04	4.436e-04
invalid	560	8.029e-04	2.423e-04
r	1554	8.010e-04	1.807e-04
duration	545	7.993e-04	2.990e-04
account	556	7.981e-04	3.759e-04
validate	740	7.960e-04	1.858e-04
element	2096	7.939e-04	2.497e-04
bought	7	7.938e-04	7.936e-04
comment	661	7.848e-04	3.856e-04
able	885	7.830e-04	3.066e-04
game	379	7.829e-04	6.945e-04
mixin	206	7.822e-04	4.575e-04
temp	535	7.775e-04	2.762e-04
web	898	7.773e-04	1.798e-04
common	934	7.736e-04	1.795e-04
factory	1287	7.580e-04	1.525e-04
btn	235	7.564e-04	4.885e-04
document	1806	7.534e-04	2.822e-04
body	978	7.516e-04	1.632e-04
types	4074	7.509e-04	1.743e-04
m	1182	7.469e-04	2.118e-04
success	838	7.437e-04	1.838e-04
range	1308	7.424e-04	2.855e-04
the	1187	7.391e-04	2.893e-04
job	1192	7.378e-04	2.569e-04
app	965	7.368e-04	2.102e-04
custom	633	7.363e-04	2.459e-04
capacity	351	7.356e-04	3.918e-04
idx	954	7.343e-04	4.389e-04
position	1956	7.307e-04	2.309e-04
i	6831	7.282e-04	1.940e-04
counter	618	7.241e-04	3.338e-04
parse	1325	7.183e-04	1.304e-04
root	1301	7.147e-04	1.277e-04
util	720	7.112e-04	1.441e-04
identifier	941	7.026e-04	3.934e-04
timeout	1120	6.945e-04	1.619e-04
world	364	6.934e-04	3.716e-04
lbl	68	6.892e-04	5.876e-04
render	965	6.835e-04	2.659e-04
val	1096	6.818e-04	1.735e-04
throw	652	6.799e-04	2.692e-04
bean	664	6.732e-04	2.355e-04
buffer	1811	6.729e-04	2.854e-04
stamp	943	6.678e-04	3.287e-04
store	1589	6.661e-04	2.146e-04
insert	1130	6.654e-04	1.833e-04
after	1732	6.599e-04	1.177e-04
hash	859	6.560e-04	2.342e-04
files	741	6.511e-04	2.885e-04
call	1051	6.510e-04	2.550e-04
sys	851	6.495e-04	2.251e-04
active	1412	6.489e-04	1.637e-04
mode	1079	6.464e-04	1.127e-04
original	1182	6.449e-04	2.412e-04
boot	389	6.436e-04	4.209e-04
metadata	1530	6.412e-04	2.376e-04
ex	660	6.361e-04	1.673e-04
height	1055	6.314e-04	2.253e-04
view	868	6.270e-04	1.907e-04
or	1327	6.264e-04	9.829e-05
keys	2078	6.229e-04	1.391e-04
per	499	6.206e-04	2.983e-04
ttl	683	6.200e-04	4.862e-04
actual	484	6.188e-04	2.450e-04
seed	404	6.162e-04	3.048e-04
connection	676	6.149e-04	1.888e-04
benchmark	2924	6.147e-04	6.053e-04
open	877	6.130e-04	1.609e-04
tests	449	6.115e-04	2.129e-04
tick	451	6.106e-04	2.208e-04
rows	734	6.100e-04	2.542e-04
width	1211	6.078e-04	2.151e-04
send	637	6.068e-04	1.348e-04
menu	721	6.044e-04	2.066e-04
updated	613	6.003e-04	1.678e-04
existing	805	5.977e-04	1.541e-04
yellow	78	5.955e-04	4.728e-04
session	1304	5.927e-04	2.065e-04
adapter	676	5.890e-04	2.967e-04
my	519	5.826e-04	1.647e-04
jdbc	807	5.812e-04	3.261e-04
extract	413	5.788e-04	2.612e-04
admin	481	5.780e-04	2.008e-04
manager	1149	5.764e-04	1.135e-04
icon	264	5.759e-04	2.809e-04
balance	205	5.737e-04	3.695e-04
sub	1532	5.736e-04	1.408e-04
cause	440	5.725e-04	1.485e-04
device	247	5.724e-04	3.850e-04
upload	366	5.686e-04	1.989e-04
room	251	5.677e-04	3.922e-04
raw	719	5.676e-04	2.502e-04
white	137	5.610e-04	4.083e-04
issued	75	5.598e-04	5.334e-04
stop	412	5.580e-04	2.303e-04
space	646	5.577e-04	2.202e-04
customer	254	5.574e-04	4.858e-04
port	1035	5.568e-04	1.395e-04
results	1794	5.558e-04	1.488e-04
dict	653	5.555e-04	2.467e-04
stack	420	5.547e-04	2.879e-04
sample	307	5.539e-04	2.155e-04
demo	500	5.503e-04	2.994e-04
mouse	1035	5.471e-04	2.822e-04
settings	550	5.447e-04	3.213e-04
entities	485	5.391e-04	1.631e-04
parameter	890	5.350e-04	1.427e-04
cookie	1050	5.348e-04	2.945e-04
states	280	5.342e-04	3.675e-04
child	1243	5.315e-04	9.321e-05
limit	1083	5.299e-04	1.205e-04
before	1301	5.278e-04	9.878e-05
exists	1380	5.270e-04	1.181e-04
edit	399	5.255e-04	2.565e-04
damage	251	5.240e-04	3.700e-04
generate	382	5.229e-04	1.399e-04
registry	432	5.224e-04	1.471e-04
utils	447	5.179e-04	9.203e-05
fields	1589	5.164e-04	1.198e-04
if	949	5.145e-04	1.214e-04
byte	1116	5.142e-04	1.616e-04
configs	8705	5.126e-04	3.561e-04
blocks	208	5.066e-04	1.773e-04
tree	1206	5.055e-04	1.122e-04
len	803	5.033e-04	1.768e-04
parameters	1092	5.017e-04	1.521e-04
click	208	4.992e-04	2.573e-04
one	1544	4.984e-04	9.811e-05
http	695	4.968e-04	1.076e-04
freq	296	4.968e-04	4.882e-04
editor	166	4.948e-04	3.281e-04
jwt	317	4.933e-04	1.792e-04
long	1098	4.928e-04	1.349e-04
convert	700	4.919e-04	1.151e-04
txn	190	4.917e-04	4.917e-04
doc	2058	4.895e-04	1.957e-04
refresh	472	4.894e-04	1.880e-04
auto	836	4.894e-04	1.481e-04
corner	102	4.887e-04	3.537e-04
uid	457	4.884e-04	4.639e-04
movement	134	4.873e-04	4.544e-04
req	413	4.839e-04	1.887e-04
price	488	4.837e-04	2.057e-04
columns	3708	4.815e-04	1.893e-04
avatar	215	4.801e-04	2.756e-04
side	257	4.798e-04	2.292e-04
close	921	4.768e-04	1.293e-04
owner	543	4.767e-04	1.560e-04
chat	365	4.758e-04	2.350e-04
setup	419	4.750e-04	1.904e-04
headers	769	4.749e-04	1.985e-04
payment	933	4.723e-04	3.472e-04
res	749	4.711e-04	1.671e-04
access	565	4.706e-04	1.301e-04
condition	1797	4.699e-04	1.449e-04
angle	90	4.694e-04	3.414e-04
ip	722	4.693e-04	1.215e-04
container	632	4.689e-04	1.846e-04
modern	23	4.676e-04	4.353e-04
chunk	271	4.672e-04	2.161e-04
up	447	4.656e-04	1.296e-04
non	1481	4.645e-04	1.176e-04
conn	140	4.621e-04	2.804e-04
double	821	4.595e-04	1.603e-04
seconds	408	4.577e-04	1.114e-04
me	1089	4.556e-04	2.898e-04
panel	532	4.556e-04	2.423e-04
domain	597	4.542e-04	1.529e-04
full	1041	4.537e-04	1.451e-04
copy	972	4.531e-04	1.175e-04
users	367	4.524e-04	1.562e-04
expression	651	4.513e-04	1.760e-04
language	329	4.507e-04	1.803e-04
reset	449	4.507e-04	1.303e-04
change	821	4.500e-04	9.905e-05
project	1008	4.494e-04	3.906e-04
batch	2105	4.490e-04	1.306e-04
previous	6154	4.469e-04	2.442e-04
annotation	468	4.437e-04	1.657e-04
security	818	4.433e-04	1.101e-04
matrix	333	4.421e-04	2.951e-04
u	265	4.416e-04	2.202e-04
window	429	4.412e-04	1.417e-04
attribute	704	4.410e-04	1.811e-04
entries	1077	4.394e-04	1.393e-04
process	704	4.381e-04	8.964e-05
modified	625	4.369e-04	1.928e-04
tx	3517	4.368e-04	2.228e-04
credential	194	4.365e-04	3.171e-04
ticks	327	4.360e-04	2.488e-04
can	531	4.342e-04	1.298e-04
diff	259	4.333e-04	1.993e-04
servlet	230	4.323e-04	2.509e-04
h	888	4.268e-04	1.643e-04
branch	216	4.259e-04	3.906e-04
classes	522	4.246e-04	1.676e-04
queue	437	4.242e-04	1.097e-04
mvc	78	4.229e-04	3.571e-04
rule	770	4.203e-04	2.218e-04
deployment	118	4.199e-04	3.591e-04
nome	26	4.194e-04	4.194e-04
direction	287	4.191e-04	1.665e-04
access_token	277	4.184e-04	2.213e-04
conf	220	4.166e-04	2.248e-04
global	417	4.162e-04	1.050e-04
dao	278	4.161e-04	1.457e-04
show	409	4.160e-04	1.578e-04
single	1128	4.156e-04	1.287e-04
dialog	244	4.107e-04	3.049e-04
clear	778	4.098e-04	6.599e-05
debug	229	4.096e-04	2.021e-04
shop	96	4.080e-04	2.040e-04
sort	574	4.078e-04	2.186e-04
dept	557	4.076e-04	2.036e-04
use	890	4.075e-04	8.986e-05
exit	169	4.075e-04	1.922e-04
black	105	4.063e-04	2.490e-04
op	2225	4.060e-04	2.092e-04
business	211	4.059e-04	1.747e-04
draw	327	4.039e-04	2.076e-04
center	283	4.037e-04	1.291e-04
execute	923	3.996e-04	8.309e-05
gun	120	3.996e-04	3.996e-04
payload	480	3.989e-04	1.321e-04
vista	12	3.986e-04	3.986e-04
core	622	3.968e-04	9.515e-05
returns	2519	3.966e-04	1.529e-04
statement	1124	3.962e-04	1.517e-04
ignore	2533	3.952e-04	1.266e-04
sum	353	3.944e-04	2.048e-04
desc	781	3.937e-04	1.475e-04
straight	15	3.935e-04	3.921e-04
cleanup	109	3.927e-04	3.131e-04
enable	417	3.918e-04	1.662e-04
chunks	145	3.912e-04	2.642e-04
stats	748	3.910e-04	1.652e-04
w	891	3.898e-04	1.786e-04
lock	912	3.892e-04	1.689e-04
int	755	3.890e-04	8.448e-05
options	532	3.889e-04	9.956e-05
uuid	446	3.884e-04	1.711e-04
feature	563	3.858e-04	2.557e-04
now	568	3.849e-04	7.176e-05
second	1110	3.842e-04	6.183e-05
link	1340	3.814e-04	1.428e-04
something	1808	3.814e-04	3.791e-04
be	368	3.806e-04	1.248e-04
mock	602	3.804e-04	9.714e-05
vo	311	3.779e-04	1.468e-04
generator	465	3.748e-04	9.963e-05
dataset	242	3.746e-04	2.669e-04
loader	552	3.729e-04	1.480e-04
redis	365	3.728e-04	1.542e-04
flag	704	3.724e-04	9.252e-05
named	761	3.722e-04	1.721e-04
put	907	3.718e-04	9.462e-05
slider	159	3.708e-04	2.872e-04
potted	197	3.699e-04	3.660e-04
validation	347	3.690e-04	9.712e-05
back_end	129	3.637e-04	3.181e-04
extension	361	3.633e-04	1.117e-04
route	534	3.629e-04	1.616e-04
deploy	11	3.623e-04	3.571e-04
col	693	3.622e-04	1.026e-04
box	488	3.588e-04	1.347e-04
async	428	3.585e-04	1.251e-04
cell	337	3.578e-04	1.540e-04
ec2describe	1	3.571e-04	3.571e-04
host	760	3.569e-04	1.021e-04
reference	645	3.566e-04	1.510e-04
selector	153	3.552e-04	2.788e-04
it	620	3.550e-04	1.159e-04
framework	340	3.548e-04	1.844e-04
sign	533	3.531e-04	1.894e-04
fail	418	3.505e-04	9.776e-05
fallback	580	3.500e-04	1.213e-04
rate	324	3.500e-04	1.315e-04
children	450	3.497e-04	9.021e-05
origin	2852	3.479e-04	1.381e-04
reduce	132	3.475e-04	3.130e-04
option	468	3.461e-04	1.448e-04
multi	1411	3.442e-04	8.825e-05
logical	245	3.435e-04	1.830e-04
scale	1832	3.434e-04	1.390e-04
resolve	508	3.419e-04	7.892e-05
radius	213	3.417e-04	1.413e-04
report	400	3.415e-04	1.231e-04
credit_card	105	3.415e-04	2.922e-04
loads	87	3.413e-04	1.850e-04
callback	417	3.410e-04	1.304e-04
external	287	3.394e-04	1.358e-04
bind	246	3.393e-04	1.683e-04
audit	318	3.382e-04	1.354e-04
filename	570	3.380e-04	8.134e-05
points	162	3.377e-04	2.200e-04
graph	1338	3.372e-04	1.775e-04
millis	718	3.371e-04	9.343e-05
3	424	3.366e-04	2.189e-04
does	477	3.351e-04	1.212e-04
slot	430	3.340e-04	1.225e-04
summary	525	3.339e-04	1.193e-04
performed	163	3.337e-04	2.315e-04
area	240	3.327e-04	1.298e-04
translation	92	3.320e-04	2.792e-04
cancel	316	3.289e-04	1.187e-04
bot	61	3.286e-04	2.211e-04
ventana	9	3.261e-04	3.261e-04
delta	991	3.259e-04	1.175e-04
consumer	358	3.246e-04	1.255e-04
driver	182	3.241e-04	1.760e-04
form	549	3.226e-04	8.589e-05
simple	837	3.225e-04	7.846e-05
health	167	3.221e-04	1.744e-04
tex	174	3.195e-04	2.268e-04
reducer	26	3.188e-04	3.125e-04
online	129	3.178e-04	2.097e-04
delegate	440	3.177e-04	1.486e-04
package	623	3.173e-04	7.825e-05
folder	323	3.172e-04	1.145e-04
bits	238	3.169e-04	1.878e-04
vector	1057	3.164e-04	1.736e-04
snapshot	1320	3.157e-04	1.687e-04
comments	196	3.138e-04	1.480e-04
elapsed	62	3.135e-04	2.633e-04
trunk	13	3.130e-04	3.125e-04
pq	2	3.125e-04	3.125e-04
begin	516	3.114e-04	1.222e-04
move	257	3.109e-04	1.213e-04
nbt	115	3.103e-04	1.985e-04
speed	279	3.102e-04	1.475e-04
resp	386	3.097e-04	1.319e-04
sec	263	3.083e-04	1.591e-04
site	164	3.079e-04	2.515e-04
control	275	3.075e-04	1.330e-04
roles	653	3.047e-04	8.715e-05
phone	316	3.047e-04	1.031e-04
match	892	3.042e-04	5.751e-05
dest	3447	3.042e-04	1.476e-04
country	409	3.041e-04	1.161e-04
ms	485	3.040e-04	9.052e-05
off	252	3.039e-04	1.012e-04
profile	332	3.038e-04	1.252e-04
lang	180	3.035e-04	2.375e-04
interceptor	328	3.030e-04	1.157e-04
factor	259	3.024e-04	1.304e-04
pdf	37	3.020e-04	2.705e-04
stock	295	3.012e-04	1.283e-04
cls	495	3.002e-04	2.632e-04
vote	75	2.997e-04	2.159e-04
replace	437	2.996e-04	1.226e-04
texture	261	2.987e-04	1.253e-04
history	245	2.977e-04	1.026e-04
gateway	546	2.969e-04	1.295e-04
fetch	581	2.965e-04	1.067e-04
failure	375	2.962e-04	1.044e-04
tool	342	2.956e-04	8.700e-05
runtime	736	2.953e-04	8.896e-05
channel	211	2.949e-04	1.874e-04
converter	415	2.945e-04	9.925e-05
scan	431	2.942e-04	9.673e-05
expiration	94	2.940e-04	1.247e-04
errors	307	2.939e-04	8.590e-05
first_name	194	2.936e-04	1.300e-04
f	693	2.934e-04	6.795e-05
allowed	357	2.927e-04	6.703e-05
selected	592	2.926e-04	7.687e-05
trace	244	2.925e-04	1.213e-04
principal	55	2.924e-04	2.194e-04
cte	20	2.918e-04	2.470e-04
logo	92	2.914e-04	2.173e-04
1	354	2.913e-04	8.750e-05
voucher	213	2.910e-04	2.910e-04
pitch	282	2.909e-04	1.337e-04
cluster	1195	2.907e-04	1.975e-04
records	685	2.903e-04	8.939e-05
expire	396	2.902e-04	8.933e-05
component	695	2.902e-04	1.098e-04
then	475	2.900e-04	1.291e-04
dist	200	2.900e-04	1.292e-04
bike	10	2.892e-04	2.626e-04
tags	474	2.891e-04	8.082e-05
tenant	379	2.887e-04	1.715e-04
resources	231	2.885e-04	8.677e-05
layer	164	2.882e-04	1.556e-04
assert	449	2.881e-04	7.653e-05
memory	537	2.875e-04	1.269e-04
java	349	2.865e-04	9.197e-05
commands	106	2.864e-04	1.593e-04
pre	337	2.851e-04	1.170e-04
collection	2279	2.844e-04	8.118e-05
details	218	2.837e-04	7.198e-05
methods	342	2.835e-04	1.162e-04
html	295	2.828e-04	9.575e-05
l	525	2.825e-04	7.634e-05
blue	107	2.823e-04	1.400e-04
age	239	2.804e-04	1.047e-04
bundle	197	2.802e-04	1.317e-04
give	61	2.798e-04	2.090e-04
cmd	466	2.789e-04	1.005e-04
concept	415	2.783e-04	2.754e-04
primary_key	206	2.781e-04	2.140e-04
softly	60	2.778e-04	2.778e-04
executor	585	2.775e-04	8.449e-05
interval	1463	2.774e-04	8.951e-05
play	177	2.766e-04	1.355e-04
successfully	83	2.765e-04	2.356e-04
gen	379	2.760e-04	8.779e-05
deleted	589	2.760e-04	1.595e-04
item_set	114	2.756e-04	2.745e-04
card	329	2.754e-04	1.570e-04
org	630	2.754e-04	1.131e-04
explosion	83	2.751e-04	1.921e-04
instructions	118	2.751e-04	2.501e-04
pstmt	20	2.744e-04	2.742e-04
logger	161	2.743e-04	1.199e-04
aroma	42	2.742e-04	2.742e-04
short	464	2.739e-04	1.070e-04
jaxb	60	2.738e-04	2.731e-04
sound	217	2.737e-04	1.228e-04
sets	233	2.736e-04	2.075e-04
exchange	126	2.719e-04	1.414e-04
sync	350	2.717e-04	1.432e-04
setting	454	2.714e-04	1.517e-04
attributes	361	2.713e-04	9.159e-05
products	218	2.706e-04	1.694e-04
operation	1664	2.704e-04	8.773e-05
rest	151	2.702e-04	9.317e-05
props	493	2.695e-04	9.020e-05
d	430	2.687e-04	8.658e-05
score	425	2.683e-04	1.114e-04
subject	267	2.681e-04	1.147e-04
proxy	437	2.679e-04	7.994e-05
without	558	2.677e-04	5.374e-05
sender	102	2.675e-04	1.175e-04
tip	165	2.672e-04	1.021e-04
red	135	2.670e-04	1.561e-04
reload	213	2.667e-04	1.525e-04
idle	193	2.656e-04	1.168e-04
suffix	438	2.654e-04	6.693e-05
commodity	15	2.650e-04	2.650e-04
relation	587	2.645e-04	2.048e-04
claims	57	2.639e-04	1.891e-04
nq	299	2.635e-04	2.605e-04
unit	341	2.631e-04	1.805e-04
permission	476	2.617e-04	7.310e-05
co	42	2.610e-04	2.420e-04
enum	417	2.606e-04	6.786e-05
bend	11	2.605e-04	2.604e-04
groups	217	2.598e-04	1.354e-04
term	515	2.593e-04	1.176e-04
font	134	2.590e-04	1.201e-04
quantity	682	2.587e-04	1.614e-04
only	731	2.586e-04	4.938e-05
database	942	2.582e-04	8.389e-05
member	425	2.576e-04	1.059e-04
normal	273	2.574e-04	6.566e-05
initialize	145	2.572e-04	1.093e-04
rand	266	2.563e-04	1.400e-04
apply	470	2.561e-04	5.700e-05
system	613	2.555e-04	4.682e-05
char	600	2.554e-04	6.260e-05
catalog	511	2.554e-04	1.927e-04
friend	132	2.547e-04	1.664e-04
design	15	2.540e-04	2.500e-04
part	429	2.538e-04	6.706e-05
boton	7	2.536e-04	2.536e-04
fondo	7	2.536e-04	2.536e-04
down	214	2.534e-04	8.881e-05
cart	427	2.530e-04	1.378e-04
matches	379	2.527e-04	8.232e-05
home	205	2.526e-04	1.548e-04
resolver	212	2.518e-04	1.026e-04
multiple	569	2.518e-04	7.157e-05
module	1115	2.518e-04	7.535e-05
future	354	2.512e-04	1.165e-04
test_case	599	2.510e-04	1.375e-04
completion	205	2.501e-04	2.024e-04
wizard	1	2.500e-04	2.500e-04
restore	239	2.498e-04	1.694e-04
luna	16	2.493e-04	2.420e-04
merge	472	2.493e-04	8.654e-05
os	418	2.492e-04	6.847e-05
concrete	71	2.484e-04	2.182e-04
commit	371	2.481e-04	1.126e-04
transport	101	2.474e-04	2.007e-04
var	1135	2.473e-04	1.208e-04
constructor	565	2.466e-04	7.624e-05
o	696	2.464e-04	4.660e-05
zip	291	2.459e-04	1.054e-04
failed	219	2.459e-04	7.555e-05
directory	486	2.456e-04	7.560e-05
allow	293	2.452e-04	9.439e-05
detail	352	2.439e-04	6.386e-05
distance	333	2.430e-04	1.305e-04
abstract	443	2.427e-04	4.642e-05
arquivo	9	2.426e-04	2.426e-04
missing	439	2.425e-04	5.693e-05
greedy	5290	2.423e-04	2.167e-04
helper	357	2.420e-04	6.292e-05
projeto	15	2.419e-04	2.419e-04
threshold	416	2.413e-04	5.919e-05
jar	195	2.412e-04	1.064e-04
edge	1971	2.410e-04	1.075e-04
neighbor	67	2.407e-04	1.972e-04
camera	84	2.400e-04	2.252e-04
universe	26	2.399e-04	2.384e-04
vanilla	32	2.399e-04	2.176e-04
orders	284	2.384e-04	1.237e-04
arg	458	2.379e-04	9.676e-05
sources	134	2.374e-04	8.929e-05
inner	330	2.365e-04	9.221e-05
g	447	2.362e-04	9.029e-05
publish	272	2.362e-04	1.481e-04
expired	159	2.358e-04	1.019e-04
writer	1046	2.351e-04	6.880e-05
merchant	544	2.348e-04	2.030e-04
delay	276	2.347e-04	7.696e-05
skip	457	2.347e-04	7.103e-05
arrow	130	2.347e-04	1.783e-04
holder	577	2.341e-04	6.797e-05
dish	69	2.336e-04	2.247e-04
ptr	86	2.333e-04	1.568e-04
remember	1003	2.324e-04	2.080e-04
configure	190	2.320e-04	8.200e-05
flow	602	2.315e-04	1.255e-04
split	507	2.309e-04	6.075e-05
two	869	2.306e-04	5.512e-05
second_service	99	2.300e-04	2.252e-04
ship	594	2.292e-04	1.892e-04
low	156	2.284e-04	1.301e-04
kill	174	2.283e-04	1.530e-04
basic	219	2.282e-04	7.410e-05
style	800	2.274e-04	1.010e-04
wrapper	468	2.272e-04	5.725e-05
month	462	2.269e-04	7.616e-05
pool	1000	2.265e-04	5.345e-05
prov	149	2.265e-04	2.032e-04
topic	249	2.265e-04	1.113e-04
day	655	2.255e-04	8.043e-05
reason	204	2.254e-04	9.358e-05
expiry	344	2.254e-04	1.145e-04
prop	669	2.244e-04	9.756e-05
attr	328	2.243e-04	1.127e-04
predicate	376	2.241e-04	8.648e-05
usuario	37	2.238e-04	1.636e-04
samples	65	2.237e-04	1.502e-04
evt	30	2.234e-04	2.156e-04
middle	88	2.229e-04	1.960e-04
parts	233	2.211e-04	5.854e-05
effect	139	2.211e-04	1.188e-04
strategy	427	2.211e-04	6.662e-05
swappable	91	2.210e-04	2.210e-04
work	444	2.207e-04	9.510e-05
required	373	2.206e-04	5.217e-05
requests	227	2.205e-04	9.405e-05
pay	416	2.187e-04	1.028e-04
com	645	2.186e-04	1.263e-04
chest	72	2.184e-04	1.896e-04
endpoint	297	2.182e-04	5.044e-05
available	359	2.181e-04	5.726e-05
halves	7	2.176e-04	2.174e-04
pts	4	2.176e-04	2.174e-04
fuente	6	2.174e-04	2.174e-04
pnl	6	2.174e-04	2.174e-04
ref	654	2.169e-04	6.603e-05
back	516	2.169e-04	4.351e-05
progress	357	2.166e-04	6.051e-05
invoke	347	2.163e-04	5.162e-05
meal	58	2.162e-04	2.108e-04
stone	29	2.159e-04	1.906e-04
services	316	2.158e-04	8.561e-05
review	190	2.157e-04	1.326e-04
jasper	8	2.156e-04	2.156e-04
jb	8	2.156e-04	2.156e-04
teste	8	2.156e-04	2.156e-04
env	413	2.155e-04	7.215e-05
messages	450	2.149e-04	6.717e-05
volume	132	2.141e-04	1.351e-04
boxes	53	2.140e-04	1.575e-04
err	789	2.128e-04	7.497e-05
visit	243	2.123e-04	1.846e-04
case	546	2.123e-04	5.232e-05
nodes	403	2.122e-04	8.418e-05
2	390	2.119e-04	7.166e-05
self	242	2.117e-04	5.613e-05
bill	133	2.114e-04	1.862e-04
spec	456	2.110e-04	7.242e-05
cfg	269	2.108e-04	1.408e-04
join	649	2.107e-04	1.020e-04
median	35	2.107e-04	1.963e-04
exception_handler	106	2.102e-04	6.607e-05
descricao	13	2.097e-04	2.097e-04
execution	536	2.093e-04	6.947e-05
exist	263	2.090e-04	4.510e-05
prepare	319	2.087e-04	1.139e-04
validator	228	2.086e-04	6.314e-05
daily	47	2.086e-04	1.723e-04
float	928	2.084e-04	5.930e-05
frequency	327	2.079e-04	1.381e-04
same	604	2.078e-04	4.629e-05
infrastructure	63	2.076e-04	1.817e-04
pin	144	2.073e-04	1.630e-04
contains	782	2.073e-04	3.479e-05
bank	56	2.070e-04	1.827e-04
shooter	63	2.068e-04	2.065e-04
reader	742	2.066e-04	6.794e-05
authentication	194	2.063e-04	6.357e-05
point	795	2.061e-04	5.934e-05
boolean	558	2.061e-04	4.624e-05
interaction	127	2.057e-04	1.343e-04
infinity	43	2.054e-04	2.043e-04
given	267	2.052e-04	1.313e-04
wait	265	2.052e-04	4.595e-05
than	404	2.051e-04	6.548e-05
false	529	2.049e-04	6.336e-05
hit	299	2.049e-04	8.857e-05
like	289	2.048e-04	1.159e-04
calculate	228	2.045e-04	1.019e-04
pass	436	2.044e-04	6.911e-05
season	53	2.042e-04	1.969e-04
reg	802	2.038e-04	1.026e-04
interface	298	2.035e-04	8.312e-05
bottom	192	2.033e-04	9.838e-05
timer	241	2.027e-04	7.757e-05
true	450	2.026e-04	5.700e-05
vehicule	178	2.026e-04	2.026e-04
unique	663	2.025e-04	5.223e-05
cookies	747	2.023e-04	1.540e-04
enter	60	2.018e-04	1.515e-04
pending	220	2.018e-04	6.657e-05
listeners	213	2.017e-04	8.534e-05
inicio	10	2.015e-04	1.473e-04
npc	6	2.013e-04	2.013e-04
unknown	305	1.996e-04	5.108e-05
throws	878	1.991e-04	9.041e-05
sentinel	735	1.988e-04	1.831e-04
equals	776	1.986e-04	5.247e-05
hook	514	1.986e-04	1.287e-04
rules	542	1.986e-04	1.006e-04
export	416	1.985e-04	5.894e-05
saved	282	1.981e-04	5.827e-05
indicator	72	1.978e-04	1.618e-04
descriptor	123	1.971e-04	1.655e-04
yaw	317	1.969e-04	9.266e-05
episode	48	1.968e-04	1.968e-04
internal	1046	1.964e-04	4.356e-05
alert	55	1.964e-04	1.726e-04
city	241	1.960e-04	8.901e-05
regex	286	1.955e-04	5.038e-05
dynamic	281	1.954e-04	7.101e-05
print	411	1.952e-04	5.251e-05
fill	299	1.950e-04	9.123e-05
section	206	1.948e-04	1.027e-04
segment	410	1.945e-04	8.988e-05
dot	139	1.944e-04	7.996e-05
gerente	12	1.935e-04	1.935e-04
worker	300	1.932e-04	7.792e-05
vm	474	1.923e-04	1.586e-04
zero	876	1.922e-04	5.306e-05
lines	275	1.918e-04	8.257e-05
increment	266	1.917e-04	8.788e-05
inv	234	1.906e-04	1.169e-04
initial	742	1.904e-04	4.608e-05
safe	214	1.902e-04	4.716e-05
dossier	168	1.898e-04	1.889e-04
sun	130	1.898e-04	1.752e-04
definition	556	1.898e-04	6.081e-05
primary	627	1.898e-04	9.674e-05
signature	163	1.895e-04	9.611e-05
trigger	496	1.892e-04	8.720e-05
bad	192	1.890e-04	6.696e-05
io	263	1.889e-04	8.486e-05
matrices	199	1.887e-04	1.138e-04
padrao	7	1.887e-04	1.887e-04
feign	17	1.884e-04	1.767e-04
melee	60	1.883e-04	1.865e-04
cached	339	1.882e-04	5.260e-05
secret	247	1.873e-04	6.069e-05
gpu	117	1.873e-04	1.835e-04
modify	170	1.871e-04	9.524e-05
food	113	1.870e-04	9.991e-05
objects	246	1.870e-04	5.931e-05
swap	84	1.866e-04	1.220e-04
multiplier	140	1.863e-04	8.238e-05
algorithm	438	1.862e-04	7.473e-05
retry	375	1.859e-04	4.880e-05
depth	646	1.853e-04	6.011e-05
zone	336	1.852e-04	1.443e-04
issuer	89	1.846e-04	1.767e-04
already	225	1.845e-04	5.187e-05
cypher	57	1.844e-04	1.737e-04
pack	280	1.840e-04	1.631e-04
function	1090	1.835e-04	5.853e-05
that	484	1.828e-04	4.484e-05
threads	202	1.825e-04	8.801e-05
socket	163	1.824e-04	6.238e-05
currency	217	1.823e-04	1.199e-04
scope	314	1.823e-04	5.147e-05
extensions	112	1.820e-04	9.476e-05
pid	166	1.817e-04	1.196e-04
oper	220	1.817e-04	8.233e-05
lookup	379	1.816e-04	6.215e-05
real	299	1.815e-04	5.765e-05
categorias	5	1.812e-04	1.812e-04
componentes	5	1.812e-04	1.812e-04
any	845	1.809e-04	4.115e-05
flower	97	1.807e-04	1.783e-04
student	132	1.805e-04	1.043e-04
alias	1139	1.801e-04	5.039e-05
src	609	1.800e-04	4.597e-05
big	522	1.798e-04	5.168e-05
dictionary	132	1.791e-04	1.359e-04
integer	785	1.789e-04	4.520e-05
vc	90	1.789e-04	1.767e-04
percent	177	1.787e-04	1.076e-04
disable	193	1.786e-04	6.865e-05
remote	210	1.785e-04	7.195e-05
ok	281	1.781e-04	4.613e-05
star	135	1.777e-04	8.323e-05
hello	86	1.777e-04	1.140e-04
rollback	371	1.777e-04	9.696e-05
logging	146	1.777e-04	6.283e-05
proof	76	1.767e-04	1.767e-04
relations	350	1.766e-04	1.493e-04
normalized	212	1.765e-04	6.467e-05
blossom	94	1.764e-04	1.764e-04
final	274	1.763e-04	3.897e-05
screen	371	1.756e-04	5.502e-05
stage	185	1.751e-04	9.880e-05
standard	725	1.749e-04	1.117e-04
east	36	1.747e-04	8.891e-05
strings	193	1.743e-04	7.449e-05
tmp	389	1.736e-04	7.311e-05
west	30	1.735e-04	8.893e-05
capture	178	1.734e-04	8.282e-05
loc	636	1.732e-04	1.251e-04
git	102	1.729e-04	9.798e-05
agent	373	1.727e-04	9.464e-05
frames	62	1.727e-04	9.044e-05
fe	16	1.725e-04	1.617e-04
dependencies	114	1.725e-04	1.232e-04
bucket	1229	1.720e-04	5.429e-05
temperature	42	1.720e-04	1.664e-04
inventory	176	1.706e-04	7.729e-05
primitive	366	1.706e-04	1.347e-04
small	466	1.701e-04	9.415e-05
completed	174	1.701e-04	6.612e-05
district	398	1.698e-04	1.459e-04
music	122	1.689e-04	1.205e-04
whisper	7	1.684e-04	1.678e-04
weight	444	1.683e-04	6.389e-05
used	282	1.680e-04	4.319e-05
tokens	257	1.679e-04	6.224e-05
repo	141	1.678e-04	6.375e-05
verify	391	1.675e-04	3.671e-05
are	404	1.672e-04	4.578e-05
closed	265	1.669e-04	7.020e-05
mark	236	1.669e-04	5.926e-05
preview	106	1.669e-04	8.790e-05
invocation	165	1.667e-04	5.403e-05
supported	137	1.667e-04	6.228e-05
wm	27	1.663e-04	1.662e-04
confirm	163	1.662e-04	6.354e-05
jpa	150	1.661e-04	7.868e-05
encoding	232	1.660e-04	4.370e-05
public_key	213	1.658e-04	9.114e-05
cargo	11	1.658e-04	1.613e-04
environment	242	1.654e-04	5.874e-05
year	391	1.652e-04	5.460e-05
producer	144	1.649e-04	7.836e-05
ret	358	1.648e-04	4.884e-05
push	157	1.646e-04	9.312e-05
charset	357	1.646e-04	6.758e-05
complete	223	1.646e-04	5.162e-05
between	362	1.641e-04	5.278e-05
shopping	73	1.640e-04	1.588e-04
money	163	1.639e-04	1.419e-04
gender	170	1.639e-04	7.419e-05
head	394	1.638e-04	5.496e-05
ammo	50	1.637e-04	1.598e-04
buf	445	1.636e-04	7.571e-05
cs	97	1.631e-04	1.068e-04
scheme	392	1.630e-04	8.866e-05
exec	131	1.629e-04	1.018e-04
mine	98	1.627e-04	7.816e-05
append	305	1.625e-04	6.775e-05
codes	109	1.620e-04	6.912e-05
tab	272	1.619e-04	5.059e-05
nfe	7	1.618e-04	1.617e-04
rack	64	1.616e-04	1.369e-04
lambda	255	1.615e-04	1.462e-04
particle	90	1.613e-04	8.752e-05
toggle	156	1.611e-04	7.119e-05
remark	488	1.611e-04	5.739e-05
elements	473	1.606e-04	4.504e-05
high	128	1.602e-04	1.214e-04
logs	113	1.597e-04	8.492e-05
routing	97	1.597e-04	1.258e-04
removed	361	1.596e-04	5.600e-05
placeholder	3464	1.596e-04	1.404e-04
eye	110	1.595e-04	1.264e-04
keep	207	1.592e-04	5.199e-05
encoded	248	1.591e-04	4.743e-05
okapi	167	1.587e-04	1.587e-04
mx	222	1.584e-04	1.164e-04
connect	217	1.584e-04	7.135e-05
ends	82	1.584e-04	1.166e-04
job2	3	1.583e-04	1.562e-04
constant	195	1.582e-04	5.542e-05
make	482	1.578e-04	5.542e-05
audio	67	1.577e-04	7.710e-05
include	334	1.577e-04	5.394e-05
round	450	1.576e-04	9.545e-05
chain	290	1.575e-04	6.239e-05
cool	71	1.573e-04	9.661e-05
mappings	126	1.573e-04	1.078e-04
urls	108	1.567e-04	4.843e-05
invoking	31	1.565e-04	1.474e-04
clean	274	1.565e-04	4.349e-05
receiver	59	1.555e-04	7.550e-05
csv	214	1.553e-04	8.440e-05
iterator	1164	1.552e-04	7.964e-05
parser	514	1.548e-04	4.613e-05
persistence	100	1.543e-04	7.425e-05
brand	170	1.542e-04	7.817e-05
bk	26	1.542e-04	1.535e-04
tile	90	1.536e-04	1.166e-04
rating	152	1.533e-04	8.754e-05
voice	148	1.530e-04	1.481e-04
mask	253	1.529e-04	8.177e-05
i1	30	1.529e-04	1.159e-04
defaults	161	1.529e-04	7.152e-05
cannot	117	1.522e-04	8.033e-05
variable	426	1.521e-04	6.858e-05
encode	316	1.520e-04	3.597e-05
lower	274	1.520e-04	4.092e-05
switch	399	1.520e-04	8.746e-05
dx	172	1.519e-04	6.732e-05
offline	71	1.518e-04	9.417e-05
each	297	1.517e-04	4.260e-05
constants	164	1.515e-04	4.401e-05
hub	102	1.512e-04	9.174e-05
shimmer	83	1.512e-04	1.458e-04
cyan	77	1.511e-04	1.375e-04
caminho	6	1.509e-04	1.356e-04
creation	170	1.506e-04	6.030e-05
actor	263	1.502e-04	9.716e-05
teleport	62	1.494e-04	1.244e-04
oss	162	1.493e-04	6.857e-05
magenta	76	1.493e-04	1.357e-04
heat	40	1.488e-04	1.108e-04
light_blue	73	1.487e-04	1.357e-04
merged	135	1.487e-04	7.835e-05
unicode	3269	1.484e-04	1.317e-04
paths	215	1.474e-04	3.849e-05
spawn	89	1.474e-04	6.018e-05
latest	120	1.474e-04	5.614e-05
attachment	89	1.474e-04	7.678e-05
localctx	20	1.474e-04	1.474e-04
support	894	1.473e-04	3.987e-05
bootstrap	172	1.468e-04	6.252e-05
pressed	53	1.468e-04	9.080e-05
keyword	423	1.467e-04	5.476e-05
overlay	70	1.465e-04	1.094e-04
words	153	1.463e-04	1.280e-04
starts	82	1.462e-04	1.289e-04
mono	20	1.461e-04	1.414e-04
sup	87	1.459e-04	1.313e-04
blank	211	1.458e-04	3.998e-05
staging	205	1.458e-04	9.903e-05
beat	25	1.453e-04	1.220e-04
policy	422	1.453e-04	4.473e-05
projetos	9	1.452e-04	1.452e-04
activity	140	1.451e-04	1.059e-04
virtual	137	1.450e-04	9.526e-05
cargado	4	1.449e-04	1.449e-04
contenedor	4	1.449e-04	1.449e-04
juego	4	1.449e-04	1.449e-04
monedas	4	1.449e-04	1.449e-04
loaded	475	1.448e-04	3.799e-05
steps	206	1.447e-04	6.186e-05
keywords	140	1.447e-04	9.712e-05
present	275	1.446e-04	3.889e-05
feedback	346	1.444e-04	1.360e-04
require	246	1.444e-04	6.156e-05
formatted	109	1.442e-04	9.471e-05
ratio	162	1.441e-04	7.067e-05
estatus	32	1.432e-04	1.432e-04
span	98	1.431e-04	1.245e-04
mybatis	131	1.430e-04	8.006e-05
img	222	1.426e-04	5.377e-05
seata	9	1.423e-04	1.413e-04
alpha	267	1.419e-04	5.928e-05
authorization	78	1.416e-04	7.568e-05
animation	108	1.413e-04	6.471e-05
conditions	2167	1.413e-04	8.544e-05
ce	12	1.411e-04	1.348e-04
encrypt	520	1.408e-04	5.747e-05
anchor	142	1.405e-04	8.933e-05
power	94	1.397e-04	7.001e-05
private_key	211	1.395e-04	9.454e-05
friends	77	1.392e-04	9.248e-05
pooling	74	1.391e-04	1.207e-04
pause	63	1.388e-04	7.509e-05
flags	96	1.385e-04	7.270e-05
relationship	231	1.383e-04	9.729e-05
slice	2443	1.382e-04	1.009e-04
running	225	1.380e-04	4.258e-05
north	31	1.380e-04	8.182e-05
days	219	1.379e-04	4.817e-05
annotations	107	1.378e-04	5.275e-05
error_message	375	1.378e-04	3.727e-05
fps	22	1.373e-04	1.316e-04
note	233	1.370e-04	5.632e-05
tables	833	1.368e-04	4.826e-05
moon	54	1.367e-04	7.804e-05
wav	24	1.366e-04	1.039e-04
our	55	1.365e-04	1.221e-04
super	195	1.365e-04	4.359e-05
south	26	1.365e-04	8.184e-05
download	156	1.364e-04	5.505e-05
ruoyi	171	1.364e-04	9.661e-05
nested	462	1.363e-04	4.267e-05
supplier	240	1.362e-04	3.717e-05
shutdown	257	1.361e-04	5.289e-05
planks	10	1.361e-04	1.361e-04
dependency	142	1.360e-04	1.090e-04
disabled	202	1.355e-04	4.468e-05
argument	195	1.355e-04	5.471e-05
cities	20	1.354e-04	1.307e-04
hex	169	1.351e-04	4.474e-05
fails	119	1.349e-04	6.019e-05
direta	5	1.348e-04	1.348e-04
media	266	1.348e-04	6.872e-05
go	55	1.346e-04	9.321e-05
spaces	161	1.345e-04	6.866e-05
relative	126	1.344e-04	4.959e-05
reverse	146	1.344e-04	8.212e-05
usage	271	1.343e-04	5.090e-05
this	516	1.342e-04	3.809e-05
includes	96	1.340e-04	1.080e-04
statements	125	1.334e-04	6.629e-05
sequence	446	1.333e-04	6.188e-05
mail	107	1.332e-04	6.423e-05
candidate	300	1.330e-04	3.636e-05
bounds	191	1.329e-04	4.775e-05
thickness	14	1.329e-04	1.302e-04
restart	89	1.326e-04	9.672e-05
animatable	21	1.325e-04	1.305e-04
labels	282	1.324e-04	1.006e-04
captor	89	1.323e-04	1.087e-04
density	7	1.322e-04	1.302e-04
hours	76	1.321e-04	5.921e-05
orange	66	1.320e-04	1.170e-04
transformer	127	1.317e-04	1.027e-04
literal	230	1.314e-04	6.734e-05
tmdb	32	1.312e-04	1.312e-04
nonce	51	1.311e-04	8.984e-05
entropy	38	1.310e-04	1.310e-04
realistic	3	1.307e-04	1.307e-04
coder	2	1.307e-04	1.307e-04
routes	108	1.305e-04	8.600e-05
emoji	37	1.305e-04	1.063e-04
cpf	10	1.304e-04	1.290e-04
shift	72	1.303e-04	6.678e-05
activate	83	1.300e-04	1.039e-04
cpu	106	1.297e-04	7.248e-05
inputs	186	1.295e-04	5.372e-05
ore	35	1.292e-04	9.537e-05
notify	126	1.291e-04	5.819e-05
atual	8	1.290e-04	1.290e-04
equipe	8	1.290e-04	1.290e-04
equipes	8	1.290e-04	1.290e-04
jogo	8	1.290e-04	1.290e-04
senha	8	1.290e-04	1.290e-04
tiles	60	1.288e-04	1.236e-04
ensure	170	1.288e-04	4.102e-05
4	138	1.288e-04	6.891e-05
authenticated	47	1.287e-04	7.161e-05
movements	20	1.280e-04	1.280e-04
illegal	102	1.279e-04	6.788e-05
alive	97	1.279e-04	6.213e-05
net	138	1.278e-04	5.894e-05
arguments	285	1.277e-04	3.945e-05
renderer	219	1.277e-04	5.492e-05
trim	112	1.276e-04	8.149e-05
safety	67	1.276e-04	8.973e-05
sig	74	1.275e-04	7.723e-05
attack	111	1.275e-04	7.661e-05
credentials	130	1.273e-04	5.274e-05
percentage	83	1.272e-04	5.143e-05
png	110	1.271e-04	6.431e-05
ext	206	1.271e-04	4.456e-05
del	185	1.271e-04	3.454e-05
edge1	71	1.268e-04	1.263e-04
edge2	66	1.267e-04	1.263e-04
warn	130	1.266e-04	5.654e-05
protocol	135	1.265e-04	4.838e-05
priority	161	1.265e-04	7.299e-05
vec	32	1.264e-04	1.045e-04
identity	371	1.264e-04	4.011e-05
ultima	4	1.264e-04	8.988e-05
release	299	1.263e-04	5.616e-05
verification	55	1.262e-04	7.103e-05
chests	34	1.261e-04	1.240e-04
cat	211	1.259e-04	7.427e-05
script	466	1.258e-04	3.983e-05
nombre	21	1.257e-04	9.620e-05
refund	190	1.256e-04	6.808e-05
cost	448	1.256e-04	4.969e-05
ai	178	1.251e-04	5.233e-05
notice	167	1.245e-04	6.365e-05
an	177	1.244e-04	4.485e-05
accept	186	1.242e-04	4.395e-05
pink	61	1.242e-04	1.040e-04
dz	123	1.242e-04	6.499e-05
person	297	1.240e-04	5.238e-05
salvar	7	1.237e-04	1.002e-04
rml	141	1.237e-04	1.237e-04
vertex	895	1.235e-04	5.390e-05
operator	636	1.234e-04	4.644e-05
bullet	37	1.232e-04	1.232e-04
fault	16	1.231e-04	1.215e-04
mem	118	1.231e-04	6.785e-05
osgi	74	1.228e-04	9.743e-05
mc	193	1.226e-04	8.808e-05
alloy	10	1.225e-04	1.224e-04
rotation	97	1.222e-04	8.242e-05
plus	217	1.222e-04	5.983e-05
adj	146	1.222e-04	1.094e-04
pairs	135	1.217e-04	9.530e-05
coupon	316	1.217e-04	1.217e-04
iframe	20	1.216e-04	1.212e-04
light	105	1.216e-04	5.346e-05
cx	122	1.215e-04	6.086e-05
infos	231	1.212e-04	4.426e-05
about	72	1.212e-04	4.871e-05
tracker	160	1.211e-04	5.495e-05
calendar	128	1.207e-04	9.752e-05
rel	201	1.205e-04	4.845e-05
devices	42	1.204e-04	8.507e-05
changed	294	1.204e-04	2.893e-05
maps	296	1.200e-04	4.720e-05
static	252	1.200e-04	3.576e-05
using	213	1.200e-04	4.320e-05
loop	107	1.198e-04	6.183e-05
runs	868	1.197e-04	4.998e-05
ones	15	1.194e-04	1.090e-04
decode	214	1.191e-04	3.022e-05
micro	66	1.190e-04	1.157e-04
postgres	173	1.190e-04	5.900e-05
totem	48	1.188e-04	8.750e-05
log_out	83	1.187e-04	3.584e-05
var1	257	1.186e-04	1.122e-04
where	521	1.185e-04	7.970e-05
generated	172	1.179e-04	4.981e-05
instances	167	1.177e-04	6.012e-05
cursor	348	1.177e-04	4.455e-05
native	216	1.175e-04	7.402e-05
manage	33	1.174e-04	8.908e-05
override	477	1.174e-04	3.683e-05
sphere	71	1.173e-04	1.157e-04
garage	103	1.172e-04	1.172e-04
mapped	173	1.170e-04	5.217e-05
counts	275	1.168e-04	4.696e-05
dy	126	1.167e-04	4.822e-05
normalize	183	1.157e-04	5.000e-05
decimal	555	1.157e-04	2.890e-05
tbl	10	1.152e-04	1.063e-04
extra	197	1.152e-04	3.392e-05
prompt	143	1.149e-04	5.518e-05
tv	30	1.149e-04	1.148e-04
matching	199	1.145e-04	3.695e-05
exceptions	150	1.145e-04	3.336e-05
import	292	1.145e-04	2.994e-05
background	185	1.144e-04	4.815e-05
tasks	225	1.144e-04	4.539e-05
sop	172	1.140e-04	1.140e-04
bound	107	1.139e-04	5.236e-05
bit	425	1.134e-04	3.551e-05
observable	24	1.132e-04	7.925e-05
file_size	118	1.130e-04	4.945e-05
carregar	7	1.129e-04	1.129e-04
completo	7	1.129e-04	1.129e-04
usuarios	7	1.129e-04	1.129e-04
configured	141	1.127e-04	5.025e-05
numeric	326	1.127e-04	5.133e-05
fritz	23	1.126e-04	1.126e-04
metrics	174	1.125e-04	4.515e-05
colors	57	1.122e-04	5.580e-05
flux	114	1.115e-04	5.475e-05
isv	168	1.114e-04	1.114e-04
craft	77	1.113e-04	6.352e-05
instruction	73	1.113e-04	8.853e-05
pwd	98	1.113e-04	5.510e-05
exclude	251	1.112e-04	2.927e-05
fragrance	17	1.110e-04	1.110e-04
mall	101	1.108e-04	1.108e-04
visible	349	1.107e-04	3.163e-05
scroll	270	1.104e-04	5.808e-05
translate	45	1.103e-04	6.174e-05
branches	36	1.102e-04	1.042e-04
dim	62	1.101e-04	5.562e-05
pk	395	1.101e-04	3.565e-05
crit	47	1.101e-04	9.996e-05
languages	57	1.097e-04	5.348e-05
dirty	266	1.097e-04	8.174e-05
contact	509	1.095e-04	4.506e-05
minute	373	1.095e-04	3.962e-05
actions	216	1.093e-04	4.822e-05
certify	48	1.093e-04	1.093e-04
trimmed	75	1.091e-04	6.364e-05
guard	66	1.091e-04	8.733e-05
codec	51	1.089e-04	8.018e-05
cb	160	1.087e-04	5.410e-05
ayuda	3	1.087e-04	1.087e-04
cargar	3	1.087e-04	1.087e-04
comic	3	1.087e-04	1.087e-04
crear	3	1.087e-04	1.087e-04
estadisticas	3	1.087e-04	1.087e-04
icono	3	1.087e-04	1.087e-04
iniciar	3	1.087e-04	1.087e-04
logros	3	1.087e-04	1.087e-04
opciones	3	1.087e-04	1.087e-04
vistas	3	1.087e-04	1.087e-04
hand	74	1.085e-04	4.565e-05
pan	18	1.085e-04	1.010e-04
collect	128	1.081e-04	3.441e-05
picture	104	1.080e-04	9.081e-05
jwk	48	1.080e-04	1.069e-04
pages	329	1.079e-04	3.052e-05
nf	5	1.079e-04	1.078e-04
maximum	133	1.078e-04	3.269e-05
impressora	4	1.078e-04	1.078e-04
mdfe	4	1.078e-04	1.078e-04
nfce	4	1.078e-04	1.078e-04
tema	4	1.078e-04	1.078e-04
ts	510	1.077e-04	6.181e-05
super_class	164	1.076e-04	6.552e-05
live	202	1.076e-04	8.105e-05
rockets	2	1.075e-04	1.075e-04
others	42	1.074e-04	6.979e-05
registration	94	1.074e-04	4.424e-05
delegates	255	1.071e-04	9.595e-05
prev	420	1.069e-04	2.636e-05
place	159	1.067e-04	3.823e-05
channels	40	1.067e-04	8.143e-05
transactions	66	1.066e-04	6.171e-05
sale	71	1.066e-04	9.119e-05
serialize	408	1.066e-04	5.109e-05
selective	15	1.065e-04	1.060e-04
install	85	1.065e-04	5.499e-05
pakkage	23	1.065e-04	1.065e-04
handlers	81	1.059e-04	3.828e-05
md	44	1.059e-04	8.192e-05
transform	161	1.057e-04	6.699e-05
too	119	1.056e-04	3.743e-05
engine	831	1.056e-04	3.645e-05
opt	119	1.055e-04	3.311e-05
tiny	108	1.054e-04	9.489e-05
radians	8	1.054e-04	1.042e-04
article	126	1.053e-04	4.620e-05
ben	255	1.052e-04	1.037e-04
integration	138	1.051e-04	3.289e-05
air	63	1.051e-04	8.650e-05
serializer	657	1.051e-04	2.883e-05
sn	134	1.050e-04	7.455e-05
uses	313	1.048e-04	3.632e-05
5	229	1.045e-04	5.003e-05
velocity	107	1.043e-04	4.941e-05
np	12	1.042e-04	1.007e-04
upper	229	1.042e-04	3.302e-05
foliage	4	1.042e-04	1.042e-04
beneficiary	254	1.041e-04	1.041e-04
equiv	44	1.038e-04	1.020e-04
started	219	1.037e-04	4.319e-05
flowers	56	1.035e-04	1.032e-04
partial	235	1.034e-04	5.412e-05
def	1167	1.031e-04	4.268e-05
rate_limit	58	1.031e-04	5.550e-05
iter	404	1.030e-04	5.519e-05
await	101	1.027e-04	5.960e-05
over	549	1.025e-04	4.986e-05
goods	232	1.024e-04	7.827e-05
timeline	36	1.022e-04	1.010e-04
locals	34	1.021e-04	1.021e-04
thrown	159	1.021e-04	5.503e-05
typed	116	1.019e-04	5.078e-05
positions	337	1.019e-04	4.273e-05
generic	315	1.017e-04	2.953e-05
remaining	197	1.016e-04	3.250e-05
hbasesoft	152	1.014e-04	1.014e-04
captcha	126	1.014e-04	4.626e-05
arrays	93	1.014e-04	7.281e-05
metric	365	1.013e-04	5.886e-05
advanced	120	1.011e-04	5.597e-05
talk	4	1.011e-04	1.007e-04
blaze	23	1.011e-04	7.533e-05
expand	279	1.010e-04	4.443e-05
var2	223	1.007e-04	8.823e-05
cur	385	1.005e-04	3.531e-05
times	167	1.003e-04	2.612e-05
video	52	1.003e-04	7.261e-05
spi	65	1.002e-04	6.209e-05
scheduler	94	1.001e-04	4.814e-05
0	100	1.001e-04	6.367e-05
connections	79	1.000e-04	5.843e-05
production	136	1.000e-04	6.294e-05
sell	16	9.996e-05	7.256e-05
rose	54	9.993e-05	9.947e-05
inaccuracy	30	9.990e-05	9.990e-05
rsa	104	9.985e-05	5.524e-05
separator	309	9.981e-05	2.295e-05
secure	131	9.980e-05	4.127e-05
scene	17	9.976e-05	5.239e-05
released	46	9.973e-05	5.975e-05
disposition	54	9.969e-05	9.040e-05
shipping	288	9.957e-05	5.436e-05
author	111	9.950e-05	3.281e-05
locale	273	9.947e-05	3.416e-05
nickname	32	9.929e-05	6.692e-05
excel	127	9.926e-05	4.176e-05
minutes	84	9.925e-05	3.980e-05
rdf	115	9.922e-05	9.217e-05
smamonolithe	87	9.901e-05	9.901e-05
amazon	118	9.890e-05	8.729e-05
fingerprint	37	9.886e-05	9.436e-05
related	238	9.886e-05	3.157e-05
mass	19	9.873e-05	8.820e-05
compare	582	9.866e-05	3.636e-05
board	45	9.863e-05	8.304e-05
optional	194	9.862e-05	5.449e-05
energy	13	9.847e-05	6.967e-05
ultimocambio	22	9.843e-05	9.843e-05
equal	462	9.842e-05	2.952e-05
example	121	9.834e-05	4.175e-05
yas	259	9.819e-05	9.819e-05
plan	960	9.810e-05	6.349e-05
called	162	9.804e-05	3.010e-05
eq	178	9.803e-05	5.921e-05
combo_box	34	9.795e-05	8.097e-05
stored	190	9.789e-05	3.634e-05
categories	134	9.787e-05	3.870e-05
binary	781	9.780e-05	3.131e-05
invert	50	9.764e-05	8.116e-05
duplicate	154	9.755e-05	2.688e-05
redirect	158	9.750e-05	3.124e-05
packet	153	9.750e-05	4.286e-05
sid	29	9.749e-05	7.485e-05
border	268	9.730e-05	3.736e-05
wrapped	136	9.719e-05	4.860e-05
ads	82	9.703e-05	6.260e-05
quit	30	9.700e-05	6.886e-05
bus	26	9.699e-05	5.780e-05
strength	57	9.696e-05	5.674e-05
best	85	9.680e-05	4.135e-05
gerenciamento	6	9.677e-05	9.677e-05
termino	6	9.677e-05	9.677e-05
la	17	9.673e-05	9.579e-05
structure	97	9.666e-05	5.178e-05
mobile	206	9.664e-05	5.511e-05
pane	64	9.660e-05	7.375e-05
data_type	92	9.655e-05	4.090e-05
more	128	9.647e-05	3.348e-05
withdraw	23	9.609e-05	6.730e-05
q	349	9.587e-05	4.374e-05
triples	107	9.565e-05	8.864e-05
targets	130	9.563e-05	3.703e-05
highlight	84	9.528e-05	6.536e-05
pop	86	9.504e-05	6.140e-05
modifier	74	9.439e-05	6.453e-05
finish	98	9.427e-05	4.418e-05
fhir	37	9.400e-05	9.400e-05
importe	21	9.396e-05	9.396e-05
hour	350	9.390e-05	4.664e-05
material	43	9.382e-05	7.000e-05
accepts	177	9.368e-05	5.855e-05
cit	139	9.360e-05	9.360e-05
legacy	247	9.360e-05	3.306e-05
footer	56	9.348e-05	7.399e-05
padding	190	9.343e-05	5.823e-05
shape	342	9.341e-05	4.916e-05
processor	262	9.341e-05	3.611e-05
csp	331	9.313e-05	9.300e-05
schedule	212	9.307e-05	3.410e-05
embedded	871	9.294e-05	3.283e-05
references	67	9.294e-05	6.257e-05
claim	72	9.291e-05	3.821e-05
vx	13	9.276e-05	8.781e-05
vy	13	9.276e-05	8.781e-05
edges	505	9.270e-05	5.099e-05
sel	458	9.265e-05	3.955e-05
filtered	170	9.257e-05	4.089e-05
rock	6	9.246e-05	7.916e-05
chars	249	9.219e-05	2.413e-05
cheese	15	9.206e-05	9.138e-05
blocked	88	9.197e-05	4.395e-05
azalea	49	9.197e-05	9.197e-05
glowshroom	49	9.197e-05	9.197e-05
dromara	203	9.188e-05	9.188e-05
slots	85	9.186e-05	4.137e-05
visitor	86	9.179e-05	5.686e-05
third	136	9.160e-05	4.392e-05
modifiers	93	9.158e-05	3.910e-05
selecionado	5	9.147e-05	6.967e-05
traverse	185	9.144e-05	7.866e-05
elastic	99	9.143e-05	5.157e-05
gui	203	9.122e-05	4.398e-05
bearer	35	9.117e-05	7.969e-05
delivery	122	9.103e-05	4.138e-05
help	78	9.063e-05	4.235e-05
sorted	158	9.048e-05	4.604e-05
zones	10	9.037e-05	9.020e-05
ender	31	9.017e-05	5.565e-05
delimiter	293	9.013e-05	3.585e-05
botanist	48	9.009e-05	9.009e-05
perms	94	9.006e-05	4.418e-05
free	179	9.001e-05	4.218e-05
deposit	28	9.000e-05	6.494e-05
cells	47	8.989e-05	5.870e-05
startup	126	8.981e-05	4.460e-05
notes	91	8.957e-05	4.826e-05
crystal	62	8.937e-05	5.797e-05
death	70	8.936e-05	4.514e-05
ignored	205	8.928e-05	3.313e-05
theme	159	8.914e-05	3.939e-05
track	374	8.903e-05	3.851e-05
sessions	37	8.888e-05	6.776e-05
constraint	262	8.872e-05	2.455e-05
warning	119	8.862e-05	3.950e-05
greater	212	8.861e-05	4.738e-05
placer	9	8.861e-05	6.125e-05
destination	113	8.860e-05	5.579e-05
different	324	8.860e-05	2.408e-05
monitor	176	8.854e-05	4.155e-05
components	178	8.841e-05	3.218e-05
tac	15	8.833e-05	8.126e-05
arr	183	8.832e-05	2.370e-05
resolved	138	8.831e-05	4.377e-05
tracing	31	8.806e-05	7.992e-05
character	253	8.803e-05	3.235e-05
sleep	88	8.791e-05	4.625e-05
concepts	130	8.755e-05	8.755e-05
members	142	8.744e-05	3.423e-05
workspace	194	8.733e-05	7.861e-05
css	75	8.698e-05	4.011e-05
variables	163	8.695e-05	3.320e-05
mov	19	8.693e-05	8.073e-05
te	10	8.688e-05	8.093e-05
forward	210	8.679e-05	2.884e-05
face	61	8.655e-05	3.957e-05
pagination	81	8.646e-05	4.247e-05
appender	51	8.632e-05	7.173e-05
excluded	105	8.621e-05	3.942e-05
selection	215	8.607e-05	3.408e-05
try	203	8.603e-05	2.324e-05
many	156	8.597e-05	3.699e-05
kafka	175	8.596e-05	4.045e-05
playlist	57	8.596e-05	8.596e-05
dispatcher	93	8.584e-05	7.134e-05
schemas	184	8.579e-05	7.260e-05
letter	73	8.578e-05	7.170e-05
emp	96	8.574e-05	6.995e-05
salary	114	8.559e-05	7.939e-05
persist	152	8.551e-05	5.241e-05
embedding	144	8.520e-05	4.567e-05
swaps	36	8.504e-05	8.501e-05
affected	53	8.498e-05	6.134e-05
ease	49	8.493e-05	7.478e-05
ledger	23	8.490e-05	7.969e-05
base64	74	8.446e-05	3.102e-05
connector	150	8.431e-05	6.286e-05
chef	186	8.418e-05	8.418e-05
filters	279	8.411e-05	2.315e-05
iri	83	8.407e-05	5.940e-05
rise	56	8.397e-05	6.915e-05
cal	267	8.388e-05	4.450e-05
archive	68	8.386e-05	5.225e-05
effective	75	8.385e-05	3.390e-05
grid	126	8.383e-05	3.463e-05
ingredient	7	8.358e-05	8.164e-05
authorities	70	8.309e-05	3.257e-05
bridge	37	8.309e-05	6.786e-05
tear_down	61	8.290e-05	6.449e-05
major	115	8.284e-05	6.250e-05
tax	420	8.276e-05	6.716e-05
restored	158	8.270e-05	6.266e-05
patron	87	8.267e-05	8.267e-05
cql	57	8.251e-05	5.798e-05
less	245	8.245e-05	2.632e-05
blend	12	8.233e-05	7.813e-05
submit	155	8.229e-05	2.283e-05
row1	39	8.208e-05	6.906e-05
pvalue	40	8.205e-05	8.016e-05
binding	92	8.198e-05	3.538e-05
8	83	8.191e-05	3.145e-05
ampersand	299	8.187e-05	6.435e-05
indexes	620	8.184e-05	2.780e-05
en	75	8.182e-05	3.213e-05
xychorium	6	8.163e-05	8.163e-05
department	71	8.144e-05	4.142e-05
orm	58	8.142e-05	7.298e-05
registered	172	8.132e-05	3.305e-05
direct	230	8.131e-05	2.855e-05
listen	63	8.126e-05	6.389e-05
jcb	5	8.123e-05	8.086e-05
gray	79	8.111e-05	4.893e-05
interruptible	27	8.111e-05	8.111e-05
company	85	8.107e-05	5.032e-05
orig	115	8.099e-05	6.660e-05
decrypt	181	8.072e-05	3.645e-05
formulario	5	8.065e-05	8.065e-05
prevista	5	8.065e-05	8.065e-05
tabela	5	8.065e-05	8.065e-05
dates	105	8.064e-05	5.241e-05
sp	76	8.061e-05	5.201e-05
idlinea	18	8.054e-05	8.054e-05
observaciones	18	8.054e-05	8.054e-05
referencia	18	8.054e-05	8.054e-05
forbidden	47	8.047e-05	3.518e-05
requested	132	8.046e-05	2.446e-05
qty	267	8.040e-05	5.018e-05
selectors	19	8.035e-05	7.855e-05
statistics	143	8.032e-05	3.990e-05
sky	24	8.029e-05	5.745e-05
bool	178	8.027e-05	4.104e-05
aliases	273	8.008e-05	3.005e-05
wither	38	7.997e-05	4.955e-05
poll	49	7.990e-05	4.704e-05
sku	114	7.972e-05	4.823e-05
signed	84	7.971e-05	3.234e-05
ipc	24	7.962e-05	7.954e-05
flush	352	7.958e-05	3.312e-05
getter	109	7.955e-05	2.201e-05
series	20	7.952e-05	6.319e-05
promotion	170	7.948e-05	6.198e-05
region	163	7.944e-05	2.617e-05
inject	91	7.943e-05	6.125e-05
browser	62	7.943e-05	4.643e-05
slash	120	7.937e-05	2.635e-05
emerald	36	7.930e-05	6.695e-05
car	21	7.929e-05	5.615e-05
populate	151	7.923e-05	2.746e-05
cz	62	7.913e-05	5.239e-05
rt	207	7.906e-05	3.668e-05
sheet	124	7.903e-05	3.443e-05
ajax	89	7.902e-05	4.357e-05
qps	270	7.898e-05	7.645e-05
life	22	7.896e-05	6.245e-05
effects	49	7.893e-05	3.614e-05
sections	39	7.885e-05	7.319e-05
fluid	25	7.884e-05	4.762e-05
densities	3	7.813e-05	7.813e-05
toc	9	7.813e-05	7.813e-05
replant	17	7.809e-05	7.809e-05
rnd	58	7.807e-05	7.054e-05
ws	73	7.801e-05	5.773e-05
event_handler	64	7.797e-05	4.105e-05
dark	14	7.783e-05	6.827e-05
deep	62	7.769e-05	4.384e-05
value_type	93	7.764e-05	3.922e-05
js	76	7.748e-05	5.281e-05
notification	243	7.747e-05	3.975e-05
starting	68	7.738e-05	3.257e-05
once	119	7.737e-05	2.622e-05
sampler	31	7.733e-05	7.071e-05
sns	50	7.732e-05	7.732e-05
similarity	87	7.725e-05	4.863e-05
personal	43	7.714e-05	4.522e-05
logininfor	80	7.696e-05	3.854e-05
etiqueta	3	7.694e-05	7.256e-05
valor	3	7.694e-05	7.256e-05
steel	11	7.672e-05	6.839e-05
perm	167	7.668e-05	2.925e-05
shipped	53	7.667e-05	7.585e-05
bal	27	7.637e-05	6.851e-05
fast	113	7.633e-05	2.174e-05
compressed	51	7.629e-05	4.447e-05
undertow	22	7.626e-05	7.493e-05
von	37	7.624e-05	7.624e-05
vertical	81	7.619e-05	4.123e-05
incoming	135	7.618e-05	3.158e-05
movid	17	7.606e-05	7.606e-05
periodo	17	7.606e-05	7.606e-05
escape	126	7.602e-05	1.871e-05
deduct	10	7.593e-05	7.075e-05
consume	70	7.591e-05	3.143e-05
openid	52	7.587e-05	4.315e-05
precision	1545	7.586e-05	5.999e-05
produce	93	7.575e-05	3.483e-05
purpose	121	7.564e-05	5.438e-05
mt	197	7.549e-05	6.609e-05
program	46	7.521e-05	3.742e-05
facing	6	7.518e-05	6.552e-05
reject	83	7.514e-05	3.078e-05
recipe	36	7.503e-05	4.661e-05
cancelled	47	7.498e-05	3.570e-05
return_value	140	7.495e-05	3.408e-05
arg1	43	7.483e-05	5.019e-05
arg2	39	7.467e-05	5.019e-05
matched	99	7.467e-05	3.640e-05
gain	15	7.466e-05	6.113e-05
done	215	7.443e-05	2.279e-05
tipo	9	7.440e-05	4.395e-05
phase	89	7.435e-05	3.659e-05
400	147	7.425e-05	7.204e-05
drop	487	7.421e-05	3.902e-05
salt	99	7.417e-05	3.539e-05
phrase	50	7.399e-05	6.060e-05
pair	519	7.399e-05	2.344e-05
rid	2347	7.397e-05	6.452e-05
fire	108	7.396e-05	2.513e-05
xxl	74	7.390e-05	5.265e-05
accepted	181	7.387e-05	2.934e-05
vertx	84	7.345e-05	7.316e-05
guess	319	7.343e-05	6.305e-05
cameras	15	7.342e-05	7.342e-05
recoil	22	7.326e-05	7.326e-05
unauthorized	23	7.311e-05	3.484e-05
art	25	7.309e-05	6.715e-05
needs	100	7.297e-05	2.671e-05
svg	43	7.289e-05	4.934e-05
amplifier	22	7.283e-05	5.553e-05
noop	63	7.279e-05	6.468e-05
cy	97	7.277e-05	3.653e-05
parsed	227	7.274e-05	1.995e-05
green	40	7.272e-05	3.362e-05
address2	30	7.251e-05	6.964e-05
recipes	14	7.248e-05	5.564e-05
acerca	2	7.246e-05	7.246e-05
asignar	2	7.246e-05	7.246e-05
azul	2	7.246e-05	7.246e-05
controles	2	7.246e-05	7.246e-05
jugador	2	7.246e-05	7.246e-05
manejar	2	7.246e-05	7.246e-05
medida	2	7.246e-05	7.246e-05
palabra	2	7.246e-05	7.246e-05
racha	2	7.246e-05	7.246e-05
address1	29	7.244e-05	6.964e-05
seq	529	7.243e-05	3.351e-05
javaup	53	7.241e-05	7.241e-05
shared	329	7.239e-05	3.080e-05
align	72	7.225e-05	4.812e-05
province	176	7.215e-05	4.398e-05
tracked	196	7.209e-05	4.092e-05
rs	527	7.203e-05	4.561e-05
opcion	9	7.203e-05	5.067e-05
ground	72	7.201e-05	5.616e-05
expense	17	7.197e-05	7.197e-05
degree	34	7.192e-05	7.043e-05
banner	30	7.179e-05	4.840e-05
quartz	38	7.174e-05	3.553e-05
initiator	14	7.174e-05	7.038e-05
always	185	7.170e-05	2.125e-05
purchase	33	7.161e-05	5.466e-05
ejercicio	16	7.159e-05	7.159e-05
gmt	170	7.155e-05	5.317e-05
sprite	88	7.130e-05	5.690e-05
compress	71	7.116e-05	4.024e-05
int64	77	7.107e-05	6.871e-05
biz	126	7.106e-05	5.060e-05
attempts	77	7.105e-05	3.927e-05
still	94	7.099e-05	2.450e-05
dtos	50	7.090e-05	3.235e-05
snap	246	7.089e-05	3.830e-05
midi	47	7.088e-05	7.088e-05
plugin	85	7.087e-05	2.699e-05
windows	51	7.086e-05	3.564e-05
debit	5	7.074e-05	7.067e-05
collision	55	7.057e-05	3.487e-05
repeat	72	7.056e-05	2.730e-05
circle	133	7.054e-05	5.308e-05
var3	149	7.038e-05	6.643e-05
wms	11	7.038e-05	7.038e-05
intersect	72	7.037e-05	4.599e-05
evaluation	74	7.037e-05	4.182e-05
intersection	66	7.036e-05	6.535e-05
prod	166	7.023e-05	3.877e-05
void	86	7.014e-05	3.174e-05
knock_back	24	7.012e-05	6.062e-05
exp	277	7.000e-05	1.955e-05
forwarded	30	6.996e-05	5.712e-05
lv	35	6.996e-05	6.196e-05
hold	43	6.989e-05	4.765e-05
trans	258	6.985e-05	3.376e-05
correct	230	6.984e-05	2.505e-05
tee	4	6.980e-05	6.547e-05
ctor	201	6.972e-05	5.193e-05
neighbors	48	6.967e-05	6.537e-05
cc	173	6.957e-05	3.961e-05
responses	39	6.953e-05	5.462e-05
ofh	8	6.944e-05	6.944e-05
sensitive	72	6.943e-05	3.353e-05
denied	64	6.938e-05	3.325e-05
li	18	6.935e-05	6.454e-05
row2	37	6.931e-05	6.800e-05
mq	48	6.926e-05	3.614e-05
uni	58	6.926e-05	5.869e-05
players	55	6.919e-05	4.478e-05
need	88	6.914e-05	2.583e-05
compute	221	6.906e-05	2.043e-05
jackson	43	6.901e-05	3.323e-05
flyway	41	6.901e-05	6.482e-05
decoded	122	6.891e-05	3.255e-05
fixed	256	6.884e-05	2.574e-05
bg	170	6.875e-05	3.707e-05
respond	10	6.874e-05	6.710e-05
composite	592	6.859e-05	3.184e-05
est	66	6.857e-05	5.493e-05
https	77	6.850e-05	2.308e-05
titulo	3	6.849e-05	4.827e-05
chance	24	6.844e-05	4.857e-05
aspect	61	6.834e-05	2.154e-05
bl	41	6.832e-05	4.663e-05
interfaces	61	6.830e-05	3.229e-05
moved	44	6.825e-05	3.950e-05
banned	21	6.823e-05	6.047e-05
rooms	3	6.821e-05	6.711e-05
tempo	8	6.815e-05	6.100e-05
credit	51	6.813e-05	4.593e-05
alt	130	6.811e-05	5.374e-05
i18n	34	6.800e-05	4.512e-05
aware	64	6.795e-05	3.926e-05
tpl	77	6.784e-05	3.025e-05
projectile	29	6.784e-05	5.562e-05
rentable	41	6.779e-05	6.779e-05
purge	45	6.779e-05	4.240e-05
eviction	134	6.761e-05	3.427e-05
confirmed	38	6.752e-05	4.029e-05
phone_number	118	6.736e-05	2.246e-05
time_zone	446	6.735e-05	2.735e-05
manual	94	6.729e-05	2.732e-05
configurer	29	6.728e-05	2.952e-05
menus	80	6.725e-05	2.798e-05
small_white	2	6.724e-05	6.537e-05
calls	167	6.718e-05	2.356e-05
roots	23	6.716e-05	5.238e-05
instant	75	6.712e-05	3.831e-05
npcs	2	6.711e-05	6.711e-05
deserialize	291	6.709e-05	4.086e-05
immediate	47	6.696e-05	3.834e-05
through	290	6.694e-05	3.043e-05
annotated	83	6.676e-05	3.603e-05
digits	41	6.673e-05	4.884e-05
headshot	20	6.660e-05	6.660e-05
working_directory	12	6.651e-05	6.646e-05
partition	150	6.647e-05	3.772e-05
interrupt	73	6.645e-05	5.721e-05
llvm	9	6.632e-05	6.632e-05
secret_key	97	6.627e-05	2.815e-05
break	86	6.624e-05	2.695e-05
within	92	6.603e-05	3.945e-05
slug	146	6.600e-05	4.078e-05
follow	94	6.595e-05	3.485e-05
win	24	6.594e-05	4.545e-05
save_point	27	6.586e-05	6.507e-05
specific	109	6.584e-05	3.334e-05
poster	16	6.560e-05	6.560e-05
expr	392	6.539e-05	2.154e-05
connecting	1	6.536e-05	6.536e-05
crosswalk	1	6.536e-05	6.536e-05
nom	60	6.534e-05	6.487e-05
cloud	82	6.533e-05	3.979e-05
pick	121	6.525e-05	3.634e-05
use_case	10	6.521e-05	4.362e-05
adapters	67	6.512e-05	3.652e-05
bulk	145	6.508e-05	3.559e-05
starter	26	6.507e-05	4.550e-05
df	31	6.500e-05	5.247e-05
large	149	6.491e-05	2.174e-05
nearest	124	6.486e-05	5.004e-05
permissions	86	6.485e-05	2.715e-05
deactivate	44	6.480e-05	5.744e-05
discovery	27	6.468e-05	5.323e-05
bonus	41	6.467e-05	3.678e-05
slime	28	6.466e-05	5.995e-05
operations	282	6.461e-05	2.783e-05
classic	99	6.460e-05	4.841e-05
abrir	4	6.452e-05	6.452e-05
bros	4	6.452e-05	6.452e-05
especialidade	4	6.452e-05	6.452e-05
funcao	4	6.452e-05	6.452e-05
novo	4	6.452e-05	6.452e-05
finished	72	6.444e-05	2.167e-05
baritone	14	6.431e-05	6.431e-05
indices	85	6.414e-05	3.284e-05
e2e	32	6.404e-05	5.332e-05
collectable	23	6.401e-05	5.375e-05
shall	10	6.398e-05	6.398e-05
pollen	34	6.381e-05	6.381e-05
vial	34	6.381e-05	6.381e-05
specification	120	6.380e-05	3.989e-05
cycle	135	6.378e-05	2.868e-05
ch	149	6.369e-05	2.479e-05
cap	90	6.361e-05	3.491e-05
problem	19	6.351e-05	4.116e-05
documents	183	6.350e-05	3.233e-05
mismatch	105	6.343e-05	2.080e-05
cds	28	6.339e-05	6.099e-05
yml	34	6.337e-05	3.350e-05
did	34	6.332e-05	5.593e-05
hints	234	6.323e-05	3.183e-05
vg	215	6.318e-05	6.318e-05
struct	1318	6.315e-05	5.320e-05
swagger	56	6.311e-05	2.716e-05
categoria	7	6.308e-05	4.488e-05
cube	38	6.305e-05	6.030e-05
mini	44	6.292e-05	5.187e-05
consulta	4	6.286e-05	5.456e-05
layout	130	6.283e-05	2.098e-05
setter	89	6.260e-05	2.439e-05
bar_code	20	6.259e-05	5.233e-05
attempt	81	6.252e-05	4.868e-05
decorator	61	6.243e-05	5.015e-05
latch	193	6.234e-05	4.230e-05
via	223	6.221e-05	2.376e-05
paramval	295	6.214e-05	6.214e-05
r2	122	6.213e-05	2.985e-05
fb	46	6.206e-05	5.640e-05
under	165	6.200e-05	2.564e-05
milli	18	6.199e-05	4.640e-05
choices	19	6.199e-05	5.218e-05
slow	160	6.196e-05	2.192e-05
street	42	6.187e-05	4.736e-05
symbol	28	6.186e-05	3.725e-05
logged	52	6.186e-05	3.386e-05
look	38	6.184e-05	3.540e-05
what	32	6.175e-05	4.746e-05
network	85	6.171e-05	3.481e-05
runner	53	6.168e-05	2.326e-05
destroy	82	6.159e-05	2.871e-05
hover	108	6.157e-05	3.239e-05
academic_year	2	6.135e-05	6.135e-05
university	2	6.135e-05	6.135e-05
party	870	6.127e-05	5.902e-05
activated	36	6.118e-05	4.790e-05
occurred	52	6.112e-05	3.257e-05
employee	37	6.107e-05	4.483e-05
cross_hair	4	6.106e-05	6.060e-05
unsupported	177	6.102e-05	1.933e-05
le	96	6.090e-05	3.117e-05
declared	131	6.088e-05	1.897e-05
uris	96	6.082e-05	5.466e-05
answer	114	6.082e-05	2.500e-05
terms	162	6.070e-05	3.600e-05
v2	376	6.066e-05	1.786e-05
organization	42	6.063e-05	5.016e-05
violations	96	6.046e-05	4.072e-05
patterns	109	6.045e-05	2.026e-05
glob	10	6.042e-05	6.042e-05
three	272	6.033e-05	2.123e-05
cards	41	6.027e-05	4.212e-05
beg	16	6.015e-05	5.682e-05
i2	16	6.014e-05	3.756e-05
inbound	57	6.004e-05	4.273e-05
200	113	6.003e-05	5.261e-05
negative	409	5.998e-05	1.752e-05
comparison	79	5.989e-05	4.472e-05
rect	45	5.975e-05	3.080e-05
graphs	80	5.962e-05	5.188e-05
mars	4	5.960e-05	5.402e-05
neo4j	125	5.954e-05	4.498e-05
tnt	22	5.944e-05	5.346e-05
launcher	19	5.936e-05	2.979e-05
trees	17	5.932e-05	5.212e-05
rights	13	5.926e-05	5.873e-05
shield	26	5.923e-05	5.515e-05
uploaded	26	5.918e-05	2.873e-05
handles	64	5.918e-05	2.945e-05
frozen	68	5.904e-05	4.249e-05
generation	50	5.903e-05	2.993e-05
mime	192	5.903e-05	2.662e-05
consumed	49	5.901e-05	4.430e-05
flavor	25	5.891e-05	5.509e-05
rename	243	5.890e-05	3.811e-05
pixels	27	5.881e-05	5.583e-05
ritual	9	5.875e-05	5.875e-05
secs	17	5.868e-05	4.480e-05
processed	123	5.868e-05	2.415e-05
bo	119	5.864e-05	4.654e-05
personalization	17	5.860e-05	5.860e-05
checkout	149	5.859e-05	4.671e-05
compat	62	5.843e-05	3.157e-05
registries	35	5.841e-05	3.113e-05
destino	3	5.838e-05	5.405e-05
interactions	51	5.831e-05	4.651e-05
zoned	38	5.830e-05	4.443e-05
added	201	5.821e-05	1.303e-05
flowering	31	5.818e-05	5.818e-05
line_item	12	5.817e-05	5.804e-05
dad	13	5.817e-05	5.817e-05
fechaconclusion	13	5.817e-05	5.817e-05
renglon	13	5.817e-05	5.817e-05
6	79	5.808e-05	2.400e-05
mongo	125	5.808e-05	4.487e-05
wrap	135	5.807e-05	1.439e-05
sq	53	5.799e-05	2.493e-05
processing	62	5.798e-05	2.397e-05
artifacts	31	5.786e-05	5.784e-05
jump	152	5.782e-05	2.663e-05
people	26	5.770e-05	3.551e-05
suppress	89	5.770e-05	3.604e-05
milliseconds	42	5.767e-05	2.652e-05
fmt	19	5.767e-05	4.108e-05
provided	93	5.766e-05	1.974e-05
readable	52	5.762e-05	4.139e-05
dead	85	5.756e-05	3.713e-05
7	89	5.752e-05	2.385e-05
suite	54	5.751e-05	3.837e-05
while	129	5.743e-05	3.759e-05
actuator	60	5.743e-05	2.997e-05
rob	6	5.742e-05	5.675e-05
tycho	14	5.740e-05	5.740e-05
px	79	5.728e-05	2.958e-05
mgr	177	5.723e-05	3.570e-05
futures	123	5.721e-05	3.415e-05
rich	6	5.705e-05	5.675e-05
sanitized	16	5.704e-05	4.728e-05
txt	139	5.703e-05	2.023e-05
anomalous	50	5.690e-05	5.690e-05
earn	5	5.675e-05	5.675e-05
gamble	5	5.675e-05	5.675e-05
assign	87	5.671e-05	1.878e-05
platform	130	5.667e-05	2.778e-05
concurrent	282	5.662e-05	1.650e-05
cases	52	5.651e-05	2.610e-05
staff	127	5.645e-05	4.362e-05
mins	36	5.636e-05	4.493e-05
captured	143	5.635e-05	2.266e-05
certificate	70	5.630e-05	3.701e-05
drug	137	5.613e-05	5.613e-05
implementation	67	5.613e-05	3.708e-05
orbital	8	5.612e-05	5.378e-05
embed	58	5.608e-05	3.944e-05
hot	90	5.608e-05	2.159e-05
mac	36	5.606e-05	4.215e-05
front_end	58	5.604e-05	4.072e-05
runnable	48	5.600e-05	2.298e-05
played	27	5.599e-05	4.614e-05
coord	14	5.598e-05	5.208e-05
margin	53	5.598e-05	2.800e-05
locations	36	5.593e-05	4.645e-05
absent	157	5.589e-05	1.831e-05
returned	213	5.586e-05	2.219e-05
floor	83	5.585e-05	4.130e-05
inf	105	5.569e-05	3.523e-05
value1	106	5.561e-05	2.262e-05
restores	41	5.556e-05	5.406e-05
above	126	5.553e-05	2.311e-05
explicit	83	5.553e-05	2.353e-05
song	55	5.552e-05	3.975e-05
overview	27	5.547e-05	4.927e-05
v1	313	5.521e-05	1.568e-05
profiles	34	5.521e-05	3.518e-05
explain	119	5.519e-05	5.068e-05
hash_code	264	5.516e-05	1.989e-05
assignment	31	5.514e-05	5.158e-05
balancer	7	5.506e-05	5.302e-05
ints	39	5.504e-05	3.054e-05
unbind	40	5.502e-05	5.377e-05
was	96	5.501e-05	2.224e-05
value2	234	5.500e-05	2.020e-05
10	69	5.497e-05	2.211e-05
oak	5	5.488e-05	5.442e-05
leave	57	5.476e-05	2.751e-05
extended	78	5.469e-05	3.180e-05
criteria	99	5.467e-05	2.360e-05
dc	123	5.467e-05	5.341e-05
hashes	19	5.464e-05	3.541e-05
union	128	5.462e-05	2.760e-05
expect	44	5.460e-05	2.638e-05
rgb	60	5.456e-05	2.257e-05
pojo	28	5.455e-05	2.771e-05
bounded	79	5.450e-05	3.418e-05
neighbour	41	5.444e-05	3.439e-05
vase	29	5.443e-05	5.443e-05
compatible	88	5.442e-05	2.102e-05
crushed	4	5.442e-05	5.442e-05
translates	9	5.438e-05	5.438e-05
particles	26	5.438e-05	3.564e-05
take	32	5.433e-05	2.925e-05
heart	28	5.428e-05	2.946e-05
week	159	5.426e-05	3.753e-05
execution_time	42	5.411e-05	5.279e-05
dragged	36	5.407e-05	3.745e-05
migration	44	5.406e-05	4.074e-05
contain	81	5.405e-05	3.885e-05
axis	44	5.404e-05	5.208e-05
assigned	73	5.398e-05	3.416e-05
slate	6	5.391e-05	4.273e-05
cce	2	5.391e-05	5.391e-05
parametros	2	5.391e-05	5.391e-05
pasta	2	5.391e-05	5.391e-05
expires	93	5.381e-05	2.223e-05
suborbital	1	5.376e-05	5.376e-05
ctadinero	12	5.369e-05	5.369e-05
fechacancelacion	12	5.369e-05	5.369e-05
fechaemision	12	5.369e-05	5.369e-05
fecharegistro	12	5.369e-05	5.369e-05
saldo	12	5.369e-05	5.369e-05
positive	245	5.367e-05	2.123e-05
pod	12	5.364e-05	4.986e-05
dirt	11	5.353e-05	3.067e-05
comp	122	5.350e-05	1.857e-05
widget	259	5.350e-05	2.525e-05
paused	42	5.350e-05	2.970e-05
bf	4	5.347e-05	4.455e-05
desired	46	5.347e-05	2.207e-05
cook	118	5.341e-05	5.341e-05
master	200	5.339e-05	1.842e-05
validators	63	5.339e-05	2.681e-05
palette	28	5.332e-05	4.677e-05
sunflower	16	5.328e-05	3.844e-05
central	31	5.326e-05	4.240e-05
kv	44	5.323e-05	4.389e-05
acquire	266	5.313e-05	2.728e-05
selenium	9	5.290e-05	5.107e-05
hasher	16	5.289e-05	5.255e-05
rejected	143	5.286e-05	2.467e-05
resize	65	5.284e-05	3.373e-05
swing	112	5.282e-05	3.800e-05
ps	141	5.282e-05	1.650e-05
providers	56	5.281e-05	2.248e-05
exit_code	26	5.270e-05	2.919e-05
builds	53	5.263e-05	2.765e-05
fc	26	5.258e-05	4.403e-05
asc	270	5.252e-05	1.600e-05
pref	156	5.246e-05	4.290e-05
around	55	5.244e-05	1.621e-05
cipher	55	5.241e-05	3.514e-05
below	137	5.240e-05	1.855e-05
plain	169	5.237e-05	1.919e-05
development	10	5.229e-05	4.410e-05
average	68	5.225e-05	3.724e-05
regen	8	5.222e-05	5.222e-05
sms	94	5.216e-05	2.189e-05
alg	24	5.214e-05	4.027e-05
extend	110	5.211e-05	2.107e-05
issuance	36	5.211e-05	5.115e-05
reference1	31	5.209e-05	5.209e-05
steep	2	5.208e-05	5.208e-05
occurrence	45	5.200e-05	3.471e-05
cache2k	131	5.196e-05	5.196e-05
sent	55	5.195e-05	3.228e-05
nether	11	5.186e-05	3.354e-05
servers	104	5.182e-05	2.900e-05
shopping_cart	29	5.164e-05	5.042e-05
unavailable	16	5.163e-05	3.935e-05
ep	47	5.153e-05	3.736e-05
needed	74	5.153e-05	1.758e-05
prepared	26	5.150e-05	3.167e-05
scheduled	56	5.147e-05	3.902e-05
limited	37	5.146e-05	2.531e-05
highest	80	5.142e-05	1.954e-05
dubbo	128	5.136e-05	3.752e-05
ca	37	5.134e-05	3.008e-05
tu	11	5.133e-05	5.118e-05
fn	422	5.125e-05	1.945e-05
aggregate	274	5.122e-05	3.693e-05
con	336	5.108e-05	1.914e-05
pad	90	5.108e-05	2.552e-05
var4	111	5.106e-05	5.038e-05
public	177	5.104e-05	1.995e-05
return_type	80	5.104e-05	1.794e-05
paginated	103	5.100e-05	3.579e-05
line_number	63	5.094e-05	3.117e-05
tabs	44	5.092e-05	2.281e-05
links	117	5.090e-05	2.331e-05
migrate	57	5.086e-05	2.548e-05
both	333	5.078e-05	1.782e-05
clock	75	5.078e-05	2.367e-05
wx	80	5.078e-05	2.654e-05
customers	17	5.077e-05	3.705e-05
calc	101	5.075e-05	2.320e-05
question	164	5.074e-05	4.515e-05
authorize	31	5.074e-05	3.507e-05
kind	91	5.072e-05	2.119e-05
machine	90	5.071e-05	3.325e-05
warehouse	122	5.070e-05	4.325e-05
escaped	64	5.064e-05	1.842e-05
iron	11	5.055e-05	4.136e-05
locked	77	5.046e-05	1.722e-05
compose	117	5.044e-05	3.841e-05
rounded	26	5.038e-05	4.078e-05
zenodo	34	5.036e-05	5.036e-05
wall	36	5.033e-05	4.554e-05
subscribe	52	5.027e-05	2.488e-05
fake	93	5.021e-05	1.782e-05
popularity	14	5.017e-05	4.920e-05
outputs	76	5.013e-05	4.121e-05
geo	353	5.008e-05	2.574e-05
anim	109	5.003e-05	2.564e-05
committed	105	4.996e-05	2.360e-05
cooling	15	4.995e-05	4.995e-05
magazine	15	4.995e-05	4.995e-05
taa	15	4.995e-05	4.995e-05
exports	17	4.992e-05	4.870e-05
leaf	471	4.990e-05	2.131e-05
skipped	82	4.990e-05	2.553e-05
transformed	49	4.986e-05	2.889e-05
gb	36	4.983e-05	4.631e-05
authed	10	4.975e-05	4.975e-05
iso	54	4.973e-05	2.629e-05
md5	57	4.973e-05	2.211e-05
fully	57	4.968e-05	2.198e-05
ordered	162	4.966e-05	2.194e-05
sex	45	4.964e-05	2.076e-05
authenticator	58	4.963e-05	2.803e-05
kernel	18	4.960e-05	4.166e-05
blog	40	4.959e-05	4.144e-05
trap	47	4.957e-05	3.652e-05
clone	196	4.941e-05	1.445e-05
utf8	94	4.937e-05	2.105e-05
severity	92	4.936e-05	2.243e-05
applied	133	4.928e-05	2.198e-05
walk	88	4.927e-05	2.018e-05
alm	11	4.922e-05	4.922e-05
cancela	11	4.922e-05	4.922e-05
cuenta	11	4.922e-05	4.922e-05
origen	11	4.922e-05	4.922e-05
origenid	11	4.922e-05	4.922e-05
origentipo	11	4.922e-05	4.922e-05
unexpected	27	4.920e-05	3.170e-05
seasons	12	4.920e-05	4.920e-05
waiting	70	4.919e-05	1.936e-05
linked	423	4.900e-05	1.656e-05
ain	10	4.895e-05	4.895e-05
accent	116	4.890e-05	3.430e-05
elton	33	4.888e-05	4.888e-05
eval	120	4.883e-05	2.264e-05
none	113	4.876e-05	1.387e-05
mob	89	4.875e-05	3.944e-05
py	69	4.872e-05	2.419e-05
ns	48	4.872e-05	2.879e-05
mandatory	102	4.869e-05	3.180e-05
docker	41	4.868e-05	3.414e-05
another	100	4.867e-05	1.225e-05
animated	34	4.866e-05	3.454e-05
router	46	4.865e-05	1.735e-05
tel	20	4.865e-05	3.653e-05
der	32	4.862e-05	3.219e-05
addr	96	4.859e-05	1.449e-05
hmac	37	4.855e-05	2.922e-05
moving	32	4.853e-05	3.951e-05
picker	46	4.847e-05	3.345e-05
last_four	7	4.844e-05	4.844e-05
indent	215	4.843e-05	3.003e-05
atualizar	3	4.839e-05	4.839e-05
contar	3	4.839e-05	4.839e-05
deletar	3	4.839e-05	4.839e-05
excluir	3	4.839e-05	4.839e-05
inserir	3	4.839e-05	4.839e-05
janela	3	4.839e-05	4.839e-05
jamlin	8	4.834e-05	4.834e-05
refs	60	4.831e-05	2.559e-05
challenge	16	4.830e-05	3.686e-05
violation	72	4.826e-05	2.141e-05
lqw	89	4.825e-05	3.560e-05
avg	130	4.822e-05	2.027e-05
additive	8	4.822e-05	4.430e-05
dummy	178	4.820e-05	1.631e-05
local_time	326	4.820e-05	2.666e-05
patient	55	4.811e-05	3.506e-05
some	60	4.805e-05	2.735e-05
plugins	87	4.800e-05	2.166e-05
visual	69	4.794e-05	2.797e-05
stripped	16	4.792e-05	3.441e-05
addresses	101	4.789e-05	1.979e-05
chamber	20	4.787e-05	4.787e-05
conditional	44	4.783e-05	2.076e-05
immatriculation	42	4.780e-05	4.780e-05
fetched	51	4.777e-05	2.708e-05
resolution	46	4.777e-05	2.834e-05
but	146	4.776e-05	1.480e-05
dispose	16	4.773e-05	4.386e-05
hello_world	11	4.766e-05	3.425e-05
finder	71	4.760e-05	2.560e-05
rejects	235	4.753e-05	1.581e-05
cpt	4	4.752e-05	4.395e-05
copper	4	4.734e-05	4.127e-05
pillar	4	4.734e-05	4.127e-05
cr	35	4.719e-05	4.068e-05
ast	10	4.711e-05	3.745e-05
velr	13	4.700e-05	4.700e-05
blacklist	32	4.699e-05	2.996e-05
semantic	15	4.698e-05	4.420e-05
writing	27	4.683e-05	3.293e-05
away	11	4.681e-05	4.481e-05
sparql	67	4.675e-05	4.028e-05
say	33	4.674e-05	3.443e-05
fatal	16	4.670e-05	4.387e-05
ds	149	4.667e-05	1.593e-05
book	117	4.661e-05	3.636e-05
vms	118	4.654e-05	4.439e-05
hud	78	4.642e-05	2.410e-05
atomic	1090	4.641e-05	2.989e-05
9	208	4.638e-05	2.103e-05
numbers	72	4.634e-05	2.397e-05
rewrite	29	4.634e-05	2.800e-05
ginsim	154	4.632e-05	4.632e-05
thumb	109	4.629e-05	2.823e-05
checked	71	4.628e-05	2.288e-05
xp	6	4.615e-05	4.540e-05
updates	129	4.615e-05	1.315e-05
settle	30	4.613e-05	3.749e-05
buy	24	4.608e-05	3.456e-05
modification	68	4.604e-05	3.128e-05
alerts	10	4.603e-05	4.468e-05
generators	39	4.600e-05	2.203e-05
avatars	7	4.599e-05	4.599e-05
blocking	114	4.598e-05	2.236e-05
have	60	4.597e-05	1.591e-05
drag	58	4.596e-05	2.238e-05
re	103	4.585e-05	2.748e-05
conflict	91	4.584e-05	2.300e-05
address_book	10	4.583e-05	4.583e-05
creative	22	4.579e-05	2.495e-05
identifiers	79	4.577e-05	3.025e-05
correctly	103	4.576e-05	2.133e-05
phosphate	7	4.569e-05	4.569e-05
iterable	193	4.568e-05	2.460e-05
grade	132	4.559e-05	3.441e-05
soil	6	4.558e-05	3.268e-05
adresse	40	4.552e-05	4.552e-05
distribute	26	4.552e-05	2.938e-05
stub	115	4.549e-05	2.719e-05
based	53	4.541e-05	1.619e-05
streak	4	4.540e-05	4.540e-05
dctx	665	4.537e-05	4.537e-05
silence	18	4.536e-05	3.530e-05
inverse	66	4.532e-05	2.836e-05
dimensions	46	4.527e-05	2.635e-05
dashboard	52	4.527e-05	2.096e-05
loggers	24	4.526e-05	3.416e-05
ring	113	4.517e-05	1.747e-05
controllers	22	4.514e-05	2.050e-05
mappers	44	4.510e-05	3.094e-05
stmt	86	4.509e-05	2.189e-05
sha256	35	4.508e-05	1.730e-05
tsv	32	4.506e-05	4.444e-05
felix	12	4.496e-05	4.496e-05
remarks	115	4.493e-05	3.550e-05
chart	22	4.490e-05	4.045e-05
fifo	31	4.490e-05	4.484e-05
ball	26	4.488e-05	3.183e-05
shipment	593	4.481e-05	3.981e-05
search_term	11	4.477e-05	4.474e-05
aplica	10	4.474e-05	4.474e-05
aplicaid	10	4.474e-05	4.474e-05
impuestos	10	4.474e-05	4.474e-05
modulo	10	4.474e-05	4.474e-05
social	68	4.462e-05	2.482e-05
own	63	4.461e-05	2.203e-05
mocks	16	4.458e-05	3.237e-05
s1	63	4.454e-05	2.661e-05
long_time	4	4.450e-05	4.386e-05
taken	22	4.449e-05	2.853e-05
ipaddr	51	4.445e-05	2.379e-05
thread_pool	64	4.441e-05	1.646e-05
clients	44	4.437e-05	2.231e-05
limb	78	4.431e-05	3.401e-05
gap	84	4.428e-05	2.280e-05
iv	227	4.427e-05	2.977e-05
vci	19	4.418e-05	4.418e-05
circular_queue	2	4.415e-05	4.386e-05
private	72	4.415e-05	1.673e-05
hdfs	199	4.413e-05	4.413e-05
stripe	19	4.413e-05	4.154e-05
sizes	46	4.413e-05	2.655e-05
force	129	4.408e-05	1.224e-05
mm	46	4.395e-05	1.750e-05
game_time	1	4.386e-05	4.386e-05
i18text	1	4.386e-05	4.386e-05
time_frame	1	4.386e-05	4.386e-05
trailing	47	4.382e-05	2.135e-05
11	133	4.379e-05	1.970e-05
additional	243	4.375e-05	1.436e-05
cir	28	4.374e-05	2.225e-05
encoder	94	4.366e-05	1.633e-05
animate	21	4.363e-05	2.465e-05
leaves	92	4.362e-05	2.184e-05
spent	13	4.356e-05	4.234e-05
compatibility	45	4.355e-05	2.321e-05
constructed	27	4.349e-05	4.120e-05
hadoop	196	4.347e-05	4.347e-05
stack1	24	4.346e-05	4.317e-05
scraper	5	4.340e-05	4.340e-05
information	72	4.338e-05	2.075e-05
reading	31	4.337e-05	3.268e-05
lily	23	4.337e-05	3.793e-05
ali	68	4.333e-05	2.589e-05
matcher	73	4.330e-05	1.586e-05
arn	28	4.330e-05	4.330e-05
rounds	31	4.328e-05	2.896e-05
traversal	348	4.325e-05	2.185e-05
numbered	18	4.325e-05	3.875e-05
glow	56	4.320e-05	2.325e-05
pigment	23	4.317e-05	4.317e-05
pot	23	4.317e-05	4.317e-05
rep	155	4.316e-05	3.189e-05
og	11	4.311e-05	2.884e-05
ranking	28	4.309e-05	4.201e-05
dragon	23	4.306e-05	4.277e-05
fd	172	4.305e-05	3.620e-05
trail	136	4.304e-05	3.463e-05
trades	20	4.301e-05	3.940e-05
spinner	35	4.300e-05	3.629e-05
mute	32	4.299e-05	3.011e-05
peek	113	4.287e-05	3.106e-05
digest	112	4.282e-05	1.650e-05
fireball	22	4.277e-05	4.277e-05
here	16	4.274e-05	2.943e-05
deletion	47	4.270e-05	2.851e-05
evict	93	4.268e-05	2.770e-05
functions	142	4.268e-05	1.727e-05
symbolic	10	4.260e-05	3.043e-05
archived	19	4.255e-05	3.242e-05
hint	70	4.251e-05	1.673e-05
sb	225	4.246e-05	2.038e-05
fi	19	4.242e-05	2.499e-05
definitions	94	4.241e-05	2.106e-05
reflection	30	4.238e-05	1.861e-05
authority	81	4.234e-05	1.912e-05
state_machine	22	4.230e-05	3.846e-05
flint	6	4.219e-05	4.083e-05
lowest	32	4.216e-05	2.290e-05
marker	153	4.213e-05	1.887e-05
cnt	124	4.212e-05	1.843e-05
transfer	99	4.208e-05	2.088e-05
near	53	4.203e-05	2.080e-05
preference	127	4.198e-05	2.648e-05
observer	59	4.186e-05	2.132e-05
jetty	13	4.183e-05	4.121e-05
subscription	73	4.181e-05	3.084e-05
out1	29	4.178e-05	4.147e-05
sand	5	4.173e-05	4.082e-05
chosen	19	4.168e-05	2.745e-05
complaint	99	4.168e-05	3.203e-05
epoch	91	4.167e-05	1.503e-05
linux	24	4.159e-05	2.980e-05
presentation	15	4.152e-05	4.129e-05
currencies	6	4.152e-05	4.152e-05
ghast	19	4.152e-05	3.553e-05
dimension	81	4.151e-05	2.252e-05
service1	22	4.151e-05	3.124e-05
minor	130	4.148e-05	2.438e-05
fix	69	4.147e-05	1.546e-05
templates	73	4.144e-05	1.872e-05
transition	55	4.143e-05	1.905e-05
opacity	32	4.134e-05	2.963e-05
torch	22	4.129e-05	4.129e-05
votes	11	4.129e-05	4.129e-05
printer	49	4.128e-05	2.359e-05
datas	92	4.124e-05	1.670e-05
tinyv2	10	4.124e-05	4.124e-05
subjects	47	4.123e-05	4.123e-05
assets	24	4.115e-05	3.472e-05
noise	32	4.114e-05	3.100e-05
commission	110	4.113e-05	3.148e-05
converters	69	4.112e-05	1.867e-05
turn	31	4.110e-05	3.903e-05
docs	229	4.106e-05	2.252e-05
lazy	130	4.104e-05	2.152e-05
r1	145	4.101e-05	1.560e-05
stable	142	4.101e-05	2.831e-05
enemy	21	4.097e-05	3.608e-05
gzip	29	4.090e-05	2.225e-05
formula	318	4.083e-05	2.253e-05
bell	8	4.082e-05	3.948e-05
allthemodium	3	4.082e-05	4.082e-05
ancient	3	4.082e-05	4.082e-05
antimatter	3	4.082e-05	4.082e-05
osmium	3	4.082e-05	4.082e-05
powah	3	4.082e-05	4.082e-05
precasian	3	4.082e-05	4.082e-05
dflt	13	4.079e-05	3.493e-05
observers	27	4.072e-05	3.883e-05
archivo	2	4.071e-05	3.646e-05
cambiar	2	4.071e-05	3.646e-05
centro	2	4.071e-05	3.646e-05
c1	126	4.068e-05	1.486e-05
labs	16	4.065e-05	4.065e-05
partitioning	16	4.065e-05	4.065e-05
serialized	402	4.057e-05	1.958e-05
difference	67	4.057e-05	1.962e-05
general	42	4.054e-05	1.541e-05
strip	56	4.047e-05	1.342e-05
spread	14	4.043e-05	2.707e-05
axis1	2	4.040e-05	4.040e-05
axis2	2	4.040e-05	4.040e-05
protected	74	4.031e-05	2.080e-05
alta	9	4.027e-05	4.027e-05
cantidad	9	4.027e-05	4.027e-05
goal	54	4.020e-05	2.098e-05
rotate	43	4.020e-05	2.140e-05
xy	31	4.020e-05	2.779e-05
azure	29	4.010e-05	3.941e-05
un	52	4.005e-05	1.861e-05
miner	15	4.003e-05	2.580e-05
accessor	69	3.999e-05	1.597e-05
kuva	12	3.996e-05	3.996e-05
declaration	17	3.994e-05	3.688e-05
feet	25	3.991e-05	3.281e-05
scores	108	3.987e-05	2.379e-05
held	77	3.987e-05	1.945e-05
broken	106	3.984e-05	3.140e-05
expanded	150	3.979e-05	2.656e-05
mv	80	3.978e-05	2.653e-05
sanitize	24	3.977e-05	2.010e-05
tomcat	21	3.976e-05	3.059e-05
village	104	3.976e-05	3.851e-05
concatenation	16	3.974e-05	3.692e-05
hov	59	3.973e-05	3.973e-05
variant	194	3.966e-05	1.613e-05
cross	99	3.955e-05	2.532e-05
ouput	17	3.953e-05	3.953e-05
updater	61	3.947e-05	1.649e-05
terminate	30	3.945e-05	3.686e-05
daffodil	21	3.941e-05	3.941e-05
hyacinth	21	3.941e-05	3.941e-05
lupin	21	3.941e-05	3.941e-05
phlox	21	3.941e-05	3.941e-05
xpath	57	3.941e-05	2.068e-05
temporary	109	3.939e-05	1.835e-05
navigate	8	3.936e-05	3.829e-05
sine	11	3.936e-05	2.713e-05
oauth	54	3.936e-05	3.030e-05
wrong	161	3.929e-05	1.358e-05
indexed	209	3.928e-05	2.033e-05
gold	11	3.927e-05	2.816e-05
absolute	48	3.923e-05	2.034e-05
bastion	6	3.916e-05	3.916e-05
cinder	6	3.916e-05	3.916e-05
malice	6	3.916e-05	3.916e-05
battery	8	3.916e-05	3.916e-05
lists	89	3.914e-05	1.271e-05
bom	51	3.913e-05	2.631e-05
12	40	3.908e-05	1.933e-05
playing	35	3.896e-05	2.128e-05
requesting	15	3.891e-05	3.446e-05
since	67	3.886e-05	1.553e-05
exits	22	3.882e-05	3.371e-05
corpus	125	3.879e-05	3.833e-05
fixture	363	3.878e-05	2.659e-05
compact	38	3.877e-05	2.371e-05
organizer	4	3.873e-05	3.866e-05
ur	67	3.873e-05	1.683e-05
pz	45	3.869e-05	2.325e-05
horizontal	75	3.868e-05	1.920e-05
hovered	106	3.868e-05	2.777e-05
reference1optional	23	3.865e-05	3.865e-05
replacement	104	3.863e-05	1.290e-05
cl	99	3.858e-05	2.313e-05
issue	47	3.856e-05	1.965e-05
period	112	3.854e-05	1.231e-05
verde	3	3.851e-05	3.628e-05
hide	107	3.841e-05	1.283e-05
interior	19	3.841e-05	3.829e-05
vraptor	56	3.839e-05	3.839e-05
seek	58	3.838e-05	3.033e-05
fin	110	3.836e-05	1.679e-05
speaker	3	3.834e-05	3.385e-05
ordinal	35	3.834e-05	2.199e-05
passed	108	3.833e-05	1.673e-05
std	90	3.831e-05	2.727e-05
resident	6	3.829e-05	3.829e-05
jungle	18	3.818e-05	2.924e-05
uds	15	3.811e-05	3.811e-05
trade	23	3.803e-05	3.077e-05
dandelion	21	3.800e-05	3.754e-05
interceptors	69	3.798e-05	1.501e-05
predicates	69	3.796e-05	2.210e-05
reviews	29	3.796e-05	3.347e-05
articles	37	3.793e-05	2.388e-05
refer	926	3.792e-05	3.789e-05
dry_run	74	3.786e-05	3.783e-05
units	17	3.785e-05	1.885e-05
we	56	3.781e-05	2.100e-05
scanner	36	3.780e-05	1.366e-05
gauge	35	3.778e-05	3.557e-05
characters	58	3.776e-05	1.108e-05
hooks	45	3.774e-05	2.855e-05
rpm	12	3.773e-05	3.664e-05
mtp	25	3.770e-05	3.770e-05
python	13	3.767e-05	3.690e-05
rbac	27	3.766e-05	3.438e-05
complex	174	3.764e-05	1.366e-05
servlets	12	3.764e-05	2.638e-05
soul	5	3.763e-05	2.814e-05
stew	20	3.760e-05	3.569e-05
maker	32	3.760e-05	1.988e-05
data_table	10	3.760e-05	3.580e-05
pretty	224	3.760e-05	1.695e-05
authorized	67	3.754e-05	2.294e-05
allium	20	3.754e-05	3.754e-05
bluet	20	3.754e-05	3.754e-05
bush	20	3.754e-05	3.754e-05
cornflower	20	3.754e-05	3.754e-05
lotus	20	3.754e-05	3.754e-05
dialect	51	3.752e-05	2.909e-05
rod	6	3.752e-05	2.808e-05
queued	62	3.745e-05	1.897e-05
supports	168	3.745e-05	1.069e-05
cos	39	3.744e-05	2.609e-05
attrs	102	3.741e-05	1.608e-05
assoc	349	3.736e-05	2.639e-05
es	52	3.736e-05	1.253e-05
pat	20	3.736e-05	3.556e-05
styles	71	3.734e-05	1.642e-05
reply	78	3.732e-05	1.970e-05
pub	60	3.727e-05	2.091e-05
zombie	27	3.722e-05	2.421e-05
clip	63	3.721e-05	1.656e-05
bit_string	16	3.720e-05	3.720e-05
flavors	24	3.719e-05	3.243e-05
realm	49	3.717e-05	2.132e-05
declarations	6	3.715e-05	3.684e-05
monthly	10	3.714e-05	3.409e-05
loot	6	3.713e-05	1.993e-05
water	55	3.713e-05	2.200e-05
unmarshal	8	3.704e-05	3.704e-05
citation	25	3.703e-05	3.703e-05
cp	102	3.703e-05	1.362e-05
x1	51	3.698e-05	1.927e-05
unsigned	114	3.697e-05	1.825e-05
backup	285	3.696e-05	2.503e-05
state2	28	3.691e-05	2.534e-05
encrypted	90	3.687e-05	1.460e-05
resistance	8	3.682e-05	2.596e-05
superclass	84	3.680e-05	1.946e-05
clamp	61	3.678e-05	1.682e-05
hidden	73	3.670e-05	1.234e-05
dishes	8	3.666e-05	3.666e-05
turnover	8	3.666e-05	3.666e-05
cron	50	3.662e-05	1.793e-05
outer	132	3.661e-05	1.514e-05
existed	77	3.653e-05	2.687e-05
experiment	15	3.643e-05	3.643e-05
h2	41	3.642e-05	1.714e-05
nano	84	3.640e-05	1.561e-05
file_system	107	3.640e-05	2.166e-05
cors	24	3.639e-05	1.553e-05
fade	25	3.637e-05	2.657e-05
coin	16	3.636e-05	3.590e-05
collected	46	3.635e-05	2.910e-05
adjusted	29	3.633e-05	2.520e-05
nacos	39	3.633e-05	2.309e-05
deregister	8	3.633e-05	3.358e-05
ls	80	3.631e-05	1.712e-05
lista	3	3.629e-05	3.623e-05
bag	665	3.626e-05	2.453e-05
bienvenida	1	3.623e-05	3.623e-05
claro	1	3.623e-05	3.623e-05
confirmar	1	3.623e-05	3.623e-05
controlador	1	3.623e-05	3.623e-05
desarrollador	1	3.623e-05	3.623e-05
dificil	1	3.623e-05	3.623e-05
dificultad	1	3.623e-05	3.623e-05
dificultades	1	3.623e-05	3.623e-05
estilo	1	3.623e-05	3.623e-05
eventos	1	3.623e-05	3.623e-05
facil	1	3.623e-05	3.623e-05
fuentes	1	3.623e-05	3.623e-05
gris	1	3.623e-05	3.623e-05
imagen	1	3.623e-05	3.623e-05
inferior	1	3.623e-05	3.623e-05
inicial	1	3.623e-05	3.623e-05
instancia	1	3.623e-05	3.623e-05
interna	1	3.623e-05	3.623e-05
modelo	1	3.623e-05	3.623e-05
navegacion	1	3.623e-05	3.623e-05
oscuro	1	3.623e-05	3.623e-05
recursos	1	3.623e-05	3.623e-05
respuestas	1	3.623e-05	3.623e-05
salida	1	3.623e-05	3.623e-05
salir	1	3.623e-05	3.623e-05
salmon	1	3.623e-05	3.623e-05
separacion	1	3.623e-05	3.623e-05
usecase2	14	3.623e-05	3.623e-05
usecase3	14	3.623e-05	3.623e-05
pg	455	3.621e-05	2.324e-05
reactive	13	3.620e-05	2.517e-05
quote	146	3.612e-05	1.342e-05
uuids	18	3.610e-05	2.712e-05
acceptable	13	3.608e-05	2.364e-05
cols	251	3.606e-05	1.411e-05
organ	88	3.606e-05	3.606e-05
prob	42	3.605e-05	2.334e-05
shadow	81	3.605e-05	1.888e-05
directories	19	3.603e-05	3.034e-05
mods	86	3.603e-05	2.758e-05
iface	11	3.603e-05	3.472e-05
packages	92	3.601e-05	1.595e-05
paid	39	3.601e-05	2.099e-05
female	4	3.599e-05	3.358e-05
carml	41	3.596e-05	3.596e-05
ddls	878	3.596e-05	3.596e-05
skeleton	23	3.581e-05	2.374e-05
comentarios	8	3.579e-05	3.579e-05
concepto	8	3.579e-05	3.579e-05
tipoimpuesto	8	3.579e-05	3.579e-05
venta	8	3.579e-05	3.579e-05
ancestors	52	3.576e-05	1.832e-05
check_box	27	3.572e-05	1.986e-05
wy	18	3.568e-05	3.402e-05
dependent	52	3.567e-05	2.442e-05
foxglove	19	3.566e-05	3.566e-05
13	155	3.566e-05	1.748e-05
blood	87	3.565e-05	3.565e-05
binder	13	3.563e-05	1.828e-05
bee	22	3.562e-05	3.381e-05
male	3	3.561e-05	3.358e-05
sport	32	3.558e-05	2.781e-05
anonymous	52	3.554e-05	1.646e-05
library	123	3.554e-05	1.551e-05
english	30	3.551e-05	1.901e-05
descriptors	32	3.545e-05	2.357e-05
detector	14	3.541e-05	1.869e-05
receive	69	3.539e-05	1.638e-05
retries	47	3.536e-05	2.052e-05
initialise	10	3.535e-05	2.434e-05
propagates	80	3.534e-05	2.188e-05
analyze	89	3.529e-05	1.854e-05
distinct	352	3.527e-05	1.258e-05
initializer	33	3.525e-05	1.227e-05
loaders	29	3.521e-05	2.449e-05
act	30	3.519e-05	2.108e-05
opts	77	3.510e-05	1.861e-05
console	51	3.506e-05	2.660e-05
widgets	56	3.500e-05	2.927e-05
models	61	3.499e-05	1.906e-05
expected_value	34	3.498e-05	2.404e-05
picked	19	3.498e-05	3.355e-05
unlock	39	3.496e-05	2.036e-05
outline	76	3.487e-05	2.129e-05
across	111	3.487e-05	1.512e-05
remap	13	3.486e-05	2.908e-05
containing	25	3.484e-05	2.730e-05
foreign	76	3.482e-05	2.625e-05
sha	21	3.480e-05	1.847e-05
instrument	23	3.469e-05	3.469e-05
sim	55	3.464e-05	1.982e-05
obs	10	3.460e-05	2.066e-05
streams	66	3.459e-05	1.330e-05
retrieve	41	3.458e-05	1.850e-05
provenance	24	3.453e-05	3.407e-05
quest	5	3.446e-05	3.356e-05
round_trip	477	3.444e-05	1.804e-05
composed	26	3.444e-05	2.644e-05
donation	84	3.442e-05	3.442e-05
lifecycle	82	3.441e-05	1.089e-05
jj	1251	3.440e-05	3.440e-05
its	72	3.440e-05	2.359e-05
label1	8	3.439e-05	2.757e-05
rank	175	3.433e-05	1.369e-05
unit_price	34	3.429e-05	2.492e-05
constructors	31	3.426e-05	2.027e-05
throwing	52	3.423e-05	1.087e-05
marshal	10	3.421e-05	3.242e-05
remainder	39	3.421e-05	2.311e-05
ips	24	3.418e-05	2.568e-05
determine	81	3.417e-05	1.842e-05
yearly	5	3.415e-05	3.405e-05
zoo_keeper	107	3.413e-05	2.253e-05
weekly	4	3.412e-05	3.405e-05
notation	40	3.412e-05	1.948e-05
sapling	11	3.411e-05	2.808e-05
lt	131	3.409e-05	1.351e-05
globi	23	3.407e-05	3.407e-05
limits	28	3.406e-05	2.643e-05
apache	54	3.405e-05	2.216e-05
tecnico	5	3.403e-05	2.397e-05
received	94	3.398e-05	1.749e-05
deserializer	56	3.398e-05	2.005e-05
fragment	32	3.397e-05	2.107e-05
yes	38	3.396e-05	1.209e-05
ssl	99	3.392e-05	1.166e-05
dump	82	3.392e-05	1.257e-05
カテゴリ作成	8	3.387e-05	3.387e-05
orchid	18	3.378e-05	3.378e-05
poppy	18	3.378e-05	3.378e-05
log4j2	10	3.377e-05	2.991e-05
boost	44	3.376e-05	1.800e-05
choose	38	3.376e-05	1.916e-05
shot	15	3.374e-05	2.709e-05
controls	20	3.373e-05	2.183e-05
dropped	41	3.370e-05	2.068e-05
arch	22	3.369e-05	2.260e-05
executed	53	3.365e-05	1.433e-05
usecase1	13	3.364e-05	3.364e-05
t1	90	3.360e-05	1.168e-05
arg0	109	3.360e-05	2.201e-05
foo	178	3.351e-05	1.671e-05
reservation	16	3.351e-05	3.199e-05
vehicle	12	3.351e-05	3.240e-05
serial	211	3.345e-05	1.583e-05
extracted	59	3.340e-05	2.455e-05
segments	90	3.335e-05	1.175e-05
provide	74	3.334e-05	2.052e-05
unary	32	3.333e-05	3.193e-05
upgrade	28	3.332e-05	1.873e-05
bindings	79	3.330e-05	1.821e-05
frequent	14	3.329e-05	3.011e-05
supply	16	3.328e-05	2.762e-05
spawn_point	5	3.324e-05	3.324e-05
goto	6	3.324e-05	2.391e-05
muted	36	3.321e-05	2.304e-05
interrupts	14	3.313e-05	3.304e-05
levels	52	3.307e-05	1.860e-05
ready	65	3.304e-05	1.269e-05
mdm	13	3.303e-05	3.303e-05
sourcing	29	3.300e-05	3.300e-05
intermediary	8	3.299e-05	3.299e-05
seeder	3	3.298e-05	3.071e-05
forced	21	3.293e-05	2.670e-05
title_bar	5	3.289e-05	3.289e-05
classification	62	3.289e-05	2.704e-05
returning	56	3.282e-05	1.505e-05
vectors	71	3.276e-05	2.692e-05
logic	43	3.276e-05	2.224e-05
ram	30	3.275e-05	2.982e-05
label2	9	3.273e-05	2.719e-05
exceeded	39	3.273e-05	1.777e-05
trust	44	3.265e-05	1.290e-05
supercharged	5	3.264e-05	3.264e-05
sword	32	3.263e-05	1.737e-05
sounds	20	3.256e-05	2.041e-05
verifiable	14	3.255e-05	3.255e-05
filenames	40	3.253e-05	2.125e-05
ddl	170	3.244e-05	2.199e-05
endpoints	31	3.244e-05	2.183e-05
occurrences	16	3.244e-05	3.023e-05
crud	35	3.242e-05	2.307e-05
jaxb2http	7	3.241e-05	3.241e-05
crafting	7	3.241e-05	2.732e-05
operand	39	3.235e-05	2.317e-05
var5	70	3.228e-05	3.161e-05
alerta	2	3.226e-05	3.226e-05
conexao	2	3.226e-05	3.226e-05
configurar	2	3.226e-05	3.226e-05
fechar	2	3.226e-05	3.226e-05
gerentes	2	3.226e-05	3.226e-05
limpar	2	3.226e-05	3.226e-05
mensagem	2	3.226e-05	3.226e-05
preencher	2	3.226e-05	3.226e-05
proximos	2	3.226e-05	3.226e-05
selecionada	2	3.226e-05	3.226e-05
todos	2	3.226e-05	3.226e-05
queries	178	3.224e-05	1.529e-05
utc	48	3.223e-05	1.798e-05
translations	5	3.219e-05	2.255e-05
pt	52	3.217e-05	2.327e-05
schematic	7	3.215e-05	3.215e-05
nesting	19	3.212e-05	2.619e-05
ec	24	3.210e-05	2.808e-05
customizer	11	3.210e-05	1.513e-05
converted	133	3.207e-05	1.091e-05
serialization	292	3.204e-05	1.990e-05
rejection	19	3.203e-05	2.781e-05
output_file	50	3.202e-05	1.362e-05
vent	8	3.201e-05	3.132e-05
aisle	5	3.199e-05	3.199e-05
dog	48	3.198e-05	2.951e-05
unhighlight	5	3.191e-05	3.191e-05
sidebar	22	3.190e-05	2.090e-05
wild_card	77	3.188e-05	1.173e-05
watch	15	3.186e-05	2.681e-05
preferences	16	3.183e-05	2.714e-05
paged	25	3.179e-05	2.693e-05
breeding	7	3.174e-05	2.665e-05
beats	12	3.173e-05	2.270e-05
exported	17	3.172e-05	3.022e-05
every	117	3.167e-05	1.729e-05
gather	11	3.167e-05	1.742e-05
tracer	30	3.163e-05	2.143e-05
case_sensitive	62	3.160e-05	2.037e-05
among	101	3.160e-05	3.091e-05
recent	75	3.158e-05	1.691e-05
sales	53	3.158e-05	2.384e-05
pvalues	13	3.158e-05	3.158e-05
acct	17	3.155e-05	2.986e-05
reloaded	93	3.154e-05	2.766e-05
fs	53	3.154e-05	1.728e-05
drop_down	101	3.152e-05	2.222e-05
panel1	4	3.148e-05	2.729e-05
bug	103	3.147e-05	2.972e-05
visited	95	3.142e-05	1.278e-05
stringify	9	3.141e-05	2.362e-05
known	62	3.140e-05	1.417e-05
callable	49	3.137e-05	1.631e-05
validity	37	3.136e-05	2.098e-05
construct	40	3.136e-05	1.474e-05
shell	81	3.132e-05	1.521e-05
condicion	7	3.132e-05	3.132e-05
descripcion	7	3.132e-05	3.132e-05
descuento	7	3.132e-05	3.132e-05
familia	7	3.132e-05	3.132e-05
fecha	7	3.132e-05	3.132e-05
orden	7	3.132e-05	3.132e-05
pais	7	3.132e-05	3.132e-05
elem	112	3.130e-05	2.037e-05
gson	26	3.129e-05	1.788e-05
emr	136	3.129e-05	2.891e-05
passes	137	3.116e-05	1.387e-05
collector	66	3.114e-05	1.239e-05
adjustment	146	3.112e-05	2.223e-05
traps	13	3.112e-05	3.112e-05
procedure	115	3.105e-05	1.909e-05
pentaho	140	3.105e-05	3.105e-05
increments	59	3.104e-05	2.939e-05
enums	34	3.103e-05	9.053e-06
pbe	9	3.102e-05	3.102e-05
canonical	57	3.100e-05	1.575e-05
packed	53	3.098e-05	1.578e-05
bl2	18	3.095e-05	2.273e-05
stack2	18	3.095e-05	2.273e-05
geometry	245	3.094e-05	2.311e-05
patch	54	3.094e-05	1.416e-05
lx	27	3.094e-05	2.268e-05
trec	100	3.091e-05	3.091e-05
scalar	94	3.091e-05	1.882e-05
spy	45	3.091e-05	2.530e-05
id1	103	3.087e-05	1.266e-05
wl	134	3.083e-05	2.597e-05
joined	30	3.081e-05	1.144e-05
jav	66	3.081e-05	2.946e-05
14	32	3.075e-05	1.595e-05
nr	122	3.075e-05	2.540e-05
focus	71	3.074e-05	1.167e-05
shoot	17	3.073e-05	2.043e-05
stat	234	3.064e-05	1.500e-05
images	51	3.062e-05	1.316e-05
defined	93	3.062e-05	1.175e-05
div	40	3.062e-05	2.613e-05
lab1	99	3.060e-05	3.060e-05
combine	59	3.059e-05	1.198e-05
linger	22	3.057e-05	2.939e-05
mult	21	3.054e-05	2.053e-05
lz	28	3.054e-05	2.246e-05
invitation	75	3.053e-05	3.053e-05
singleton	107	3.053e-05	7.226e-06
mixed	133	3.053e-05	1.207e-05
cate	80	3.049e-05	3.004e-05
nick	49	3.045e-05	1.294e-05
freeze	50	3.043e-05	2.666e-05
thread_count	91	3.040e-05	1.548e-05
baseline	46	3.037e-05	1.907e-05
four	95	3.031e-05	1.136e-05
minimum	97	3.028e-05	8.333e-06
nothing	66	3.023e-05	1.391e-05
bed	39	3.021e-05	1.807e-05
deps	16	3.015e-05	2.130e-05
unregister	46	3.011e-05	1.621e-05
rolled	14	3.009e-05	2.359e-05
special	96	3.007e-05	8.462e-06
hmdp	22	3.006e-05	3.006e-05
cores	20	3.005e-05	2.813e-05
botany	16	3.003e-05	3.003e-05
daisy	16	3.003e-05	3.003e-05
pp	57	3.002e-05	2.310e-05
configurers	8	2.997e-05	2.784e-05
blob	188	2.995e-05	1.565e-05
changes	407	2.995e-05	1.355e-05
javai	65	2.990e-05	2.990e-05
quad	52	2.989e-05	1.426e-05
degraded	12	2.987e-05	2.676e-05
better	17	2.985e-05	2.038e-05
tax_rate	82	2.984e-05	2.957e-05
white_space	65	2.984e-05	1.132e-05
sibling	183	2.983e-05	1.487e-05
sneaking	15	2.983e-05	2.621e-05
sa	75	2.980e-05	1.504e-05
sharding	30	2.980e-05	1.710e-05
campus	20	2.979e-05	2.979e-05
otp	13	2.975e-05	2.794e-05
substring	47	2.973e-05	1.208e-05
installed	19	2.972e-05	1.562e-05
input_file	51	2.967e-05	1.521e-05
tuple	138	2.965e-05	1.321e-05
strictly	43	2.964e-05	1.425e-05
カテゴリ更新	7	2.964e-05	2.964e-05
critical	35	2.963e-05	2.443e-05
tail	69	2.963e-05	1.506e-05
slothyhub	44	2.963e-05	2.963e-05
webmvc	29	2.963e-05	2.543e-05
mud	3	2.960e-05	2.729e-05
loading	64	2.956e-05	1.067e-05
lease	28	2.953e-05	2.138e-05
hits	131	2.949e-05	1.652e-05
decoder	56	2.947e-05	1.333e-05
p1	158	2.944e-05	1.104e-05
attendance	36	2.944e-05	2.944e-05
packs	44	2.941e-05	2.895e-05
simulation	97	2.938e-05	2.742e-05
galago	95	2.937e-05	2.937e-05
page1	160	2.933e-05	1.921e-05
counters	69	2.924e-05	1.734e-05
perp	8	2.924e-05	2.610e-05
desizer	15	2.916e-05	2.916e-05
exper	12	2.915e-05	2.915e-05
tri	12	2.914e-05	2.612e-05
prefetch	48	2.913e-05	2.319e-05
disease	71	2.909e-05	2.909e-05
user1	15	2.907e-05	1.728e-05
user2	15	2.907e-05	1.728e-05
circular	8	2.906e-05	2.614e-05
analyzer	107	2.906e-05	1.486e-05
institution	63	2.903e-05	2.494e-05
manifest	66	2.902e-05	1.665e-05
st	295	2.902e-05	1.127e-05
run_time	14	2.899e-05	1.667e-05
qualified	40	2.893e-05	1.850e-05
into	128	2.890e-05	9.921e-06
ig	14	2.889e-05	2.560e-05
stitch	7	2.887e-05	2.887e-05
divisor	19	2.886e-05	2.605e-05
measure	18	2.884e-05	2.794e-05
svc	24	2.883e-05	2.795e-05
settlement	68	2.882e-05	2.079e-05
prefixes	41	2.878e-05	1.106e-05
tls	15	2.877e-05	2.160e-05
ssh	31	2.875e-05	2.346e-05
hibernate	30	2.873e-05	1.424e-05
miss	98	2.871e-05	1.609e-05
episodes	7	2.870e-05	2.870e-05
fingerprints	7	2.870e-05	2.870e-05
renamer	7	2.870e-05	2.870e-05
readme	13	2.870e-05	2.193e-05
binaural	19	2.865e-05	2.865e-05
oidc	21	2.865e-05	2.150e-05
account_number	13	2.863e-05	1.980e-05
subs	22	2.863e-05	2.315e-05
sym	20	2.862e-05	1.951e-05
spawned	14	2.859e-05	2.664e-05
mocked	24	2.858e-05	2.533e-05
references2	17	2.857e-05	2.857e-05
references3	17	2.857e-05	2.857e-05
fuse	12	2.853e-05	2.087e-05
oe	44	2.851e-05	2.695e-05
emojis	11	2.851e-05	2.152e-05
ranked	44	2.851e-05	1.777e-05
fall	45	2.850e-05	1.401e-05
forms	26	2.847e-05	2.556e-05
marshaller	7	2.845e-05	2.778e-05
thym	25	2.845e-05	2.845e-05
verifier	14	2.843e-05	1.418e-05
seen	100	2.837e-05	1.005e-05
var6	61	2.837e-05	2.704e-05
reminder	29	2.836e-05	1.839e-05
arrived	9	2.833e-05	2.756e-05
glue	33	2.830e-05	2.790e-05
ignite	16	2.822e-05	2.666e-05
workbench	68	2.820e-05	2.353e-05
integrity	27	2.817e-05	2.096e-05
tulip	15	2.815e-05	2.815e-05
p2	159	2.814e-05	9.993e-06
aop	33	2.814e-05	1.427e-05
cobblestone	4	2.813e-05	2.722e-05
playback	14	2.808e-05	2.075e-05
passive	18	2.806e-05	2.292e-05
motion	66	2.805e-05	1.810e-05
mark_down	16	2.802e-05	2.678e-05
exm104	11	2.795e-05	2.795e-05
uhn	11	2.795e-05	2.795e-05
radio	28	2.794e-05	1.950e-05
outbound	55	2.793e-05	1.675e-05
beyond	30	2.793e-05	2.613e-05
recorder	24	2.792e-05	1.810e-05
weighted	53	2.792e-05	1.535e-05
decompress	8	2.787e-05	1.666e-05
ops	222	2.787e-05	1.168e-05
caption	67	2.786e-05	2.328e-05
reach	41	2.778e-05	1.591e-05
failing	41	2.777e-05	1.804e-05
kettle	125	2.772e-05	2.772e-05
stax	6	2.771e-05	2.605e-05
lead	4	2.771e-05	2.721e-05
evictable	22	2.769e-05	2.395e-05
webp	6	2.769e-05	2.119e-05
cielo	4	2.768e-05	2.768e-05
never	81	2.768e-05	1.132e-05
coal	3	2.767e-05	2.721e-05
label3	3	2.766e-05	2.696e-05
until	70	2.765e-05	9.086e-06
sideways	10	2.762e-05	2.607e-05
ignoring	25	2.761e-05	1.912e-05
abandoned	22	2.759e-05	2.404e-05
saplings	6	2.756e-05	2.756e-05
pal	48	2.752e-05	2.118e-05
supplied	26	2.748e-05	2.189e-05
mcp	6	2.744e-05	2.606e-05
adjacent	52	2.744e-05	2.164e-05
attach	29	2.743e-05	1.973e-05
sha1	17	2.742e-05	1.568e-05
referenced	17	2.741e-05	2.016e-05
criterion	42	2.738e-05	1.936e-05
deserialized	325	2.736e-05	2.078e-05
inc	53	2.736e-05	1.061e-05
perform	60	2.729e-05	8.990e-06
ping	74	2.729e-05	1.126e-05
leader	22	2.722e-05	1.328e-05
astral	14	2.722e-05	2.722e-05
acacia	2	2.721e-05	2.721e-05
aluminum	2	2.721e-05	2.721e-05
baobab	2	2.721e-05	2.721e-05
birch	2	2.721e-05	2.721e-05
bronze	2	2.721e-05	2.721e-05
burn_time	2	2.721e-05	2.721e-05
cherry	2	2.721e-05	2.721e-05
emberstone	2	2.721e-05	2.721e-05
energizing	2	2.721e-05	2.721e-05
her	2	2.721e-05	2.721e-05
i3	2	2.721e-05	2.721e-05
i4	2	2.721e-05	2.721e-05
i5	2	2.721e-05	2.721e-05
i6	2	2.721e-05	2.721e-05
i7	2	2.721e-05	2.721e-05
i8	2	2.721e-05	2.721e-05
i9	2	2.721e-05	2.721e-05
iridium	2	2.721e-05	2.721e-05
limonite	2	2.721e-05	2.721e-05
mangrove	2	2.721e-05	2.721e-05
nickel	2	2.721e-05	2.721e-05
platinum	2	2.721e-05	2.721e-05
silver	2	2.721e-05	2.721e-05
spruce	2	2.721e-05	2.721e-05
stranglewood	2	2.721e-05	2.721e-05
tin	2	2.721e-05	2.721e-05
unobtainium	2	2.721e-05	2.721e-05
uranium	2	2.721e-05	2.721e-05
vibranium	2	2.721e-05	2.721e-05
wart	2	2.721e-05	2.721e-05
zinc	2	2.721e-05	2.721e-05
compression	67	2.715e-05	1.317e-05
inst	33	2.713e-05	1.108e-05
executable	25	2.710e-05	1.400e-05
written	83	2.710e-05	1.113e-05
applies	81	2.709e-05	1.212e-05
slope	8	2.708e-05	2.604e-05
see	25	2.707e-05	1.868e-05
health_care	66	2.704e-05	2.704e-05
prime	74	2.704e-05	1.265e-05
serializing	9	2.704e-05	2.704e-05
shifted	6	2.702e-05	2.605e-05
expectations	18	2.699e-05	2.122e-05
vars	80	2.696e-05	1.673e-05
cut	52	2.696e-05	1.222e-05
alterar	1	2.695e-05	2.695e-05
carrega	1	2.695e-05	2.695e-05
constantes	1	2.695e-05	2.695e-05
danfe	1	2.695e-05	2.695e-05
enviar	1	2.695e-05	2.695e-05
fatura	1	2.695e-05	2.695e-05
gera	1	2.695e-05	2.695e-05
label4	1	2.695e-05	2.695e-05
outros	1	2.695e-05	2.695e-05
panel1layout	1	2.695e-05	2.695e-05
prestacao	1	2.695e-05	2.695e-05
servico	1	2.695e-05	2.695e-05
veiculos	1	2.695e-05	2.695e-05
verifica	1	2.695e-05	2.695e-05
visualizar	1	2.695e-05	2.695e-05
night	21	2.693e-05	1.696e-05
increase	32	2.693e-05	1.524e-05
ldap	41	2.690e-05	2.150e-05
lucene	247	2.690e-05	2.130e-05
synthetic	19	2.687e-05	2.476e-05
x2	26	2.685e-05	1.463e-05
almacen	6	2.685e-05	2.685e-05
cantidadinventario	6	2.685e-05	2.685e-05
codigo	6	2.685e-05	2.685e-05
contid	6	2.685e-05	2.685e-05
costo	6	2.685e-05	2.685e-05
departamento	6	2.685e-05	2.685e-05
grupo	6	2.685e-05	2.685e-05
idapertura	6	2.685e-05	2.685e-05
listaprecios	6	2.685e-05	2.685e-05
municipio	6	2.685e-05	2.685e-05
pendiente	6	2.685e-05	2.685e-05
poliza	6	2.685e-05	2.685e-05
polizaid	6	2.685e-05	2.685e-05
renglontipo	6	2.685e-05	2.685e-05
rol	6	2.685e-05	2.685e-05
tipoventa	6	2.685e-05	2.685e-05
proxies	27	2.681e-05	1.732e-05
cast	85	2.681e-05	9.508e-06
val1	16	2.680e-05	1.582e-05
icy	12	2.679e-05	2.633e-05
main	42	2.677e-05	1.009e-05
confs	12	2.676e-05	2.672e-05
diamond	31	2.675e-05	1.555e-05
reduction	47	2.673e-05	1.535e-05
cond	341	2.673e-05	1.637e-05
quartiles	11	2.672e-05	2.672e-05
poison	25	2.671e-05	2.479e-05
rendering	17	2.666e-05	2.558e-05
advancement	3	2.666e-05	1.876e-05
soap	12	2.666e-05	2.604e-05
kinetic	8	2.664e-05	2.664e-05
pierce	8	2.664e-05	2.664e-05
architecture	16	2.660e-05	1.926e-05
matter	74	2.659e-05	9.359e-06
segmented	13	2.657e-05	2.617e-05
state1	21	2.653e-05	2.447e-05
hourly	17	2.652e-05	2.645e-05
b1	45	2.651e-05	9.975e-06
derived	49	2.650e-05	1.721e-05
towards	2	2.650e-05	2.604e-05
walker	17	2.648e-05	2.604e-05
tar	42	2.646e-05	1.449e-05
geography	122	2.644e-05	2.216e-05
twice	45	2.644e-05	9.109e-06
adult	10	2.643e-05	2.465e-05
pointer	813	2.643e-05	2.215e-05
ly	17	2.643e-05	2.064e-05
corners	5	2.640e-05	2.611e-05
ending	39	2.640e-05	1.715e-05
preserve	50	2.640e-05	1.978e-05
regular	60	2.637e-05	1.598e-05
invoice	284	2.635e-05	1.970e-05
candidates	52	2.634e-05	1.402e-05
sludge	11	2.633e-05	2.633e-05
lib	44	2.632e-05	1.336e-05
sendmsg	4	2.632e-05	2.632e-05
nc	101	2.632e-05	2.142e-05
jasmine	14	2.628e-05	2.628e-05
sci	8	2.627e-05	2.623e-05
dividend	6	2.625e-05	2.604e-05
prepared_statement	20	2.624e-05	1.838e-05
constraints	101	2.623e-05	1.150e-05
userid	31	2.620e-05	1.342e-05
successful	62	2.620e-05	1.338e-05
vos	26	2.619e-05	2.245e-05
pressure	7	2.619e-05	2.611e-05
stmt2	8	2.618e-05	2.604e-05
graphics	11	2.616e-05	2.416e-05
there	45	2.616e-05	1.842e-05
convergence	17	2.616e-05	2.431e-05
stmt1	6	2.612e-05	2.604e-05
intensified	4	2.611e-05	2.611e-05
parmesan	4	2.611e-05	2.611e-05
disk	133	2.610e-05	1.961e-05
dst	71	2.609e-05	1.086e-05
a2	103	2.606e-05	1.673e-05
exposed	50	2.606e-05	1.945e-05
argument1	1	2.604e-05	2.604e-05
argument2	1	2.604e-05	2.604e-05
bending	1	2.604e-05	2.604e-05
blind	3	2.604e-05	2.604e-05
evenly	1	2.604e-05	2.604e-05
fable	1	2.604e-05	2.604e-05
giant	1	2.604e-05	2.604e-05
replacer	1	2.604e-05	2.604e-05
upwards	1	2.604e-05	2.604e-05
chats	12	2.601e-05	2.601e-05
decision	50	2.600e-05	1.684e-05
bx	39	2.599e-05	1.538e-05
el	95	2.599e-05	1.100e-05
guid	94	2.599e-05	2.367e-05
depts	34	2.599e-05	1.325e-05
lengths	78	2.598e-05	1.946e-05
environments	36	2.598e-05	1.525e-05
hue	38	2.598e-05	1.328e-05
authenticate	36	2.597e-05	2.000e-05
lab0	84	2.597e-05	2.597e-05
unset	54	2.592e-05	1.597e-05
empty_string	99	2.590e-05	8.290e-06
txn1	10	2.588e-05	2.588e-05
usecase5	10	2.588e-05	2.588e-05
usecase6	10	2.588e-05	2.588e-05
excluding	9	2.587e-05	2.060e-05
puts	25	2.584e-05	2.068e-05
pkg	130	2.581e-05	2.177e-05
wanted	60	2.577e-05	1.267e-05
published	50	2.575e-05	1.259e-05
list_price	41	2.574e-05	2.333e-05
ian	117	2.571e-05	1.672e-05
iterators	84	2.569e-05	2.385e-05
workflow	70	2.569e-05	1.599e-05
enforce	23	2.563e-05	2.052e-05
adds	99	2.563e-05	1.352e-05
summaries	49	2.561e-05	1.259e-05
grace	21	2.561e-05	1.405e-05
concept1	38	2.559e-05	2.559e-05
scoped	14	2.559e-05	1.871e-05
interrupted	51	2.558e-05	2.023e-05
serializable	33	2.557e-05	1.990e-05
mn	6	2.556e-05	2.309e-05
entry_point	180	2.549e-05	8.608e-06
opposite	46	2.545e-05	1.754e-05
statuses	63	2.543e-05	1.386e-05
resized	14	2.543e-05	2.394e-05
000	10	2.541e-05	2.541e-05
pickaxe	6	2.536e-05	1.944e-05
combined	91	2.536e-05	9.395e-06
lemurproject	82	2.535e-05	2.535e-05
du	23	2.535e-05	2.504e-05
fetcher	11	2.531e-05	1.852e-05
func	137	2.529e-05	1.051e-05
fdl	114	2.528e-05	2.528e-05
shim	114	2.528e-05	2.528e-05
backdrop	7	2.527e-05	2.460e-05
hopper	13	2.527e-05	2.527e-05
pylon	13	2.527e-05	2.527e-05
passwords	11	2.525e-05	1.647e-05
estimated	153	2.522e-05	1.193e-05
symmetric	78	2.518e-05	1.351e-05
checklist	17	2.518e-05	2.518e-05
revision	50	2.517e-05	2.436e-05
ld	17	2.512e-05	1.885e-05
pem	62	2.509e-05	2.396e-05
strategies	17	2.508e-05	1.850e-05
limite	3	2.508e-05	1.837e-05
ores	5	2.507e-05	1.647e-05
extractor	58	2.506e-05	1.100e-05
featured	58	2.504e-05	1.597e-05
thymeleaffrontend	22	2.504e-05	2.504e-05
archives	22	2.503e-05	2.372e-05
preferred	40	2.503e-05	1.378e-05
vel	19	2.502e-05	1.702e-05
val2	13	2.497e-05	1.559e-05
inside	128	2.494e-05	9.745e-06
calculator	24	2.493e-05	1.088e-05
prim	13	2.493e-05	2.413e-05
invalidate	31	2.492e-05	9.453e-06
exponential	13	2.491e-05	2.400e-05
advice	36	2.488e-05	1.020e-05
fx	36	2.486e-05	1.273e-05
works	68	2.486e-05	1.191e-05
startup_time	5	2.483e-05	2.417e-05
probe	133	2.483e-05	1.105e-05
misc	24	2.480e-05	1.407e-05
claimed	60	2.479e-05	2.283e-05
strict	93	2.479e-05	1.009e-05
third_party	38	2.478e-05	1.360e-05
popup	17	2.476e-05	1.985e-05
browse	93	2.476e-05	1.526e-05
boundary	292	2.473e-05	8.881e-06
layers	27	2.473e-05	1.585e-05
strs	40	2.472e-05	9.176e-06
hole	71	2.470e-05	1.690e-05
snapshots	33	2.470e-05	2.033e-05
initialized	49	2.469e-05	8.024e-06
referer	32	2.468e-05	1.589e-05
recharge	31	2.462e-05	1.833e-05
bb	84	2.461e-05	1.141e-05
darken	6	2.460e-05	2.460e-05
ffmpeg	6	2.460e-05	2.460e-05
mdb	6	2.460e-05	2.460e-05
gt	129	2.459e-05	1.148e-05
read_count	31	2.458e-05	1.886e-05
oracle	45	2.455e-05	1.341e-05
contents	98	2.451e-05	8.219e-06
contexts	39	2.451e-05	1.174e-05
rec	179	2.451e-05	1.010e-05
heartbeat	64	2.450e-05	1.344e-05
pull	24	2.447e-05	1.467e-05
g2	32	2.445e-05	1.357e-05
promo	335	2.444e-05	2.255e-05
cam	44	2.443e-05	1.417e-05
spore	13	2.440e-05	2.440e-05
billing	202	2.438e-05	1.606e-05
boots	22	2.435e-05	1.513e-05
finds	45	2.434e-05	1.493e-05
quads	29	2.434e-05	1.467e-05
meter	37	2.433e-05	1.792e-05
associated	74	2.431e-05	1.036e-05
prefs	38	2.429e-05	2.076e-05
cli	5	2.424e-05	2.417e-05
searches	11	2.424e-05	2.289e-05
hc	29	2.422e-05	1.195e-05
spacing	46	2.422e-05	1.326e-05
pager	31	2.419e-05	1.929e-05
aim	30	2.418e-05	1.730e-05
inserter	15	2.417e-05	2.272e-05
caching	25	2.414e-05	1.342e-05
callbacks	41	2.413e-05	1.300e-05
001	22	2.413e-05	2.413e-05
drain	121	2.412e-05	1.028e-05
existent	103	2.409e-05	9.764e-06
x0	38	2.406e-05	1.646e-05
17	131	2.404e-05	1.540e-05
stamps	28	2.404e-05	2.001e-05
let	164	2.403e-05	1.168e-05
recording	60	2.401e-05	1.275e-05
portal	124	2.401e-05	1.547e-05
comma	51	2.397e-05	1.072e-05
parameterised	53	2.396e-05	2.396e-05
cm	31	2.395e-05	1.273e-05
vip	11	2.395e-05	1.840e-05
family	101	2.394e-05	1.546e-05
3r	870	2.392e-05	2.392e-05
ueditor	9	2.392e-05	2.392e-05
also	33	2.389e-05	1.884e-05
16	23	2.386e-05	1.530e-05
rot	52	2.382e-05	2.382e-05
past	78	2.380e-05	9.523e-06
concurrency	59	2.379e-05	1.120e-05
rabbit	6	2.378e-05	1.485e-05
curr	50	2.377e-05	1.136e-05
probability	25	2.376e-05	1.711e-05
prescription	58	2.376e-05	2.376e-05
encryption	82	2.370e-05	1.411e-05
eml	16	2.370e-05	2.370e-05
derive	14	2.366e-05	2.070e-05
registers	113	2.364e-05	1.875e-05
itf	6	2.362e-05	2.081e-05
ow	13	2.362e-05	2.333e-05
exchanged	11	2.362e-05	2.175e-05
delimited	52	2.362e-05	1.741e-05
ans	23	2.362e-05	1.574e-05
cute	28	2.360e-05	2.059e-05
attribute1	5	2.359e-05	2.321e-05
attribute2	5	2.359e-05	2.321e-05
sink	20	2.357e-05	1.487e-05
vec3d	15	2.357e-05	2.252e-05
lvl	58	2.356e-05	1.492e-05
recognized	10	2.353e-05	1.601e-05
c2	96	2.351e-05	6.769e-06
l1	30	2.349e-05	1.037e-05
buff	34	2.348e-05	1.219e-05
inclusive	268	2.346e-05	1.699e-05
incomplete	11	2.346e-05	1.462e-05
right_side	34	2.345e-05	2.155e-05
ua	15	2.345e-05	1.469e-05
cactus	14	2.344e-05	2.253e-05
lexer	11	2.342e-05	2.211e-05
unit_cost	7	2.342e-05	2.321e-05
attacker	19	2.340e-05	1.974e-05
oversized	23	2.339e-05	1.369e-05
consumers	32	2.337e-05	9.248e-06
ci	57	2.337e-05	9.161e-06
beans	36	2.334e-05	8.090e-06
datagen	5	2.334e-05	1.990e-05
rei	12	2.333e-05	2.333e-05
positively	7	2.331e-05	2.331e-05
badge	27	2.331e-05	1.665e-05
crc	9	2.330e-05	1.591e-05
usecase4	9	2.329e-05	2.329e-05
privileges	528	2.329e-05	2.164e-05
mover	6	2.328e-05	2.297e-05
trips	216	2.325e-05	1.897e-05
ldp	10	2.325e-05	2.325e-05
tos	37	2.325e-05	1.309e-05
incr	48	2.325e-05	1.229e-05
ahead	45	2.324e-05	1.139e-05
attribute3	4	2.322e-05	2.322e-05
attribute4	4	2.322e-05	2.322e-05
attribute5	4	2.322e-05	2.322e-05
courier	4	2.322e-05	2.322e-05
favourite	4	2.322e-05	2.322e-05
validating	10	2.318e-05	1.564e-05
vehicles	6	2.318e-05	2.315e-05
loops	9	2.316e-05	1.515e-05
15	44	2.316e-05	1.521e-05
stem	70	2.315e-05	1.844e-05
usernames	14	2.315e-05	1.587e-05
wallet	14	2.315e-05	2.315e-05
mi	64	2.313e-05	9.193e-06
reporter	14	2.311e-05	1.462e-05
o1	49	2.306e-05	6.976e-06
flip	13	2.305e-05	2.027e-05
conversion	122	2.305e-05	1.115e-05
index2	28	2.304e-05	1.515e-05
guest	34	2.303e-05	1.396e-05
chains	14	2.303e-05	1.342e-05
recipient	39	2.302e-05	1.385e-05
saturation	9	2.300e-05	1.968e-05
index1	26	2.299e-05	1.515e-05
again	19	2.298e-05	1.974e-05
truncated	69	2.298e-05	1.052e-05
lumber	5	2.297e-05	2.297e-05
sels	5	2.297e-05	2.297e-05
rebuild	87	2.296e-05	1.160e-05
dd	66	2.295e-05	1.039e-05
persons	66	2.291e-05	2.031e-05
sy	52	2.288e-05	1.635e-05
stores	74	2.287e-05	1.039e-05
fhir3	9	2.287e-05	2.287e-05
sharp	55	2.283e-05	2.106e-05
succeeds	56	2.282e-05	1.133e-05
cert	100	2.281e-05	9.192e-06
documentation	14	2.281e-05	1.438e-05
t2	63	2.273e-05	8.344e-06
deposited	2	2.270e-05	2.270e-05
downs	2	2.270e-05	2.270e-05
guild	2	2.270e-05	2.270e-05
won	2	2.270e-05	2.270e-05
variation	42	2.270e-05	1.630e-05
comparator	155	2.269e-05	7.577e-06
association	44	2.266e-05	1.491e-05
ses	29	2.266e-05	1.689e-05
evaluate	116	2.264e-05	9.275e-06
yyyy	31	2.262e-05	1.022e-05
xss	36	2.260e-05	9.908e-06
bare	38	2.260e-05	1.747e-05
tall	13	2.253e-05	2.068e-05
token_bucket	35	2.252e-05	1.285e-05
flowerbed	12	2.252e-05	2.252e-05
rollover	7	2.251e-05	2.248e-05
budget	50	2.250e-05	1.312e-05
takes	39	2.245e-05	2.012e-05
publisher	28	2.245e-05	1.032e-05
restrict	10	2.245e-05	2.023e-05
course	38	2.244e-05	2.007e-05
beta	31	2.244e-05	1.251e-05
requirements	23	2.241e-05	2.034e-05
concatenated	44	2.239e-05	1.792e-05
love	16	2.239e-05	2.234e-05
care	16	2.238e-05	1.460e-05
insensitive	69	2.238e-05	7.566e-06
orphans	60	2.238e-05	2.000e-05
repair	41	2.238e-05	1.728e-05
almgrupo	5	2.237e-05	2.237e-05
artfabricante	5	2.237e-05	2.237e-05
arts	5	2.237e-05	2.237e-05
cliente	5	2.237e-05	2.237e-05
clientes	5	2.237e-05	2.237e-05
descuentoglobal	5	2.237e-05	2.237e-05
descuentoimporte	5	2.237e-05	2.237e-05
existencia	5	2.237e-05	2.237e-05
impuesto	5	2.237e-05	2.237e-05
inventario	5	2.237e-05	2.237e-05
precio	5	2.237e-05	2.237e-05
scanned	38	2.236e-05	1.519e-05
neq	23	2.235e-05	1.772e-05
oauth2	22	2.234e-05	1.047e-05
aes	89	2.234e-05	8.881e-06
droppable	6	2.234e-05	1.588e-05
uv	19	2.229e-05	1.500e-05
19	31	2.229e-05	1.522e-05
view_model	60	2.226e-05	2.161e-05
creator	42	2.225e-05	9.114e-06
working	16	2.225e-05	1.754e-05
hive	106	2.224e-05	2.196e-05
asset	29	2.224e-05	1.295e-05
a1	102	2.223e-05	1.655e-05
filed	22	2.223e-05	1.453e-05
preston	15	2.222e-05	2.222e-05
describe	27	2.219e-05	1.264e-05
18	39	2.215e-05	1.518e-05
infer	41	2.215e-05	1.788e-05
datasets	13	2.210e-05	1.644e-05
netherite	6	2.207e-05	1.508e-05
tester	35	2.206e-05	1.347e-05
truncate	204	2.205e-05	6.679e-06
piece	8	2.204e-05	1.488e-05
mutable	42	2.202e-05	1.168e-05
textured	21	2.201e-05	1.516e-05
key1	125	2.201e-05	1.071e-05
half	129	2.201e-05	8.019e-06
par	30	2.196e-05	1.393e-05
viewer	19	2.195e-05	1.547e-05
cons	42	2.194e-05	1.741e-05
schemaorg	25	2.193e-05	2.193e-05
combo	72	2.191e-05	1.142e-05
theta	21	2.187e-05	9.521e-06
rohan	9	2.186e-05	2.186e-05
retain	21	2.185e-05	1.461e-05
sealed	14	2.184e-05	2.168e-05
guides	9	2.183e-05	1.814e-05
se	39	2.181e-05	1.104e-05
survives	26	2.181e-05	1.237e-05
dev	15	2.179e-05	1.297e-05
mockito	21	2.179e-05	1.564e-05
purple	6	2.179e-05	1.407e-05
absolute_path	25	2.178e-05	9.614e-06
sorter	15	2.177e-05	1.860e-05
interactive	5	2.176e-05	1.404e-05
rate_limiter	30	2.176e-05	9.010e-06
o2	45	2.174e-05	6.722e-06
21	67	2.172e-05	1.508e-05
huge	19	2.170e-05	2.065e-05
interpreter	5	2.170e-05	1.588e-05
fly	16	2.170e-05	1.949e-05
complain	35	2.167e-05	2.058e-05
cn	46	2.167e-05	1.080e-05
sums	28	2.166e-05	1.947e-05
fory	14	2.165e-05	2.165e-05
gable	22	2.165e-05	1.514e-05
y1	47	2.162e-05	1.254e-05
slave	70	2.162e-05	1.261e-05
demand	10	2.161e-05	2.070e-05
od	18	2.161e-05	1.856e-05
projects	25	2.161e-05	1.166e-05
workspaces	53	2.158e-05	2.158e-05
reviewer	18	2.156e-05	1.937e-05
continue	38	2.155e-05	9.948e-06
operators	103	2.155e-05	8.071e-06
damage_boost	9	2.154e-05	2.154e-05
wraith	9	2.154e-05	2.154e-05
due_date	6	2.154e-05	1.930e-05
factors	22	2.153e-05	1.511e-05
notifications	52	2.151e-05	1.297e-05
serializers	31	2.147e-05	1.165e-05
samplers	8	2.147e-05	1.606e-05
misfire	24	2.146e-05	1.254e-05
discount	66	2.145e-05	1.453e-05
tz	123	2.144e-05	1.454e-05
tail_call	8	2.142e-05	2.103e-05
acceptance	33	2.142e-05	1.397e-05
computer	21	2.142e-05	1.326e-05
teacher	15	2.140e-05	2.140e-05
semi	34	2.139e-05	2.021e-05
music_box	11	2.138e-05	2.138e-05
stars	18	2.130e-05	1.432e-05
forge	4	2.130e-05	1.459e-05
touched	17	2.130e-05	1.945e-05
var7	46	2.129e-05	2.062e-05
mo	23	2.128e-05	1.492e-05
l2	24	2.122e-05	1.219e-05
circuit	68	2.121e-05	1.297e-05
service2	11	2.121e-05	1.546e-05
nfd	6	2.120e-05	2.117e-05
immediately	50	2.118e-05	1.152e-05
支出作成	5	2.117e-05	2.117e-05
digit	49	2.117e-05	8.413e-06
lsn	753	2.115e-05	1.983e-05
user_group	25	2.115e-05	1.998e-05
perturbation	42	2.115e-05	1.493e-05
indexing	33	2.113e-05	2.033e-05
nature	49	2.113e-05	1.861e-05
heap	117	2.113e-05	1.175e-05
detour	10	2.112e-05	1.855e-05
tw	45	2.110e-05	1.761e-05
standalone	19	2.109e-05	1.192e-05
23	17	2.106e-05	1.513e-05
reuse	63	2.105e-05	1.339e-05
local1	7	2.103e-05	2.103e-05
detected	20	2.103e-05	1.017e-05
bi	35	2.102e-05	1.129e-05
pt2	10	2.102e-05	2.032e-05
nanos	184	2.102e-05	6.963e-06
math	70	2.099e-05	6.235e-06
vertices	176	2.098e-05	7.500e-06
batches	60	2.097e-05	1.149e-05
dl	16	2.094e-05	1.445e-05
advance	49	2.094e-05	8.460e-06
dig	7	2.090e-05	1.381e-05
feed	18	2.090e-05	1.929e-05
recall	23	2.089e-05	1.870e-05
clicked	45	2.089e-05	1.027e-05
checks	77	2.088e-05	8.675e-06
unwrap	37	2.086e-05	9.110e-06
wxamp	14	2.086e-05	2.086e-05
countries	32	2.084e-05	1.349e-05
seat	9	2.081e-05	1.864e-05
factories	56	2.081e-05	9.296e-06
transpose	3	2.080e-05	2.020e-05
accessible	37	2.080e-05	9.878e-06
navigation	26	2.079e-05	1.103e-05
vec3d3	11	2.078e-05	1.730e-05
installer	15	2.078e-05	2.050e-05
wood	7	2.077e-05	1.843e-05
ended	34	2.076e-05	1.243e-05
combiner	73	2.075e-05	1.340e-05
prep	37	2.074e-05	1.187e-05
appear	20	2.072e-05	1.938e-05
reasonable	22	2.071e-05	1.170e-05
buffered	42	2.069e-05	1.046e-05
reseed	6	2.068e-05	2.068e-05
ingredients	7	2.068e-05	1.423e-05
secondary	124	2.067e-05	1.312e-05
chrome	11	2.065e-05	1.915e-05
cypress_vine	11	2.065e-05	2.065e-05
hydrangea	11	2.065e-05	2.065e-05
lavender	11	2.065e-05	2.065e-05
petals	11	2.065e-05	2.065e-05
pitcher_plant	11	2.065e-05	2.065e-05
wildflowers	11	2.065e-05	2.065e-05
alarm	29	2.062e-05	1.921e-05
skips	207	2.062e-05	1.327e-05
combat	14	2.062e-05	1.946e-05
href	35	2.061e-05	1.048e-05
exdr	302	2.060e-05	2.060e-05
mp	28	2.060e-05	8.956e-06
must	50	2.059e-05	8.566e-06
scaled	82	2.058e-05	1.088e-05
mysql	33	2.056e-05	8.733e-06
tr	52	2.055e-05	1.032e-05
fav	7	2.054e-05	1.593e-05
subscriber	27	2.054e-05	1.050e-05
buffers	67	2.053e-05	1.196e-05
institute	50	2.049e-05	2.049e-05
reports	50	2.048e-05	1.370e-05
brown	6	2.046e-05	1.439e-05
propagate	45	2.043e-05	9.893e-06
permi	20	2.038e-05	1.319e-05
declined	6	2.033e-05	1.974e-05
demotion	8	2.033e-05	2.033e-05
expunge	8	2.033e-05	2.033e-05
referential	8	2.033e-05	2.033e-05
persisted	89	2.030e-05	1.160e-05
optimistic	135	2.030e-05	1.333e-05
earliest	15	2.029e-05	1.338e-05
gi	18	2.029e-05	1.513e-05
scroll_bar	60	2.028e-05	1.691e-05
snow	2	2.025e-05	1.508e-05
data_file	55	2.025e-05	8.999e-06
variance	16	2.024e-05	1.990e-05
explosions	4	2.024e-05	1.995e-05
resilience	51	2.023e-05	2.023e-05
endianness	2	2.023e-05	2.020e-05
fxml	2	2.023e-05	1.660e-05
titles	19	2.023e-05	1.525e-05
rel1	39	2.021e-05	2.021e-05
20	25	2.020e-05	1.503e-05
chart1	1	2.020e-05	2.020e-05
chart2	1	2.020e-05	2.020e-05
tones	1	2.020e-05	2.020e-05
eo	18	2.019e-05	1.921e-05
approval	52	2.017e-05	1.875e-05
classicremastered	44	2.015e-05	2.015e-05
thumbnail	55	2.014e-05	1.791e-05
missed	7	2.014e-05	1.995e-05
carrier	94	2.010e-05	1.516e-05
redisson	17	2.010e-05	1.538e-05
dob	35	2.009e-05	1.479e-05
borrow	19	2.008e-05	1.709e-05
penalty	25	2.007e-05	1.117e-05
xz	17	2.006e-05	1.704e-05
maybe	28	2.005e-05	1.067e-05
margins	5	2.005e-05	1.463e-05
effort	257	2.001e-05	1.717e-05
obsidian	11	2.001e-05	1.424e-05
sold	9	1.997e-05	1.837e-05
inactive	26	1.996e-05	8.892e-06
parquet	90	1.996e-05	1.996e-05
consortia	21	1.995e-05	1.995e-05
tenants	21	1.995e-05	1.995e-05
interesting	3	1.995e-05	1.995e-05
management	36	1.995e-05	8.296e-06
instantiate	34	1.992e-05	1.227e-05
stack_trace	58	1.991e-05	9.528e-06
transformation	37	1.991e-05	1.162e-05
harvest	9	1.990e-05	1.840e-05
detailed	87	1.989e-05	1.140e-05
recovered	14	1.988e-05	1.878e-05
eat	7	1.987e-05	1.425e-05
places	60	1.986e-05	1.109e-05
databases	208	1.984e-05	1.170e-05
sports	9	1.981e-05	1.651e-05
formats	58	1.980e-05	6.895e-06
tm	25	1.980e-05	1.091e-05
facility	161	1.979e-05	1.283e-05
dom	44	1.976e-05	1.114e-05
waits	10	1.976e-05	1.914e-05
sdp	18	1.974e-05	1.974e-05
wraps	73	1.970e-05	1.560e-05
exactly	126	1.968e-05	1.065e-05
intermediate	29	1.966e-05	1.067e-05
nonzero	9	1.965e-05	1.943e-05
birth	34	1.965e-05	1.179e-05
401	31	1.965e-05	1.334e-05
input2	8	1.965e-05	1.266e-05
economy	5	1.962e-05	1.958e-05
metronome	13	1.960e-05	1.960e-05
file_manager	8	1.960e-05	1.173e-05
setup_time	11	1.960e-05	1.943e-05
test1	24	1.959e-05	8.278e-06
ponder	3	1.958e-05	1.958e-05
rosemary	3	1.958e-05	1.958e-05
block_time	4	1.958e-05	1.958e-05
comfort	4	1.958e-05	1.958e-05
firmware	4	1.958e-05	1.958e-05
homie	4	1.958e-05	1.958e-05
voltage	4	1.958e-05	1.958e-05
tds	17	1.957e-05	1.740e-05
sx	42	1.956e-05	1.328e-05
expansion	39	1.956e-05	1.136e-05
sampled	7	1.955e-05	1.535e-05
dash	25	1.954e-05	8.092e-06
degrees	16	1.953e-05	1.566e-05
ascii	59	1.949e-05	7.539e-06
sneak	28	1.948e-05	1.188e-05
abs	79	1.948e-05	1.006e-05
str1	45	1.945e-05	1.476e-05
catalyst	10	1.944e-05	1.944e-05
andesite	4	1.944e-05	1.475e-05
fwer	8	1.943e-05	1.943e-05
sample_path	8	1.943e-05	1.943e-05
top10	5	1.943e-05	1.835e-05
compiler	13	1.942e-05	1.345e-05
charge	30	1.938e-05	1.410e-05
mech	284	1.938e-05	1.938e-05
rendered	97	1.937e-05	9.122e-06
injection	30	1.937e-05	1.392e-05
relationships	32	1.937e-05	1.396e-05
recursive	33	1.936e-05	9.570e-06
technical	17	1.935e-05	1.935e-05
summarize	13	1.930e-05	1.700e-05
refill	19	1.930e-05	1.233e-05
oozie	87	1.929e-05	1.929e-05
problems	13	1.927e-05	1.378e-05
smoke	16	1.924e-05	1.808e-05
draft	42	1.924e-05	1.309e-05
residential	4	1.921e-05	1.914e-05
erp	3	1.919e-05	1.919e-05
relocation	3	1.919e-05	1.919e-05
unmarshaller	5	1.919e-05	1.852e-05
schemes	36	1.915e-05	1.307e-05
specified	38	1.915e-05	9.692e-06
beetle	8	1.915e-05	1.915e-05
five	59	1.915e-05	8.139e-06
allure	3	1.914e-05	1.914e-05
dismiss	3	1.914e-05	1.914e-05
hoverable	3	1.914e-05	1.914e-05
reveal	3	1.914e-05	1.914e-05
revealed	3	1.914e-05	1.914e-05
gradient	37	1.913e-05	1.180e-05
texts	41	1.913e-05	1.171e-05
crash	49	1.913e-05	1.370e-05
glass	13	1.912e-05	1.388e-05
boss	21	1.912e-05	1.108e-05
histogram	640	1.912e-05	1.611e-05
va	16	1.911e-05	1.389e-05
refreshed	17	1.909e-05	1.171e-05
compliance	14	1.909e-05	1.368e-05
arrows	48	1.909e-05	1.447e-05
even	52	1.904e-05	8.386e-06
fever	16	1.903e-05	1.422e-05
letters	17	1.903e-05	1.553e-05
broadcast	28	1.898e-05	1.064e-05
requires	47	1.895e-05	7.964e-06
longs	25	1.895e-05	1.231e-05
mutation	68	1.894e-05	1.363e-05
vendor	65	1.891e-05	8.732e-06
jpg	32	1.890e-05	1.073e-05
etag	9	1.890e-05	1.329e-05
rc	21	1.890e-05	1.409e-05
informer	46	1.885e-05	1.885e-05
jax	22	1.885e-05	1.427e-05
writes	72	1.884e-05	8.171e-06
smooth	14	1.880e-05	1.384e-05
si	60	1.877e-05	9.003e-06
ivy	10	1.877e-05	1.877e-05
lilac	10	1.877e-05	1.877e-05
peony	10	1.877e-05	1.877e-05
buttons	40	1.877e-05	8.249e-06
22	16	1.875e-05	1.495e-05
retrieval	57	1.875e-05	1.707e-05
today	46	1.875e-05	1.124e-05
tools	37	1.874e-05	6.516e-06
psdp	11	1.874e-05	1.874e-05
discarding	5	1.873e-05	1.873e-05
p12	5	1.873e-05	1.873e-05
inter	55	1.873e-05	1.330e-05
contract	79	1.873e-05	1.474e-05
out_trade	5	1.872e-05	1.833e-05
gpt	18	1.871e-05	1.865e-05
cardinality	49	1.869e-05	1.520e-05
undefined	22	1.868e-05	1.025e-05
safe_mode	7	1.861e-05	1.861e-05
staged	7	1.861e-05	1.861e-05
mso	8	1.860e-05	1.860e-05
rental	17	1.860e-05	1.819e-05
postal	100	1.857e-05	1.202e-05
lesson	13	1.855e-05	1.855e-05
pi	40	1.855e-05	7.388e-06
lab2	60	1.855e-05	1.855e-05
racing	5	1.855e-05	1.852e-05
watcher	16	1.853e-05	1.567e-05
reseller	4	1.852e-05	1.852e-05
ingestion	20	1.845e-05	1.305e-05
validated	42	1.845e-05	8.352e-06
man	14	1.843e-05	1.565e-05
nx	28	1.842e-05	1.254e-05
equalizer	15	1.842e-05	1.667e-05
mb	32	1.839e-05	9.083e-06
24	10	1.838e-05	1.490e-05
weights	47	1.838e-05	1.251e-05
asm	6	1.838e-05	1.090e-05
pearl	6	1.838e-05	1.413e-05
tunnel	4	1.837e-05	1.837e-05
elapsed_time	13	1.836e-05	9.553e-06
grouped	54	1.835e-05	1.252e-05
discontinued	4	1.833e-05	1.833e-05
tableware	4	1.833e-05	1.833e-05
refused	31	1.833e-05	1.332e-05
ofs	40	1.832e-05	1.832e-05
son	36	1.832e-05	1.101e-05
sage	15	1.832e-05	1.150e-05
s2	52	1.831e-05	8.397e-06
lc	14	1.830e-05	1.504e-05
jars	15	1.828e-05	1.367e-05
b2	39	1.825e-05	6.805e-06
extents	59	1.824e-05	1.824e-05
ac	33	1.822e-05	1.190e-05
unescape	17	1.822e-05	9.695e-06
whole	33	1.822e-05	1.194e-05
circulation	16	1.821e-05	1.821e-05
costs	21	1.820e-05	1.362e-05
offer	25	1.819e-05	9.214e-06
25	26	1.818e-05	1.490e-05
versions	70	1.818e-05	9.670e-06
timeouts	5	1.817e-05	1.507e-05
shallow	24	1.814e-05	1.102e-05
persistent	62	1.812e-05	8.840e-06
usecase7	7	1.812e-05	1.812e-05
usecase8	7	1.812e-05	1.812e-05
topics	41	1.811e-05	8.174e-06
numwrapper	12	1.810e-05	1.810e-05
contained	43	1.807e-05	1.140e-05
overwrite	34	1.806e-05	9.284e-06
dfa	6	1.806e-05	1.507e-05
pcm	28	1.806e-05	1.008e-05
spare	7	1.805e-05	1.284e-05
resume	24	1.805e-05	9.796e-06
naming	23	1.804e-05	9.992e-06
outbreak	44	1.803e-05	1.803e-05
str2	39	1.802e-05	1.291e-05
repos	13	1.800e-05	1.777e-05
rewritten	5	1.799e-05	1.737e-05
allows	31	1.799e-05	1.002e-05
natural	27	1.798e-05	1.349e-05
semicolon	28	1.797e-05	9.723e-06
temporal	24	1.797e-05	8.377e-06
flash	23	1.797e-05	1.032e-05
caches	129	1.796e-05	9.376e-06
grant	75	1.795e-05	8.713e-06
bz	26	1.795e-05	1.279e-05
rm	26	1.795e-05	6.210e-06
stemmer	58	1.793e-05	1.793e-05
seeds	11	1.793e-05	1.219e-05
afecta	4	1.790e-05	1.790e-05
artcategoria	4	1.790e-05	1.790e-05
artfamilia	4	1.790e-05	1.790e-05
artgrupo	4	1.790e-05	1.790e-05
artlinea	4	1.790e-05	1.790e-05
bycliente	4	1.790e-05	1.790e-05
cambio	4	1.790e-05	1.790e-05
descuentolinea	4	1.790e-05	1.790e-05
dinero	4	1.790e-05	1.790e-05
direccion	4	1.790e-05	1.790e-05
dui	4	1.790e-05	1.790e-05
iddescuentoglobal	4	1.790e-05	1.790e-05
idjuego	4	1.790e-05	1.790e-05
impuestocalculado	4	1.790e-05	1.790e-05
modifica	4	1.790e-05	1.790e-05
nombres	4	1.790e-05	1.790e-05
observacionultrasonografia	4	1.790e-05	1.790e-05
politicaprecios	4	1.790e-05	1.790e-05
proximafecha	4	1.790e-05	1.790e-05
reporte	4	1.790e-05	1.790e-05
rols	4	1.790e-05	1.790e-05
saldototal	4	1.790e-05	1.790e-05
tipodocumento	4	1.790e-05	1.790e-05
totalpagado	4	1.790e-05	1.790e-05
unidadfactor	4	1.790e-05	1.790e-05
usuarioquemodifico	4	1.790e-05	1.790e-05
vencimiento	4	1.790e-05	1.790e-05
ventapagods	4	1.790e-05	1.790e-05
id2	51	1.788e-05	8.991e-06
fresh	254	1.788e-05	9.734e-06
suspicious	15	1.788e-05	1.603e-05
expander	36	1.787e-05	1.090e-05
travel	42	1.786e-05	1.342e-05
flat	83	1.786e-05	1.132e-05
privilege	60	1.786e-05	1.391e-05
stderr	27	1.785e-05	1.182e-05
adjust	62	1.782e-05	8.363e-06
included	71	1.782e-05	9.489e-06
total_order	15	1.780e-05	1.415e-05
debug_mode	12	1.779e-05	1.703e-05
dwca	12	1.778e-05	1.778e-05
resumption	12	1.778e-05	1.778e-05
grass	7	1.777e-05	1.388e-05
ge	85	1.770e-05	9.305e-06
press	32	1.769e-05	1.160e-05
paypal	31	1.767e-05	1.261e-05
expcetion	1	1.767e-05	1.767e-05
feignlog	1	1.767e-05	1.767e-05
prefixed	24	1.767e-05	1.515e-05
scr	15	1.766e-05	1.057e-05
wire	9	1.766e-05	1.342e-05
lab3	57	1.762e-05	1.762e-05
stage_name	57	1.762e-05	1.762e-05
designation	43	1.762e-05	1.762e-05
symptoms	43	1.762e-05	1.762e-05
pom	20	1.762e-05	1.668e-05
partner	11	1.760e-05	1.005e-05
input1	7	1.759e-05	1.258e-05
partitions	66	1.758e-05	1.063e-05
ry	27	1.757e-05	8.627e-06
community	39	1.756e-05	1.407e-05
emit	36	1.754e-05	9.617e-06
krt	26	1.751e-05	1.751e-05
comet	9	1.750e-05	1.750e-05
deduplication	8	1.747e-05	1.265e-05
27	10	1.746e-05	1.489e-05
malformed	40	1.745e-05	9.164e-06
fk	74	1.745e-05	8.586e-06
rave	20	1.744e-05	1.703e-05
product1	11	1.741e-05	1.666e-05
product2	11	1.741e-05	1.666e-05
26	8	1.741e-05	1.489e-05
var8	38	1.741e-05	1.741e-05
mdc	4	1.741e-05	1.323e-05
y0	31	1.740e-05	1.370e-05
reconciliation	10	1.740e-05	1.261e-05
stmt3	2	1.736e-05	1.736e-05
modules	37	1.736e-05	7.180e-06
bingo	8	1.734e-05	1.734e-05
vs	111	1.733e-05	6.253e-06
guarded	5	1.733e-05	1.694e-05
relaxed	15	1.733e-05	1.546e-05
genre	6	1.732e-05	1.642e-05
qp	56	1.731e-05	1.731e-05
ten	38	1.730e-05	7.678e-06
confirmation	31	1.729e-05	9.333e-06
ty	32	1.728e-05	1.177e-05
automation	22	1.728e-05	1.209e-05
parallel	59	1.726e-05	1.293e-05
invoker	41	1.724e-05	6.279e-06
sdk	26	1.724e-05	1.724e-05
nist	5	1.724e-05	1.724e-05
nb	60	1.723e-05	1.654e-05
mag	13	1.721e-05	1.100e-05
sanitizer	8	1.721e-05	1.693e-05
sc	55	1.721e-05	8.350e-06
exceeds	45	1.720e-05	8.036e-06
arm	41	1.720e-05	1.042e-05
256	8	1.720e-05	1.119e-05
dw	17	1.720e-05	1.489e-05
excludes	66	1.720e-05	5.954e-06
estimate	341	1.719e-05	9.110e-06
sprint	16	1.717e-05	1.363e-05
removal	36	1.716e-05	7.970e-06
downloads	17	1.716e-05	1.247e-05
overflow	88	1.714e-05	9.378e-06
migrated	17	1.714e-05	1.026e-05
proper	55	1.713e-05	1.536e-05
most	36	1.713e-05	7.900e-06
jdbctemplate	12	1.712e-05	1.712e-05
propagation	39	1.712e-05	9.649e-06
reorder	10	1.711e-05	1.649e-05
zuul	56	1.711e-05	1.523e-05
consortium	18	1.710e-05	1.710e-05
cleared	32	1.708e-05	9.619e-06
dossiers	15	1.707e-05	1.707e-05
cloak	29	1.707e-05	1.203e-05
smaller	48	1.706e-05	1.082e-05
signal	25	1.705e-05	8.425e-06
tagging	37	1.702e-05	1.702e-05
sw	59	1.702e-05	7.985e-06
merger	18	1.701e-05	1.317e-05
sne	7	1.700e-05	1.700e-05
underscores	8	1.698e-05	1.499e-05
surface	45	1.695e-05	1.431e-05
201	35	1.695e-05	1.513e-05
pred	45	1.695e-05	1.579e-05
nine	12	1.694e-05	1.147e-05
facets	32	1.694e-05	1.492e-05
modid	2	1.694e-05	1.397e-05
200で返る	4	1.693e-05	1.693e-05
コンストラクタ	4	1.693e-05	1.693e-05
不在時は404	4	1.693e-05	1.693e-05
同時更新で版番号が進んだ競合は409例外に変換	4	1.693e-05	1.693e-05
正常な設定値なら生成できる	4	1.693e-05	1.693e-05
e2	93	1.693e-05	6.205e-06
outside	30	1.693e-05	1.308e-05
initialization	27	1.693e-05	8.301e-06
cdi	33	1.691e-05	1.146e-05
victim	45	1.691e-05	1.680e-05
bonemeal	9	1.689e-05	1.689e-05
vec3d2	9	1.689e-05	1.689e-05
equation	12	1.688e-05	1.659e-05
uppercase	35	1.687e-05	6.659e-06
cent	8	1.686e-05	1.390e-05
separated	14	1.685e-05	1.649e-05
warned	9	1.684e-05	9.806e-06
concept2	25	1.684e-05	1.684e-05
immutable	116	1.683e-05	6.057e-06
bricks	8	1.683e-05	1.391e-05
repetition	8	1.681e-05	1.390e-05
service3osgi	10	1.680e-05	1.680e-05
allocated	93	1.680e-05	6.718e-06
behavior	58	1.679e-05	1.137e-05
minimal	44	1.678e-05	6.960e-06
qualifier	41	1.676e-05	9.325e-06
stair	7	1.675e-05	1.675e-05
trap_door	7	1.675e-05	1.675e-05
fr	224	1.675e-05	1.007e-05
sl	15	1.674e-05	1.401e-05
ability	6	1.672e-05	1.085e-05
info1	13	1.672e-05	1.475e-05
pos1	21	1.670e-05	1.507e-05
jmanus	25	1.669e-05	1.669e-05
undo	17	1.666e-05	1.345e-05
bar_end	5	1.665e-05	1.665e-05
muzzle	5	1.665e-05	1.665e-05
zh	5	1.665e-05	1.665e-05
departments	17	1.663e-05	1.526e-05
brightness	29	1.663e-05	8.869e-06
latency	10	1.662e-05	1.496e-05
sin	32	1.662e-05	8.133e-06
payment_service	15	1.661e-05	1.392e-05
attempted	11	1.659e-05	1.280e-05
stdin	12	1.659e-05	1.629e-05
list1	23	1.659e-05	8.879e-06
bpm	11	1.659e-05	1.659e-05
exact	138	1.658e-05	6.341e-06
eureka	29	1.658e-05	1.470e-05
test2	23	1.657e-05	6.870e-06
collections	277	1.656e-05	8.402e-06
backing	54	1.656e-05	9.819e-06
total_revenue	10	1.653e-05	1.653e-05
license	31	1.652e-05	8.199e-06
colour	4	1.652e-05	1.327e-05
snowman	4	1.649e-05	1.649e-05
rse	8	1.648e-05	1.648e-05
t0	43	1.647e-05	1.549e-05
repositories	17	1.645e-05	8.347e-06
mega	4	1.645e-05	1.374e-05
outcome	11	1.645e-05	1.088e-05
info2	9	1.644e-05	1.475e-05
sep	47	1.644e-05	5.388e-06
living	14	1.644e-05	9.114e-06
clz	24	1.644e-05	8.122e-06
algo	18	1.642e-05	8.913e-06
importer	25	1.641e-05	1.483e-05
subscribers	22	1.641e-05	1.336e-05
observed	38	1.640e-05	1.114e-05
coll	158	1.640e-05	6.907e-06
fpcalc	4	1.640e-05	1.640e-05
spoken	4	1.640e-05	1.640e-05
value3	8	1.639e-05	1.507e-05
splits	43	1.639e-05	7.677e-06
orphan	29	1.639e-05	1.340e-05
focused	25	1.637e-05	8.552e-06
least	48	1.637e-05	6.458e-06
bubble	14	1.637e-05	1.373e-05
deadline	57	1.636e-05	8.533e-06
ago	22	1.636e-05	9.615e-06
pl	44	1.633e-05	9.336e-06
fabric	10	1.633e-05	1.265e-05
key_word	8	1.630e-05	1.628e-05
pipe	44	1.630e-05	1.128e-05
esignet	7	1.628e-05	1.628e-05
ambient	9	1.627e-05	1.325e-05
proc	29	1.625e-05	9.645e-06
cold	26	1.623e-05	1.058e-05
coins	10	1.619e-05	1.446e-05
creat	5	1.617e-05	1.329e-05
sandbox	21	1.617e-05	1.346e-05
codegen	12	1.616e-05	1.570e-05
moss	3	1.616e-05	1.372e-05
dots	10	1.616e-05	1.081e-05
inline	81	1.615e-05	1.050e-05
diagnosis	32	1.615e-05	1.285e-05
adicionar	1	1.613e-05	1.613e-05
ativos	1	1.613e-05	1.613e-05
cadastro	1	1.613e-05	1.613e-05
campos	1	1.613e-05	1.613e-05
conectar	1	1.613e-05	1.613e-05
dados	1	1.613e-05	1.613e-05
desconectar	1	1.613e-05	1.613e-05
edicao	1	1.613e-05	1.613e-05
editar	1	1.613e-05	1.613e-05
estatisticas	1	1.613e-05	1.613e-05
fim	1	1.613e-05	1.613e-05
formatar	1	1.613e-05	1.613e-05
jogador	1	1.613e-05	1.613e-05
mostrar	1	1.613e-05	1.613e-05
nova	1	1.613e-05	1.613e-05
observaveis	1	1.613e-05	1.613e-05
possiveis	1	1.613e-05	1.613e-05
redimensionavel	1	1.613e-05	1.613e-05
todas	1	1.613e-05	1.613e-05
validar	1	1.613e-05	1.613e-05
requester	24	1.612e-05	1.502e-05
factory_class	7	1.611e-05	1.402e-05
gif	14	1.609e-05	7.937e-06
shard	28	1.606e-05	9.209e-06
website	27	1.603e-05	1.398e-05
exclusive	189	1.601e-05	8.078e-06
lerp	25	1.600e-05	7.350e-06
reached	36	1.600e-05	9.358e-06
front	24	1.600e-05	7.228e-06
abc	24	1.599e-05	1.577e-05
dlq	8	1.596e-05	1.145e-05
http200	6	1.595e-05	1.595e-05
regulatory	53	1.594e-05	1.594e-05
lime	3	1.594e-05	1.372e-05
emetteur	14	1.593e-05	1.593e-05
mise	14	1.593e-05	1.593e-05
prenom	14	1.593e-05	1.593e-05
rue	14	1.593e-05	1.593e-05
utf	19	1.593e-05	6.103e-06
stm	167	1.592e-05	1.219e-05
nl	8	1.590e-05	1.011e-05
origins	25	1.589e-05	9.055e-06
cars	21	1.587e-05	1.579e-05
sh	17	1.587e-05	1.052e-05
wri	42	1.585e-05	7.472e-06
tracking	175	1.584e-05	6.451e-06
warnings	40	1.583e-05	7.862e-06
exporter	22	1.581e-05	8.083e-06
raptor	24	1.581e-05	1.577e-05
rolling	19	1.580e-05	1.209e-05
duty	41	1.579e-05	1.579e-05
overridden	9	1.579e-05	1.503e-05
succeeded	21	1.579e-05	1.113e-05
stopped	31	1.579e-05	8.793e-06
causes	10	1.578e-05	1.343e-05
polling	17	1.577e-05	1.066e-05
parsing	52	1.576e-05	9.208e-06
animations	31	1.575e-05	8.919e-06
birthday	28	1.573e-05	8.750e-06
accumulates	36	1.572e-05	1.063e-05
triggers	214	1.569e-05	9.717e-06
pulse	19	1.568e-05	9.052e-06
closes	35	1.568e-05	1.448e-05
managed	84	1.568e-05	8.540e-06
roll	11	1.567e-05	9.444e-06
grow	19	1.567e-05	7.238e-06
user_agent	50	1.565e-05	6.788e-06
rgba	8	1.562e-05	1.389e-05
wb	36	1.561e-05	7.892e-06
intr	7	1.560e-05	1.553e-05
data1	17	1.559e-05	1.391e-05
guava	16	1.558e-05	1.209e-05
screenshot	9	1.558e-05	1.303e-05
progress_bar	9	1.558e-05	1.438e-05
epidemic	38	1.557e-05	1.557e-05
nearby	16	1.557e-05	8.685e-06
want	16	1.556e-05	9.885e-06
capable	25	1.555e-05	1.188e-05
cog	8	1.555e-05	1.555e-05
fishing	8	1.555e-05	1.555e-05
sputum	8	1.555e-05	1.555e-05
usecase9	6	1.553e-05	1.553e-05
name1	48	1.553e-05	6.571e-06
orc	70	1.552e-05	1.552e-05
commons	14	1.552e-05	6.672e-06
base64encoded	9	1.550e-05	1.302e-05
de	23	1.550e-05	1.059e-05
key2	106	1.549e-05	6.568e-06
fg	31	1.548e-05	1.253e-05
podzol	2	1.548e-05	1.372e-05
shake	7	1.545e-05	1.333e-05
camel_case	23	1.544e-05	5.266e-06
vals	72	1.542e-05	6.906e-06
guide	36	1.542e-05	1.280e-05
neg	42	1.542e-05	1.025e-05
mail_service	8	1.539e-05	8.939e-06
404	31	1.537e-05	1.123e-05
unmodified	5	1.537e-05	1.493e-05
chooser	38	1.535e-05	8.529e-06
reads	80	1.535e-05	7.377e-06
jpeg	18	1.535e-05	6.535e-06
terminated	29	1.534e-05	8.516e-06
usable	29	1.534e-05	5.246e-06
you	209	1.530e-05	8.381e-06
bright	16	1.528e-05	8.645e-06
grpc	20	1.528e-05	1.212e-05
ib	6	1.528e-05	1.362e-05
camel	39	1.526e-05	6.115e-06
classify	24	1.526e-05	1.173e-05
catch	39	1.525e-05	7.353e-06
dragging	47	1.524e-05	1.166e-05
wal	472	1.523e-05	1.194e-05
discover	17	1.522e-05	9.409e-06
object1	15	1.522e-05	8.129e-06
golden	17	1.522e-05	1.233e-05
ne	75	1.519e-05	9.060e-06
entity2	36	1.517e-05	7.825e-06
paint	26	1.517e-05	7.005e-06
ny	21	1.517e-05	1.069e-05
r4	9	1.516e-05	1.283e-05
axe	6	1.515e-05	1.383e-05
proj	53	1.513e-05	1.001e-05
references3set	9	1.512e-05	1.512e-05
reg1a	9	1.512e-05	1.512e-05
service3	9	1.512e-05	1.512e-05
extent	49	1.512e-05	1.424e-05
padded	15	1.511e-05	8.855e-06
cooking	33	1.509e-05	1.103e-05
little	39	1.509e-05	1.333e-05
bees	2	1.509e-05	1.367e-05
altitude	10	1.508e-05	1.508e-05
separate	41	1.508e-05	7.798e-06
prioritized	50	1.507e-05	1.401e-05
heading	7	1.506e-05	1.295e-05
null_object	35	1.505e-05	1.275e-05
aws	32	1.504e-05	1.087e-05
scc	50	1.504e-05	1.504e-05
locker	11	1.503e-05	1.503e-05
expressions	78	1.503e-05	8.446e-06
maxs	5	1.502e-05	1.502e-05
value4	5	1.502e-05	1.502e-05
black_eye	8	1.502e-05	1.502e-05
pink_eye	8	1.502e-05	1.502e-05
planter	8	1.502e-05	1.502e-05
libraries	19	1.501e-05	1.063e-05
underscore	21	1.500e-05	1.020e-05
blur	38	1.500e-05	1.024e-05
localized	45	1.500e-05	1.253e-05
configurable	15	1.499e-05	9.319e-06
rang	13	1.499e-05	1.185e-05
scoring	47	1.498e-05	1.366e-05
gravel	4	1.498e-05	1.366e-05
iterate	103	1.495e-05	7.492e-06
balances	4	1.495e-05	1.493e-05
hay	3	1.495e-05	1.366e-05
acceptor	33	1.495e-05	1.155e-05
possible	57	1.494e-05	5.572e-06
pc	84	1.492e-05	6.611e-06
tc	49	1.491e-05	8.795e-06
domestic	9	1.490e-05	1.314e-05
nvidia	9	1.488e-05	1.488e-05
calculation	25	1.488e-05	1.021e-05
distortion	7	1.487e-05	1.457e-05
degrade	52	1.483e-05	1.483e-05
amp	15	1.482e-05	6.253e-06
narrower	22	1.482e-05	1.482e-05
study	10	1.481e-05	1.481e-05
varargs	23	1.480e-05	1.028e-05
titre	13	1.479e-05	1.479e-05
offending	4	1.479e-05	1.474e-05
regions	42	1.478e-05	8.074e-06
delayed	21	1.475e-05	7.970e-06
donatable	36	1.475e-05	1.475e-05
hospital	36	1.475e-05	1.475e-05
latitude	29	1.474e-05	9.736e-06
longitude	29	1.474e-05	9.736e-06
placement	19	1.474e-05	8.288e-06
atn	2	1.474e-05	1.474e-05
lexema	2	1.474e-05	1.474e-05
symbol_table	2	1.474e-05	1.474e-05
vectorize	32	1.472e-05	1.472e-05
refuse	11	1.472e-05	1.073e-05
floats	19	1.472e-05	1.206e-05
gbk	19	1.471e-05	6.448e-06
plain_text	12	1.470e-05	9.839e-06
million	37	1.470e-05	1.466e-05
official	9	1.468e-05	1.256e-05
b0	12	1.468e-05	7.436e-06
eternal	37	1.468e-05	1.468e-05
harness	36	1.466e-05	1.466e-05
enemies	7	1.465e-05	1.436e-05
glide	7	1.465e-05	1.436e-05
minus	105	1.465e-05	5.817e-06
affect	16	1.461e-05	1.331e-05
recommendation	41	1.460e-05	9.917e-06
story	22	1.458e-05	1.458e-05
drag_and_drop	3	1.458e-05	1.034e-05
step_time	6	1.457e-05	1.457e-05
zstructs	6	1.457e-05	1.457e-05
resolvers	26	1.457e-05	6.864e-06
colon	36	1.457e-05	5.366e-06
multiply	44	1.457e-05	7.276e-06
adding	20	1.456e-05	8.482e-06
gone	18	1.456e-05	9.898e-06
decrement	51	1.455e-05	7.369e-06
locate	15	1.454e-05	9.372e-06
gz	21	1.454e-05	8.237e-06
errmsg	14	1.454e-05	1.427e-05
preserves	257	1.454e-05	7.514e-06
curve	21	1.453e-05	1.080e-05
acc	41	1.453e-05	8.008e-06
pumpkin	3	1.452e-05	1.363e-05
sponge	3	1.452e-05	1.363e-05
jslt	28	1.451e-05	1.451e-05
propagator	13	1.451e-05	8.522e-06
subset	14	1.450e-05	1.311e-05
brands	21	1.450e-05	1.021e-05
consistency	71	1.450e-05	1.338e-05
locator	34	1.448e-05	7.549e-06
saving	25	1.448e-05	7.204e-06
statistic	40	1.446e-05	8.644e-06
fee	36	1.446e-05	8.283e-06
overlaps	22	1.443e-05	1.290e-05
rescan	7	1.443e-05	1.378e-05
wing	5	1.443e-05	1.311e-05
fan	112	1.443e-05	8.578e-06
facet	28	1.443e-05	1.051e-05
shrink	125	1.442e-05	8.104e-06
increased	8	1.442e-05	1.436e-05
clusters	65	1.441e-05	1.355e-05
const	21	1.441e-05	7.207e-06
hydrate	31	1.441e-05	1.046e-05
cred	7	1.440e-05	1.395e-05
trusted	28	1.440e-05	9.297e-06
irrelevant	6	1.439e-05	1.320e-05
reduced	42	1.438e-05	1.041e-05
cash	70	1.436e-05	1.276e-05
archer	6	1.436e-05	1.436e-05
collectables	6	1.436e-05	1.436e-05
ninja	6	1.436e-05	1.436e-05
spiked	6	1.436e-05	1.436e-05
artifact	38	1.435e-05	1.175e-05
symptom	35	1.434e-05	1.434e-05
seg	88	1.434e-05	5.949e-06
capabilities	9	1.432e-05	1.284e-05
mutate	42	1.431e-05	9.441e-06
implemented	20	1.431e-05	4.349e-06
locators	16	1.431e-05	1.054e-05
internet	3	1.430e-05	8.444e-06
pickup	9	1.430e-05	1.306e-05
affiliation	16	1.429e-05	1.425e-05
choice	35	1.429e-05	8.314e-06
got	109	1.428e-05	6.122e-06
atlas	26	1.428e-05	1.005e-05
sr	85	1.428e-05	7.075e-06
offsets	23	1.427e-05	6.966e-06
data0	4	1.427e-05	1.389e-05
ada	13	1.426e-05	1.426e-05
davinci	13	1.426e-05	1.426e-05
joins	37	1.426e-05	9.937e-06
checker	43	1.425e-05	6.157e-06
delim	39	1.423e-05	5.416e-06
quotes	53	1.423e-05	5.693e-06
searched	5	1.420e-05	1.317e-05
insufficient	8	1.417e-05	6.975e-06
var9	30	1.417e-05	1.288e-05
pow	5	1.416e-05	1.361e-05
isolation	88	1.414e-05	6.973e-06
alphabet	10	1.412e-05	8.524e-06
axes	15	1.411e-05	1.378e-05
swt	334	1.410e-05	1.364e-05
lit	21	1.408e-05	8.125e-06
clicks	4	1.407e-05	1.378e-05
whose	4	1.406e-05	1.316e-05
carrying	8	1.405e-05	9.948e-06
entry2	170	1.404e-05	6.787e-06
normalizer	69	1.404e-05	9.414e-06
mean	25	1.401e-05	7.411e-06
termination	21	1.400e-05	7.056e-06
regist	21	1.400e-05	1.149e-05
ss	33	1.397e-05	4.422e-06
forgot	5	1.396e-05	1.315e-05
ed25519	6	1.395e-05	1.395e-05
jws	6	1.395e-05	1.395e-05
mdoc	6	1.395e-05	1.395e-05
signet	6	1.395e-05	1.395e-05
prometheus	15	1.395e-05	1.290e-05
setters	39	1.394e-05	6.592e-06
mix	69	1.394e-05	5.658e-06
yarn	10	1.392e-05	1.245e-05
completes	23	1.391e-05	1.093e-05
itr	59	1.391e-05	1.126e-05
sha512	6	1.390e-05	1.379e-05
york	3	1.389e-05	1.389e-05
order_form	15	1.389e-05	9.374e-06
des	48	1.388e-05	5.719e-06
gift	115	1.387e-05	9.771e-06
unallocated	15	1.385e-05	6.474e-06
creates	89	1.385e-05	8.250e-06
unread	9	1.385e-05	8.782e-06
may	45	1.385e-05	5.280e-06
comm	42	1.384e-05	6.580e-06
ray	41	1.384e-05	7.544e-06
knob	47	1.384e-05	1.268e-05
cropped	3	1.381e-05	1.315e-05
ev	27	1.381e-05	7.051e-06
ruby	8	1.380e-05	1.360e-05
et	96	1.377e-05	1.159e-05
message1	7	1.377e-05	8.524e-06
hierarchical	33	1.377e-05	9.686e-06
consignee	3	1.375e-05	1.375e-05
delivery_time	3	1.375e-05	1.375e-05
quick	36	1.373e-05	7.331e-06
reconcile	11	1.373e-05	1.366e-05
processors	31	1.371e-05	6.654e-06
list2	21	1.370e-05	8.643e-06
di	33	1.370e-05	6.422e-06
unused	47	1.369e-05	7.244e-06
overlays	4	1.369e-05	1.360e-05
charged	2	1.367e-05	1.360e-05
accessed	31	1.366e-05	8.020e-06
feather	23	1.365e-05	1.100e-05
reversed	24	1.365e-05	7.590e-06
jade	2	1.365e-05	1.361e-05
unit_test	18	1.364e-05	6.460e-06
fail_over	16	1.364e-05	8.447e-06
scheduling	6	1.364e-05	1.070e-05
doi	10	1.363e-05	1.333e-05
dt	19	1.363e-05	8.888e-06
tokenizer	51	1.363e-05	8.806e-06
fragile	7	1.361e-05	1.361e-05
yttr	7	1.361e-05	1.361e-05
bounce	12	1.361e-05	9.952e-06
ae2	1	1.361e-05	1.361e-05
allthetweaks	1	1.361e-05	1.361e-05
alum	1	1.361e-05	1.361e-05
amethyst	1	1.361e-05	1.361e-05
aoa3	1	1.361e-05	1.361e-05
arcanus	1	1.361e-05	1.361e-05
atm	1	1.361e-05	1.361e-05
basalt	1	1.361e-05	1.361e-05
blazing	1	1.361e-05	1.361e-05
blue_ice	1	1.361e-05	1.361e-05
bone	1	1.361e-05	1.361e-05
botania	1	1.361e-05	1.361e-05
brass	1	1.361e-05	1.361e-05
calcite	1	1.361e-05	1.361e-05
certus	1	1.361e-05	1.361e-05
cinnabar	1	1.361e-05	1.361e-05
clay	1	1.361e-05	1.361e-05
cobbled	1	1.361e-05	1.361e-05
conductive	1	1.361e-05	1.361e-05
constantan	1	1.361e-05	1.361e-05
diorite	1	1.361e-05	1.361e-05
dried	1	1.361e-05	1.361e-05
dripstone	1	1.361e-05	1.361e-05
dust	1	1.361e-05	1.361e-05
electrum	1	1.361e-05	1.361e-05
enderio	1	1.361e-05	1.361e-05
enderium	1	1.361e-05	1.361e-05
energetic	1	1.361e-05	1.361e-05
energized	1	1.361e-05	1.361e-05
entro	1	1.361e-05	1.361e-05
exdeorum	1	1.361e-05	1.361e-05
extendedae	1	1.361e-05	1.361e-05
fluix	1	1.361e-05	1.361e-05
fluorite	1	1.361e-05	1.361e-05
fuels	1	1.361e-05	1.361e-05
granite	1	1.361e-05	1.361e-05
greg	1	1.361e-05	1.361e-05
heart_block	1	1.361e-05	1.361e-05
honey	1	1.361e-05	1.361e-05
honeycomb	1	1.361e-05	1.361e-05
iall	1	1.361e-05	1.361e-05
ingot	1	1.361e-05	1.361e-05
invar	1	1.361e-05	1.361e-05
jei	1	1.361e-05	1.361e-05
kelp	1	1.361e-05	1.361e-05
kivi	1	1.361e-05	1.361e-05
lapis	1	1.361e-05	1.361e-05
lumium	1	1.361e-05	1.361e-05
magma	1	1.361e-05	1.361e-05
mekanism	1	1.361e-05	1.361e-05
melon	1	1.361e-05	1.361e-05
mycelium	1	1.361e-05	1.361e-05
niotic	1	1.361e-05	1.361e-05
nitro	1	1.361e-05	1.361e-05
peridot	1	1.361e-05	1.361e-05
piglich	1	1.361e-05	1.361e-05
pneumatic	1	1.361e-05	1.361e-05
productive	1	1.361e-05	1.361e-05
pulsating	1	1.361e-05	1.361e-05
sapphire	1	1.361e-05	1.361e-05
silicon	1	1.361e-05	1.361e-05
skeletal	1	1.361e-05	1.361e-05
soularium	1	1.361e-05	1.361e-05
spirited	1	1.361e-05	1.361e-05
sulfur	1	1.361e-05	1.361e-05
terracotta	1	1.361e-05	1.361e-05
tuff	1	1.361e-05	1.361e-05
uraninite	1	1.361e-05	1.361e-05
vibrant	1	1.361e-05	1.361e-05
warped	1	1.361e-05	1.361e-05
wax	1	1.361e-05	1.361e-05
x3	1	1.361e-05	1.361e-05
x4	1	1.361e-05	1.361e-05
x5	1	1.361e-05	1.361e-05
x6	1	1.361e-05	1.361e-05
x7	1	1.361e-05	1.361e-05
x8	1	1.361e-05	1.361e-05
x9	1	1.361e-05	1.361e-05
xall	1	1.361e-05	1.361e-05
cleaned	12	1.360e-05	8.883e-06
evicted	41	1.359e-05	1.131e-05
placed	13	1.358e-05	6.465e-06
assignee	30	1.358e-05	1.358e-05
azimuth	9	1.357e-05	1.357e-05
instruments	9	1.357e-05	1.357e-05
piano	9	1.357e-05	1.357e-05
rb	20	1.356e-05	1.129e-05
rule1	36	1.355e-05	1.023e-05
dispatch	99	1.354e-05	6.455e-06
blood_group	33	1.352e-05	1.352e-05
end_user	38	1.352e-05	1.311e-05
retrieved	42	1.351e-05	1.034e-05
crashed	5	1.350e-05	1.330e-05
owners	31	1.349e-05	1.004e-05
ys	11	1.349e-05	7.914e-06
millisecond	23	1.348e-05	8.444e-06
abbreviation	20	1.347e-05	1.347e-05
broader	20	1.347e-05	1.347e-05
expiration_time	15	1.347e-05	1.012e-05
otlp	3	1.346e-05	1.281e-05
mid	66	1.346e-05	5.907e-06
graph1	16	1.346e-05	1.316e-05
books	16	1.345e-05	8.163e-06
subscribed	12	1.345e-05	7.683e-06
dependency1a	8	1.344e-05	1.344e-05
dependency1b	8	1.344e-05	1.344e-05
triple	48	1.344e-05	6.236e-06
mongodb	23	1.344e-05	9.423e-06
dual	19	1.343e-05	9.614e-06
articulo	3	1.342e-05	1.342e-05
byctadinero	3	1.342e-05	1.342e-05
byctadinerodestino	3	1.342e-05	1.342e-05
centrocostos	3	1.342e-05	1.342e-05
costopromedio	3	1.342e-05	1.342e-05
ctes	3	1.342e-05	1.342e-05
departamentos	3	1.342e-05	1.342e-05
dine	3	1.342e-05	1.342e-05
dineroctadinero	3	1.342e-05	1.342e-05
dineroid	3	1.342e-05	1.342e-05
empresa	3	1.342e-05	1.342e-05
gastos	3	1.342e-05	1.342e-05
giro	3	1.342e-05	1.342e-05
invds	3	1.342e-05	1.342e-05
jpql	3	1.342e-05	1.342e-05
movaplica	3	1.342e-05	1.342e-05
movaplicaid	3	1.342e-05	1.342e-05
municipios	3	1.342e-05	1.342e-05
ncr	3	1.342e-05	1.342e-05
nit	3	1.342e-05	1.342e-05
proveedor	3	1.342e-05	1.342e-05
rama	3	1.342e-05	1.342e-05
serie	3	1.342e-05	1.342e-05
telefonos	3	1.342e-05	1.342e-05
tipocontribuyente	3	1.342e-05	1.342e-05
ventas	3	1.342e-05	1.342e-05
doubles	21	1.340e-05	1.204e-05
clob	78	1.339e-05	1.053e-05
deletes	73	1.338e-05	1.030e-05
strike	10	1.338e-05	1.306e-05
fo	26	1.338e-05	7.458e-06
caller	22	1.337e-05	1.107e-05
d2	36	1.335e-05	8.041e-06
killed	3	1.334e-05	1.330e-05
modes	27	1.330e-05	7.135e-06
etat	2	1.330e-05	1.330e-05
nbts	2	1.330e-05	1.330e-05
precedent	2	1.330e-05	1.330e-05
purged	2	1.330e-05	1.330e-05
worlds	2	1.330e-05	1.330e-05
lab4	43	1.329e-05	1.329e-05
hbase	62	1.329e-05	1.243e-05
boot2	5	1.329e-05	1.329e-05
boot3	5	1.329e-05	1.329e-05
circuit_breaker	40	1.329e-05	9.443e-06
registrations	9	1.328e-05	1.294e-05
enumeration	14	1.328e-05	7.087e-06
signer	10	1.328e-05	1.008e-05
attachments	14	1.328e-05	6.782e-06
doesnt	21	1.327e-05	7.558e-06
larger	42	1.326e-05	1.004e-05
jmx	25	1.326e-05	7.475e-06
prints	4	1.325e-05	1.277e-05
encryptor	20	1.325e-05	9.783e-06
image_map	20	1.325e-05	9.783e-06
dont	26	1.324e-05	7.036e-06
lrg	44	1.323e-05	1.323e-05
servicegui	44	1.323e-05	1.323e-05
jobs	27	1.323e-05	6.520e-06
stuck	9	1.323e-05	9.622e-06
amd	8	1.323e-05	1.323e-05
wmic	8	1.323e-05	1.323e-05
terminal	40	1.322e-05	6.294e-06
bindable	12	1.322e-05	7.742e-06
leg	27	1.321e-05	9.116e-06
closing	33	1.320e-05	5.357e-06
aggregated	28	1.319e-05	8.057e-06
ban	4	1.319e-05	1.141e-05
rng	52	1.318e-05	1.142e-05
artist	24	1.318e-05	8.933e-06
check_out	25	1.318e-05	1.170e-05
babbage	12	1.316e-05	1.316e-05
xsd	10	1.316e-05	9.822e-06
extention	2	1.316e-05	1.316e-05
fileselector	2	1.316e-05	1.316e-05
sil	2	1.316e-05	1.316e-05
subject1	15	1.316e-05	1.316e-05
eof	31	1.315e-05	8.414e-06
page3	5	1.315e-05	9.712e-06
rownum	15	1.315e-05	9.120e-06
fact	22	1.314e-05	7.929e-06
get_in_touch	2	1.314e-05	1.314e-05
matematix	2	1.314e-05	1.314e-05
soft	59	1.313e-05	9.908e-06
zip_code	47	1.313e-05	1.216e-05
delegator	193	1.313e-05	1.310e-05
thymeleaf	10	1.311e-05	9.656e-06
equivalent	21	1.309e-05	8.205e-06
addend	6	1.309e-05	1.309e-05
alter	310	1.309e-05	8.146e-06
detect	22	1.308e-05	5.930e-06
stages	31	1.307e-05	6.936e-06
casing	10	1.307e-05	1.173e-05
blessed	2	1.305e-05	1.305e-05
dome	2	1.305e-05	1.305e-05
fragrances	2	1.305e-05	1.305e-05
halo	2	1.305e-05	1.305e-05
lightning	2	1.305e-05	1.305e-05
networking	2	1.305e-05	1.305e-05
sheeted	2	1.305e-05	1.305e-05
wrench	2	1.305e-05	1.305e-05
remapper	4	1.304e-05	1.238e-05
views	171	1.304e-05	6.653e-06
ancestor	29	1.304e-05	6.955e-06
browsing	5	1.304e-05	1.276e-05
fog	17	1.304e-05	8.315e-06
magic	30	1.303e-05	9.029e-06
wired	35	1.302e-05	1.029e-05
af	4	1.302e-05	9.344e-06
entry1	165	1.301e-05	6.701e-06
planned	17	1.300e-05	8.880e-06
fox	7	1.297e-05	1.276e-05
downgrade	6	1.297e-05	1.294e-05
bodies	4	1.296e-05	1.137e-05
dicts	17	1.296e-05	6.501e-06
ssa	7	1.295e-05	1.295e-05
utmp	7	1.295e-05	1.295e-05
defer	9	1.293e-05	1.050e-05
fine	5	1.292e-05	1.137e-05
cortex	29	1.292e-05	1.288e-05
gained	7	1.292e-05	1.139e-05
lock_time	14	1.292e-05	5.151e-06
on500	1	1.289e-05	1.289e-05
sold_out	1	1.289e-05	1.289e-05
folders	10	1.289e-05	8.717e-06
y2	25	1.287e-05	5.577e-06
strafe	41	1.287e-05	1.080e-05
beetlsql	9	1.284e-05	1.284e-05
socketio	9	1.284e-05	1.284e-05
opens	4	1.282e-05	1.276e-05
value0	6	1.281e-05	1.203e-05
getp	2	1.280e-05	1.280e-05
replenishment	2	1.280e-05	1.280e-05
fp	33	1.279e-05	8.761e-06
load_time	45	1.279e-05	1.191e-05
gaps	8	1.279e-05	1.270e-05
outstanding	32	1.277e-05	9.284e-06
poller	24	1.277e-05	1.212e-05
paging	16	1.277e-05	9.244e-06
gravy	2	1.276e-05	1.276e-05
ham	2	1.276e-05	1.276e-05
tbody	2	1.276e-05	1.276e-05
fac	7	1.276e-05	1.014e-05
indented	23	1.276e-05	1.109e-05
genres	4	1.276e-05	1.230e-05
occurs	19	1.275e-05	1.101e-05
zk	22	1.275e-05	8.371e-06
decrease	19	1.272e-05	7.623e-06
bugs	23	1.271e-05	9.676e-06
カテゴリ削除	3	1.270e-05	1.270e-05
不在なら404例外	3	1.270e-05	1.270e-05
境界値1なら生成できる	3	1.270e-05	1.270e-05
支出一覧	3	1.270e-05	1.270e-05
支出更新	3	1.270e-05	1.270e-05
tap	12	1.268e-05	1.070e-05
volatile	28	1.267e-05	1.110e-05
param1	36	1.266e-05	7.125e-06
em	20	1.266e-05	9.067e-06
weak	31	1.264e-05	8.950e-06
iterations	100	1.263e-05	5.469e-06
translated	9	1.261e-05	5.853e-06
base64string	11	1.260e-05	8.829e-06
homepage	4	1.260e-05	1.230e-05
respects	31	1.257e-05	9.100e-06
ii	15	1.256e-05	6.666e-06
tp	23	1.256e-05	1.000e-05
text_file	27	1.255e-05	6.387e-06
upsert	139	1.254e-05	5.952e-06
th	19	1.253e-05	5.064e-06
pri	30	1.253e-05	1.193e-05
bloom_filter	10	1.252e-05	1.230e-05
idempotent	97	1.251e-05	7.384e-06
ph	13	1.250e-05	1.030e-05
deg	23	1.248e-05	7.955e-06
bib	14	1.247e-05	1.056e-05
rpc	33	1.246e-05	8.934e-06
themes	20	1.245e-05	8.567e-06
z1	25	1.244e-05	9.823e-06
lag	47	1.244e-05	1.114e-05
attr2	59	1.243e-05	1.243e-05
subclass	62	1.240e-05	5.344e-06
luck	9	1.239e-05	1.005e-05
which	10	1.238e-05	9.426e-06
directions	20	1.238e-05	6.573e-06
rx	28	1.238e-05	6.944e-06
itfs	3	1.237e-05	1.237e-05
obfuscated	3	1.237e-05	1.237e-05
proposal	3	1.237e-05	1.237e-05
propose	3	1.237e-05	1.237e-05
sparse	131	1.237e-05	7.075e-06
marital	31	1.236e-05	1.229e-05
disconnect	33	1.236e-05	6.966e-06
nulls	69	1.236e-05	5.304e-06
dep	9	1.236e-05	1.044e-05
alternative	38	1.235e-05	7.037e-06
entity1	46	1.234e-05	7.823e-06
collapse	34	1.234e-05	1.021e-05
639	4	1.233e-05	1.230e-05
companies	4	1.233e-05	1.230e-05
hql	17	1.232e-05	9.581e-06
data_entry	3	1.231e-05	1.208e-05
3166	3	1.230e-05	1.230e-05
networks	3	1.230e-05	1.230e-05
production_code	3	1.230e-05	1.230e-05
optionally	26	1.229e-05	9.833e-06
quoted	102	1.229e-05	6.243e-06
distributed	34	1.229e-05	7.137e-06
listener1	5	1.228e-05	1.051e-05
listener2	5	1.228e-05	1.051e-05
collects	9	1.228e-05	1.208e-05
lie	5	1.227e-05	1.022e-05
projectiles	6	1.226e-05	1.197e-05
registrar	5	1.226e-05	6.684e-06
fout	4	1.225e-05	1.138e-05
translator	8	1.225e-05	1.035e-05
pipeline	25	1.224e-05	8.266e-06
accumulo	56	1.224e-05	1.220e-05
flw	27	1.222e-05	1.222e-05
operate	10	1.222e-05	8.452e-06
handling	23	1.221e-05	4.938e-06
underline	28	1.221e-05	6.205e-06
amplitude	10	1.219e-05	7.081e-06
filtering	29	1.218e-05	6.329e-06
e1	97	1.216e-05	5.409e-06
variations	33	1.216e-05	1.213e-05
k22cliques	5	1.214e-05	1.214e-05
sqrd	5	1.214e-05	1.214e-05
chained	14	1.214e-05	8.709e-06
yi	17	1.213e-05	7.720e-06
countdown	9	1.212e-05	8.454e-06
elytra	20	1.211e-05	8.546e-06
pivot	41	1.211e-05	8.439e-06
express	43	1.211e-05	1.010e-05
canceled	32	1.210e-05	9.837e-06
rem	12	1.210e-05	7.447e-06
sliding	12	1.210e-05	1.096e-05
horizon	9	1.209e-05	1.206e-05
nautical	9	1.209e-05	1.206e-05
vacuum	19	1.209e-05	1.166e-05
semiautomatic	2	1.208e-05	1.208e-05
verbose	38	1.207e-05	7.690e-06
relevant	27	1.207e-05	8.723e-06
postgre	9	1.207e-05	8.689e-06
audited	11	1.207e-05	8.990e-06
astronomical	8	1.206e-05	1.206e-05
civil	8	1.206e-05	1.206e-05
pomodoro	8	1.206e-05	1.206e-05
scorer	39	1.206e-05	1.206e-05
activities	20	1.204e-05	8.202e-06
backflow	4	1.202e-05	1.202e-05
local0	4	1.202e-05	1.202e-05
local2	4	1.202e-05	1.202e-05
local3	4	1.202e-05	1.202e-05
local4	4	1.202e-05	1.202e-05
local5	4	1.202e-05	1.202e-05
local6	4	1.202e-05	1.202e-05
local7	4	1.202e-05	1.202e-05
local8	4	1.202e-05	1.202e-05
local9	4	1.202e-05	1.202e-05
runnables	4	1.202e-05	1.202e-05
value5	4	1.202e-05	1.202e-05
value6	4	1.202e-05	1.202e-05
value7	4	1.202e-05	1.202e-05
value8	4	1.202e-05	1.202e-05
value9	4	1.202e-05	1.202e-05
mount	15	1.201e-05	8.189e-06
streaming	27	1.198e-05	6.041e-06
bcd	19	1.197e-05	1.193e-05
knight	5	1.197e-05	1.197e-05
occurring	5	1.197e-05	1.197e-05
patterned	5	1.197e-05	1.197e-05
ruo	13	1.197e-05	7.720e-06
invalidation	26	1.196e-05	1.094e-05
canvas	27	1.195e-05	6.950e-06
dims	25	1.195e-05	9.213e-06
cus	22	1.195e-05	1.066e-05
dollar	23	1.194e-05	6.653e-06
removes	90	1.194e-05	5.309e-06
testing	91	1.192e-05	6.179e-06
coding	29	1.191e-05	1.021e-05
pks	274	1.190e-05	1.032e-05
visibility	222	1.190e-05	6.673e-06
glo	9	1.189e-05	1.185e-05
intercept	28	1.189e-05	9.684e-06
blood_bank	29	1.188e-05	1.188e-05
father	25	1.188e-05	9.708e-06
snowflake	35	1.188e-05	5.725e-06
stuff	56	1.188e-05	1.056e-05
linear	53	1.188e-05	6.694e-06
sz	39	1.186e-05	6.915e-06
screens	30	1.186e-05	6.245e-06
data_sink	8	1.185e-05	1.185e-05
ucsb	8	1.185e-05	1.185e-05
stand	14	1.183e-05	1.003e-05
revoke	56	1.182e-05	6.528e-06
sm	13	1.182e-05	5.893e-06
removing	10	1.182e-05	6.544e-06
cloned	18	1.181e-05	7.254e-06
against	47	1.179e-05	6.504e-06
objection	26	1.177e-05	1.177e-05
interface1	7	1.176e-05	1.176e-05
references3filtered	7	1.176e-05	1.176e-05
service5	7	1.176e-05	1.176e-05
planning	32	1.176e-05	1.135e-05
rad	26	1.175e-05	7.357e-06
exceed	27	1.175e-05	4.977e-06
transient	39	1.175e-05	8.841e-06
coalescing	12	1.175e-05	9.536e-06
lab6	38	1.175e-05	1.175e-05
centroid	22	1.174e-05	9.200e-06
oldest	16	1.174e-05	8.103e-06
locality	12	1.173e-05	9.230e-06
primitive_type	18	1.173e-05	6.575e-06
dangerous	13	1.170e-05	8.337e-06
traffic	36	1.169e-05	1.011e-05
qr	33	1.168e-05	9.382e-06
medium	75	1.168e-05	6.044e-06
certificates	29	1.168e-05	6.594e-06
connected	41	1.167e-05	5.680e-06
declaring	7	1.167e-05	9.737e-06
bird	6	1.167e-05	1.162e-05
bobber	6	1.166e-05	1.166e-05
hemogiant	6	1.166e-05	1.166e-05
ing	6	1.166e-05	1.166e-05
lakes	6	1.166e-05	1.166e-05
meteor	6	1.166e-05	1.166e-05
parry	6	1.166e-05	1.166e-05
formal	36	1.166e-05	8.199e-06
enc	17	1.166e-05	5.357e-06
instantiator	17	1.165e-05	1.165e-05
wave	12	1.165e-05	6.282e-06
result2	54	1.165e-05	4.939e-06
appid	12	1.164e-05	6.751e-06
templating	5	1.163e-05	1.163e-05
vd11	5	1.163e-05	1.163e-05
vd12	5	1.163e-05	1.163e-05
lru	45	1.162e-05	5.356e-06
sellable	5	1.162e-05	1.135e-05
finders	21	1.162e-05	8.769e-06
population	7	1.162e-05	1.092e-05
reflect	31	1.162e-05	4.447e-06
advisor	9	1.158e-05	7.987e-06
rhs	87	1.158e-05	6.456e-06
lspci	7	1.157e-05	1.157e-05
actuate	6	1.157e-05	1.157e-05
transitive	8	1.156e-05	1.024e-05
utility	27	1.156e-05	6.233e-06
posts	27	1.154e-05	5.539e-06
adjustments	149	1.152e-05	9.897e-06
parents	28	1.149e-05	6.398e-06
copies	34	1.148e-05	9.302e-06
ctrl	10	1.147e-05	7.445e-06
prefer	17	1.147e-05	7.298e-06
randomly	6	1.146e-05	8.066e-06
else	83	1.146e-05	6.148e-06
csrf	29	1.145e-05	5.684e-06
abort	30	1.145e-05	6.660e-06
labels1	17	1.145e-05	1.145e-05
25402	17	1.145e-05	1.145e-05
reconnect	22	1.144e-05	7.021e-06
described	14	1.144e-05	1.054e-05
structured	21	1.144e-05	9.006e-06
examples	13	1.142e-05	6.874e-06
enjoy	8	1.142e-05	1.142e-05
rabbitmq	8	1.142e-05	1.142e-05
gets	30	1.141e-05	6.934e-06
vehicules	10	1.138e-05	1.138e-05
newest	11	1.138e-05	7.951e-06
phi	9	1.138e-05	7.382e-06
otel	2	1.137e-05	8.065e-06
gear	11	1.136e-05	8.133e-06
approximate	83	1.136e-05	8.880e-06
403	15	1.136e-05	9.223e-06
earned	1	1.135e-05	1.135e-05
earning	1	1.135e-05	1.135e-05
gifts	1	1.135e-05	1.135e-05
jda	1	1.135e-05	1.135e-05
mechanics	1	1.135e-05	1.135e-05
mentioned	1	1.135e-05	1.135e-05
ptp	1	1.135e-05	1.135e-05
rewards	1	1.135e-05	1.135e-05
robbed	1	1.135e-05	1.135e-05
robber	1	1.135e-05	1.135e-05
d1	25	1.135e-05	4.351e-06
bin	64	1.134e-05	4.835e-06
hang	23	1.134e-05	7.921e-06
tagged	16	1.133e-05	7.188e-06
s3file	51	1.131e-05	1.131e-05
deny	20	1.130e-05	4.901e-06
bracket	43	1.129e-05	8.390e-06
percentile	24	1.129e-05	9.756e-06
weixin	10	1.129e-05	6.071e-06
cattails	6	1.126e-05	1.126e-05
cst	32	1.126e-05	8.081e-06
built	43	1.125e-05	7.620e-06
commits	13	1.124e-05	7.078e-06
buffering	3	1.124e-05	1.124e-05
rfa	3	1.124e-05	1.124e-05
enderman	11	1.123e-05	8.036e-06
ar	20	1.123e-05	6.423e-06
sprites	9	1.122e-05	8.203e-06
lore	11	1.122e-05	7.899e-06
dyaw	18	1.122e-05	8.261e-06
shader	37	1.120e-05	1.032e-05
dist2	19	1.120e-05	7.694e-06
falls	112	1.120e-05	5.515e-06
expose	36	1.120e-05	8.231e-06
ack	9	1.119e-05	1.004e-05
body_part	10	1.118e-05	1.038e-05
additions	9	1.118e-05	9.742e-06
v4	28	1.118e-05	3.804e-06
lowercase	30	1.116e-05	4.147e-06
solid	27	1.113e-05	9.715e-06
villager	15	1.113e-05	7.829e-06
queueing	39	1.113e-05	1.113e-05
g2d	10	1.112e-05	7.917e-06
v3	160	1.112e-05	4.660e-06
daemon	20	1.110e-05	6.529e-06
submission	10	1.110e-05	8.402e-06
applicable	7	1.110e-05	7.411e-06
rewrites	10	1.109e-05	8.957e-06
faulty	23	1.109e-05	9.711e-06
qwen	17	1.109e-05	1.068e-05
rids	403	1.108e-05	1.108e-05
vol	163	1.108e-05	7.173e-06
orientation	15	1.108e-05	6.928e-06
array2	28	1.108e-05	8.025e-06
duplicated	44	1.107e-05	1.025e-05
sv	82	1.106e-05	6.052e-06
paste	16	1.106e-05	7.167e-06
operlog	12	1.104e-05	5.152e-06
descriptions	26	1.103e-05	4.857e-06
configurations	25	1.103e-05	8.506e-06
meta0	6	1.101e-05	1.036e-05
storefront	29	1.099e-05	1.099e-05
nz	24	1.099e-05	1.099e-05
npe	34	1.099e-05	7.887e-06
smart	31	1.099e-05	8.337e-06
way	23	1.097e-05	4.604e-06
chatai	10	1.097e-05	1.097e-05
dealing	16	1.097e-05	1.097e-05
permanently	17	1.095e-05	9.679e-06
line1	25	1.093e-05	6.745e-06
detection	24	1.091e-05	5.276e-06
input3	5	1.091e-05	1.091e-05
lcg	5	1.091e-05	1.091e-05
failures	27	1.090e-05	5.595e-06
rods	3	1.089e-05	9.138e-06
computed	31	1.086e-05	7.190e-06
foot	84	1.086e-05	6.039e-06
editing	22	1.085e-05	5.645e-06
having	111	1.084e-05	5.579e-06
scrabble	5	1.084e-05	1.084e-05
poi	23	1.084e-05	7.655e-06
ht	14	1.083e-05	6.399e-06
u2	24	1.083e-05	8.825e-06
map1	26	1.082e-05	7.997e-06
isp	15	1.081e-05	8.871e-06
optimization	17	1.080e-05	1.017e-05
delivered	8	1.080e-05	9.230e-06
ice	9	1.076e-05	7.612e-06
thing	33	1.076e-05	7.659e-06
jvm	20	1.075e-05	7.819e-06
incompatible	14	1.074e-05	7.236e-06
basis	9	1.074e-05	8.985e-06
child1	38	1.074e-05	8.197e-06
longer	17	1.074e-05	6.398e-06
eventually	22	1.073e-05	7.404e-06
renderers	4	1.072e-05	7.107e-06
during	76	1.072e-05	4.932e-06
representation	19	1.072e-05	5.330e-06
ff	10	1.071e-05	8.397e-06
param2	27	1.070e-05	6.178e-06
potion	18	1.069e-05	6.287e-06
waited	3	1.069e-05	8.808e-06
saves	16	1.068e-05	6.486e-06
chr	30	1.066e-05	4.955e-06
algorithms	20	1.065e-05	7.027e-06
processes	27	1.065e-05	6.994e-06
base64form	4	1.063e-05	1.063e-05
mtime	4	1.063e-05	1.063e-05
scrawl	4	1.063e-05	1.063e-05
xcx	17	1.063e-05	7.562e-06
cta	3	1.063e-05	9.088e-06
caught	46	1.062e-05	4.828e-06
c3	35	1.062e-05	5.636e-06
poly	55	1.061e-05	7.283e-06
delimiters	22	1.061e-05	5.345e-06
date1	14	1.061e-05	4.736e-06
chase	10	1.060e-05	7.548e-06
pixel	16	1.058e-05	6.689e-06
spotify	36	1.058e-05	1.058e-05
share	46	1.058e-05	6.517e-06
page2	120	1.057e-05	8.024e-06
readers	89	1.057e-05	4.796e-06
redirects	12	1.057e-05	7.853e-06
ignores	43	1.055e-05	4.964e-06
warm	42	1.054e-05	7.289e-06
consistent	87	1.053e-05	4.096e-06
owned	15	1.052e-05	5.929e-06
black_hole	7	1.051e-05	9.744e-06
lab5	34	1.051e-05	1.051e-05
restarted	4	1.049e-05	7.382e-06
wander	6	1.049e-05	9.608e-06
load_factor	7	1.048e-05	1.035e-05
destroyed	7	1.047e-05	7.706e-06
conflicts	5	1.046e-05	1.016e-05
lastn	5	1.046e-05	1.016e-05
literals	12	1.046e-05	7.661e-06
textures	18	1.045e-05	7.876e-06
fma	153	1.044e-05	1.044e-05
customization	21	1.043e-05	7.368e-06
thru	140	1.043e-05	9.158e-06
kerberos	47	1.042e-05	1.042e-05
reissue	5	1.041e-05	9.256e-06
associative	16	1.040e-05	1.010e-05
fnv	5	1.040e-05	1.034e-05
tcp	18	1.039e-05	8.655e-06
u1	55	1.039e-05	6.384e-06
routers	13	1.039e-05	4.444e-06
months	29	1.038e-05	5.183e-06
resets	47	1.038e-05	8.763e-06
ap	14	1.037e-05	6.867e-06
dereference	7	1.037e-05	1.037e-05
globalbioticinteractions	7	1.037e-05	1.037e-05
izc	7	1.037e-05	1.037e-05
512	4	1.037e-05	1.034e-05
identical	60	1.037e-05	5.799e-06
publishing	6	1.036e-05	6.419e-06
asterisk	14	1.035e-05	4.178e-06
other1	4	1.035e-05	1.035e-05
other2	4	1.035e-05	1.035e-05
outsider	4	1.035e-05	1.035e-05
txn2	4	1.035e-05	1.035e-05
undemand	4	1.035e-05	1.035e-05
inherited	28	1.034e-05	7.367e-06
ink	3	1.034e-05	1.034e-05
laziness	3	1.034e-05	1.034e-05
pallette	3	1.034e-05	1.034e-05
array1	24	1.032e-05	7.774e-06
flowing	7	1.031e-05	9.732e-06
name2	38	1.031e-05	5.606e-06
user_base	5	1.030e-05	1.030e-05
specify	41	1.029e-05	6.260e-06
null_pointer	20	1.029e-05	6.255e-06
musics	15	1.028e-05	1.028e-05
ordinary	7	1.028e-05	8.570e-06
gs	44	1.028e-05	6.383e-06
thresholds	8	1.027e-05	1.016e-05
think	16	1.026e-05	9.380e-06
rsp	19	1.025e-05	4.639e-06
will	21	1.025e-05	8.301e-06
numero	9	1.024e-05	1.024e-05
responsable	9	1.024e-05	1.024e-05
xyz	13	1.024e-05	6.065e-06
cjdbc	6	1.022e-05	1.022e-05
reentrant	22	1.021e-05	5.755e-06
suggested	8	1.020e-05	9.292e-06
lab8	33	1.020e-05	1.020e-05
eh	12	1.019e-05	9.989e-06
beacon	11	1.018e-05	7.129e-06
v0	24	1.018e-05	6.066e-06
angry	6	1.018e-05	9.726e-06
parenthesis	27	1.017e-05	5.692e-06
cascading	4	1.016e-05	1.016e-05
fhirpath	4	1.016e-05	1.016e-05
graphql	4	1.016e-05	1.016e-05
narrative	4	1.016e-05	1.016e-05
openapi	4	1.016e-05	1.016e-05
r4b	4	1.016e-05	1.016e-05
systems	4	1.016e-05	1.016e-05
uplifted	4	1.016e-05	1.016e-05
health_bar	6	1.016e-05	9.586e-06
creeper	9	1.015e-05	7.354e-06
tint	12	1.013e-05	8.101e-06
vectorizable	22	1.012e-05	1.012e-05
ranks	20	1.012e-05	7.998e-06
qexec	15	1.010e-05	1.010e-05
nav	24	1.010e-05	6.126e-06
references3collection	6	1.008e-05	1.008e-05
reg2a	6	1.008e-05	1.008e-05
reg2b	6	1.008e-05	1.008e-05
service4	6	1.008e-05	1.008e-05
var10	22	1.008e-05	1.008e-05
expectation	11	1.008e-05	9.140e-06
proto	20	1.007e-05	7.088e-06
implicit	9	1.007e-05	7.027e-06
shiro	8	1.006e-05	9.988e-06
xdiff	6	1.001e-05	9.722e-06
zdiff	6	1.001e-05	9.722e-06
frame_rate	8	1.001e-05	6.544e-06
cmp	92	1.001e-05	4.623e-06
subclasses	26	9.996e-06	8.292e-06
hashed	33	9.993e-06	7.596e-06
gunsmith	3	9.990e-06	9.990e-06
kubejs	3	9.990e-06	9.990e-06
shrapnel	3	9.990e-06	9.990e-06
beauty	7	9.989e-06	9.989e-06
beetl	7	9.989e-06	9.989e-06
consts	7	9.989e-06	9.989e-06
trend	33	9.987e-06	7.621e-06
xul	45	9.980e-06	9.980e-06
deprecated	37	9.977e-06	5.298e-06
unchanged	68	9.975e-06	5.505e-06
forwarding	16	9.972e-06	5.779e-06
uniform	87	9.963e-06	6.920e-06
oid	83	9.957e-06	5.599e-06
inspector	2	9.950e-06	9.950e-06
k8s	2	9.950e-06	9.950e-06
sigma	15	9.943e-06	5.645e-06
foreground	18	9.938e-06	5.460e-06
date2	13	9.937e-06	4.702e-06
jsapi	4	9.936e-06	9.190e-06
actor1	25	9.917e-06	9.917e-06
actor2	25	9.917e-06	9.917e-06
ports	15	9.911e-06	7.795e-06
sd	10	9.891e-06	5.651e-06
shown	20	9.891e-06	4.160e-06
kaptcha	9	9.878e-06	5.839e-06
tutorial	5	9.875e-06	9.576e-06
primitives	16	9.873e-06	6.796e-06
curie	9	9.872e-06	9.872e-06
valued	19	9.871e-06	5.551e-06
equipped	5	9.868e-06	9.576e-06
transforming	6	9.833e-06	9.038e-06
developer	24	9.829e-06	5.938e-06
edited	26	9.823e-06	7.087e-06
race	22	9.819e-06	8.489e-06
zoom	27	9.815e-06	5.404e-06
circ	8	9.806e-06	7.404e-06
angular	2	9.790e-06	9.790e-06
regx	54	9.785e-06	5.423e-06
opened	24	9.781e-06	4.421e-06
leniency	5	9.772e-06	7.962e-06
naive	6	9.771e-06	9.715e-06
recursion	83	9.770e-06	4.085e-06
decimals	37	9.760e-06	7.251e-06
sat	22	9.753e-06	4.795e-06
ceiling	43	9.748e-06	5.079e-06
till	58	9.744e-06	8.646e-06
desert	5	9.720e-06	9.720e-06
geyser	5	9.720e-06	9.720e-06
glazer	5	9.720e-06	9.720e-06
lune	5	9.720e-06	9.720e-06
phast	5	9.720e-06	9.720e-06
transmutation	5	9.720e-06	9.720e-06
transmute	5	9.720e-06	9.720e-06
whast	5	9.720e-06	9.720e-06
bmc	4	9.716e-06	9.716e-06
gmmt	4	9.716e-06	9.716e-06
refined	4	9.716e-06	9.716e-06
model2	7	9.709e-06	5.577e-06
inspect	10	9.704e-06	4.977e-06
codecs	5	9.681e-06	9.260e-06
ordering	61	9.676e-06	5.398e-06
explode	22	9.672e-06	6.036e-06
m2	22	9.657e-06	3.975e-06
metas	79	9.652e-06	6.659e-06
crop	10	9.649e-06	6.899e-06
decider	11	9.649e-06	9.649e-06
expecting	11	9.649e-06	9.649e-06
spatial	85	9.648e-06	7.491e-06
finding	8	9.640e-06	6.752e-06
negotiation	5	9.639e-06	9.639e-06
mch	32	9.639e-06	6.252e-06
minimize	4	9.636e-06	7.209e-06
ro	11	9.627e-06	5.792e-06
mdd	32	9.625e-06	9.625e-06
composite_key	225	9.623e-06	6.976e-06
rocketmq	11	9.615e-06	6.599e-06
typ	13	9.615e-06	9.300e-06
terrain	19	9.605e-06	6.471e-06
deserializers	14	9.597e-06	9.597e-06
fit	76	9.582e-06	6.717e-06
discovered	14	9.581e-06	6.011e-06
emitter	10	9.578e-06	7.551e-06
unmapped	9	9.578e-06	8.291e-06
agility	4	9.574e-06	9.574e-06
angel	4	9.574e-06	9.574e-06
shapes	11	9.568e-06	7.212e-06
r5	4	9.566e-06	7.847e-06
gc	130	9.554e-06	4.969e-06
rule2	22	9.554e-06	6.590e-06
incorrect	14	9.543e-06	5.715e-06
tid	75	9.540e-06	4.591e-06
h1	23	9.533e-06	6.805e-06
search_result	82	9.525e-06	5.559e-06
child2	40	9.522e-06	6.866e-06
listed	10	9.522e-06	6.272e-06
clamped	26	9.515e-06	5.535e-06
hi	45	9.513e-06	4.183e-06
s3	31	9.508e-06	6.311e-06
beep	7	9.506e-06	9.055e-06
quietly	10	9.498e-06	5.275e-06
anchored	3	9.490e-06	7.141e-06
netty	21	9.487e-06	4.973e-06
uom	139	9.484e-06	9.484e-06
office	19	9.482e-06	7.298e-06
xml1	3	9.481e-06	9.260e-06
cubic	9	9.450e-06	7.335e-06
8859	10	9.444e-06	4.425e-06
32	8	9.441e-06	5.263e-06
function_value	11	9.435e-06	8.790e-06
structures	10	9.420e-06	4.312e-06
combination	36	9.418e-06	5.835e-06
rr	22	9.409e-06	5.485e-06
golem	7	9.397e-06	7.169e-06
stream1	10	9.392e-06	7.732e-06
semaphore	44	9.385e-06	6.951e-06
eyeblossoms	5	9.384e-06	9.384e-06
vials	5	9.384e-06	9.384e-06
cycles	65	9.383e-06	6.314e-06
tier	35	9.378e-06	5.885e-06
jsonld	6	9.367e-06	5.738e-06
neighbours	35	9.361e-06	7.872e-06
picks	8	9.352e-06	9.187e-06
strong	10	9.342e-06	5.692e-06
discard	3	9.327e-06	6.162e-06
pinfo	31	9.324e-06	9.324e-06
appenders	9	9.313e-06	5.896e-06
years	29	9.307e-06	5.104e-06
canonicalizer	4	9.300e-06	9.300e-06
didjwk	4	9.300e-06	9.300e-06
revocation	4	9.300e-06	9.300e-06
vc2	4	9.300e-06	9.300e-06
compound	48	9.290e-06	4.983e-06
shops	5	9.276e-06	7.065e-06
lab7	30	9.274e-06	9.274e-06
downloaded	5	9.273e-06	6.820e-06
c4	25	9.273e-06	5.479e-06
initiate	7	9.265e-06	6.886e-06
bikes	2	9.259e-06	9.259e-06
fender	2	9.259e-06	9.259e-06
mountain_bike	2	9.259e-06	9.259e-06
schmied	2	9.259e-06	9.259e-06
motd	5	9.251e-06	9.251e-06
field1	16	9.247e-06	4.810e-06
genric	10	9.237e-06	4.672e-06
directory_service	24	9.236e-06	8.621e-06
reflects	52	9.235e-06	6.533e-06
padl	10	9.235e-06	4.316e-06
aa	17	9.232e-06	5.009e-06
queues	13	9.231e-06	6.501e-06
ratings	17	9.230e-06	6.174e-06
fax	6	9.221e-06	8.950e-06
eager	34	9.220e-06	8.742e-06
filled	66	9.218e-06	3.654e-06
permitted	35	9.212e-06	6.022e-06
hh	16	9.206e-06	4.164e-06
po	157	9.204e-06	5.103e-06
rethrows	11	9.194e-06	7.839e-06
stmts	6	9.190e-06	8.536e-06
arrive	2	9.187e-06	9.187e-06
flavour	2	9.187e-06	9.187e-06
flavours	2	9.187e-06	9.187e-06
passable	2	9.187e-06	9.187e-06
restock	2	9.187e-06	9.187e-06
sch	2	9.187e-06	9.187e-06
tunneling	2	9.187e-06	9.187e-06
infinite	26	9.175e-06	8.704e-06
timing	27	9.165e-06	6.572e-06
qs	5	9.164e-06	7.617e-06
knows	24	9.157e-06	8.776e-06
crew	5	9.148e-06	8.242e-06
punch	6	9.142e-06	6.336e-06
lab	29	9.141e-06	5.804e-06
stacks	5	9.137e-06	4.955e-06
motan	32	9.129e-06	9.129e-06
obj1	30	9.126e-06	5.132e-06
slide	16	9.115e-06	4.454e-06
jsonb	143	9.108e-06	6.126e-06
pays	8	9.104e-06	9.104e-06
updating	16	9.091e-06	4.014e-06
coordinator	8	9.086e-06	6.438e-06
survive	12	9.083e-06	7.567e-06
waiter	15	9.071e-06	7.777e-06
reachable	25	9.070e-06	6.266e-06
restful	8	9.059e-06	6.421e-06
serve	9	9.058e-06	6.023e-06
audio_file	11	9.058e-06	6.456e-06
alternate	42	9.052e-06	5.148e-06
rhythm	6	9.048e-06	9.048e-06
exceeding	19	9.040e-06	7.756e-06
appended	15	9.037e-06	5.501e-06
lazily	12	9.022e-06	7.744e-06
covid19	22	9.014e-06	9.014e-06
greeting	12	9.011e-06	5.256e-06
refunded	9	9.004e-06	7.137e-06
writers	65	8.989e-06	3.593e-06
piston	7	8.986e-06	7.823e-06
stash	30	8.969e-06	8.248e-06
dow	22	8.967e-06	7.870e-06
accuracy	13	8.951e-06	6.790e-06
abre	2	8.949e-06	8.949e-06
artunidad	2	8.949e-06	8.949e-06
autorizo	2	8.949e-06	8.949e-06
auxiliarus	2	8.949e-06	8.949e-06
beneficiarionombre	2	8.949e-06	8.949e-06
caja	2	8.949e-06	8.949e-06
cancelado	2	8.949e-06	8.949e-06
clase	2	8.949e-06	8.949e-06
colonia	2	8.949e-06	8.949e-06
condiciones	2	8.949e-06	8.949e-06
consecutivo	2	8.949e-06	8.949e-06
consecutivod	2	8.949e-06	8.949e-06
contabilizar	2	8.949e-06	8.949e-06
contactotipo	2	8.949e-06	8.949e-06
ctacontable	2	8.949e-06	8.949e-06
cuenta2	2	8.949e-06	8.949e-06
cuentas	2	8.949e-06	8.949e-06
cxc	2	8.949e-06	8.949e-06
cxp	2	8.949e-06	8.949e-06
edicion	2	8.949e-06	8.949e-06
empresas	2	8.949e-06	8.949e-06
esnosujeto	2	8.949e-06	8.949e-06
estatusdelete	2	8.949e-06	8.949e-06
fechacontable	2	8.949e-06	8.949e-06
fechahoraautorizacion	2	8.949e-06	8.949e-06
fecharequerida	2	8.949e-06	8.949e-06
forma	2	8.949e-06	8.949e-06
gastods	2	8.949e-06	8.949e-06
iddinero	2	8.949e-06	8.949e-06
importa	2	8.949e-06	8.949e-06
impuesto1	2	8.949e-06	8.949e-06
invd	2	8.949e-06	8.949e-06
loteestandar	2	8.949e-06	8.949e-06
movimientos	2	8.949e-06	8.949e-06
movtipos	2	8.949e-06	8.949e-06
nota	2	8.949e-06	8.949e-06
numerodocumento	2	8.949e-06	8.949e-06
observacion	2	8.949e-06	8.949e-06
otrodocumento	2	8.949e-06	8.949e-06
pago	2	8.949e-06	8.949e-06
porcentaje	2	8.949e-06	8.949e-06
porcentajeiva	2	8.949e-06	8.949e-06
precios	2	8.949e-06	8.949e-06
renta	2	8.949e-06	8.949e-06
saldoorigen	2	8.949e-06	8.949e-06
saldou	2	8.949e-06	8.949e-06
saldous	2	8.949e-06	8.949e-06
sistema	2	8.949e-06	8.949e-06
solicitante	2	8.949e-06	8.949e-06
subclase	2	8.949e-06	8.949e-06
subcuenta	2	8.949e-06	8.949e-06
tienemovimientos	2	8.949e-06	8.949e-06
tiposervicio	2	8.949e-06	8.949e-06
transito	2	8.949e-06	8.949e-06
ultimocosto	2	8.949e-06	8.949e-06
usuariolabo	2	8.949e-06	8.949e-06
usuariosistemas	2	8.949e-06	8.949e-06
ventad	2	8.949e-06	8.949e-06
selects	136	8.945e-06	5.753e-06
bite	2	8.921e-06	6.930e-06
promise	21	8.921e-06	5.496e-06
hosts	30	8.898e-06	3.590e-06
cd	38	8.896e-06	5.146e-06
01	24	8.896e-06	6.454e-06
gbif	6	8.888e-06	8.888e-06
nanopub	6	8.888e-06	8.888e-06
taxon	6	8.888e-06	8.888e-06
int4	72	8.875e-06	6.631e-06
gaussian	9	8.862e-06	8.724e-06
envelope	6	8.858e-06	8.680e-06
verified	24	8.855e-06	5.127e-06
swallow	5	8.850e-06	7.784e-06
copied	86	8.848e-06	4.023e-06
overrides	28	8.848e-06	5.698e-06
unescaped	7	8.846e-06	8.680e-06
preset	19	8.845e-06	7.020e-06
entrance	31	8.843e-06	8.843e-06
liquid	20	8.832e-06	8.260e-06
caret	17	8.828e-06	5.998e-06
printed	8	8.824e-06	6.569e-06
agents	14	8.823e-06	8.042e-06
clearing	8	8.821e-06	6.521e-06
hll	292	8.811e-06	6.837e-06
add_value	51	8.809e-06	3.669e-06
path_length	5	8.796e-06	6.576e-06
int2	70	8.793e-06	6.596e-06
prefers	7	8.789e-06	6.250e-06
test3	8	8.780e-06	5.009e-06
materials	7	8.773e-06	5.729e-06
integrated	10	8.772e-06	8.772e-06
predicate1	10	8.772e-06	8.772e-06
stroke	19	8.757e-06	5.628e-06
looks	12	8.756e-06	4.792e-06
trk	13	8.754e-06	8.754e-06
handled	21	8.750e-06	3.149e-06
ampersands	2	8.749e-06	8.680e-06
knowledge_graph	19	8.740e-06	8.740e-06
far	28	8.739e-06	4.430e-06
suc	13	8.737e-06	7.871e-06
g1	28	8.736e-06	7.864e-06
installation	6	8.732e-06	5.788e-06
b3	11	8.726e-06	4.491e-06
acknowledgments	4	8.724e-06	8.724e-06
of2	4	8.724e-06	8.724e-06
avail	29	8.722e-06	6.452e-06
tate	29	8.722e-06	8.722e-06
ang	13	8.721e-06	6.333e-06
accumulate	42	8.717e-06	6.295e-06
icons	9	8.715e-06	5.331e-06
committing	6	8.711e-06	7.809e-06
map2	34	8.705e-06	5.467e-06
baby	19	8.703e-06	8.703e-06
granule	19	8.703e-06	8.703e-06
z0	19	8.703e-06	8.703e-06
verts	12	8.701e-06	5.735e-06
embeddings	17	8.698e-06	5.413e-06
dec	126	8.698e-06	5.386e-06
later	61	8.698e-06	3.794e-06
demanded	5	8.684e-06	7.809e-06
base64content	1	8.681e-06	8.681e-06
financials	1	8.681e-06	8.681e-06
refuses	1	8.681e-06	8.681e-06
scrape	1	8.681e-06	8.681e-06
stmt4	1	8.681e-06	8.681e-06
test01	1	8.681e-06	8.681e-06
ths	1	8.681e-06	8.681e-06
xmlp	1	8.681e-06	8.681e-06
bs	18	8.680e-06	4.047e-06
adaptive	15	8.673e-06	6.839e-06
bonuses	4	8.671e-06	8.671e-06
cdn	4	8.671e-06	8.671e-06
games	4	8.671e-06	8.671e-06
unlinked	4	8.671e-06	8.671e-06
r6	5	8.666e-06	6.978e-06
postings	28	8.656e-06	8.656e-06
burst	27	8.651e-06	6.974e-06
unchecked	15	8.651e-06	5.317e-06
outcomes	6	8.632e-06	7.757e-06
unless	6	8.632e-06	7.757e-06
copier	6	8.629e-06	5.401e-06
established	8	8.624e-06	7.032e-06
echo	15	8.616e-06	7.640e-06
assertion	57	8.610e-06	5.045e-06
imrmmr	21	8.604e-06	8.604e-06
preparing	5	8.603e-06	7.778e-06
compliant	8	8.600e-06	7.020e-06
sse	19	8.599e-06	8.599e-06
clause	84	8.599e-06	4.379e-06
flood	7	8.596e-06	7.297e-06
breaks	28	8.585e-06	6.223e-06
cave	9	8.580e-06	6.422e-06
message_queue	14	8.580e-06	8.024e-06
follows	7	8.578e-06	6.784e-06
ri	13	8.570e-06	6.946e-06
pieces	17	8.567e-06	6.727e-06
suppression	27	8.563e-06	4.485e-06
activiti	6	8.562e-06	8.562e-06
field2	17	8.560e-06	4.569e-06
topmost	3	8.557e-06	8.250e-06
mismatched	20	8.552e-06	4.359e-06
dep1	9	8.552e-06	8.552e-06
previously	5	8.550e-06	8.467e-06
symmetrical	4	8.548e-06	6.813e-06
kb	16	8.541e-06	3.366e-06
ins	21	8.540e-06	5.533e-06
start_page	22	8.528e-06	5.120e-06
mining	6	8.526e-06	5.266e-06
profession	2	8.526e-06	6.890e-06
set_operation	17	8.518e-06	3.593e-06
eclipse	5	8.516e-06	8.516e-06
synchronized	16	8.516e-06	7.960e-06
transaction_time	13	8.514e-06	8.267e-06
associations	16	8.514e-06	5.180e-06
pids	9	8.512e-06	6.001e-06
log2	7	8.507e-06	7.075e-06
float4	63	8.506e-06	6.483e-06
bmp	19	8.502e-06	3.432e-06
color2	22	8.501e-06	5.926e-06
avoid	11	8.500e-06	4.991e-06
sided	11	8.495e-06	8.249e-06
printable	19	8.492e-06	6.025e-06
historical	27	8.484e-06	7.783e-06
prop1	35	8.479e-06	7.295e-06
unix	13	8.470e-06	6.061e-06
code_fence	2	8.467e-06	8.467e-06
exceptionへ振り分ける	2	8.467e-06	8.467e-06
expensive	2	8.467e-06	8.467e-06
mint	2	8.467e-06	8.467e-06
nullはそのままnullを返す	2	8.467e-06	8.467e-06
nullは合格扱い	2	8.467e-06	8.467e-06
nullは文字列nullとして返る	2	8.467e-06	8.467e-06
securityの既定フィルタ順序より先に実行される	2	8.467e-06	8.467e-06
sqlのdate範囲を超える年は400例外	2	8.467e-06	8.467e-06
その他の制御文字も置換される	2	8.467e-06	8.467e-06
カテゴリ一覧	2	8.467e-06	8.467e-06
カテゴリ詳細	2	8.467e-06	8.467e-06
ユーザー名の制御文字は置換される	2	8.467e-06	8.467e-06
上限が0なら起動時例外	2	8.467e-06	8.467e-06
上限が負なら起動時例外	2	8.467e-06	8.467e-06
上限超過の長さは打ち切られる	2	8.467e-06	8.467e-06
不在時は404例外	2	8.467e-06	8.467e-06
不正な月形式は400例外	2	8.467e-06	8.467e-06
保存時の制約違反も409例外に変換	2	8.467e-06	8.467e-06
保存時の外部キー制約違反は404例外に変換	2	8.467e-06	8.467e-06
全角スペースのみの名前は400	2	8.467e-06	8.467e-06
削除対象が既に消えたレースは404例外に変換	2	8.467e-06	8.467e-06
前後の空白は正規化してから重複チェックする	2	8.467e-06	8.467e-06
対象不在時は404	2	8.467e-06	8.467e-06
想定外のillegal	2	8.467e-06	8.467e-06
支出削除	2	8.467e-06	8.467e-06
改行と復帰は置換される	2	8.467e-06	8.467e-06
月次集計	2	8.467e-06	8.467e-06
正常時は200	2	8.467e-06	8.467e-06
正常時は201	2	8.467e-06	8.467e-06
正常時は204	2	8.467e-06	8.467e-06
空文字列は合格	2	8.467e-06	8.467e-06
空白名は400	2	8.467e-06	8.467e-06
範囲外の支出日は400例外で保存に到達しない	2	8.467e-06	8.467e-06
範囲外の月は400例外	2	8.467e-06	8.467e-06
重複は409	2	8.467e-06	8.467e-06
金額0以下は400	2	8.467e-06	8.467e-06
長すぎるユーザー名は列長に切り詰められる	2	8.467e-06	8.467e-06
長すぎる名前は400	2	8.467e-06	8.467e-06
ogg	18	8.460e-06	7.809e-06
03	8	8.456e-06	6.435e-06
barrier	67	8.454e-06	5.171e-06
target1	34	8.452e-06	7.293e-06
agg	122	8.432e-06	5.594e-06
pd	19	8.429e-06	5.675e-06
vowel	10	8.426e-06	6.744e-06
password2	2	8.420e-06	6.808e-06
workers	38	8.419e-06	5.449e-06
anno	13	8.417e-06	4.398e-06
request2	2	8.410e-06	7.064e-06
mixer	3	8.402e-06	7.042e-06
reference3configs	5	8.402e-06	8.402e-06
reference3dynamic	5	8.402e-06	8.402e-06
service3static	5	8.402e-06	8.402e-06
02	6	8.401e-06	6.435e-06
04	6	8.401e-06	6.435e-06
05	6	8.401e-06	6.435e-06
shortcut	20	8.401e-06	7.899e-06
explorer	8	8.394e-06	6.309e-06
ranges	32	8.378e-06	4.815e-06
conversation	16	8.372e-06	5.099e-06
aspectj	12	8.365e-06	3.753e-06
fluids	6	8.364e-06	7.792e-06
status_effect	6	8.364e-06	7.792e-06
shards	23	8.363e-06	6.097e-06
coupon_code	22	8.358e-06	7.284e-06
gen1	6	8.355e-06	7.097e-06
test_double	59	8.354e-06	6.215e-06
main_menu	6	8.350e-06	6.521e-06
buckets	114	8.350e-06	3.536e-06
gram	27	8.346e-06	8.346e-06
k1	40	8.346e-06	4.953e-06
hydrated	20	8.335e-06	8.280e-06
purchased	8	8.334e-06	8.198e-06
injected	13	8.332e-06	4.399e-06
breaking	32	8.311e-06	5.487e-06
dedup	10	8.308e-06	8.197e-06
bank_card	16	8.304e-06	4.455e-06
source_file	14	8.289e-06	4.608e-06
lua	8	8.281e-06	5.013e-06
occupy	29	8.273e-06	8.273e-06
negated	6	8.271e-06	7.385e-06
ripple	5	8.268e-06	7.011e-06
full_screen	12	8.257e-06	5.793e-06
ghost	21	8.256e-06	5.528e-06
survey	121	8.255e-06	8.255e-06
lin	4	8.255e-06	8.200e-06
ccc	2	8.247e-06	8.247e-06
enclosing	2	8.247e-06	8.247e-06
enigma	2	8.247e-06	8.247e-06
implementers	2	8.247e-06	8.247e-06
jfs	2	8.247e-06	8.247e-06
outputf	2	8.247e-06	8.247e-06
reorder2	2	8.247e-06	8.247e-06
reorder3	2	8.247e-06	8.247e-06
var11	18	8.245e-06	8.245e-06
wool	18	8.245e-06	8.245e-06
ndx	4	8.242e-06	8.242e-06
ndx2	4	8.242e-06	8.242e-06
cats	11	8.240e-06	5.703e-06
finalizer	4	8.229e-06	7.009e-06
animal	12	8.224e-06	6.602e-06
approved	28	8.219e-06	4.114e-06
ioe	22	8.218e-06	7.002e-06
weapon	3	8.217e-06	5.650e-06
egg	5	8.214e-06	6.622e-06
configurator	4	8.213e-06	5.744e-06
color1	21	8.207e-06	5.652e-06
imdb	2	8.200e-06	8.200e-06
mpeg	2	8.200e-06	8.200e-06
resizable	2	8.200e-06	8.200e-06
stray	5	8.200e-06	5.221e-06
spacer	9	8.200e-06	6.744e-06
buyers	6	8.198e-06	8.198e-06
covid	20	8.195e-06	8.195e-06
medical	20	8.195e-06	8.195e-06
selecte	20	8.195e-06	8.195e-06
inserts	64	8.194e-06	6.175e-06
fy	16	8.190e-06	6.096e-06
reverse_proxy	4	8.188e-06	5.237e-06
alloc	30	8.180e-06	7.401e-06
brace	14	8.177e-06	6.267e-06
uncompleted	4	8.161e-06	7.770e-06
materialize	15	8.155e-06	7.247e-06
masters	136	8.152e-06	5.987e-06
accumulator	27	8.151e-06	5.266e-06
sbuf	21	8.148e-06	4.152e-06
several	26	8.147e-06	3.969e-06
runtimes	24	8.147e-06	7.329e-06
btree	204	8.145e-06	6.016e-06
acceptances	20	8.142e-06	8.142e-06
reserved	34	8.140e-06	3.348e-06
chinese	15	8.128e-06	3.539e-06
bw	13	8.121e-06	8.080e-06
ereader	27	8.121e-06	8.121e-06
leading	84	8.118e-06	3.282e-06
starred	13	8.108e-06	8.080e-06
data_stream	14	8.105e-06	5.409e-06
declare	9	8.101e-06	7.378e-06
algs	3	8.097e-06	5.760e-06
wrapping	15	8.094e-06	7.768e-06
signup	3	8.089e-06	5.706e-06
classified	12	8.081e-06	8.081e-06
labels2	12	8.081e-06	8.081e-06
predefined	11	8.073e-06	6.919e-06
expo	6	8.062e-06	7.226e-06
quart	6	8.062e-06	7.226e-06
quint	6	8.062e-06	7.226e-06
desensitizer	10	8.058e-06	4.260e-06
diagnostics	18	8.054e-06	3.862e-06
supervisor	12	8.049e-06	4.771e-06
passage	26	8.037e-06	8.037e-06
unordered	26	8.037e-06	8.037e-06
drawing	11	8.026e-06	4.536e-06
apis	22	8.019e-06	5.521e-06
basedir	5	8.012e-06	7.714e-06
tolerance	21	8.012e-06	7.706e-06
getters	29	8.008e-06	4.055e-06
lure	5	7.998e-06	7.777e-06
model1	5	7.997e-06	4.963e-06
questions	27	7.989e-06	7.395e-06
avro	36	7.984e-06	7.984e-06
keytab	36	7.984e-06	7.984e-06
itself	23	7.982e-06	4.056e-06
lift	16	7.975e-06	6.269e-06
scopes	9	7.973e-06	3.677e-06
anomaly	7	7.966e-06	7.966e-06
immat	7	7.966e-06	7.966e-06
ville	7	7.966e-06	7.966e-06
color_code	9	7.965e-06	5.321e-06
suppliers	15	7.957e-06	3.879e-06
formater	4	7.951e-06	6.176e-06
shorten	6	7.947e-06	6.607e-06
style_sheet	15	7.941e-06	4.933e-06
gx	30	7.929e-06	5.846e-06
skew	7	7.928e-06	7.764e-06
provs	2	7.921e-06	5.620e-06
macro	116	7.914e-06	7.914e-06
deserializes	10	7.914e-06	5.572e-06
angles	23	7.910e-06	5.435e-06
fourth	23	7.908e-06	6.121e-06
treatment	23	7.906e-06	5.407e-06
adv	4	7.902e-06	6.657e-06
seven	16	7.896e-06	4.726e-06
time_to_live	8	7.894e-06	3.913e-06
s3client	16	7.894e-06	4.768e-06
factorial	7	7.890e-06	7.543e-06
rh	10	7.889e-06	5.019e-06
war	5	7.876e-06	6.085e-06
slow_down	16	7.855e-06	5.568e-06
yields	68	7.851e-06	4.708e-06
synchronization	6	7.845e-06	5.408e-06
35	10	7.843e-06	5.916e-06
paddle	6	7.834e-06	7.543e-06
toward	9	7.829e-06	5.342e-06
rather	17	7.820e-06	7.820e-06
409	16	7.802e-06	7.774e-06
flatten	21	7.798e-06	3.555e-06
ix	11	7.789e-06	4.791e-06
hihl	19	7.785e-06	7.785e-06
formated	4	7.778e-06	6.185e-06
boomerang	4	7.776e-06	7.776e-06
desh	4	7.776e-06	7.776e-06
fishing_rod	4	7.776e-06	7.776e-06
ohno	4	7.776e-06	7.776e-06
phase2	4	7.776e-06	7.776e-06
prismatic	4	7.776e-06	7.776e-06
remix	4	7.776e-06	7.776e-06
sea_level	4	7.776e-06	7.776e-06
shattering	4	7.776e-06	7.776e-06
sitting	4	7.776e-06	7.776e-06
spot	26	7.771e-06	4.886e-06
registry1	3	7.764e-06	7.764e-06
restarting	3	7.764e-06	7.764e-06
tccl	3	7.764e-06	7.764e-06
txns	3	7.764e-06	7.764e-06
unprepared	3	7.764e-06	7.764e-06
unrequired	3	7.764e-06	7.764e-06
hcatalog	35	7.762e-06	7.762e-06
overlap	38	7.759e-06	5.578e-06
inverted	21	7.756e-06	5.135e-06
dotdot	6	7.751e-06	6.032e-06
opaque	32	7.742e-06	5.298e-06
encodes	83	7.738e-06	5.651e-06
gamma	20	7.733e-06	4.747e-06
extraction	24	7.730e-06	5.674e-06
lab9	25	7.728e-06	7.728e-06
invoked	26	7.720e-06	3.044e-06
transparent	12	7.718e-06	4.140e-06
hurt	19	7.718e-06	6.193e-06
p0	17	7.714e-06	6.921e-06
diagnose	4	7.712e-06	7.712e-06
enalbed	4	7.712e-06	7.712e-06
ipv6canonical	4	7.712e-06	7.712e-06
tld	4	7.712e-06	7.712e-06
counting	30	7.711e-06	5.722e-06
sk	44	7.709e-06	6.134e-06
colored	13	7.702e-06	5.246e-06
pushed	6	7.699e-06	6.679e-06
snowball	9	7.687e-06	6.102e-06
pro	16	7.681e-06	4.001e-06
managers	33	7.678e-06	3.758e-06
sem	15	7.672e-06	6.752e-06
android	4	7.668e-06	7.237e-06
atts	9	7.665e-06	5.110e-06
directly	35	7.654e-06	2.973e-06
file1	18	7.649e-06	3.829e-06
reserv	112	7.641e-06	7.641e-06
polygon	198	7.630e-06	5.999e-06
x509	5	7.627e-06	5.614e-06
batched	12	7.624e-06	4.717e-06
defintions	3	7.622e-06	7.622e-06
dstu3	3	7.622e-06	7.622e-06
numer	3	7.622e-06	7.622e-06
terminology	3	7.622e-06	7.622e-06
regexp	53	7.620e-06	4.732e-06
web_site	107	7.617e-06	7.238e-06
pads	14	7.614e-06	5.763e-06
hash2	12	7.609e-06	6.680e-06
hash1	11	7.582e-06	6.679e-06
triggered	31	7.578e-06	3.460e-06
cleaner	28	7.577e-06	7.135e-06
plant	4	7.575e-06	5.938e-06
dirs	16	7.568e-06	3.782e-06
primed	3	7.565e-06	6.703e-06
doing	6	7.559e-06	6.906e-06
sqoop	34	7.540e-06	7.540e-06
vfs	34	7.540e-06	7.540e-06
analog	5	7.540e-06	7.540e-06
jpanels	5	7.540e-06	7.540e-06
summation	5	7.540e-06	7.540e-06
recreated	3	7.540e-06	7.234e-06
regs	7	7.534e-06	7.369e-06
incl	22	7.533e-06	4.749e-06
ginml	25	7.519e-06	7.519e-06
omdd	25	7.519e-06	7.519e-06
neutral	19	7.515e-06	3.597e-06
ipv4	61	7.515e-06	4.905e-06
ipv6	61	7.515e-06	4.905e-06
message2	9	7.510e-06	4.451e-06
fertile	4	7.508e-06	7.508e-06
roses	4	7.508e-06	7.508e-06
skylight	4	7.508e-06	7.508e-06
trowels	4	7.508e-06	7.508e-06
valida	2	7.508e-06	7.508e-06
vial1	4	7.508e-06	7.508e-06
vial2	4	7.508e-06	7.508e-06
voted	2	7.508e-06	7.508e-06
priority_queue	13	7.504e-06	4.959e-06
lo	56	7.499e-06	3.978e-06
requirement	46	7.498e-06	4.240e-06
p12file	2	7.493e-06	7.493e-06
p12loc	2	7.493e-06	7.493e-06
p12pwd	2	7.493e-06	7.493e-06
pebble	2	7.493e-06	7.493e-06
reconfigured	2	7.493e-06	7.493e-06
reinitialized	2	7.493e-06	7.493e-06
cid	88	7.492e-06	3.476e-06
gate	35	7.490e-06	4.786e-06
gl	43	7.489e-06	5.800e-06
newer	11	7.480e-06	4.897e-06
entites	13	7.478e-06	7.342e-06
deal	14	7.476e-06	5.407e-06
trig	9	7.476e-06	7.028e-06
ascending	56	7.470e-06	3.251e-06
retval	37	7.469e-06	7.318e-06
f1	14	7.465e-06	4.438e-06
physical	115	7.458e-06	3.540e-06
automatic	28	7.454e-06	6.431e-06
instr	3	7.451e-06	7.369e-06
modular	5	7.448e-06	7.448e-06
zid	9	7.448e-06	5.749e-06
narrowed	19	7.443e-06	7.360e-06
well	9	7.440e-06	4.948e-06
youtrackdb	270	7.425e-06	7.425e-06
domains	9	7.419e-06	4.078e-06
dagger	7	7.417e-06	5.143e-06
rp	13	7.417e-06	4.837e-06
ol	18	7.415e-06	7.360e-06
aura	4	7.409e-06	6.578e-06
ontology	11	7.408e-06	7.408e-06
dir1	5	7.406e-06	7.406e-06
oai	5	7.406e-06	7.406e-06
specimen	5	7.406e-06	7.406e-06
otmp	4	7.401e-06	7.401e-06
review1	4	7.401e-06	7.401e-06
simulate	12	7.395e-06	4.784e-06
result1	46	7.391e-06	2.801e-06
int1	5	7.390e-06	6.068e-06
fractions	4	7.390e-06	4.420e-06
containers	25	7.380e-06	3.851e-06
transit	18	7.375e-06	7.375e-06
antlr	1	7.369e-06	7.369e-06
binary_operation	1	7.369e-06	7.369e-06
encontrado	1	7.369e-06	7.369e-06
esperado	1	7.369e-06	7.369e-06
exit_program	1	7.369e-06	7.369e-06
linha	1	7.369e-06	7.369e-06
programa	1	7.369e-06	7.369e-06
complement	13	7.362e-06	6.831e-06
payer	3	7.362e-06	5.158e-06
lama	16	7.360e-06	7.360e-06
supervision	16	7.360e-06	7.360e-06
dbc	8	7.356e-06	3.955e-06
sbc	8	7.356e-06	3.955e-06
wavelength	3	7.347e-06	6.904e-06
singular	16	7.345e-06	6.490e-06
return404	19	7.342e-06	6.838e-06
addition	20	7.338e-06	4.110e-06
treat	14	7.336e-06	5.023e-06
mesh	9	7.331e-06	4.297e-06
fz	16	7.329e-06	7.329e-06
var13	16	7.329e-06	7.329e-06
holding	17	7.321e-06	3.599e-06
ha	18	7.312e-06	4.489e-06
fixtures	21	7.311e-06	6.077e-06
analysis	30	7.309e-06	4.943e-06
blanks	10	7.308e-06	5.096e-06
noon	10	7.305e-06	6.136e-06
fulfillment	8	7.304e-06	6.902e-06
upstream	189	7.301e-06	5.442e-06
infra	5	7.299e-06	6.642e-06
disj	3	7.287e-06	7.287e-06
uniformity	3	7.287e-06	7.287e-06
granted	17	7.283e-06	5.801e-06
unzip	8	7.282e-06	4.883e-06
att	29	7.275e-06	3.064e-06
source2	10	7.274e-06	5.586e-06
gravity	20	7.246e-06	4.503e-06
spel	16	7.241e-06	7.241e-06
toast	5	7.240e-06	6.590e-06
qa	4	7.239e-06	6.399e-06
preorder	16	7.233e-06	7.233e-06
cell_type	2	7.231e-06	7.231e-06
native_support	2	7.231e-06	7.231e-06
reparent	2	7.231e-06	7.231e-06
threaded	30	7.230e-06	4.957e-06
character_encoding	8	7.220e-06	5.309e-06
file2	17	7.219e-06	3.784e-06
fraction	56	7.212e-06	2.608e-06
invokes	15	7.191e-06	6.226e-06
suspend	4	7.184e-06	6.895e-06
deselected	3	7.180e-06	7.180e-06
environmet	3	7.180e-06	7.180e-06
fangs	3	7.180e-06	7.180e-06
footsteps	3	7.180e-06	7.180e-06
greed	3	7.180e-06	7.180e-06
healing	3	7.180e-06	7.180e-06
hedgehog	3	7.180e-06	7.180e-06
hobnail	3	7.180e-06	7.180e-06
holy	3	7.180e-06	7.180e-06
keeper	3	7.180e-06	7.180e-06
sparkling	3	7.180e-06	7.180e-06
spines	3	7.180e-06	7.180e-06
vampire	3	7.180e-06	7.180e-06
f2	13	7.178e-06	4.414e-06
xsp	261	7.177e-06	7.177e-06
splash	7	7.172e-06	5.902e-06
replaced	27	7.166e-06	3.316e-06
delimeter	9	7.165e-06	4.005e-06
publishes	6	7.163e-06	6.248e-06
brains	260	7.150e-06	7.150e-06
jet	260	7.150e-06	7.150e-06
line2	17	7.150e-06	4.424e-06
versioned	39	7.147e-06	4.829e-06
unsafe	84	7.147e-06	2.860e-06
lessons	5	7.135e-06	7.135e-06
rsc	5	7.135e-06	7.135e-06
empties	12	7.133e-06	6.413e-06
sends	17	7.123e-06	3.995e-06
nu	16	7.123e-06	4.414e-06
normalization	12	7.123e-06	6.200e-06
iteration	72	7.123e-06	3.330e-06
copyright	16	7.113e-06	3.809e-06
plants	4	7.112e-06	5.808e-06
clazz1	13	7.083e-06	4.794e-06
lhs	66	7.067e-06	4.331e-06
unable	16	7.064e-06	5.684e-06
displayed	3	7.061e-06	6.393e-06
vocab	21	7.060e-06	6.236e-06
join_point	11	7.059e-06	6.681e-06
equality	195	7.050e-06	5.270e-06
wants	2	7.046e-06	6.657e-06
disc	17	7.044e-06	5.848e-06
eca	103	7.027e-06	7.027e-06
modulus	16	7.025e-06	4.659e-06
good	50	7.020e-06	2.755e-06
fno	8	7.018e-06	7.018e-06
shorthand	8	7.018e-06	7.018e-06
subject2	8	7.018e-06	7.018e-06
profiling	255	7.012e-06	7.012e-06
ytdb	255	7.012e-06	7.012e-06
award	2	6.985e-06	6.539e-06
frac	15	6.983e-06	5.038e-06
masked	7	6.977e-06	6.813e-06
hops	18	6.977e-06	5.668e-06
excess	5	6.977e-06	6.894e-06
apirig	3	6.975e-06	6.975e-06
ed25519jwt	3	6.975e-06	6.975e-06
es256with	3	6.975e-06	6.975e-06
gen13	3	6.975e-06	6.975e-06
inji	3	6.975e-06	6.975e-06
injicertify	3	6.975e-06	6.975e-06
nimbus	3	6.975e-06	6.975e-06
testrig	3	6.975e-06	6.975e-06
drugs	17	6.966e-06	6.966e-06
populated	37	6.954e-06	3.421e-06
barrel	3	6.954e-06	6.664e-06
catalogs	147	6.954e-06	5.606e-06
pose	13	6.948e-06	4.613e-06
bis	25	6.940e-06	2.844e-06
marks	17	6.938e-06	4.541e-06
lenient	22	6.937e-06	4.037e-06
tf	20	6.936e-06	4.577e-06
hsv	9	6.936e-06	4.221e-06
rowid	61	6.932e-06	5.083e-06
brl	1	6.920e-06	6.920e-06
log1	1	6.920e-06	6.920e-06
stop_payment	1	6.920e-06	6.920e-06
open_table	23	6.918e-06	6.918e-06
smv	23	6.918e-06	6.918e-06
vreader	23	6.918e-06	6.918e-06
reserve	37	6.913e-06	4.191e-06
single_entry	34	6.912e-06	5.056e-06
nd	73	6.911e-06	2.748e-06
producers	9	6.906e-06	6.214e-06
affinity	15	6.900e-06	6.900e-06
reindex	15	6.900e-06	6.900e-06
unblock	3	6.899e-06	6.574e-06
aiv	2	6.894e-06	6.894e-06
b00	2	6.894e-06	6.894e-06
b01	2	6.894e-06	6.894e-06
b10	2	6.894e-06	6.894e-06
b11	2	6.894e-06	6.894e-06
bbuf	2	6.894e-06	6.894e-06
fj	2	6.894e-06	6.894e-06
fortuna	2	6.894e-06	6.894e-06
ipad	2	6.894e-06	6.894e-06
nint	2	6.894e-06	6.894e-06
opad	2	6.894e-06	6.894e-06
painter	2	6.894e-06	6.894e-06
permute	2	6.894e-06	6.894e-06
pnts	2	6.894e-06	6.894e-06
sha3	2	6.894e-06	6.894e-06
spares	2	6.894e-06	6.894e-06
utflen	2	6.894e-06	6.894e-06
utilities	2	6.894e-06	6.894e-06
connection_string	9	6.886e-06	5.252e-06
subgraph	16	6.882e-06	6.039e-06
hashing	6	6.876e-06	4.349e-06
wearing	7	6.875e-06	6.585e-06
vbox	2	6.873e-06	6.583e-06
tris	15	6.871e-06	6.871e-06
var12	15	6.871e-06	6.871e-06
deserialization	25	6.863e-06	4.101e-06
synonyms	44	6.862e-06	5.571e-06
br	23	6.859e-06	3.368e-06
other3	3	6.856e-06	5.426e-06
existant	10	6.855e-06	6.855e-06
keeps	69	6.854e-06	3.449e-06
testee	3	6.842e-06	6.409e-06
menu_bar	2	6.840e-06	6.393e-06
jumped	3	6.838e-06	4.975e-06
introduce	5	6.832e-06	6.832e-06
order1	10	6.831e-06	5.577e-06
drained	12	6.830e-06	6.531e-06
carburant	6	6.828e-06	6.828e-06
guinee	6	6.828e-06	6.828e-06
saint	6	6.828e-06	6.828e-06
quantities	16	6.827e-06	5.883e-06
pointers	65	6.826e-06	5.048e-06
gtin	18	6.824e-06	6.824e-06
appl	95	6.823e-06	6.422e-06
stored_procedure	4	6.813e-06	6.813e-06
obj2	24	6.812e-06	4.774e-06
pinned	68	6.805e-06	4.933e-06
properties1	6	6.803e-06	6.721e-06
approve	19	6.803e-06	3.752e-06
mess	2	6.801e-06	6.580e-06
ag	12	6.797e-06	3.948e-06
av	15	6.791e-06	4.347e-06
type1	15	6.791e-06	4.995e-06
resign	15	6.789e-06	6.789e-06
odd	25	6.787e-06	5.052e-06
restriction	34	6.786e-06	5.786e-06
extracts	27	6.784e-06	6.071e-06
dsv	15	6.781e-06	6.781e-06
object2	4	6.778e-06	6.049e-06
synch	24	6.777e-06	3.198e-06
pfx	6	6.777e-06	6.721e-06
amt	34	6.776e-06	4.822e-06
produces	176	6.773e-06	4.950e-06
tl	11	6.772e-06	3.328e-06
rbc	121	6.768e-06	4.781e-06
checked_exception	15	6.765e-06	3.447e-06
proposed	11	6.765e-06	4.728e-06
customized	16	6.760e-06	4.071e-06
entitys	43	6.760e-06	5.504e-06
billed	6	6.750e-06	6.614e-06
yaml	12	6.748e-06	3.176e-06
contributor	3	6.745e-06	5.120e-06
method1	4	6.736e-06	3.724e-06
method2	4	6.736e-06	3.724e-06
operation2	10	6.734e-06	6.734e-06
pak	10	6.734e-06	6.734e-06
norm	15	6.734e-06	3.459e-06
hairline	10	6.734e-06	6.734e-06
ccs	12	6.732e-06	4.891e-06
continuous	4	6.731e-06	6.649e-06
clazzes	4	6.722e-06	6.722e-06
dependencies2	4	6.722e-06	6.722e-06
dependencies3	4	6.722e-06	6.722e-06
dependency1	4	6.722e-06	6.722e-06
dependency1optional	4	6.722e-06	6.722e-06
dependency2a	4	6.722e-06	6.722e-06
dependency2b	4	6.722e-06	6.722e-06
dependency3a	4	6.722e-06	6.722e-06
dependency3b	4	6.722e-06	6.722e-06
reference2	4	6.722e-06	6.722e-06
reference3	4	6.722e-06	6.722e-06
reference3called	4	6.722e-06	6.722e-06
reg3a	4	6.722e-06	6.722e-06
reg3b	4	6.722e-06	6.722e-06
svc1	4	6.722e-06	6.722e-06
svc1from	4	6.722e-06	6.722e-06
testsvc	4	6.722e-06	6.722e-06
type1values	4	6.722e-06	6.722e-06
payable	10	6.717e-06	5.213e-06
type2	14	6.716e-06	4.406e-06
calling	31	6.715e-06	3.254e-06
lava	15	6.706e-06	6.416e-06
class2	25	6.706e-06	3.282e-06
building	5	6.701e-06	4.795e-06
object0	3	6.693e-06	6.040e-06
learning	2	6.691e-06	6.386e-06
ext1	12	6.689e-06	4.819e-06
implement	10	6.678e-06	4.524e-06
unfreeze	2	6.676e-06	6.649e-06
mutant	24	6.672e-06	6.617e-06
mouse_over	19	6.671e-06	4.675e-06
subtract	39	6.670e-06	3.628e-06
kube	2	6.660e-06	6.660e-06
lich	2	6.660e-06	6.660e-06
overheat	2	6.660e-06	6.660e-06
tactical	2	6.660e-06	6.660e-06
tacz	2	6.660e-06	6.660e-06
ox	8	6.653e-06	4.684e-06
dep2	7	6.651e-06	6.651e-06
maintaining	7	6.651e-06	6.651e-06
return422on	7	6.651e-06	6.651e-06
outgoing	34	6.650e-06	5.463e-06
administrative	1	6.649e-06	6.649e-06
aucun	1	6.649e-06	6.649e-06
aucune	1	6.649e-06	6.649e-06
blocs	1	6.649e-06	6.649e-06
conditionnelle	1	6.649e-06	6.649e-06
disarm	1	6.649e-06	6.649e-06
dominant	1	6.649e-06	6.649e-06
entite	1	6.649e-06	6.649e-06
explosive	1	6.649e-06	6.649e-06
fenetre	1	6.649e-06	6.649e-06
fluide	1	6.649e-06	6.649e-06
inconnu	1	6.649e-06	6.649e-06
joueur	1	6.649e-06	6.649e-06
memoire	1	6.649e-06	6.649e-06
partiel	1	6.649e-06	6.649e-06
sculk	1	6.649e-06	6.649e-06
seconde	1	6.649e-06	6.649e-06
snapshotted	1	6.649e-06	6.649e-06
tamed	1	6.649e-06	6.649e-06
unsnapshotted	1	6.649e-06	6.649e-06
supporting	9	6.645e-06	5.955e-06
divider	12	6.640e-06	4.091e-06
fabricated	5	6.637e-06	6.527e-06
forged	5	6.637e-06	6.527e-06
histories	18	6.636e-06	5.178e-06
ia	14	6.623e-06	3.739e-06
bccs	10	6.623e-06	4.892e-06
introspector	4	6.618e-06	5.020e-06
oracles	22	6.617e-06	6.617e-06
probs	22	6.617e-06	6.617e-06
admin3properties	4	6.614e-06	6.614e-06
bandwidth	4	6.614e-06	6.614e-06
intel	4	6.614e-06	6.614e-06
mbps	4	6.614e-06	6.614e-06
rentaler	4	6.614e-06	6.614e-06
colorize	22	6.610e-06	6.320e-06
tips	7	6.609e-06	4.413e-06
reasoning	11	6.608e-06	3.835e-06
class1	23	6.603e-06	3.949e-06
skin	9	6.602e-06	4.359e-06
steal	5	6.593e-06	4.216e-06
deferred	15	6.590e-06	4.277e-06
redo	191	6.585e-06	5.309e-06
rebind	3	6.582e-06	6.527e-06
lee	6	6.581e-06	6.581e-06
ner	16	6.581e-06	5.010e-06
spin	36	6.580e-06	3.414e-06
bae64to	1	6.579e-06	6.579e-06
configre	1	6.579e-06	6.579e-06
downliad	1	6.579e-06	6.579e-06
loginurl	1	6.579e-06	6.579e-06
reciever	1	6.579e-06	6.579e-06
scenheight	1	6.579e-06	6.579e-06
shed	1	6.579e-06	6.579e-06
sliderbar	1	6.579e-06	6.579e-06
command_line	31	6.574e-06	6.214e-06
bookmarks	1	6.570e-06	6.570e-06
jscl	1	6.570e-06	6.570e-06
toastr	1	6.570e-06	6.570e-06
emptied	3	6.565e-06	4.970e-06
prom	23	6.561e-06	6.561e-06
sofa	23	6.561e-06	6.561e-06
donar	16	6.556e-06	6.556e-06
imr	16	6.556e-06	6.556e-06
attend	8	6.542e-06	6.542e-06
brick	6	6.531e-06	6.045e-06
bites	1	6.527e-06	6.527e-06
brute	1	6.527e-06	6.527e-06
corner1	1	6.527e-06	6.527e-06
corner2	1	6.527e-06	6.527e-06
corner3	1	6.527e-06	6.527e-06
corner4	1	6.527e-06	6.527e-06
domesticated	1	6.527e-06	6.527e-06
epic	1	6.527e-06	6.527e-06
gfx	1	6.527e-06	6.527e-06
kernal	1	6.527e-06	6.527e-06
massage	1	6.527e-06	6.527e-06
nutrition	1	6.527e-06	6.527e-06
overbind	1	6.527e-06	6.527e-06
partners	1	6.527e-06	6.527e-06
piglin	1	6.527e-06	6.527e-06
repulsion	1	6.527e-06	6.527e-06
sanctum	1	6.527e-06	6.527e-06
scenes	1	6.527e-06	6.527e-06
sucking	1	6.527e-06	6.527e-06
taggers	1	6.527e-06	6.527e-06
unstable	1	6.527e-06	6.527e-06
smple	11	6.526e-06	4.742e-06
kick_out	6	6.522e-06	5.757e-06
renew	16	6.514e-06	6.514e-06
prepay	6	6.509e-06	4.953e-06
ti	14	6.507e-06	4.076e-06
seperated	3	6.503e-06	6.503e-06
drivers	4	6.503e-06	4.208e-06
pins	21	6.499e-06	4.718e-06
tau	14	6.496e-06	4.521e-06
coverage	13	6.496e-06	4.382e-06
resolving	7	6.494e-06	4.934e-06
lab10	21	6.492e-06	6.492e-06
yy	16	6.489e-06	5.967e-06
very	16	6.483e-06	5.712e-06
advised	6	6.471e-06	4.878e-06
asynchronous	14	6.468e-06	4.588e-06
test_match	97	6.468e-06	4.636e-06
embeds	15	6.468e-06	6.440e-06
lg	2	6.466e-06	6.398e-06
filer	3	6.453e-06	6.398e-06
premain	2	6.451e-06	4.549e-06
cell2	2	6.450e-06	6.381e-06
cdc	17	6.445e-06	6.445e-06
creating	9	6.444e-06	4.172e-06
sorting	5	6.443e-06	4.764e-06
qualifiers	8	6.442e-06	4.825e-06
fw	9	6.433e-06	3.966e-06
succeed	22	6.431e-06	4.291e-06
microseconds	5	6.429e-06	6.041e-06
pr	12	6.420e-06	3.824e-06
format_string	31	6.415e-06	2.860e-06
megabytes	8	6.404e-06	5.391e-06
transactional	13	6.403e-06	3.650e-06
get_out	20	6.402e-06	3.231e-06
minio	8	6.398e-06	4.494e-06
byp	1	6.398e-06	6.398e-06
lci	1	6.398e-06	6.398e-06
poison_message	1	6.398e-06	6.398e-06
setp	1	6.398e-06	6.398e-06
slr	1	6.398e-06	6.398e-06
snippet	14	6.390e-06	4.487e-06
dtd	19	6.386e-06	3.703e-06
abox	1	6.382e-06	6.382e-06
box1	1	6.382e-06	6.382e-06
box2	1	6.382e-06	6.382e-06
cell1	1	6.382e-06	6.382e-06
cookie1	1	6.382e-06	6.382e-06
ec256pk	1	6.382e-06	6.382e-06
ec256private	1	6.382e-06	6.382e-06
eggs	1	6.382e-06	6.382e-06
header1	1	6.382e-06	6.382e-06
herokuapp	1	6.382e-06	6.382e-06
read1	1	6.382e-06	6.382e-06
read2	1	6.382e-06	6.382e-06
row1cell2	1	6.382e-06	6.382e-06
sausage	1	6.382e-06	6.382e-06
sausages	1	6.382e-06	6.382e-06
task1	5	6.381e-06	5.741e-06
escaping	19	6.369e-06	3.782e-06
flight	15	6.353e-06	3.195e-06
bl3	5	6.353e-06	4.332e-06
argv	2	6.351e-06	6.047e-06
pure	12	6.345e-06	6.047e-06
dmg	16	6.344e-06	4.891e-06
boxing	14	6.329e-06	6.329e-06
aggregation	99	6.322e-06	3.457e-06
config1	8	6.321e-06	5.115e-06
regulator	21	6.316e-06	6.316e-06
successors	21	6.316e-06	6.316e-06
calculated	32	6.314e-06	3.595e-06
pig	21	6.311e-06	4.441e-06
lexical	13	6.305e-06	6.141e-06
vine	4	6.304e-06	5.664e-06
tab_index	29	6.301e-06	3.763e-06
scary	4	6.290e-06	5.845e-06
offs	12	6.286e-06	3.877e-06
interpolation	13	6.277e-06	4.919e-06
landed	5	6.265e-06	4.698e-06
pools	44	6.262e-06	2.742e-06
p3	28	6.258e-06	3.607e-06
sign_off	2	6.256e-06	5.817e-06
table_service	8	6.255e-06	3.183e-06
been	9	6.241e-06	4.120e-06
xstream	10	6.238e-06	6.169e-06
ea	16	6.237e-06	4.144e-06
unbounded	33	6.236e-06	3.700e-06
wp	11	6.234e-06	4.854e-06
rw	29	6.223e-06	4.013e-06
syntax	184	6.217e-06	4.989e-06
ring_buffer	5	6.213e-06	6.185e-06
nvl	34	6.207e-06	2.837e-06
so	24	6.206e-06	2.891e-06
length2	15	6.205e-06	4.304e-06
handle_time	10	6.203e-06	4.398e-06
replicas	16	6.199e-06	5.724e-06
touch	19	6.199e-06	3.067e-06
md5hash	4	6.184e-06	4.979e-06
bigram	20	6.183e-06	6.183e-06
qid	20	6.183e-06	6.183e-06
thrift	20	6.183e-06	6.183e-06
mutex	4	6.181e-06	4.965e-06
shaders	16	6.179e-06	4.588e-06
meta1	9	6.177e-06	3.787e-06
joiner	5	6.177e-06	4.379e-06
wiki	20	6.174e-06	5.878e-06
scrap	8	6.173e-06	5.839e-06
count2	5	6.167e-06	3.744e-06
interpolate	15	6.166e-06	4.022e-06
length1	14	6.164e-06	4.305e-06
ident	27	6.162e-06	4.566e-06
faster	4	6.157e-06	4.499e-06
independent	73	6.156e-06	3.785e-06
turbo	6	6.152e-06	5.518e-06
hierarchy	42	6.150e-06	3.717e-06
emergency	15	6.146e-06	6.146e-06
taluk	15	6.146e-06	6.146e-06
vivah	15	6.146e-06	6.146e-06
remapped	4	6.144e-06	4.574e-06
fnml	7	6.140e-06	6.140e-06
generator1	7	6.140e-06	6.140e-06
latin	7	6.140e-06	6.140e-06
model6	2	6.138e-06	4.855e-06
lfu	23	6.133e-06	4.149e-06
capitalize	11	6.132e-06	2.748e-06
llm	10	6.129e-06	3.640e-06
ashes	29	6.108e-06	6.108e-06
isl	29	6.108e-06	6.108e-06
occupied	21	6.102e-06	5.715e-06
cs1	7	6.101e-06	4.517e-06
it2	17	6.098e-06	4.245e-06
brackets	27	6.093e-06	3.331e-06
500	10	6.092e-06	3.539e-06
overloads	36	6.085e-06	5.458e-06
assistant	9	6.085e-06	3.632e-06
lat	62	6.079e-06	3.474e-06
spark	23	6.076e-06	4.448e-06
double1	3	6.076e-06	6.008e-06
double2	3	6.076e-06	6.008e-06
float1	3	6.076e-06	6.008e-06
float2	3	6.076e-06	6.008e-06
xo	4	6.076e-06	3.935e-06
yo	4	6.076e-06	3.935e-06
bos	36	6.073e-06	3.797e-06
hp	10	6.066e-06	4.540e-06
type_conversion	10	6.062e-06	4.157e-06
concept3	9	6.061e-06	6.061e-06
operation1	9	6.061e-06	6.061e-06
unassign	9	6.061e-06	6.061e-06
25401	9	6.060e-06	6.060e-06
bh	9	6.060e-06	6.060e-06
blit	9	6.060e-06	6.060e-06
slothy	9	6.060e-06	6.060e-06
thumbs	9	6.060e-06	6.060e-06
eraser	5	6.060e-06	6.032e-06
iso3country	1	6.042e-06	6.042e-06
iso3language	1	6.042e-06	6.042e-06
occurence	1	6.042e-06	6.042e-06
occurences	1	6.042e-06	6.042e-06
subdirectory	1	6.042e-06	6.042e-06
smtp	5	6.040e-06	3.810e-06
treated	20	6.038e-06	4.353e-06
narrows	15	6.035e-06	5.980e-06
cube_root	4	6.032e-06	6.032e-06
mp3player	4	6.032e-06	6.032e-06
nadir	4	6.032e-06	6.032e-06
panel2	4	6.032e-06	6.032e-06
unmute	4	6.032e-06	6.032e-06
xpower	4	6.032e-06	6.032e-06
sequences	48	6.032e-06	2.273e-06
uninstall	5	6.029e-06	5.155e-06
imp	15	6.025e-06	4.657e-06
ticket	8	6.023e-06	4.662e-06
how	11	6.022e-06	3.556e-06
aload	2	6.008e-06	6.008e-06
double0	2	6.008e-06	6.008e-06
double3	2	6.008e-06	6.008e-06
double4	2	6.008e-06	6.008e-06
double5	2	6.008e-06	6.008e-06
double6	2	6.008e-06	6.008e-06
double7	2	6.008e-06	6.008e-06
float0	2	6.008e-06	6.008e-06
float3	2	6.008e-06	6.008e-06
float5	2	6.008e-06	6.008e-06
float6	2	6.008e-06	6.008e-06
float7	2	6.008e-06	6.008e-06
frequent2	2	6.008e-06	6.008e-06
frequent3	2	6.008e-06	6.008e-06
frequent4	2	6.008e-06	6.008e-06
int0	2	6.008e-06	6.008e-06
int3	2	6.008e-06	6.008e-06
int5	2	6.008e-06	6.008e-06
int6	2	6.008e-06	6.008e-06
int7	2	6.008e-06	6.008e-06
irunnable	2	6.008e-06	6.008e-06
long0	2	6.008e-06	6.008e-06
long1	2	6.008e-06	6.008e-06
long2	2	6.008e-06	6.008e-06
long3	2	6.008e-06	6.008e-06
long4	2	6.008e-06	6.008e-06
long5	2	6.008e-06	6.008e-06
long6	2	6.008e-06	6.008e-06
long7	2	6.008e-06	6.008e-06
object3	2	6.008e-06	6.008e-06
object4	2	6.008e-06	6.008e-06
object5	2	6.008e-06	6.008e-06
object6	2	6.008e-06	6.008e-06
object7	2	6.008e-06	6.008e-06
overrider	2	6.008e-06	6.008e-06
transformer2	2	6.008e-06	6.008e-06
transformer3	2	6.008e-06	6.008e-06
transformer4	2	6.008e-06	6.008e-06
linstener	9	6.007e-06	6.007e-06
fse	88	6.004e-06	6.004e-06
wth	3	6.001e-06	4.815e-06
unhandled	11	6.000e-06	3.652e-06
inp	6	6.000e-06	4.473e-06
count1	7	5.991e-06	3.685e-06
tech	25	5.985e-06	4.759e-06
code_point	9	5.981e-06	3.694e-06
inheritance	26	5.981e-06	3.730e-06
jndi	78	5.980e-06	4.826e-06
fleet	13	5.980e-06	5.980e-06
urgent	13	5.980e-06	5.980e-06
jena	8	5.978e-06	5.299e-06
pic	9	5.977e-06	4.964e-06
lng	57	5.969e-06	3.449e-06
zan	4	5.959e-06	5.959e-06
frenzy	13	5.955e-06	5.955e-06
tck	15	5.950e-06	5.950e-06
jdk	10	5.946e-06	4.271e-06
textual	13	5.943e-06	5.444e-06
suffixes	10	5.942e-06	4.169e-06
flow_control	16	5.941e-06	4.313e-06
human	14	5.939e-06	3.070e-06
rtc	7	5.937e-06	5.299e-06
hexadecimal	15	5.932e-06	5.877e-06
paragraph	18	5.927e-06	4.695e-06
ancestry	13	5.926e-06	5.223e-06
actual1	4	5.925e-06	5.925e-06
remotes	4	5.925e-06	5.925e-06
trusty	4	5.925e-06	5.925e-06
restrictions	26	5.924e-06	5.351e-06
entered	27	5.919e-06	2.831e-06
mirror	7	5.918e-06	3.377e-06
rotating	8	5.913e-06	4.666e-06
readiness	3	5.895e-06	5.050e-06
intersects	27	5.894e-06	5.050e-06
mercury	5	5.887e-06	5.832e-06
families	12	5.887e-06	4.203e-06
his	13	5.884e-06	5.884e-06
lab12	19	5.873e-06	5.873e-06
replab0	19	5.873e-06	5.873e-06
exc	65	5.850e-06	4.171e-06
stemming	13	5.840e-06	4.158e-06
ae	5	5.835e-06	4.573e-06
bottomless	3	5.832e-06	5.832e-06
bramblebone	3	5.832e-06	5.832e-06
bulba	3	5.832e-06	5.832e-06
chromatic	3	5.832e-06	5.832e-06
eguitar	3	5.832e-06	5.832e-06
frost	3	5.832e-06	5.832e-06
glacio	3	5.832e-06	5.832e-06
hooked	3	5.832e-06	5.832e-06
mirrored	3	5.832e-06	5.832e-06
mitts	3	5.832e-06	5.832e-06
orbit	3	5.832e-06	5.832e-06
shimmering	3	5.832e-06	5.832e-06
smashing	3	5.832e-06	5.832e-06
soaking	3	5.832e-06	5.832e-06
stepped	3	5.832e-06	5.832e-06
technique	8	5.813e-06	5.690e-06
inserted	39	5.812e-06	2.780e-06
duplicates	27	5.809e-06	3.012e-06
selenide	1	5.804e-06	5.804e-06
wei	5	5.804e-06	4.651e-06
projection	142	5.792e-06	3.950e-06
sri	4	5.791e-06	4.111e-06
synchronous	15	5.786e-06	3.330e-06
landing	5	5.784e-06	4.101e-06
fat	5	5.784e-06	3.824e-06
apr	3	5.784e-06	5.784e-06
bound_property	3	5.784e-06	5.784e-06
web_application	3	5.784e-06	5.784e-06
complaints	14	5.779e-06	5.341e-06
wq	15	5.777e-06	5.777e-06
evaluator	11	5.776e-06	2.984e-06
mapr	26	5.766e-06	5.766e-06
needle	12	5.761e-06	4.679e-06
data_controller	8	5.755e-06	2.418e-06
sliding_window	5	5.754e-06	4.582e-06
lost	11	5.752e-06	2.939e-06
inherit	16	5.752e-06	3.629e-06
peak	9	5.749e-06	4.350e-06
nudge	6	5.737e-06	4.119e-06
oy	6	5.737e-06	4.119e-06
shippable	84	5.731e-06	5.731e-06
g0	18	5.728e-06	4.890e-06
pcdef	19	5.715e-06	5.715e-06
tt	21	5.714e-06	3.227e-06
system_error	6	5.713e-06	4.571e-06
sqrt	16	5.713e-06	3.147e-06
interests	4	5.708e-06	5.708e-06
lower_class	4	5.708e-06	5.708e-06
save1	4	5.708e-06	5.708e-06
save3	4	5.708e-06	5.708e-06
task2	4	5.708e-06	5.708e-06
uflo	4	5.708e-06	5.708e-06
urule	4	5.708e-06	5.708e-06
verticle	6	5.701e-06	5.701e-06
rel2	11	5.701e-06	5.701e-06
paginate	79	5.701e-06	5.331e-06
drafts	14	5.700e-06	5.700e-06
100	10	5.696e-06	4.020e-06
danger	7	5.694e-06	4.350e-06
exited	17	5.693e-06	3.605e-06
bob	25	5.692e-06	3.513e-06
attente	5	5.690e-06	5.690e-06
marque	5	5.690e-06	5.690e-06
siv	5	5.690e-06	5.690e-06
stocks	15	5.687e-06	5.687e-06
db2	22	5.686e-06	5.123e-06
thinking	11	5.682e-06	4.172e-06
executes	21	5.678e-06	4.447e-06
listening	17	5.677e-06	4.358e-06
contrib	23	5.677e-06	4.715e-06
xs	9	5.669e-06	3.894e-06
bars	24	5.665e-06	4.822e-06
carry	9	5.663e-06	3.898e-06
acsr	83	5.663e-06	5.663e-06
log4j	12	5.659e-06	4.173e-06
because	25	5.659e-06	4.679e-06
decrypted	21	5.658e-06	2.948e-06
descending	71	5.649e-06	2.534e-06
telemetry	2	5.643e-06	5.013e-06
shuffle	5	5.638e-06	4.986e-06
key3	37	5.637e-06	3.585e-06
uninterruptibly	3	5.636e-06	5.192e-06
suppressed	17	5.636e-06	5.553e-06
wakeup	17	5.636e-06	5.553e-06
docid	18	5.634e-06	5.265e-06
crumbling	3	5.631e-06	5.631e-06
dye	3	5.631e-06	5.631e-06
ticking	3	5.631e-06	5.631e-06
trowel	3	5.631e-06	5.631e-06
tulips	3	5.631e-06	5.631e-06
villagers	3	5.631e-06	5.631e-06
waterlogged	3	5.631e-06	5.631e-06
scrambler	2	5.628e-06	4.060e-06
decoding	12	5.626e-06	5.197e-06
prior	48	5.625e-06	3.380e-06
toolkit	9	5.624e-06	3.590e-06
token2	4	5.619e-06	5.550e-06
presence	13	5.612e-06	3.621e-06
rule3	9	5.612e-06	4.018e-06
backed	25	5.606e-06	3.776e-06
cont	21	5.602e-06	4.502e-06
drops	74	5.601e-06	2.979e-06
xff	2	5.600e-06	4.436e-06
junit	10	5.599e-06	3.470e-06
interact	15	5.595e-06	4.358e-06
clears	66	5.593e-06	3.285e-06
further	11	5.589e-06	4.027e-06
discord	19	5.583e-06	5.583e-06
grim	19	5.583e-06	5.583e-06
render3d	19	5.583e-06	5.583e-06
toggled	19	5.583e-06	5.583e-06
kills	9	5.583e-06	3.779e-06
pos2	17	5.579e-06	4.021e-06
functional	14	5.573e-06	3.142e-06
tokenize	18	5.564e-06	5.564e-06
scripts	10	5.555e-06	3.119e-06
pointer1	202	5.555e-06	5.555e-06
2arg	14	5.553e-06	5.553e-06
weigher	14	5.553e-06	5.553e-06
204	13	5.551e-06	4.076e-06
similar	12	5.551e-06	2.753e-06
ptmp	3	5.550e-06	5.550e-06
token1	3	5.550e-06	5.550e-06
unshipped	3	5.550e-06	5.550e-06
data_set	9	5.548e-06	2.314e-06
crypt	17	5.546e-06	3.899e-06
permit	10	5.544e-06	3.257e-06
denom	3	5.539e-06	5.097e-06
parses	52	5.530e-06	3.261e-06
began	81	5.526e-06	5.526e-06
telephone	6	5.524e-06	4.520e-06
misplaced	3	5.513e-06	4.676e-06
epsilon	11	5.511e-06	3.643e-06
multiplicative	2	5.511e-06	3.962e-06
invalidated	7	5.508e-06	5.179e-06
drawn	8	5.504e-06	3.996e-06
tone	7	5.500e-06	3.557e-06
pointer2	200	5.500e-06	5.500e-06
var15	12	5.497e-06	5.497e-06
protocols	13	5.495e-06	3.561e-06
advise	6	5.495e-06	4.174e-06
prog	5	5.495e-06	3.977e-06
liked	5	5.493e-06	5.465e-06
shulker	17	5.488e-06	4.324e-06
backpack	5	5.484e-06	5.484e-06
lord	5	5.484e-06	5.484e-06
breed	8	5.484e-06	5.484e-06
iogi	8	5.484e-06	5.484e-06
regexes	8	5.484e-06	5.484e-06
harmless	6	5.483e-06	4.040e-06
fired	28	5.479e-06	2.880e-06
renaming	5	5.474e-06	4.990e-06
signing	4	5.467e-06	4.677e-06
distinction	4	5.465e-06	5.465e-06
fair	4	5.465e-06	5.465e-06
lvt	4	5.465e-06	5.465e-06
pit	13	5.464e-06	3.895e-06
search_history	15	5.463e-06	5.327e-06
rz	13	5.462e-06	4.656e-06
decodes	15	5.460e-06	4.669e-06
octet	17	5.458e-06	4.056e-06
square	21	5.457e-06	3.091e-06
clustering	9	5.456e-06	5.387e-06
kw	9	5.455e-06	5.387e-06
cglib	5	5.450e-06	3.282e-06
frequencies	70	5.449e-06	3.550e-06
test_copy	41	5.444e-06	3.298e-06
newly	23	5.439e-06	4.116e-06
envoy	19	5.420e-06	5.420e-06
rls	19	5.420e-06	5.420e-06
get_open	12	5.417e-06	2.802e-06
except	19	5.414e-06	3.576e-06
nreader	18	5.414e-06	5.414e-06
col1	5	5.412e-06	4.874e-06
inet	93	5.410e-06	3.663e-06
classs	6	5.409e-06	3.822e-06
octect	6	5.409e-06	3.822e-06
cmds	16	5.407e-06	3.466e-06
oc	5	5.404e-06	4.555e-06
destruction	4	5.404e-06	5.115e-06
construction	21	5.403e-06	3.425e-06
clazz2	12	5.402e-06	3.826e-06
overhead	5	5.399e-06	5.316e-06
suspended	34	5.398e-06	3.633e-06
zthes	8	5.388e-06	5.388e-06
25394	8	5.387e-06	5.387e-06
25421	8	5.387e-06	5.387e-06
chip	8	5.387e-06	5.387e-06
showcase	8	5.387e-06	5.387e-06
voter	8	5.387e-06	5.387e-06
exprs	63	5.380e-06	3.886e-06
apple	15	5.378e-06	2.435e-06
usages	18	5.373e-06	4.973e-06
jitter	10	5.366e-06	3.308e-06
receipts	19	5.363e-06	4.904e-06
relay	14	5.361e-06	5.292e-06
prohibited	6	5.346e-06	4.018e-06
adapted	9	5.346e-06	3.340e-06
iy	7	5.344e-06	4.110e-06
col2	4	5.343e-06	4.875e-06
memery	8	5.339e-06	5.339e-06
escapes	25	5.339e-06	2.919e-06
us	25	5.338e-06	2.618e-06
extends	26	5.330e-06	2.832e-06
benificiary	13	5.327e-06	5.327e-06
hao	13	5.327e-06	5.327e-06
iemr	13	5.327e-06	5.327e-06
endings	18	5.323e-06	5.255e-06
base64scrawl	2	5.316e-06	5.316e-06
bit_depth	2	5.316e-06	5.316e-06
boot2demo	2	5.316e-06	5.316e-06
boot3demo	2	5.316e-06	5.316e-06
unserializable	4	5.312e-06	4.681e-06
instantiated	6	5.306e-06	2.826e-06
call_site	6	5.304e-06	3.765e-06
sopauth	8	5.303e-06	5.303e-06
prf	7	5.302e-06	3.898e-06
unified	13	5.299e-06	3.777e-06
cel	8	5.298e-06	3.913e-06
key4	15	5.288e-06	3.662e-06
abstract_model	4	5.284e-06	4.518e-06
centered	12	5.284e-06	3.122e-06
capped	16	5.280e-06	3.724e-06
selectivity	192	5.280e-06	5.280e-06
status_line	18	5.276e-06	3.079e-06
shotgun	2	5.274e-06	3.839e-06
universal	16	5.264e-06	3.037e-06
colleagues	6	5.263e-06	5.263e-06
formulation	6	5.263e-06	5.263e-06
eyes	5	5.262e-06	4.111e-06
assignable	19	5.260e-06	3.507e-06
control_panel	5	5.260e-06	4.566e-06
agree	17	5.256e-06	3.491e-06
lab15	17	5.255e-06	5.255e-06
tupleflow	17	5.255e-06	5.255e-06
hy	11	5.254e-06	4.623e-06
surf	11	5.254e-06	4.623e-06
parentheses	7	5.248e-06	4.315e-06
encounters	8	5.246e-06	5.082e-06
collate	179	5.246e-06	4.427e-06
config2	10	5.243e-06	3.523e-06
subtype	12	5.237e-06	3.858e-06
pol	2	5.236e-06	4.018e-06
being	5	5.234e-06	3.262e-06
bitmap	67	5.232e-06	3.415e-06
cand	18	5.231e-06	3.895e-06
hw	10	5.226e-06	3.772e-06
childs	19	5.222e-06	5.113e-06
numerator	20	5.222e-06	3.682e-06
vertexes	130	5.217e-06	5.000e-06
return400	14	5.214e-06	4.934e-06
fonts	7	5.210e-06	3.856e-06
empty_set	34	5.197e-06	3.696e-06
friction	16	5.194e-06	4.047e-06
ldt	6	5.192e-06	5.110e-06
wiring	11	5.188e-06	3.204e-06
signatures	4	5.188e-06	4.242e-06
associate	7	5.182e-06	4.479e-06
followed	12	5.182e-06	3.487e-06
nm	12	5.179e-06	2.217e-06
appearing	2	5.176e-06	5.176e-06
attachable	2	5.176e-06	5.176e-06
downgraded	2	5.176e-06	5.176e-06
listener3	2	5.176e-06	5.176e-06
registry2	2	5.176e-06	5.176e-06
registry3	2	5.176e-06	5.176e-06
undemanded	2	5.176e-06	5.176e-06
unsatisfied	2	5.176e-06	5.176e-06
upgraded	2	5.176e-06	5.176e-06
usecase10	2	5.176e-06	5.176e-06
usecase11	2	5.176e-06	5.176e-06
usecase12	2	5.176e-06	5.176e-06
usecase13	2	5.176e-06	5.176e-06
usecase14	2	5.176e-06	5.176e-06
usecase15	2	5.176e-06	5.176e-06
usecase16	2	5.176e-06	5.176e-06
usecase17	2	5.176e-06	5.176e-06
usecase18	2	5.176e-06	5.176e-06
quarkus	19	5.176e-06	5.135e-06
cant	6	5.165e-06	4.962e-06
cyclic	18	5.161e-06	3.333e-06
test_suite	28	5.154e-06	4.121e-06
scale_factor	14	5.153e-06	2.945e-06
bc	91	5.153e-06	2.736e-06
xx	62	5.149e-06	3.940e-06
response_time	13	5.149e-06	3.131e-06
prediction	17	5.140e-06	4.610e-06
apps	17	5.129e-06	3.031e-06
parameterized	17	5.118e-06	3.135e-06
alone	21	5.116e-06	2.826e-06
jjtc000	186	5.115e-06	5.115e-06
jjtn000	186	5.115e-06	5.115e-06
attractors	17	5.113e-06	5.113e-06
ava	17	5.113e-06	5.113e-06
perturbations	17	5.113e-06	5.113e-06
odt	3	5.110e-06	5.110e-06
iz	5	5.105e-06	3.993e-06
would	11	5.105e-06	3.509e-06
successes	4	5.097e-06	4.657e-06
tlist	5	5.096e-06	2.933e-06
thumbnails	8	5.093e-06	4.725e-06
hs	7	5.088e-06	2.876e-06
pm	34	5.083e-06	2.269e-06
exclusion	18	5.083e-06	2.351e-06
retained	37	5.082e-06	3.557e-06
dstu2	2	5.081e-06	5.081e-06
exm130	2	5.081e-06	5.081e-06
hapi	2	5.081e-06	5.081e-06
meds	2	5.081e-06	5.081e-06
r4it	2	5.081e-06	5.081e-06
r5it	2	5.081e-06	5.081e-06
durability	20	5.078e-06	4.995e-06
isnew	3	5.076e-06	4.509e-06
f3	6	5.074e-06	4.147e-06
identifiable	161	5.073e-06	4.444e-06
return401	13	5.068e-06	4.573e-06
eps	12	5.066e-06	5.038e-06
marshall	9	5.064e-06	3.559e-06
gifs	5	5.063e-06	3.567e-06
cascade	22	5.061e-06	2.321e-06
correction	11	5.060e-06	4.378e-06
grounded	2	5.053e-06	4.612e-06
explicitly	8	5.046e-06	3.406e-06
urn	5	5.045e-06	4.478e-06
osgiserviceutil	3	5.041e-06	5.041e-06
r6component	3	5.041e-06	5.041e-06
r8optional	3	5.041e-06	5.041e-06
reg1	3	5.041e-06	5.041e-06
reg1c	3	5.041e-06	5.041e-06
prop2	17	5.040e-06	4.197e-06
dodge	11	5.038e-06	5.038e-06
unknown0	11	5.038e-06	5.038e-06
var14	11	5.038e-06	5.038e-06
vz	11	5.038e-06	5.038e-06
conns	3	5.030e-06	4.975e-06
dns	3	5.030e-06	4.975e-06
packets	16	5.030e-06	4.206e-06
uncompressed	3	5.024e-06	3.513e-06
tps	22	5.023e-06	3.926e-06
approver	12	5.022e-06	3.895e-06
adapt	10	5.022e-06	3.960e-06
iso8601	8	5.017e-06	4.202e-06
r0	5	5.013e-06	4.636e-06
cashier	13	5.007e-06	5.007e-06
varying	116	5.004e-06	4.717e-06
along	2	5.001e-06	4.607e-06
membership	13	4.996e-06	2.779e-06
esp	17	4.995e-06	4.995e-06
vv	11	4.985e-06	4.162e-06
ei	16	4.983e-06	3.319e-06
ofbiz	73	4.981e-06	4.981e-06
success_message	33	4.980e-06	2.494e-06
middle_name	15	4.979e-06	3.810e-06
payloads	4	4.977e-06	3.401e-06
baggage	1	4.975e-06	4.975e-06
cents	1	4.975e-06	4.975e-06
checkms	1	4.975e-06	4.975e-06
leased	1	4.975e-06	4.975e-06
ledgerwriter	1	4.975e-06	4.975e-06
randomizer	1	4.975e-06	4.975e-06
remote_access	1	4.975e-06	4.975e-06
shuffling	1	4.975e-06	4.975e-06
algorthm	11	4.973e-06	4.973e-06
child21	11	4.973e-06	4.973e-06
landscape	11	4.973e-06	4.973e-06
portrait	11	4.973e-06	4.973e-06
validator1	11	4.973e-06	4.973e-06
validator2	11	4.973e-06	4.973e-06
td	20	4.971e-06	3.273e-06
refunds	2	4.968e-06	4.595e-06
base64alphabet	7	4.963e-06	2.870e-06
subparts	3	4.960e-06	4.960e-06
together	15	4.959e-06	3.581e-06
argb	7	4.959e-06	2.719e-06
lab13	16	4.946e-06	4.946e-06
verb	16	4.946e-06	4.946e-06
model3	2	4.939e-06	4.637e-06
rd	10	4.930e-06	2.329e-06
permits	8	4.930e-06	4.407e-06
warehouses	13	4.928e-06	4.928e-06
renewal	4	4.926e-06	3.487e-06
stress_test	18	4.925e-06	4.761e-06
comparable	33	4.923e-06	3.465e-06
switches	2	4.922e-06	4.895e-06
defs	33	4.922e-06	3.590e-06
communities	12	4.917e-06	4.917e-06
jsn	12	4.917e-06	4.917e-06
ga	2	4.907e-06	4.280e-06
md5creator	1	4.895e-06	4.895e-06
refresher	1	4.895e-06	4.895e-06
testutils	1	4.895e-06	4.895e-06
trusting	1	4.895e-06	4.895e-06
utf8support	1	4.895e-06	4.895e-06
wiht	1	4.895e-06	4.895e-06
mul	27	4.890e-06	2.055e-06
reviewed	11	4.887e-06	3.129e-06
renewed	12	4.885e-06	4.885e-06
coded	4	4.873e-06	4.127e-06
fun	13	4.870e-06	2.151e-06
manager2	16	4.870e-06	4.760e-06
unlocked	5	4.869e-06	4.787e-06
leap	17	4.867e-06	4.313e-06
cleansed	16	4.859e-06	4.640e-06
experiments	2	4.858e-06	4.858e-06
minsup	2	4.858e-06	4.858e-06
orderings	2	4.858e-06	4.858e-06
q1log	2	4.858e-06	4.858e-06
q1step	2	4.858e-06	4.858e-06
q3log	2	4.858e-06	4.858e-06
q3step	2	4.858e-06	4.858e-06
row1nonzero	2	4.858e-06	4.858e-06
row2nonzero	2	4.858e-06	4.858e-06
splited	2	4.858e-06	4.858e-06
transac	2	4.858e-06	4.858e-06
xml2	2	4.851e-06	4.633e-06
gp	8	4.850e-06	2.549e-06
breakers	17	4.850e-06	4.850e-06
ambiguous	5	4.842e-06	3.116e-06
rotations	21	4.839e-06	4.702e-06
fish	6	4.838e-06	3.978e-06
tries	11	4.834e-06	2.963e-06
sending	6	4.833e-06	3.148e-06
house	18	4.833e-06	2.278e-06
connectivity	17	4.828e-06	2.816e-06
uploader	3	4.826e-06	4.150e-06
cartesian_product	21	4.826e-06	4.404e-06
exclusions	9	4.823e-06	2.553e-06
fov	8	4.822e-06	3.038e-06
z2	8	4.822e-06	3.038e-06
phases	4	4.818e-06	4.531e-06
risk	12	4.814e-06	4.122e-06
pooled	21	4.813e-06	2.645e-06
functionality	16	4.812e-06	4.812e-06
answers	21	4.807e-06	4.147e-06
user_account	6	4.804e-06	3.620e-06
left_wing	4	4.804e-06	3.985e-06
right_wing	4	4.804e-06	3.985e-06
initialised	4	4.803e-06	3.692e-06
srv	11	4.799e-06	3.402e-06
enus	7	4.798e-06	4.798e-06
ptbr	7	4.798e-06	4.798e-06
maintain	19	4.798e-06	2.374e-06
scored	15	4.788e-06	4.348e-06
chambers	2	4.787e-06	4.787e-06
heath	2	4.787e-06	4.787e-06
invincibility	2	4.787e-06	4.787e-06
slimes	2	4.787e-06	4.787e-06
durable	174	4.785e-06	4.785e-06
doc1	122	4.777e-06	3.530e-06
initializes	8	4.776e-06	4.640e-06
anti	38	4.774e-06	4.160e-06
important	16	4.772e-06	3.066e-06
cache2	12	4.760e-06	4.760e-06
jcache	12	4.760e-06	4.760e-06
apiit	5	4.751e-06	4.751e-06
folio	5	4.751e-06	4.751e-06
return400on	5	4.751e-06	4.751e-06
q1	8	4.745e-06	2.807e-06
suspension	9	4.744e-06	4.553e-06
socks	4	4.741e-06	3.646e-06
hm	11	4.738e-06	3.287e-06
decryption	10	4.736e-06	3.306e-06
corrupted	27	4.735e-06	2.291e-06
sides	12	4.729e-06	2.567e-06
define	56	4.725e-06	2.963e-06
installs	8	4.725e-06	4.123e-06
alphabetical	7	4.714e-06	4.714e-06
xi	7	4.714e-06	3.528e-06
25420	7	4.713e-06	4.713e-06
25426	7	4.713e-06	4.713e-06
pill	7	4.713e-06	4.713e-06
retention	5	4.710e-06	3.032e-06
selections	7	4.708e-06	4.088e-06
vd	7	4.708e-06	4.088e-06
cape	16	4.702e-06	4.702e-06
legal	12	4.700e-06	2.314e-06
scrambled	4	4.699e-06	4.370e-06
stale	53	4.698e-06	3.090e-06
comb	5	4.684e-06	3.650e-06
ct	17	4.681e-06	2.349e-06
progression	11	4.678e-06	3.316e-06
2018	3	4.678e-06	4.650e-06
lambda2	7	4.672e-06	4.672e-06
langchain4j	7	4.672e-06	4.672e-06
msig	7	4.672e-06	4.672e-06
lacks	6	4.670e-06	3.384e-06
unconstrained	114	4.670e-06	4.670e-06
closest	31	4.668e-06	2.818e-06
provisioned	3	4.667e-06	3.849e-06
resumes	4	4.666e-06	4.639e-06
globals	16	4.664e-06	4.637e-06
discoverer	3	4.661e-06	3.328e-06
ec2role	21	4.657e-06	4.657e-06
s3bucket	21	4.657e-06	4.657e-06
spoon	21	4.657e-06	4.657e-06
repaint	5	4.650e-06	3.640e-06
0request	2	4.650e-06	4.650e-06
display_list	2	4.650e-06	4.650e-06
ecdsa	2	4.650e-06	4.650e-06
ed25519signature2018proof	2	4.650e-06	4.650e-06
ed25519signature2020proof	2	4.650e-06	4.650e-06
hbs	2	4.650e-06	4.650e-06
ldvc	2	4.650e-06	4.650e-06
master_key	2	4.650e-06	4.650e-06
multicodec	2	4.650e-06	4.650e-06
secp256k1	2	4.650e-06	4.650e-06
signature2018proof	2	4.650e-06	4.650e-06
vd11issuer	2	4.650e-06	4.650e-06
vd12issuer	2	4.650e-06	4.650e-06
leftover	3	4.648e-06	4.593e-06
len2	3	4.648e-06	4.593e-06
sweep	3	4.648e-06	4.593e-06
factory1	3	4.643e-06	3.391e-06
nfc	3	4.640e-06	4.247e-06
fade_out	4	4.640e-06	3.918e-06
lf	17	4.640e-06	2.342e-06
messaging	3	4.639e-06	4.639e-06
protection	34	4.638e-06	2.408e-06
lab17	15	4.637e-06	4.637e-06
qrels	15	4.637e-06	4.637e-06
warc	15	4.637e-06	4.637e-06
divide	31	4.632e-06	2.453e-06
xid	70	4.632e-06	3.184e-06
replaces	47	4.630e-06	3.497e-06
bicycle	1	4.630e-06	4.630e-06
model4	1	4.630e-06	4.630e-06
model5	1	4.630e-06	4.630e-06
model7a	1	4.630e-06	4.630e-06
model7b	1	4.630e-06	4.630e-06
model7c	1	4.630e-06	4.630e-06
model8	1	4.630e-06	4.630e-06
modelling	1	4.630e-06	4.630e-06
part_number	1	4.630e-06	4.630e-06
xml3	1	4.630e-06	4.630e-06
xml4	1	4.630e-06	4.630e-06
ks	88	4.629e-06	2.835e-06
eldest	17	4.626e-06	2.336e-06
ups	59	4.625e-06	4.006e-06
recorded	13	4.622e-06	2.561e-06
wrappers	14	4.621e-06	2.377e-06
behind	2	4.621e-06	4.593e-06
deepest	2	4.621e-06	4.593e-06
filler	15	4.619e-06	4.247e-06
www	5	4.617e-06	2.158e-06
yyyymmddhhmmss	5	4.617e-06	2.158e-06
paren	10	4.616e-06	4.140e-06
locks	46	4.614e-06	3.688e-06
kk	12	4.609e-06	4.090e-06
dr	15	4.606e-06	2.293e-06
shorter	20	4.603e-06	2.668e-06
helpers	20	4.601e-06	2.227e-06
oa	8	4.599e-06	3.476e-06
ni	5	4.597e-06	2.973e-06
applications	17	4.594e-06	3.422e-06
baritones	1	4.593e-06	4.593e-06
became	1	4.593e-06	4.593e-06
harvested	1	4.593e-06	4.593e-06
litematic	1	4.593e-06	4.593e-06
mined	1	4.593e-06	4.593e-06
nudged	1	4.593e-06	4.593e-06
pickaxes	1	4.593e-06	4.593e-06
placeable	1	4.593e-06	4.593e-06
prune	1	4.593e-06	4.593e-06
repeating	1	4.593e-06	4.593e-06
rescans	1	4.593e-06	4.593e-06
resuming	1	4.593e-06	4.593e-06
teleporter	1	4.593e-06	4.593e-06
why	1	4.593e-06	4.593e-06
woods	1	4.593e-06	4.593e-06
seek_time	4	4.592e-06	4.524e-06
traversed	18	4.591e-06	4.145e-06
screening	6	4.589e-06	3.248e-06
carts	1	4.583e-06	4.583e-06
delivery_order	1	4.583e-06	4.583e-06
mchid	1	4.583e-06	4.583e-06
msec	1	4.583e-06	4.583e-06
post4json	1	4.583e-06	4.583e-06
top10report	1	4.583e-06	4.583e-06
v3key	1	4.583e-06	4.583e-06
deliver	6	4.582e-06	3.165e-06
var0	10	4.580e-06	4.580e-06
rss	5	4.580e-06	4.445e-06
cw	9	4.573e-06	3.484e-06
solo	3	4.570e-06	4.474e-06
param3	11	4.570e-06	2.544e-06
tx1	166	4.565e-06	4.565e-06
six	22	4.563e-06	2.160e-06
pw	19	4.562e-06	2.804e-06
access_time	6	4.560e-06	3.961e-06
tuples	23	4.560e-06	2.683e-06
lp	11	4.560e-06	2.193e-06
bark	7	4.559e-06	3.511e-06
2e	4	4.552e-06	4.552e-06
2f	4	4.552e-06	4.552e-06
actif	4	4.552e-06	4.552e-06
coree	4	4.552e-06	4.552e-06
creations	4	4.552e-06	4.552e-06
evidence	4	4.552e-06	4.552e-06
existe	4	4.552e-06	4.552e-06
freinage	4	4.552e-06	4.552e-06
garages	4	4.552e-06	4.552e-06
laos	4	4.552e-06	4.552e-06
nouvelle	4	4.552e-06	4.552e-06
ouvert	4	4.552e-06	4.552e-06
republique	4	4.552e-06	4.552e-06
soudan	4	4.552e-06	4.552e-06
sud	4	4.552e-06	4.552e-06
unis	4	4.552e-06	4.552e-06
harmonic	4	4.552e-06	4.524e-06
vert	5	4.541e-06	3.491e-06
dfa6	16	4.539e-06	4.511e-06
concur	15	4.539e-06	3.802e-06
rent	2	4.532e-06	3.221e-06
anything	9	4.527e-06	2.933e-06
dock	3	4.524e-06	4.524e-06
equaliser	3	4.524e-06	4.524e-06
lognumx	3	4.524e-06	4.524e-06
logsubtwo	3	4.524e-06	4.524e-06
maximize	3	4.524e-06	4.524e-06
mixers	3	4.524e-06	4.524e-06
mp3	3	4.524e-06	4.524e-06
mp3panel	3	4.524e-06	4.524e-06
panel3	3	4.524e-06	4.524e-06
synth	3	4.524e-06	4.524e-06
such	22	4.524e-06	2.546e-06
throughput	9	4.519e-06	3.237e-06
aggregate_function	62	4.519e-06	3.129e-06
creators	4	4.512e-06	4.444e-06
segs	24	4.512e-06	3.670e-06
cadp	15	4.512e-06	4.512e-06
nvae	15	4.512e-06	4.512e-06
fname	31	4.509e-06	2.048e-06
genders	11	4.507e-06	4.507e-06
eight	15	4.504e-06	2.146e-06
locking	7	4.503e-06	2.820e-06
secured	11	4.501e-06	3.776e-06
mu	9	4.498e-06	3.523e-06
rotated	5	4.492e-06	2.543e-06
launch	2	4.485e-06	3.183e-06
invitations	11	4.478e-06	4.478e-06
role_model	11	4.478e-06	4.478e-06
abono	1	4.474e-06	4.474e-06
abonos	1	4.474e-06	4.474e-06
abonou	1	4.474e-06	4.474e-06
acreedorref	1	4.474e-06	4.474e-06
actividadeconomica	1	4.474e-06	4.474e-06
acum	1	4.474e-06	4.474e-06
afectainventario	1	4.474e-06	4.474e-06
afectaordenesenpendiente	1	4.474e-06	4.474e-06
afectaremisionenconfirmar	1	4.474e-06	4.474e-06
afectaremisionenpendiente	1	4.474e-06	4.474e-06
afp	1	4.474e-06	4.474e-06
almacenes	1	4.474e-06	4.474e-06
alms	1	4.474e-06	4.474e-06
anterior	1	4.474e-06	4.474e-06
apellido	1	4.474e-06	4.474e-06
aperturaorigen	1	4.474e-06	4.474e-06
appetiqueta	1	4.474e-06	4.474e-06
appmovil	1	4.474e-06	4.474e-06
artalm	1	4.474e-06	4.474e-06
artcb	1	4.474e-06	4.474e-06
artcostohist	1	4.474e-06	4.474e-06
artexistenciahist	1	4.474e-06	4.474e-06
artfamilias	1	4.474e-06	4.474e-06
articuloajustecobertura	1	4.474e-06	4.474e-06
articuloanticipo	1	4.474e-06	4.474e-06
articulocoaseguro	1	4.474e-06	4.474e-06
articulodeducible	1	4.474e-06	4.474e-06
articulodescuento	1	4.474e-06	4.474e-06
articuloj	1	4.474e-06	4.474e-06
articuloplanprenatal	1	4.474e-06	4.474e-06
artjuego	1	4.474e-06	4.474e-06
artunidadds	1	4.474e-06	4.474e-06
aseguradora	1	4.474e-06	4.474e-06
aseguradora12	1	4.474e-06	4.474e-06
audcte	1	4.474e-06	4.474e-06
authtoken	1	4.474e-06	4.474e-06
automatico	1	4.474e-06	4.474e-06
autorizaanombrede	1	4.474e-06	4.474e-06
autorizada	1	4.474e-06	4.474e-06
autorizaordencompra	1	4.474e-06	4.474e-06
autorizarequerimiento	1	4.474e-06	4.474e-06
autorizasolicitud	1	4.474e-06	4.474e-06
autorizasolicitudcompra	1	4.474e-06	4.474e-06
autorizasolicitudtraslado	1	4.474e-06	4.474e-06
autorizatipo	1	4.474e-06	4.474e-06
autorizoanombrede	1	4.474e-06	4.474e-06
auxiliaru	1	4.474e-06	4.474e-06
byclientes	1	4.474e-06	4.474e-06
byidunidad	1	4.474e-06	4.474e-06
byidunidadcompra	1	4.474e-06	4.474e-06
byidunidadcompras	1	4.474e-06	4.474e-06
byidunidads	1	4.474e-06	4.474e-06
byidunidadtraspaso	1	4.474e-06	4.474e-06
byidunidadtraspasos	1	4.474e-06	4.474e-06
cancelagasto	1	4.474e-06	4.474e-06
cantidadautorizada	1	4.474e-06	4.474e-06
cantidadpendiente	1	4.474e-06	4.474e-06
cargos	1	4.474e-06	4.474e-06
cargou	1	4.474e-06	4.474e-06
cbo	1	4.474e-06	4.474e-06
centrocostosomision	1	4.474e-06	4.474e-06
centrocostospredeterminado	1	4.474e-06	4.474e-06
centrocostosrequerido	1	4.474e-06	4.474e-06
centrodecostos	1	4.474e-06	4.474e-06
centroscostos	1	4.474e-06	4.474e-06
cerrar	1	4.474e-06	4.474e-06
cerrarperiodo	1	4.474e-06	4.474e-06
clasegastos	1	4.474e-06	4.474e-06
clientedefault	1	4.474e-06	4.474e-06
clienteproveedor	1	4.474e-06	4.474e-06
comparte	1	4.474e-06	4.474e-06
compra	1	4.474e-06	4.474e-06
comprad	1	4.474e-06	4.474e-06
comprads	1	4.474e-06	4.474e-06
comprarealizada	1	4.474e-06	4.474e-06
compras	1	4.474e-06	4.474e-06
conceptogastos	1	4.474e-06	4.474e-06
conceptogastosporc	1	4.474e-06	4.474e-06
conceptogastosporcs	1	4.474e-06	4.474e-06
conceptos	1	4.474e-06	4.474e-06
concluido	1	4.474e-06	4.474e-06
concluyeingresos	1	4.474e-06	4.474e-06
confirmado	1	4.474e-06	4.474e-06
confirmasolicitante	1	4.474e-06	4.474e-06
consecutivoa	1	4.474e-06	4.474e-06
consecutivods	1	4.474e-06	4.474e-06
consecutivon	1	4.474e-06	4.474e-06
consecutivou	1	4.474e-06	4.474e-06
contabilidad	1	4.474e-06	4.474e-06
contacto	1	4.474e-06	4.474e-06
contacto1	1	4.474e-06	4.474e-06
contactoaplica	1	4.474e-06	4.474e-06
contd	1	4.474e-06	4.474e-06
contds	1	4.474e-06	4.474e-06
conteo	1	4.474e-06	4.474e-06
contrasena	1	4.474e-06	4.474e-06
contraseña	1	4.474e-06	4.474e-06
copiar	1	4.474e-06	4.474e-06
correlativoplantares	1	4.474e-06	4.474e-06
corte	1	4.474e-06	4.474e-06
costoactual	1	4.474e-06	4.474e-06
costoanterior	1	4.474e-06	4.474e-06
costprom	1	4.474e-06	4.474e-06
creadepreciacionfiscal	1	4.474e-06	4.474e-06
creditoconlimite	1	4.474e-06	4.474e-06
creditoespecial	1	4.474e-06	4.474e-06
creditolimite	1	4.474e-06	4.474e-06
ctacentro	1	4.474e-06	4.474e-06
ctacentrods	1	4.474e-06	4.474e-06
ctadineroaperturascortes	1	4.474e-06	4.474e-06
ctasdineroabiertas	1	4.474e-06	4.474e-06
ctatransferencia	1	4.474e-06	4.474e-06
ctefam	1	4.474e-06	4.474e-06
ctegrupo	1	4.474e-06	4.474e-06
cuenta3	1	4.474e-06	4.474e-06
cuenta4	1	4.474e-06	4.474e-06
cuenta5	1	4.474e-06	4.474e-06
cuenta6	1	4.474e-06	4.474e-06
cuentaalterna	1	4.474e-06	4.474e-06
cuentabuscada	1	4.474e-06	4.474e-06
cuentafiscal	1	4.474e-06	4.474e-06
cxcaplica	1	4.474e-06	4.474e-06
cxcd	1	4.474e-06	4.474e-06
cxcds	1	4.474e-06	4.474e-06
cxcpago	1	4.474e-06	4.474e-06
cxpd	1	4.474e-06	4.474e-06
cxpds	1	4.474e-06	4.474e-06
debe	1	4.474e-06	4.474e-06
depreciacion	1	4.474e-06	4.474e-06
depreciacionf	1	4.474e-06	4.474e-06
descripcion1	1	4.474e-06	4.474e-06
descripcion2	1	4.474e-06	4.474e-06
descripcionextra	1	4.474e-06	4.474e-06
descuentolineal	1	4.474e-06	4.474e-06
diasferiados	1	4.474e-06	4.474e-06
diastramite	1	4.474e-06	4.474e-06
diasvencimiento	1	4.474e-06	4.474e-06
dineroaplica	1	4.474e-06	4.474e-06
dineros	1	4.474e-06	4.474e-06
dmodulo	1	4.474e-06	4.474e-06
dmov	1	4.474e-06	4.474e-06
dmovid	1	4.474e-06	4.474e-06
duis	1	4.474e-06	4.474e-06
editareceta	1	4.474e-06	4.474e-06
ejercicioplantares	1	4.474e-06	4.474e-06
email1	1	4.474e-06	4.474e-06
emailconfirmado	1	4.474e-06	4.474e-06
emailnotifiacionespeps	1	4.474e-06	4.474e-06
encargado	1	4.474e-06	4.474e-06
enviarsolicitud	1	4.474e-06	4.474e-06
enviocorreo	1	4.474e-06	4.474e-06
enviocorreoopcional	1	4.474e-06	4.474e-06
esacreedora	1	4.474e-06	4.474e-06
esacumulativa	1	4.474e-06	4.474e-06
esacumulativo	1	4.474e-06	4.474e-06
escancelacion	1	4.474e-06	4.474e-06
escreenid	1	4.474e-06	4.474e-06
esexcento	1	4.474e-06	4.474e-06
estatusopcion	1	4.474e-06	4.474e-06
exento	1	4.474e-06	4.474e-06
existenciamaxima	1	4.474e-06	4.474e-06
existenciaminima	1	4.474e-06	4.474e-06
extension1	1	4.474e-06	4.474e-06
facturacion	1	4.474e-06	4.474e-06
facturaconfirmada	1	4.474e-06	4.474e-06
familiaprov	1	4.474e-06	4.474e-06
fechaalta	1	4.474e-06	4.474e-06
fechaautorizacion	1	4.474e-06	4.474e-06
fechacomenzo	1	4.474e-06	4.474e-06
fechacortenominaa	1	4.474e-06	4.474e-06
fechacortenominad	1	4.474e-06	4.474e-06
fechaemisiondetalle	1	4.474e-06	4.474e-06
fechaentrega	1	4.474e-06	4.474e-06
fechahoraconfirmasolicitante	1	4.474e-06	4.474e-06
fechainicio	1	4.474e-06	4.474e-06
fechaorigen	1	4.474e-06	4.474e-06
fechaprogramada	1	4.474e-06	4.474e-06
fechatermino	1	4.474e-06	4.474e-06
firma	1	4.474e-06	4.474e-06
firmacomosolicitante	1	4.474e-06	4.474e-06
formapagomod	1	4.474e-06	4.474e-06
gasto	1	4.474e-06	4.474e-06
gastod	1	4.474e-06	4.474e-06
generarpoliza	1	4.474e-06	4.474e-06
grupoclientespredeterminado	1	4.474e-06	4.474e-06
gruposconrecargo	1	4.474e-06	4.474e-06
haber	1	4.474e-06	4.474e-06
honorario	1	4.474e-06	4.474e-06
horafinalrecargoprecio	1	4.474e-06	4.474e-06
horainicialrecargoprecio	1	4.474e-06	4.474e-06
horasvencimientoconsultas	1	4.474e-06	4.474e-06
iconmovil	1	4.474e-06	4.474e-06
idcortez	1	4.474e-06	4.474e-06
idcxp	1	4.474e-06	4.474e-06
iddepartamento	1	4.474e-06	4.474e-06
idenlacewompi	1	4.474e-06	4.474e-06
idingreso	1	4.474e-06	4.474e-06
idmovimiento	1	4.474e-06	4.474e-06
idmunicipio	1	4.474e-06	4.474e-06
idpacienteingresosv	1	4.474e-06	4.474e-06
idpais	1	4.474e-06	4.474e-06
importainv	1	4.474e-06	4.474e-06
importecalculado	1	4.474e-06	4.474e-06
importeoriginal	1	4.474e-06	4.474e-06
ingreso	1	4.474e-06	4.474e-06
institucion	1	4.474e-06	4.474e-06
instrucciones	1	4.474e-06	4.474e-06
isss	1	4.474e-06	4.474e-06
jv	1	4.474e-06	4.474e-06
libroiva	1	4.474e-06	4.474e-06
limitecierremodulos	1	4.474e-06	4.474e-06
limitecostopromedio	1	4.474e-06	4.474e-06
liquidacionoc	1	4.474e-06	4.474e-06
liquidahonorarios	1	4.474e-06	4.474e-06
liquidaingresos	1	4.474e-06	4.474e-06
localizacion	1	4.474e-06	4.474e-06
maquina	1	4.474e-06	4.474e-06
margen	1	4.474e-06	4.474e-06
marquesina	1	4.474e-06	4.474e-06
maximo	1	4.474e-06	4.474e-06
medico	1	4.474e-06	4.474e-06
mensajeaccionista	1	4.474e-06	4.474e-06
modificaaccionista	1	4.474e-06	4.474e-06
modificaestatusactivos	1	4.474e-06	4.474e-06
modificafecha	1	4.474e-06	4.474e-06
modificaimporte	1	4.474e-06	4.474e-06
modificaimpuesto	1	4.474e-06	4.474e-06
modificaimpuestoscompra	1	4.474e-06	4.474e-06
modificaimpuestoscxp	1	4.474e-06	4.474e-06
modificanominaconcepto	1	4.474e-06	4.474e-06
modificaproveedorcxp	1	4.474e-06	4.474e-06
modificareferenciaremisiones	1	4.474e-06	4.474e-06
modificaultimoconsecutivo	1	4.474e-06	4.474e-06
modulos	1	4.474e-06	4.474e-06
monto	1	4.474e-06	4.474e-06
montocapital	1	4.474e-06	4.474e-06
montomaximoanombrede	1	4.474e-06	4.474e-06
montomaximoautorizacioncompra	1	4.474e-06	4.474e-06
montomaximoordencompra	1	4.474e-06	4.474e-06
montosujeto	1	4.474e-06	4.474e-06
movcomportamiento	1	4.474e-06	4.474e-06
movcomportamientos	1	4.474e-06	4.474e-06
movd	1	4.474e-06	4.474e-06
movflujo	1	4.474e-06	4.474e-06
movsflujo	1	4.474e-06	4.474e-06
movtiempo	1	4.474e-06	4.474e-06
movtipo	1	4.474e-06	4.474e-06
muestracostoreceta	1	4.474e-06	4.474e-06
muestraexistenciacompras	1	4.474e-06	4.474e-06
muestraexistenciainventario	1	4.474e-06	4.474e-06
muestraexistenciaventas	1	4.474e-06	4.474e-06
muncipio	1	4.474e-06	4.474e-06
municipal	1	4.474e-06	4.474e-06
naceenmodulo	1	4.474e-06	4.474e-06
navigationid	1	4.474e-06	4.474e-06
nivelacceso	1	4.474e-06	4.474e-06
nombrecomercial	1	4.474e-06	4.474e-06
nombreempresa	1	4.474e-06	4.474e-06
nombresecuencia	1	4.474e-06	4.474e-06
nombresistema	1	4.474e-06	4.474e-06
nosujeto	1	4.474e-06	4.474e-06
notificartransferencia	1	4.474e-06	4.474e-06
nuevo	1	4.474e-06	4.474e-06
nuevoaseguradora	1	4.474e-06	4.474e-06
nuevoaseguradora12	1	4.474e-06	4.474e-06
numerocaja	1	4.474e-06	4.474e-06
numerocta	1	4.474e-06	4.474e-06
numeropersonas	1	4.474e-06	4.474e-06
ocultabtnguardarvtas	1	4.474e-06	4.474e-06
omodulo	1	4.474e-06	4.474e-06
omov	1	4.474e-06	4.474e-06
omovid	1	4.474e-06	4.474e-06
origenconcluido	1	4.474e-06	4.474e-06
origenidmod	1	4.474e-06	4.474e-06
origenmod	1	4.474e-06	4.474e-06
otrosdatos	1	4.474e-06	4.474e-06
paciente	1	4.474e-06	4.474e-06
pacientenombre	1	4.474e-06	4.474e-06
padre	1	4.474e-06	4.474e-06
partida	1	4.474e-06	4.474e-06
pasillo	1	4.474e-06	4.474e-06
pcd	1	4.474e-06	4.474e-06
pcds	1	4.474e-06	4.474e-06
permite	1	4.474e-06	4.474e-06
permitecambio	1	4.474e-06	4.474e-06
permitecontabilizar	1	4.474e-06	4.474e-06
permitecopiar	1	4.474e-06	4.474e-06
peso	1	4.474e-06	4.474e-06
plantares	1	4.474e-06	4.474e-06
porcentajerecargoprecio	1	4.474e-06	4.474e-06
porcentajevacacion	1	4.474e-06	4.474e-06
precio2	1	4.474e-06	4.474e-06
precio3	1	4.474e-06	4.474e-06
precio4	1	4.474e-06	4.474e-06
precio5	1	4.474e-06	4.474e-06
precioenpaquete	1	4.474e-06	4.474e-06
preciolista	1	4.474e-06	4.474e-06
preciossolofm	1	4.474e-06	4.474e-06
predeterminada	1	4.474e-06	4.474e-06
predeterminado	1	4.474e-06	4.474e-06
procedimiento	1	4.474e-06	4.474e-06
proceso	1	4.474e-06	4.474e-06
proveedorcegi	1	4.474e-06	4.474e-06
proveedorimpuestos	1	4.474e-06	4.474e-06
ramahijo	1	4.474e-06	4.474e-06
razon	1	4.474e-06	4.474e-06
razonsocial	1	4.474e-06	4.474e-06
referencias	1	4.474e-06	4.474e-06
registrosv	1	4.474e-06	4.474e-06
reimpresion	1	4.474e-06	4.474e-06
renglonid	1	4.474e-06	4.474e-06
reporsitory	1	4.474e-06	4.474e-06
requerimiento	1	4.474e-06	4.474e-06
requierereferencia	1	4.474e-06	4.474e-06
reservaciones	1	4.474e-06	4.474e-06
resolucion	1	4.474e-06	4.474e-06
respository	1	4.474e-06	4.474e-06
rolid	1	4.474e-06	4.474e-06
ruta	1	4.474e-06	4.474e-06
rutacotizacion	1	4.474e-06	4.474e-06
rutafirmasorigen	1	4.474e-06	4.474e-06
rutaplantaresdestino	1	4.474e-06	4.474e-06
rutaplantaresorigen	1	4.474e-06	4.474e-06
rutarequerimiento	1	4.474e-06	4.474e-06
rutasellosorigen	1	4.474e-06	4.474e-06
secompra	1	4.474e-06	4.474e-06
seresta	1	4.474e-06	4.474e-06
sevende	1	4.474e-06	4.474e-06
sistemas	1	4.474e-06	4.474e-06
soloventas	1	4.474e-06	4.474e-06
stam	1	4.474e-06	4.474e-06
subclasegastos	1	4.474e-06	4.474e-06
subclasegastoss	1	4.474e-06	4.474e-06
sueldominimo	1	4.474e-06	4.474e-06
sugerido	1	4.474e-06	4.474e-06
sugierecosto	1	4.474e-06	4.474e-06
telfijo	1	4.474e-06	4.474e-06
telmovil	1	4.474e-06	4.474e-06
tesoreria	1	4.474e-06	4.474e-06
ticketinicio	1	4.474e-06	4.474e-06
tieneretencion	1	4.474e-06	4.474e-06
tipocategoria	1	4.474e-06	4.474e-06
tipoticket	1	4.474e-06	4.474e-06
totalacciones	1	4.474e-06	4.474e-06
trabajasoloservicios	1	4.474e-06	4.474e-06
ultimocorte	1	4.474e-06	4.474e-06
ultimocost	1	4.474e-06	4.474e-06
unidadcompra	1	4.474e-06	4.474e-06
usasecuencia	1	4.474e-06	4.474e-06
usuariosistema	1	4.474e-06	4.474e-06
validaestablecer	1	4.474e-06	4.474e-06
valornominal	1	4.474e-06	4.474e-06
valortotal	1	4.474e-06	4.474e-06
vencimientodetalle	1	4.474e-06	4.474e-06
ventapago	1	4.474e-06	4.474e-06
vialidad	1	4.474e-06	4.474e-06
vidautil	1	4.474e-06	4.474e-06
vidautilf	1	4.474e-06	4.474e-06
ognl	14	4.472e-06	2.882e-06
uids	7	4.470e-06	4.387e-06
xin	3	4.469e-06	4.469e-06
zy	3	4.469e-06	4.469e-06
cutoff	8	4.465e-06	4.056e-06
crlf	7	4.457e-06	2.541e-06
deduction	7	4.457e-06	3.136e-06
enriched	7	4.452e-06	2.991e-06
wipe	8	4.451e-06	3.775e-06
str2list	5	4.450e-06	2.391e-06
convex	4	4.444e-06	4.362e-06
1cc8eff62af0e6bb3e7771666e2e4109f351b7dfc6fc1dc8314e5671a8eecb80	3	4.444e-06	4.444e-06
631d3777cf83e1abea848b59a6589c470cf0c7d0fd99682c4c104481ad9a543f	3	4.444e-06	4.444e-06
activitiy	3	4.444e-06	4.444e-06
c1b37add5ee5f30916f19811c59c2960e3b68ecf1a3846afe1776014c4c96271	3	4.444e-06	4.444e-06
carvalheiro	3	4.444e-06	4.444e-06
data_feed	3	4.444e-06	4.444e-06
drucker	3	4.444e-06	4.444e-06
ecoab	3	4.444e-06	4.444e-06
importerz	3	4.444e-06	4.444e-06
liter	3	4.444e-06	4.444e-06
organism	3	4.444e-06	4.444e-06
physiological	3	4.444e-06	4.444e-06
pubs	3	4.444e-06	4.444e-06
nice	7	4.438e-06	2.612e-06
enclosed	20	4.436e-06	4.436e-06
s3n	20	4.436e-06	4.436e-06
simba	20	4.436e-06	4.436e-06
necessary	12	4.430e-06	2.326e-06
vines	3	4.427e-06	3.807e-06
ftl	53	4.420e-06	3.645e-06
door	10	4.416e-06	4.130e-06
variants	27	4.413e-06	2.076e-06
psi	6	4.409e-06	3.520e-06
conjunction	14	4.408e-06	2.810e-06
enchantment	15	4.408e-06	4.408e-06
surround	15	4.408e-06	4.408e-06
cf	14	4.408e-06	2.487e-06
alphabetic	3	4.404e-06	4.335e-06
saw	6	4.399e-06	3.671e-06
eu	8	4.396e-06	3.610e-06
one_shot	12	4.391e-06	4.363e-06
carries	16	4.391e-06	3.714e-06
unrelated	16	4.391e-06	3.714e-06
source_code	7	4.390e-06	4.019e-06
wins	20	4.388e-06	2.869e-06
backpacks	4	4.387e-06	4.387e-06
dislike	4	4.387e-06	4.387e-06
hmset	4	4.387e-06	4.387e-06
hset	4	4.387e-06	4.387e-06
summery	4	4.387e-06	4.387e-06
trie	4	4.387e-06	4.387e-06
applier	5	4.386e-06	4.386e-06
join1	5	4.386e-06	4.386e-06
lsource	5	4.386e-06	4.386e-06
rdfmapper	5	4.386e-06	4.386e-06
performance	10	4.378e-06	3.298e-06
tk	19	4.372e-06	3.812e-06
customize	4	4.365e-06	3.474e-06
bubbles	3	4.365e-06	3.068e-06
manager1	11	4.363e-06	4.363e-06
req1	11	4.363e-06	4.363e-06
awt	3	4.363e-06	3.558e-06
cc65	2	4.362e-06	4.362e-06
minstd	2	4.362e-06	4.362e-06
pow2	2	4.362e-06	4.362e-06
uniquifier	2	4.362e-06	4.362e-06
qq	7	4.356e-06	2.444e-06
repeated	32	4.354e-06	1.831e-06
suspected	10	4.351e-06	3.740e-06
due	7	4.350e-06	3.530e-06
impersonation	21	4.350e-06	4.215e-06
rain	3	4.346e-06	3.910e-06
backward	47	4.344e-06	2.516e-06
frog	4	4.341e-06	3.794e-06
offset_time	5	4.338e-06	3.515e-06
dictionaries	2	4.336e-06	4.336e-06
empty_word	2	4.336e-06	4.336e-06
errat	2	4.336e-06	4.336e-06
fear	2	4.336e-06	4.336e-06
unpack	4	4.335e-06	3.120e-06
cname	4	4.328e-06	4.127e-06
belong	14	4.328e-06	3.532e-06
iters	14	4.328e-06	4.328e-06
judgment	14	4.328e-06	4.328e-06
judgments	14	4.328e-06	4.328e-06
noun	14	4.328e-06	4.328e-06
nse	14	4.328e-06	4.328e-06
working_set	14	4.328e-06	4.328e-06
zin	8	4.324e-06	3.480e-06
tok	13	4.316e-06	2.481e-06
ab	24	4.311e-06	1.889e-06
mushrooms	2	4.306e-06	3.055e-06
smoothing	15	4.305e-06	2.240e-06
timestamptz	105	4.301e-06	4.301e-06
transitions	12	4.293e-06	2.429e-06
caused	6	4.291e-06	3.544e-06
set_function	15	4.290e-06	2.567e-06
resolves	44	4.288e-06	2.585e-06
hard	16	4.286e-06	2.800e-06
classmate	3	4.281e-06	4.281e-06
classmates	3	4.281e-06	4.281e-06
task3	3	4.281e-06	4.281e-06
tio	3	4.281e-06	4.281e-06
yun	3	4.281e-06	4.281e-06
eagle	15	4.279e-06	4.279e-06
bean2	7	4.277e-06	2.567e-06
releases	27	4.276e-06	3.580e-06
provision	3	4.275e-06	3.770e-06
grey	2	4.270e-06	3.027e-06
relocate	2	4.268e-06	3.071e-06
graceful	2	4.265e-06	3.777e-06
reinitialize	2	4.265e-06	3.777e-06
exhausts	2	4.261e-06	4.234e-06
including	15	4.257e-06	3.459e-06
jsonpath	63	4.253e-06	3.038e-06
inventory_item	59	4.251e-06	3.965e-06
postfix	15	4.244e-06	3.506e-06
hat	2	4.242e-06	2.985e-06
ctx1	5	4.234e-06	4.124e-06
afterは現在ウィンドウの残り秒数	1	4.234e-06	4.234e-06
argumentは400で汎用文言	1	4.234e-06	4.234e-06
argumentはwarnログに記録される	1	4.234e-06	4.234e-06
auto既定値はvalidate	1	4.234e-06	4.234e-06
bcrypt	1	4.234e-06	4.234e-06
c1制御文字も不合格	1	4.234e-06	4.234e-06
capacityが0なら起動時例外	1	4.234e-06	4.234e-06
capacityが負なら起動時例外	1	4.234e-06	4.234e-06
charset未指定はiso88591で読み取る	1	4.234e-06	4.234e-06
conflictが変換した例外を送出する	1	4.234e-06	4.234e-06
cors未設定ではどのオリジンのプリフライトも拒否される	1	4.234e-06	4.234e-06
dbアクセス障害は500で汎用文言	1	4.234e-06	4.234e-06
decomposed	1	4.234e-06	4.234e-06
delを含む文字列は不合格	1	4.234e-06	4.234e-06
description列の長さは定数から導かれる	1	4.234e-06	4.234e-06
entertainment	1	4.234e-06	4.234e-06
fence	1	4.234e-06	4.234e-06
goneが変換した例外を送出する	1	4.234e-06	4.234e-06
month欠落は400	1	4.234e-06	4.234e-06
nfc正規化後に50文字を超える名前は400例外	1	4.234e-06	4.234e-06
nfd分解表現でも正規化キーはnfc合成表現になる	1	4.234e-06	4.234e-06
nfd分解表現の濁点はnfc合成表現へ正規化してから重複チェックする	1	4.234e-06	4.234e-06
nfd分解表現は合成後のコードポイント数で検証され201	1	4.234e-06	4.234e-06
nfd分解表現をnfc合成表現へ変換する	1	4.234e-06	4.234e-06
nullが渡っても落ちない	1	4.234e-06	4.234e-06
nullの名前は正規化キーもnull	1	4.234e-06	4.234e-06
nulを含む名前は400	1	4.234e-06	4.234e-06
nulを含む文字列は不合格	1	4.234e-06	4.234e-06
nulを含む説明は400	1	4.234e-06	4.234e-06
readmeのddlのインデックスが正本と一致する	1	4.234e-06	4.234e-06
readmeのddlの主キーが正本と一致し識別列になっている	1	4.234e-06	4.234e-06
readmeのddlの列が正本と一致する	1	4.234e-06	4.234e-06
secondsが0なら起動時例外	1	4.234e-06	4.234e-06
secondsが負なら起動時例外	1	4.234e-06	4.234e-06
size未指定なら既定ページサイズ20が適用される	1	4.234e-06	4.234e-06
sortクエリは無視されid昇順に固定される	1	4.234e-06	4.234e-06
sortクエリは無視されページ番号と件数だけが引き継がれる	1	4.234e-06	4.234e-06
streamを複数回呼んでも同じストリームを再利用する	1	4.234e-06	4.234e-06
tokyoに固定する	1	4.234e-06	4.234e-06
unpagedなpageableでも例外にならず固定並び順が適用される	1	4.234e-06	4.234e-06
vanished	1	4.234e-06	4.234e-06
xffがカンマのみでもクラッシュせずリモートアドレスにフォールバックする	1	4.234e-06	4.234e-06
xffがカンマ連続でもクラッシュせずリモートアドレスにフォールバックする	1	4.234e-06	4.234e-06
xffがコロン無しの16進文字列なら採用せずリモートアドレスにフォールバックする	1	4.234e-06	4.234e-06
xff不正形式はリモートアドレスにフォールバックする	1	4.234e-06	4.234e-06
xff末尾ipでレート制限がかかる	1	4.234e-06	4.234e-06
xff複数ipの末尾でレート制限がかかる	1	4.234e-06	4.234e-06
xff複数ヘッダ行では最後の行でレート制限がかかる	1	4.234e-06	4.234e-06
ymlのddl	1	4.234e-06	4.234e-06
すべての操作種別の名前が列長に収まる	1	4.234e-06	4.234e-06
その他のc0制御文字も不合格	1	4.234e-06	4.234e-06
ちょうど50文字の名前は保存して返す	1	4.234e-06	4.234e-06
まとめ読みでも上限超過は例外を送出する	1	4.234e-06	4.234e-06
エスツェットとssは重複扱いしない	1	4.234e-06	4.234e-06
エラーディスパッチの4xxは元ステータスと汎用文言	1	4.234e-06	4.234e-06
エラーディスパッチの500は統一形式	1	4.234e-06	4.234e-06
エンティティの走査が機能している	1	4.234e-06	4.234e-06
カテゴリid未指定は400	1	4.234e-06	4.234e-06
カテゴリで絞ると当該カテゴリのみ返る	1	4.234e-06	4.234e-06
カテゴリの作成が監査ログに記録される	1	4.234e-06	4.234e-06
カテゴリの削除が監査ログに記録される	1	4.234e-06	4.234e-06
カテゴリの更新が監査ログに記録される	1	4.234e-06	4.234e-06
カテゴリを同時に取得しn1を避ける	1	4.234e-06	4.234e-06
カテゴリ不在時は404例外	1	4.234e-06	4.234e-06
カテゴリ別合計を金額降順で返す	1	4.234e-06	4.234e-06
カテゴリ存在時は保存して返す	1	4.234e-06	4.234e-06
カテゴリ数が上限ちょうどなら打ち切りフラグは立たない	1	4.234e-06	4.234e-06
カテゴリ数が上限超過なら内訳を切り詰めて打ち切りフラグを立てる	1	4.234e-06	4.234e-06
クエリの型不一致は400	1	4.234e-06	4.234e-06
サロゲートペアの絵文字は1コードポイントとして数える	1	4.234e-06	4.234e-06
サロゲートペアの途中では切らない	1	4.234e-06	4.234e-06
サロゲートペア文字がちょうど50コードポイントの名前は保存して返す	1	4.234e-06	4.234e-06
シークレットが31バイトなら起動時例外	1	4.234e-06	4.234e-06
シークレットが32バイトなら生成できる	1	4.234e-06	4.234e-06
シークレットがnullなら起動時例外	1	4.234e-06	4.234e-06
シークレットが空なら起動時例外	1	4.234e-06	4.234e-06
ゼロバイト要求は上限到達後でも0を返す	1	4.234e-06	4.234e-06
タブと改行と復帰は合格	1	4.234e-06	4.234e-06
トークン無しは401	1	4.234e-06	4.234e-06
トークン発行の失敗はログイン失敗として記録される	1	4.234e-06	4.234e-06
トークン発行の成功はログイン成功として記録される	1	4.234e-06	4.234e-06
パスワードハッシュが平文なら起動時例外	1	4.234e-06	4.234e-06
パスワードハッシュが空なら起動時例外	1	4.234e-06	4.234e-06
パス変数の型不一致は400で統一形式	1	4.234e-06	4.234e-06
ページサイズで件数が制限される	1	4.234e-06	4.234e-06
ページ指定ありならページ番号と件数を引き継ぎ並び順だけ固定される	1	4.234e-06	4.234e-06
マルチバイト文字はバイト数で判定される	1	4.234e-06	4.234e-06
ユーザー名が空なら起動時例外	1	4.234e-06	4.234e-06
ユーザー名が空欄は400	1	4.234e-06	4.234e-06
ユーザー名が空白のみなら匿名になる	1	4.234e-06	4.234e-06
レート制限フィルタはspring	1	4.234e-06	4.234e-06
レート制限フィルタは本文サイズ上限フィルタより先に実行される	1	4.234e-06	4.234e-06
ロールバックされた変更は記録されない	1	4.234e-06	4.234e-06
ワイルドカード単体なら起動時例外	1	4.234e-06	4.234e-06
ワイルドカード混在でも起動時例外	1	4.234e-06	4.234e-06
一意制約違反はon	1	4.234e-06	4.234e-06
上限0では空文字列のみ合格	1	4.234e-06	4.234e-06
上限0なら空文字になる	1	4.234e-06	4.234e-06
上限がintの最大値なら起動時例外	1	4.234e-06	4.234e-06
上限がintの最大値の1つ手前なら生成できる	1	4.234e-06	4.234e-06
上限ちょうどのコードポイント数は合格	1	4.234e-06	4.234e-06
上限ちょうどのサイズは正常に読み切れる	1	4.234e-06	4.234e-06
上限ちょうどの値はそのまま返る	1	4.234e-06	4.234e-06
上限ちょうどの通常値はそのまま返る	1	4.234e-06	4.234e-06
上限を1つ超えると不合格	1	4.234e-06	4.234e-06
上限を超えるサイズは例外を送出する	1	4.234e-06	4.234e-06
上限を超えるページ番号は上限に丸められる	1	4.234e-06	4.234e-06
上限以下のページ番号はそのまま引き継がれる	1	4.234e-06	4.234e-06
上限内なら通常どおり処理される	1	4.234e-06	4.234e-06
上限内のサロゲートペアはそのまま残る	1	4.234e-06	4.234e-06
上限超過は429	1	4.234e-06	4.234e-06
上限超過時のretry	1	4.234e-06	4.234e-06
不在なら空を返す	1	4.234e-06	4.234e-06
不正なcharset名は例外にせずiso88591で読み取る	1	4.234e-06	4.234e-06
不正なjsonは400のまま	1	4.234e-06	4.234e-06
不正なトークンは401	1	4.234e-06	4.234e-06
不正リクエスト例外は400で安全文言	1	4.234e-06	4.234e-06
事前チェックで重複なら409例外	1	4.234e-06	4.234e-06
他人と同名ならtrue	1	4.234e-06	4.234e-06
件数上限で合計降順の上位だけに打ち切られる	1	4.234e-06	4.234e-06
作成リクエストの説明上限はdb列長と一致する	1	4.234e-06	4.234e-06
例外メッセージにシークレット値を含めない	1	4.234e-06	4.234e-06
保存対象のカテゴリ自体が消えたレースは404例外に変換	1	4.234e-06	4.234e-06
保存対象の支出自体が消えたレースは404例外に変換	1	4.234e-06	4.234e-06
保存時の外部キー制約違反も409例外に変換	1	4.234e-06	4.234e-06
個別オリジンの列挙なら生成できる	1	4.234e-06	4.234e-06
全エンティティが監査対象インターフェースを実装している	1	4.234e-06	4.234e-06
全エンティティに監査リスナが紐づいている	1	4.234e-06	4.234e-06
全エンティティのクラス名が列長に収まる	1	4.234e-06	4.234e-06
全件をdtoへ変換して返す	1	4.234e-06	4.234e-06
内訳は上限プラス1件で問い合わせ総合計は月全体のsumを使う	1	4.234e-06	4.234e-06
削除直後は削除として記録される	1	4.234e-06	4.234e-06
前後の全角空白も除去する	1	4.234e-06	4.234e-06
前後の半角空白を除去する	1	4.234e-06	4.234e-06
前後の空白を取り除く	1	4.234e-06	4.234e-06
匿名認証トークンは匿名になる	1	4.234e-06	4.234e-06
単独の低位サロゲートは不合格	1	4.234e-06	4.234e-06
単独の高位サロゲートは不合格	1	4.234e-06	4.234e-06
参照されていればtrue	1	4.234e-06	4.234e-06
参照中は409	1	4.234e-06	4.234e-06
合計が同額ならカテゴリid昇順で安定する	1	4.234e-06	4.234e-06
同一トランザクションの複数変更は1回にまとめて書かれる	1	4.234e-06	4.234e-06
同時更新の競合は409	1	4.234e-06	4.234e-06
名前変更時も正規化キーを同期する	1	4.234e-06	4.234e-06
固定並び順にunsortedを渡すと並び順なしになる	1	4.234e-06	4.234e-06
変更の記録内容が期待どおり	1	4.234e-06	4.234e-06
変更はコミット後に書き込まれる	1	4.234e-06	4.234e-06
大文字を小文字化したキーを返す	1	4.234e-06	4.234e-06
大文字小文字が異なっても重複としてtrue	1	4.234e-06	4.234e-06
大文字小文字違いの同時作成もdb制約経由で409例外	1	4.234e-06	4.234e-06
大文字小文字違いも事前チェックで409例外	1	4.234e-06	4.234e-06
存在しないユーザー名は401	1	4.234e-06	4.234e-06
存在すればdtoを返す	1	4.234e-06	4.234e-06
存在すればtrue	1	4.234e-06	4.234e-06
存在時はカテゴリ込みで取得して返す	1	4.234e-06	4.234e-06
存在時は削除を呼ぶ	1	4.234e-06	4.234e-06
宣言サイズが上限超過なら413	1	4.234e-06	4.234e-06
対象とカテゴリ存在時は更新して返す	1	4.234e-06	4.234e-06
対象不在時は404例外	1	4.234e-06	4.234e-06
対象行消失はon	1	4.234e-06	4.234e-06
小数桁不足の金額はscale2に揃えてから保存する	1	4.234e-06	4.234e-06
必須パラメータ欠落は400で統一形式	1	4.234e-06	4.234e-06
想定外例外は500で汎用文言	1	4.234e-06	4.234e-06
支出から参照中なら409例外	1	4.234e-06	4.234e-06
支出の無い月でも合計は小数2桁のゼロを返す	1	4.234e-06	4.234e-06
支出の無い期間はnullを返す	1	4.234e-06	4.234e-06
支出詳細	1	4.234e-06	4.234e-06
既定タイムゾーンをasia	1	4.234e-06	4.234e-06
更新リクエストの説明上限はdb列長と一致する	1	4.234e-06	4.234e-06
更新直後は更新として記録される	1	4.234e-06	4.234e-06
書き込み失敗でも例外を外に出さない	1	4.234e-06	4.234e-06
月で絞ると当月分のみ返る	1	4.234e-06	4.234e-06
月全体の合計とカテゴリ別内訳を返す	1	4.234e-06	4.234e-06
月指定なら月初から翌月初の期間に変換	1	4.234e-06	4.234e-06
月未指定なら期間nullで全件問い合わせ	1	4.234e-06	4.234e-06
有効なトークンでのapi呼び出しは監査ログを増やさない	1	4.234e-06	4.234e-06
有効なトークンなら200	1	4.234e-06	4.234e-06
期間内の総合計を返す	1	4.234e-06	4.234e-06
期限切れトークンは401	1	4.234e-06	4.234e-06
未参照ならfalse	1	4.234e-06	4.234e-06
未参照なら削除する	1	4.234e-06	4.234e-06
未定義パスは404で統一形式	1	4.234e-06	4.234e-06
未対応のcharset名は例外にせずiso88591で読み取る	1	4.234e-06	4.234e-06
未来日は400	1	4.234e-06	4.234e-06
未知のステータスコードは500へフォールバック	1	4.234e-06	4.234e-06
未設定なら全拒否の既定として生成できる	1	4.234e-06	4.234e-06
本文サイズ上限フィルタはspring	1	4.234e-06	4.234e-06
本文サイズ超過例外は413で安全文言	1	4.234e-06	4.234e-06
正しいcharset指定は指定どおりに読み取る	1	4.234e-06	4.234e-06
正しいサロゲートペアは合格	1	4.234e-06	4.234e-06
正しい資格情報なら200とトークンが返る	1	4.234e-06	4.234e-06
正常終了時はactionの戻り値をそのまま返す	1	4.234e-06	4.234e-06
正本とreadmeの両方からスキーマを読み取れている	1	4.234e-06	4.234e-06
正規化キーを小文字で同期する	1	4.234e-06	4.234e-06
永続化直後は作成として記録される	1	4.234e-06	4.234e-06
満杯時の新規送信元は共有オーバーフローバケットで制限される	1	4.234e-06	4.234e-06
無ければfalse	1	4.234e-06	4.234e-06
無効なトークンでのapi呼び出しは監査ログを増やさない	1	4.234e-06	4.234e-06
無指定なら全件を日付降順で返す	1	4.234e-06	4.234e-06
版番号が進んだ同時更新は409のconflict	1	4.234e-06	4.234e-06
監査対象でない型は記録されない	1	4.234e-06	4.234e-06
直接アクセスは500で統一形式	1	4.234e-06	4.234e-06
空のユーザー名は特定不能として記録される	1	4.234e-06	4.234e-06
空白が無ければそのまま保持する	1	4.234e-06	4.234e-06
空白除去とnfc正規化と小文字化を同時に行う	1	4.234e-06	4.234e-06
空白除去とnfc正規化を同時に行う	1	4.234e-06	4.234e-06
絵文字がちょうど50コードポイントなら201	1	4.234e-06	4.234e-06
自分以外に同名があれば409例外	1	4.234e-06	4.234e-06
自分自身は除外されfalse	1	4.234e-06	4.234e-06
行が消えた同時削除は404のnot	1	4.234e-06	4.234e-06
記録の失敗は保存処理に伝播しない	1	4.234e-06	4.234e-06
許可オリジンのプリフライトは許可される	1	4.234e-06	4.234e-06
許可外オリジンのプリフライトは拒否される	1	4.234e-06	4.234e-06
許可外メソッドのプリフライトは拒否される	1	4.234e-06	4.234e-06
認証イベントのエンティティ名が列長に収まる	1	4.234e-06	4.234e-06
認証イベントは即時に書き込まれる	1	4.234e-06	4.234e-06
認証情報が無ければ匿名になる	1	4.234e-06	4.234e-06
認証済みならユーザー名になる	1	4.234e-06	4.234e-06
誤ったパスワードは401	1	4.234e-06	4.234e-06
負の上限は例外になる	1	4.234e-06	4.234e-06
通常の文字列は合格	1	4.234e-06	4.234e-06
重複なしなら保存して返す	1	4.234e-06	4.234e-06
重複なしなら更新して返す	1	4.234e-06	4.234e-06
unsubscribe	10	4.232e-06	3.031e-06
msgs	26	4.229e-06	2.468e-06
ato	83	4.220e-06	2.972e-06
debugger	4	4.214e-06	3.142e-06
braces	26	4.212e-06	2.928e-06
composition	14	4.211e-06	4.211e-06
edition	14	4.211e-06	4.211e-06
htg	14	4.211e-06	4.211e-06
plot	14	4.211e-06	4.211e-06
sbml	14	4.211e-06	4.211e-06
sccs	14	4.211e-06	4.211e-06
idle_time	12	4.210e-06	2.589e-06
data_record	5	4.210e-06	4.100e-06
pv	41	4.209e-06	3.068e-06
strlen	3	4.208e-06	3.482e-06
announcements	2	4.206e-06	3.776e-06
n1	11	4.203e-06	2.522e-06
statue	2	4.202e-06	3.434e-06
list3	6	4.198e-06	2.444e-06
list4	6	4.198e-06	2.444e-06
students	4	4.189e-06	3.138e-06
grouping	13	4.184e-06	2.996e-06
xla	152	4.180e-06	4.180e-06
fixs	102	4.178e-06	4.178e-06
utf16	4	4.176e-06	4.121e-06
healthy	15	4.176e-06	2.401e-06
repeatedly	8	4.174e-06	1.984e-06
ey	9	4.174e-06	3.279e-06
bodiless	11	4.170e-06	4.170e-06
redirected	11	4.170e-06	4.170e-06
vm1	11	4.170e-06	4.170e-06
event2	8	4.170e-06	3.441e-06
styling	2	4.168e-06	4.100e-06
bedrock	8	4.165e-06	2.645e-06
nh	4	4.165e-06	2.119e-06
signs	8	4.164e-06	2.891e-06
chi	5	4.162e-06	3.466e-06
valve	7	4.156e-06	3.765e-06
dedicated	2	4.151e-06	4.124e-06
dogs	7	4.140e-06	4.113e-06
precompute	9	4.140e-06	4.140e-06
resaved	9	4.140e-06	4.140e-06
unnarrowed	9	4.140e-06	4.140e-06
untagged	9	4.140e-06	4.140e-06
result3	22	4.138e-06	2.182e-06
correctness	130	4.138e-06	3.568e-06
welcome	2	4.133e-06	3.769e-06
localization	8	4.131e-06	3.069e-06
highlighted	2	4.128e-06	4.100e-06
exhausted	36	4.125e-06	2.282e-06
av2file	1	4.124e-06	4.124e-06
bsm	1	4.124e-06	4.124e-06
ctx12	1	4.124e-06	4.124e-06
implementer	1	4.124e-06	4.124e-06
in1f	1	4.124e-06	4.124e-06
in2f	1	4.124e-06	4.124e-06
indents	1	4.124e-06	4.124e-06
instr1	1	4.124e-06	4.124e-06
instr2	1	4.124e-06	4.124e-06
instrs	1	4.124e-06	4.124e-06
mbf	1	4.124e-06	4.124e-06
obf	1	4.124e-06	4.124e-06
obfuscation	1	4.124e-06	4.124e-06
outf	1	4.124e-06	4.124e-06
partly	1	4.124e-06	4.124e-06
proposing	1	4.124e-06	4.124e-06
remaps	1	4.124e-06	4.124e-06
scs	1	4.124e-06	4.124e-06
snapshot37a	1	4.124e-06	4.124e-06
snowmen	1	4.124e-06	4.124e-06
splitly	1	4.124e-06	4.124e-06
stable1	1	4.124e-06	4.124e-06
synthetics	1	4.124e-06	4.124e-06
tcv	1	4.124e-06	4.124e-06
tinyv1	1	4.124e-06	4.124e-06
v2field	1	4.124e-06	4.124e-06
v2read	1	4.124e-06	4.124e-06
v2reader	1	4.124e-06	4.124e-06
v2writer	1	4.124e-06	4.124e-06
grabbed	9	4.122e-06	4.122e-06
killer	9	4.122e-06	4.122e-06
raft	9	4.122e-06	4.122e-06
u0	9	4.122e-06	4.122e-06
var16	9	4.122e-06	4.122e-06
var17	9	4.122e-06	4.122e-06
var18	9	4.122e-06	4.122e-06
bach	2	4.121e-06	4.121e-06
chev	2	4.121e-06	4.121e-06
csq	2	4.121e-06	4.121e-06
ipss	2	4.121e-06	4.121e-06
pss	2	4.121e-06	4.121e-06
splitc	2	4.121e-06	4.121e-06
utf32	2	4.121e-06	4.121e-06
reaches	9	4.118e-06	2.830e-06
ki	16	4.115e-06	4.018e-06
outject	6	4.113e-06	4.113e-06
proxify	6	4.113e-06	4.113e-06
serializations	6	4.113e-06	4.113e-06
target2	19	4.113e-06	3.188e-06
glyph	11	4.104e-06	2.543e-06
eid	16	4.101e-06	4.019e-06
alert1	1	4.100e-06	4.100e-06
alert2	1	4.100e-06	4.100e-06
context_menu	1	4.100e-06	4.100e-06
executables	1	4.100e-06	4.100e-06
guest_star	1	4.100e-06	4.100e-06
menu1	1	4.100e-06	4.100e-06
menu2	1	4.100e-06	4.100e-06
represent	3	4.099e-06	4.099e-06
zset	3	4.099e-06	4.099e-06
acive	10	4.097e-06	4.097e-06
allergies	10	4.097e-06	4.097e-06
callqamapping	10	4.097e-06	4.097e-06
copmlaint	10	4.097e-06	4.097e-06
last14days	10	4.097e-06	4.097e-06
religion	10	4.097e-06	4.097e-06
travelled	10	4.097e-06	4.097e-06
wbc	10	4.097e-06	4.097e-06
matchers	13	4.089e-06	2.194e-06
significant	20	4.087e-06	2.575e-06
cs2	4	4.081e-06	2.871e-06
milvus	28	4.076e-06	3.350e-06
强制sa	10	4.071e-06	4.071e-06
child22	9	4.069e-06	4.069e-06
newlen	9	4.069e-06	4.069e-06
busy	13	4.068e-06	2.650e-06
inset	12	4.067e-06	2.563e-06
squared	8	4.063e-06	2.428e-06
buyer	8	4.062e-06	3.010e-06
invite	5	4.061e-06	3.372e-06
desensitized	5	4.059e-06	2.582e-06
positional	39	4.056e-06	2.249e-06
multiplex	3	4.049e-06	3.493e-06
dsl	60	4.048e-06	2.440e-06
nums	19	4.046e-06	2.279e-06
over5mins	6	4.041e-06	4.041e-06
25419	6	4.040e-06	4.040e-06
rar	6	4.040e-06	4.040e-06
eligible	13	4.031e-06	1.938e-06
k2	39	4.031e-06	2.070e-06
ob	21	4.030e-06	2.606e-06
su	5	4.019e-06	2.052e-06
golab2	13	4.019e-06	4.019e-06
lab11	13	4.019e-06	4.019e-06
lab14	13	4.019e-06	4.019e-06
lab21	13	4.019e-06	4.019e-06
learn	13	4.019e-06	4.019e-06
distribution	19	4.015e-06	3.522e-06
structs	98	4.014e-06	4.014e-06
vm2	11	4.013e-06	3.795e-06
vocabulary	12	4.011e-06	3.216e-06
satisfied	12	4.011e-06	2.734e-06
dulplicate	6	4.005e-06	4.005e-06
idel	6	4.005e-06	4.005e-06
propery	6	4.005e-06	4.005e-06
splitor	6	4.005e-06	4.005e-06
subcriber	6	4.005e-06	4.005e-06
cbs	14	3.994e-06	3.994e-06
register2property	14	3.994e-06	3.994e-06
unify	14	3.994e-06	3.994e-06
zuul2	14	3.994e-06	3.994e-06
timed_out	7	3.993e-06	3.748e-06
solution	6	3.988e-06	3.376e-06
assemble	11	3.983e-06	2.606e-06
accurate	19	3.983e-06	3.689e-06
panels	6	3.982e-06	3.093e-06
cumulative	17	3.982e-06	2.256e-06
ming	6	3.977e-06	3.977e-06
pkcs1	6	3.977e-06	3.977e-06
pkcs8	6	3.977e-06	3.977e-06
customisers	6	3.974e-06	2.935e-06
customizers	6	3.974e-06	2.935e-06
sm2	6	3.974e-06	2.935e-06
sm4	6	3.974e-06	2.935e-06
sm4password	6	3.974e-06	2.935e-06
digest1	2	3.965e-06	3.481e-06
digest2	2	3.965e-06	3.481e-06
communication	36	3.961e-06	2.439e-06
appls	58	3.957e-06	3.957e-06
passing	15	3.955e-06	2.300e-06
string2	16	3.954e-06	2.855e-06
objs	27	3.952e-06	2.229e-06
silent	19	3.949e-06	2.557e-06
marked	11	3.948e-06	2.463e-06
instead	17	3.946e-06	2.816e-06
whites	4	3.942e-06	3.942e-06
deadlock	12	3.939e-06	3.427e-06
ver	26	3.934e-06	1.772e-06
favorite	7	3.932e-06	2.978e-06
sca	6	3.926e-06	3.427e-06
gm	8	3.925e-06	2.227e-06
rmi	10	3.924e-06	1.990e-06
referencing	15	3.921e-06	2.226e-06
toy	2	3.916e-06	3.625e-06
enumber	13	3.910e-06	3.910e-06
nstates	13	3.910e-06	3.910e-06
reg2dyn	13	3.910e-06	3.910e-06
checkpoint	48	3.908e-06	2.937e-06
chk	42	3.908e-06	2.372e-06
swatch	12	3.906e-06	3.295e-06
scramble	2	3.905e-06	3.473e-06
subtree	10	3.904e-06	2.522e-06
sha1hash	5	3.894e-06	3.088e-06
ts1	3	3.890e-06	3.755e-06
azulia	2	3.888e-06	3.888e-06
blower	2	3.888e-06	3.888e-06
bottle	2	3.888e-06	3.888e-06
bottling	2	3.888e-06	3.888e-06
centrifuge	2	3.888e-06	3.888e-06
cosmic	2	3.888e-06	3.888e-06
cracked	2	3.888e-06	3.888e-06
dampen	2	3.888e-06	3.888e-06
debris	2	3.888e-06	3.888e-06
dpitch	2	3.888e-06	3.888e-06
enderrack	2	3.888e-06	3.888e-06
fist	2	3.888e-06	3.888e-06
flaming	2	3.888e-06	3.888e-06
gluttony	2	3.888e-06	3.888e-06
goofy	2	3.888e-06	3.888e-06
guitar	2	3.888e-06	3.888e-06
hoe	2	3.888e-06	3.888e-06
hourglass	2	3.888e-06	3.888e-06
lunar	2	3.888e-06	3.888e-06
machine_gun	2	3.888e-06	3.888e-06
mourning	2	3.888e-06	3.888e-06
newpos	2	3.888e-06	3.888e-06
nylium	2	3.888e-06	3.888e-06
overworld	2	3.888e-06	3.888e-06
rapier	2	3.888e-06	3.888e-06
sacrifice	2	3.888e-06	3.888e-06
shimmerball	2	3.888e-06	3.888e-06
spawns	2	3.888e-06	3.888e-06
sprout	2	3.888e-06	3.888e-06
torso	2	3.888e-06	3.888e-06
twisted	2	3.888e-06	3.888e-06
wacker	2	3.888e-06	3.888e-06
round_robin	11	3.885e-06	2.610e-06
weeks	9	3.883e-06	2.871e-06
ed	7	3.882e-06	2.516e-06
taking	33	3.882e-06	2.773e-06
ref1	3	3.879e-06	3.395e-06
simulated	11	3.873e-06	2.588e-06
wire_frame	7	3.871e-06	2.461e-06
atom	16	3.871e-06	3.335e-06
esc	10	3.869e-06	2.754e-06
first_time	8	3.861e-06	2.553e-06
set_out	9	3.859e-06	2.231e-06
samp	11	3.857e-06	3.467e-06
dashed	2	3.856e-06	3.856e-06
exposable	2	3.856e-06	3.856e-06
mbeanregistry	2	3.856e-06	3.856e-06
remoteip	2	3.856e-06	3.856e-06
kit	7	3.855e-06	1.979e-06
proceed	10	3.855e-06	1.935e-06
ew	5	3.852e-06	3.099e-06
duties	10	3.851e-06	3.851e-06
sentence	10	3.851e-06	3.851e-06
offers	6	3.837e-06	2.662e-06
land	9	3.826e-06	2.423e-06
rethrow	14	3.822e-06	1.898e-06
unbound	3	3.813e-06	3.387e-06
gy	21	3.807e-06	2.461e-06
nbsp	3	3.805e-06	2.660e-06
phones	7	3.804e-06	2.259e-06
cb2	3	3.803e-06	3.426e-06
cfs	4	3.801e-06	3.801e-06
validates	4	3.801e-06	2.764e-06
ic	34	3.797e-06	1.740e-06
substitute	23	3.791e-06	3.347e-06
medias	10	3.791e-06	3.791e-06
return403	10	3.791e-06	3.791e-06
ml	29	3.786e-06	3.036e-06
exe	59	3.784e-06	2.520e-06
moderator	2	3.781e-06	3.754e-06
pos3	3	3.781e-06	3.754e-06
serializes	9	3.776e-06	3.133e-06
secrets	9	3.775e-06	3.293e-06
key_change	2	3.774e-06	3.747e-06
mechanism	2	3.774e-06	3.747e-06
pace	15	3.771e-06	2.658e-06
fdb	17	3.770e-06	3.770e-06
javadoc	9	3.770e-06	3.219e-06
tree_model	11	3.762e-06	2.750e-06
commited	4	3.760e-06	2.657e-06
thin	16	3.757e-06	2.455e-06
i0	2	3.756e-06	3.458e-06
oval	2	3.756e-06	3.458e-06
zero_prefix	2	3.756e-06	3.458e-06
international	15	3.755e-06	3.308e-06
alliums	2	3.754e-06	3.754e-06
bl1	2	3.754e-06	3.754e-06
black_tulip	2	3.754e-06	3.754e-06
blossoms	2	3.754e-06	3.754e-06
blue_daisy	2	3.754e-06	3.754e-06
blue_lotus	2	3.754e-06	3.754e-06
blue_orchid	2	3.754e-06	3.754e-06
blue_poppy	2	3.754e-06	3.754e-06
bluets	2	3.754e-06	3.754e-06
bushes	2	3.754e-06	3.754e-06
cattail	2	3.754e-06	3.754e-06
cornflowers	2	3.754e-06	3.754e-06
cypress	2	3.754e-06	3.754e-06
daffodils	2	3.754e-06	3.754e-06
daisies	2	3.754e-06	3.754e-06
dandelions	2	3.754e-06	3.754e-06
decorators	2	3.754e-06	3.754e-06
fbrei	2	3.754e-06	3.754e-06
fertility	2	3.754e-06	3.754e-06
flora	2	3.754e-06	3.754e-06
floral	2	3.754e-06	3.754e-06
flower1	2	3.754e-06	3.754e-06
flower1state	2	3.754e-06	3.754e-06
flower2	2	3.754e-06	3.754e-06
flower2state	2	3.754e-06	3.754e-06
flower3	2	3.754e-06	3.754e-06
flower3state	2	3.754e-06	3.754e-06
flower4	2	3.754e-06	3.754e-06
flower4state	2	3.754e-06	3.754e-06
foxgloves	2	3.754e-06	3.754e-06
glowshrooms	2	3.754e-06	3.754e-06
hyacinths	2	3.754e-06	3.754e-06
hydrangeas	2	3.754e-06	3.754e-06
jasmines	2	3.754e-06	3.754e-06
lilies	2	3.754e-06	3.754e-06
lupins	2	3.754e-06	3.754e-06
memes	1	3.754e-06	3.754e-06
orange_daisy	2	3.754e-06	3.754e-06
orchids	2	3.754e-06	3.754e-06
phloxes	2	3.754e-06	3.754e-06
poppies	2	3.754e-06	3.754e-06
prima	1	3.754e-06	3.754e-06
recolouring	2	3.754e-06	3.754e-06
sha256hasher	1	3.754e-06	3.754e-06
smithing	2	3.754e-06	3.754e-06
state3	2	3.754e-06	3.754e-06
tc01	1	3.754e-06	3.754e-06
tc02	1	3.754e-06	3.754e-06
tc03	1	3.754e-06	3.754e-06
tc04	1	3.754e-06	3.754e-06
tc05	1	3.754e-06	3.754e-06
tc06	1	3.754e-06	3.754e-06
tc07	1	3.754e-06	3.754e-06
tc08	1	3.754e-06	3.754e-06
tc09	1	3.754e-06	3.754e-06
tc10	1	3.754e-06	3.754e-06
tc11	1	3.754e-06	3.754e-06
tc12	1	3.754e-06	3.754e-06
tc13	1	3.754e-06	3.754e-06
tc14	1	3.754e-06	3.754e-06
ts2	1	3.754e-06	3.754e-06
ts3	1	3.754e-06	3.754e-06
ts4	1	3.754e-06	3.754e-06
ts5	1	3.754e-06	3.754e-06
ts6	1	3.754e-06	3.754e-06
ts7	1	3.754e-06	3.754e-06
ts8	1	3.754e-06	3.754e-06
tsu1	1	3.754e-06	3.754e-06
tsu2	1	3.754e-06	3.754e-06
tsu3	1	3.754e-06	3.754e-06
tsu4	1	3.754e-06	3.754e-06
tsu5	1	3.754e-06	3.754e-06
tsu6	1	3.754e-06	3.754e-06
tsu7	1	3.754e-06	3.754e-06
tsu8	1	3.754e-06	3.754e-06
tsu9	1	3.754e-06	3.754e-06
unrate	1	3.754e-06	3.754e-06
valido	1	3.754e-06	3.754e-06
vuoto	1	3.754e-06	3.754e-06
white_lotus	2	3.754e-06	3.754e-06
yellow_foxglove	2	3.754e-06	3.754e-06
tdb	17	3.751e-06	3.374e-06
heard	3	3.747e-06	2.309e-06
vb	11	3.747e-06	2.646e-06
adeptj	1	3.747e-06	3.747e-06
extns	1	3.747e-06	3.747e-06
h2c	1	3.747e-06	3.747e-06
highlighting	1	3.747e-06	3.747e-06
http2	1	3.747e-06	3.747e-06
provisioner	1	3.747e-06	3.747e-06
reconfigure	1	3.747e-06	3.747e-06
resetting	1	3.747e-06	3.747e-06
sha256base64encoded	1	3.747e-06	3.747e-06
trackers	1	3.747e-06	3.747e-06
ulr	1	3.747e-06	3.747e-06
gte	34	3.746e-06	2.718e-06
node1	13	3.746e-06	3.039e-06
replay	20	3.746e-06	2.016e-06
retryable	10	3.744e-06	3.284e-06
corrupt	17	3.744e-06	2.761e-06
loader1	10	3.744e-06	3.219e-06
loader2	10	3.744e-06	3.219e-06
usr	11	3.743e-06	3.687e-06
rates	19	3.743e-06	3.102e-06
manually	4	3.742e-06	2.656e-06
zoo	6	3.741e-06	2.980e-06
faked	2	3.741e-06	3.457e-06
pseudo	2	3.741e-06	3.457e-06
sharpness	2	3.741e-06	3.457e-06
traversals	13	3.737e-06	3.709e-06
zulu	13	3.737e-06	3.709e-06
computation	10	3.735e-06	3.680e-06
reqs	4	3.733e-06	2.757e-06
dtf	2	3.732e-06	3.456e-06
path1	7	3.732e-06	2.591e-06
sequential	23	3.722e-06	3.117e-06
mssql	9	3.721e-06	3.413e-06
placing	25	3.716e-06	2.302e-06
baz	16	3.710e-06	2.586e-06
iprot	12	3.710e-06	3.710e-06
lab19	12	3.710e-06	3.710e-06
learner	12	3.710e-06	3.710e-06
oprot	12	3.710e-06	3.710e-06
seeding	9	3.708e-06	3.680e-06
redirection	6	3.701e-06	2.638e-06
fpath	2	3.700e-06	3.700e-06
iwa	2	3.700e-06	3.700e-06
password1	2	3.700e-06	3.700e-06
rtmp	2	3.700e-06	3.700e-06
unverified	2	3.700e-06	3.700e-06
acl	70	3.698e-06	2.949e-06
first_day	34	3.698e-06	2.311e-06
dto1	5	3.698e-06	2.516e-06
para	8	3.697e-06	2.557e-06
authz	4	3.695e-06	2.086e-06
implements	21	3.694e-06	2.120e-06
30	7	3.693e-06	2.627e-06
postgresql	9	3.693e-06	3.416e-06
pressing	12	3.692e-06	3.260e-06
ratelimiter	6	3.690e-06	2.663e-06
revenue	9	3.689e-06	3.621e-06
benmedhistory	9	3.688e-06	3.688e-06
consultation	9	3.688e-06	3.688e-06
prescribed	9	3.688e-06	3.688e-06
qualification	9	3.688e-06	3.688e-06
ques	9	3.688e-06	3.688e-06
snomed	9	3.688e-06	3.688e-06
lst	41	3.687e-06	2.563e-06
t3	13	3.687e-06	1.820e-06
quiet	13	3.681e-06	2.794e-06
rho	11	3.681e-06	3.410e-06
coalesced	8	3.680e-06	3.680e-06
tei	8	3.680e-06	3.680e-06
lb	11	3.679e-06	2.742e-06
reloading	4	3.679e-06	3.340e-06
camels	4	3.678e-06	1.978e-06
utf8str	4	3.678e-06	1.978e-06
italian	6	3.676e-06	3.378e-06
serv	2	3.669e-06	3.452e-06
reopened	10	3.665e-06	2.776e-06
lighting	8	3.664e-06	3.664e-06
los	8	3.664e-06	3.664e-06
md3	8	3.664e-06	3.664e-06
mip	8	3.664e-06	3.664e-06
oz	8	3.664e-06	3.664e-06
residue	8	3.664e-06	3.664e-06
residues	8	3.664e-06	3.664e-06
revenge	8	3.664e-06	3.664e-06
sheep	8	3.664e-06	3.664e-06
decided	9	3.664e-06	3.664e-06
baked	6	3.661e-06	3.377e-06
422	8	3.655e-06	3.628e-06
optimize	27	3.654e-06	1.667e-06
crc32	8	3.653e-06	3.449e-06
eta	7	3.652e-06	3.408e-06
double_equals	2	3.643e-06	3.615e-06
doc2	91	3.642e-06	2.657e-06
om	6	3.639e-06	2.287e-06
guardian	9	3.635e-06	2.579e-06
str2set	4	3.632e-06	1.939e-06
fires	37	3.631e-06	2.115e-06
wap	13	3.630e-06	3.469e-06
disallowed	6	3.630e-06	1.907e-06
uniqueness	7	3.628e-06	3.628e-06
crypto	21	3.627e-06	2.415e-06
generics	11	3.627e-06	2.411e-06
dup	11	3.623e-06	2.849e-06
acc1	8	3.617e-06	3.617e-06
acc2	8	3.617e-06	3.617e-06
array2dim	8	3.617e-06	3.617e-06
array3dim	8	3.617e-06	3.617e-06
child11	8	3.617e-06	3.617e-06
collection2dim	8	3.617e-06	3.617e-06
collection3dim	8	3.617e-06	3.617e-06
list2dim	8	3.617e-06	3.617e-06
list3dim	8	3.617e-06	3.617e-06
sp1	1	3.615e-06	3.615e-06
brief	7	3.615e-06	1.803e-06
batis	6	3.615e-06	1.914e-06
monitoring	20	3.614e-06	2.554e-06
allowance	9	3.612e-06	3.285e-06
reset_button	4	3.611e-06	3.039e-06
rmb	6	3.610e-06	2.836e-06
attractor	12	3.609e-06	3.609e-06
enu	12	3.609e-06	3.609e-06
hnode	12	3.609e-06	3.609e-06
excels	4	3.606e-06	2.548e-06
identification	30	3.606e-06	2.537e-06
bcc	18	3.604e-06	2.166e-06
zeta	7	3.571e-06	3.407e-06
1arg	9	3.570e-06	3.570e-06
3arg	9	3.570e-06	3.570e-06
cache1	9	3.570e-06	3.570e-06
jsr107	9	3.570e-06	3.570e-06
lag_time	9	3.570e-06	3.570e-06
time_box	9	3.570e-06	3.570e-06
byte2hex	11	3.569e-06	2.393e-06
prototype	6	3.569e-06	2.132e-06
rainbow	11	3.568e-06	2.528e-06
ug	5	3.557e-06	3.407e-06
renders	59	3.556e-06	2.306e-06
sketch	78	3.553e-06	2.521e-06
elapses	3	3.553e-06	3.122e-06
delegating	6	3.549e-06	2.071e-06
grams	13	3.537e-06	3.402e-06
unresolvable	5	3.536e-06	3.509e-06
vector_field	16	3.536e-06	2.806e-06
md5util	5	3.535e-06	2.282e-06
drains	18	3.533e-06	3.119e-06
randoms	3	3.529e-06	3.447e-06
csgogui	12	3.526e-06	3.526e-06
ncp	12	3.526e-06	3.526e-06
leaky	4	3.520e-06	2.552e-06
auml	5	3.516e-06	3.407e-06
warmup	8	3.515e-06	3.104e-06
prng	2	3.515e-06	3.447e-06
replacementm	5	3.513e-06	1.630e-06
vue	5	3.513e-06	1.630e-06
generator2	4	3.509e-06	3.509e-06
graph2	4	3.509e-06	3.509e-06
interfaze	4	3.509e-06	3.509e-06
relief	4	3.509e-06	3.509e-06
rom	4	3.509e-06	3.509e-06
len1	3	3.502e-06	3.447e-06
summing	9	3.501e-06	3.339e-06
bow	8	3.500e-06	3.217e-06
mobs	8	3.500e-06	3.217e-06
zeros	26	3.497e-06	2.298e-06
begins	13	3.496e-06	3.400e-06
owns	3	3.493e-06	2.733e-06
tobe	7	3.490e-06	2.754e-06
num3	6	3.489e-06	2.785e-06
acirc	4	3.488e-06	3.407e-06
aring	4	3.488e-06	3.407e-06
atilde	4	3.488e-06	3.407e-06
ccedil	4	3.488e-06	3.407e-06
ecirc	4	3.488e-06	3.407e-06
eg	4	3.488e-06	3.407e-06
elig	4	3.488e-06	3.407e-06
eth	4	3.488e-06	3.407e-06
euml	4	3.488e-06	3.407e-06
icirc	4	3.488e-06	3.407e-06
iota	4	3.488e-06	3.407e-06
iuml	4	3.488e-06	3.407e-06
kappa	4	3.488e-06	3.407e-06
ntilde	4	3.488e-06	3.407e-06
ocirc	4	3.488e-06	3.407e-06
omega	4	3.488e-06	3.407e-06
omicron	4	3.488e-06	3.407e-06
oslash	4	3.488e-06	3.407e-06
otilde	4	3.488e-06	3.407e-06
ouml	4	3.488e-06	3.407e-06
ron	4	3.488e-06	3.407e-06
thorn	4	3.488e-06	3.407e-06
ucirc	4	3.488e-06	3.407e-06
upsilon	4	3.488e-06	3.407e-06
uuml	4	3.488e-06	3.407e-06
ya	4	3.488e-06	3.407e-06
yuml	4	3.488e-06	3.407e-06
time2	5	3.486e-06	1.892e-06
depths	10	3.484e-06	2.024e-06
consumes	7	3.482e-06	3.427e-06
algos	2	3.475e-06	3.447e-06
cwd	2	3.475e-06	3.447e-06
names2	2	3.475e-06	3.447e-06
impala	23	3.474e-06	3.123e-06
interp	9	3.466e-06	2.564e-06
keyboard	9	3.466e-06	2.564e-06
bd	34	3.464e-06	1.902e-06
etcd	13	3.464e-06	3.423e-06
blobs	4	3.462e-06	3.406e-06
vis	17	3.460e-06	2.234e-06
recursively	13	3.460e-06	2.413e-06
shoud	6	3.455e-06	3.427e-06
omitted	13	3.454e-06	1.968e-06
seo	29	3.451e-06	2.366e-06
damaged	6	3.448e-06	2.446e-06
level1	14	3.448e-06	2.031e-06
as2d	1	3.447e-06	3.447e-06
bbox2	1	3.447e-06	3.447e-06
bytearr	1	3.447e-06	3.447e-06
eff	1	3.447e-06	3.447e-06
enque	1	3.447e-06	3.447e-06
equalized	1	3.447e-06	3.447e-06
ethernet	1	3.447e-06	3.447e-06
fractal	1	3.447e-06	3.447e-06
garbage_collector	1	3.447e-06	3.447e-06
ibuf	1	3.447e-06	3.447e-06
improved	1	3.447e-06	3.447e-06
isaac	1	3.447e-06	3.447e-06
kdf	1	3.447e-06	3.447e-06
lval	1	3.447e-06	3.447e-06
major_axis	1	3.447e-06	3.447e-06
marble	1	3.447e-06	3.447e-06
nudge2	1	3.447e-06	3.447e-06
paintings	1	3.447e-06	3.447e-06
permuting	1	3.447e-06	3.447e-06
polys	1	3.447e-06	3.447e-06
qrng	1	3.447e-06	3.447e-06
quantum	1	3.447e-06	3.447e-06
rapper	1	3.447e-06	3.447e-06
resubmit	1	3.447e-06	3.447e-06
s1x	1	3.447e-06	3.447e-06
s1y	1	3.447e-06	3.447e-06
s2x	1	3.447e-06	3.447e-06
s2y	1	3.447e-06	3.447e-06
servs	1	3.447e-06	3.447e-06
stacker	1	3.447e-06	3.447e-06
standardize	1	3.447e-06	3.447e-06
tj	1	3.447e-06	3.447e-06
unw	1	3.447e-06	3.447e-06
vary	1	3.447e-06	3.447e-06
voronoi	1	3.447e-06	3.447e-06
xc	1	3.447e-06	3.447e-06
xcoords	1	3.447e-06	3.447e-06
node2	12	3.446e-06	2.742e-06
bean1	3	3.445e-06	2.688e-06
lte	23	3.444e-06	2.652e-06
properties2	4	3.443e-06	3.361e-06
float8	84	3.441e-06	3.441e-06
stashed	6	3.435e-06	3.367e-06
repl	9	3.435e-06	2.355e-06
stops	16	3.435e-06	1.865e-06
prices	23	3.430e-06	2.546e-06
closure	8	3.429e-06	2.459e-06
inflate	8	3.428e-06	3.212e-06
iid	12	3.428e-06	3.400e-06
bvalidator	5	3.427e-06	3.427e-06
legs	5	3.427e-06	3.427e-06
left_shift	6	3.423e-06	2.401e-06
coords	10	3.421e-06	2.171e-06
accepte	3	3.414e-06	3.414e-06
annule	3	3.414e-06	3.414e-06
assistee	3	3.414e-06	3.414e-06
boite	3	3.414e-06	3.414e-06
cloture	3	3.414e-06	3.414e-06
controle	3	3.414e-06	3.414e-06
defaut	3	3.414e-06	3.414e-06
devis	3	3.414e-06	3.414e-06
envoye	3	3.414e-06	3.414e-06
facture	3	3.414e-06	3.414e-06
findings	3	3.414e-06	3.414e-06
historise	3	3.414e-06	3.414e-06
marques	3	3.414e-06	3.414e-06
modifie	3	3.414e-06	3.414e-06
propulsion	3	3.414e-06	3.414e-06
recu	3	3.414e-06	3.414e-06
rejet	3	3.414e-06	3.414e-06
remediation	3	3.414e-06	3.414e-06
reouvert	3	3.414e-06	3.414e-06
restaure	3	3.414e-06	3.414e-06
retourne	3	3.414e-06	3.414e-06
traite	3	3.414e-06	3.414e-06
valeur	3	3.414e-06	3.414e-06
valide	3	3.414e-06	3.414e-06
validite	3	3.414e-06	3.414e-06
converting	4	3.414e-06	2.408e-06
truncation	16	3.413e-06	2.201e-06
individually	9	3.412e-06	3.412e-06
responsible	2	3.411e-06	3.027e-06
destruct	2	3.407e-06	3.407e-06
emulate	2	3.407e-06	3.407e-06
oci	2	3.407e-06	3.407e-06
timers	5	3.406e-06	3.027e-06
datum	7	3.404e-06	2.698e-06
scissor	9	3.404e-06	2.447e-06
endless	2	3.401e-06	3.026e-06
cbb	11	3.400e-06	3.400e-06
golab7	11	3.400e-06	3.400e-06
rdr	11	3.400e-06	3.400e-06
til	5	3.396e-06	2.401e-06
circuits	34	3.394e-06	2.786e-06
hr	10	3.394e-06	2.448e-06
btns	6	3.394e-06	2.432e-06
unconditional	6	3.387e-06	2.173e-06
r3	14	3.383e-06	2.060e-06
ftp	26	3.381e-06	2.285e-06
sett	6	3.378e-06	3.337e-06
shell_out	6	3.378e-06	3.337e-06
home_directory	9	3.376e-06	2.130e-06
time1	5	3.374e-06	1.787e-06
replication	64	3.369e-06	2.305e-06
sname	16	3.368e-06	3.327e-06
decrements	12	3.368e-06	3.102e-06
executors	12	3.368e-06	3.102e-06
xmlifier	5	3.367e-06	3.367e-06
applying	5	3.367e-06	3.367e-06
uploads	5	3.367e-06	3.367e-06
dependencies3filtered	2	3.361e-06	3.361e-06
inaccessible	2	3.361e-06	3.361e-06
interface2	2	3.361e-06	3.361e-06
interface3	2	3.361e-06	3.361e-06
interface3impl	2	3.361e-06	3.361e-06
junit5	2	3.361e-06	3.361e-06
ranking1	2	3.361e-06	3.361e-06
ranking2	2	3.361e-06	3.361e-06
reference3set	2	3.361e-06	3.361e-06
refrence	2	3.361e-06	3.361e-06
reified	2	3.361e-06	3.361e-06
service1constructor	2	3.361e-06	3.361e-06
service2constructor	2	3.361e-06	3.361e-06
service3config	2	3.361e-06	3.361e-06
service3constructor	2	3.361e-06	3.361e-06
service4constructor	2	3.361e-06	3.361e-06
service5constructor	2	3.361e-06	3.361e-06
service6	2	3.361e-06	3.361e-06
service6constructor	2	3.361e-06	3.361e-06
service7	2	3.361e-06	3.361e-06
service7constructor	2	3.361e-06	3.361e-06
svc1ref	2	3.361e-06	3.361e-06
pu	2	3.357e-06	2.362e-06
b4	4	3.352e-06	1.960e-06
roll_back	26	3.351e-06	2.016e-06
vertex1	20	3.347e-06	2.476e-06
album	8	3.344e-06	2.122e-06
assocs	49	3.343e-06	3.343e-06
kept	8	3.340e-06	2.100e-06
who	4	3.339e-06	2.886e-06
them	10	3.338e-06	1.755e-06
emmit	5	3.337e-06	3.337e-06
num5	5	3.337e-06	3.337e-06
finalize	15	3.335e-06	1.608e-06
string1	12	3.333e-06	2.781e-06
referral	10	3.333e-06	3.278e-06
overall	12	3.331e-06	1.695e-06
apothic	1	3.330e-06	3.330e-06
diagrams	1	3.330e-06	3.330e-06
gunsmithlib	1	3.330e-06	3.330e-06
kuvalich	1	3.330e-06	3.330e-06
lmg	1	3.330e-06	3.330e-06
piercing	1	3.330e-06	3.330e-06
pistol	1	3.330e-06	3.330e-06
player1	1	3.330e-06	3.330e-06
rifle	1	3.330e-06	3.330e-06
scaler	1	3.330e-06	3.330e-06
set_gun	1	3.330e-06	3.330e-06
smg	1	3.330e-06	3.330e-06
sniper	1	3.330e-06	3.330e-06
tacz117or	1	3.330e-06	3.330e-06
ql	5	3.330e-06	2.013e-06
spider	10	3.329e-06	3.207e-06
sf	18	3.328e-06	2.135e-06
tombstone	121	3.327e-06	3.327e-06
ktr	15	3.327e-06	3.327e-06
had	14	3.322e-06	2.059e-06
exploit	6	3.319e-06	2.351e-06
get2	5	3.319e-06	2.728e-06
rsa2	5	3.315e-06	3.315e-06
taobao	5	3.315e-06	3.315e-06
dto2	4	3.313e-06	2.491e-06
imanager	11	3.308e-06	3.308e-06
movex	11	3.308e-06	3.308e-06
movey	11	3.308e-06	3.308e-06
succ	11	3.308e-06	3.308e-06
throttle	8	3.307e-06	1.927e-06
amdgpu	2	3.307e-06	3.307e-06
nvidiagpu	2	3.307e-06	3.307e-06
subpart	2	3.307e-06	3.307e-06
upper_camel_case	2	3.307e-06	3.307e-06
todo	10	3.305e-06	2.277e-06
caffeine	6	3.304e-06	2.139e-06
hyperlink	45	3.303e-06	3.014e-06
mutated	10	3.303e-06	3.220e-06
monday	18	3.302e-06	1.977e-06
rectangle	21	3.296e-06	2.486e-06
baos	14	3.296e-06	2.447e-06
cnumbers	3	3.293e-06	1.946e-06
curre	3	3.293e-06	1.946e-06
json2json	3	3.293e-06	1.946e-06
ldaps	3	3.293e-06	1.946e-06
machine_code	3	3.293e-06	1.946e-06
multistage	3	3.293e-06	1.946e-06
nexte	3	3.293e-06	1.946e-06
nullstr	3	3.293e-06	1.946e-06
randomoperands	3	3.293e-06	1.946e-06
approving	3	3.291e-06	3.291e-06
mget	3	3.291e-06	3.291e-06
uid1	3	3.291e-06	3.291e-06
uid2	3	3.291e-06	3.291e-06
zet	3	3.291e-06	3.291e-06
promotions	26	3.288e-06	2.324e-06
slices	70	3.284e-06	2.859e-06
wise	11	3.282e-06	2.510e-06
key_binding	8	3.281e-06	1.850e-06
opp	14	3.280e-06	2.544e-06
deleter	8	3.280e-06	2.607e-06
aliased	22	3.279e-06	1.891e-06
diseases	8	3.278e-06	3.278e-06
famliy	8	3.278e-06	3.278e-06
gathering	8	3.278e-06	3.278e-06
govt	8	3.278e-06	3.278e-06
grievance	8	3.278e-06	3.278e-06
id1097	8	3.278e-06	3.278e-06
laboratory	8	3.278e-06	3.278e-06
mfeedback	8	3.278e-06	3.278e-06
mmr	8	3.278e-06	3.278e-06
tfeedback	8	3.278e-06	3.278e-06
ta	7	3.277e-06	1.915e-06
flds	48	3.275e-06	3.275e-06
collection2	5	3.275e-06	2.874e-06
floored	7	3.271e-06	2.308e-06
overtime	4	3.271e-06	3.271e-06
mutations	56	3.270e-06	2.319e-06
iterated	14	3.270e-06	2.206e-06
cover	9	3.268e-06	2.792e-06
hostiles	10	3.267e-06	2.514e-06
collide	9	3.261e-06	3.206e-06
scanning	9	3.259e-06	2.005e-06
excerpt	8	3.257e-06	3.257e-06
handoff	8	3.257e-06	3.257e-06
invitee	8	3.257e-06	3.257e-06
emails	24	3.256e-06	2.018e-06
nrt	11	3.256e-06	3.174e-06
curren	3	3.252e-06	2.263e-06
mushroom	4	3.251e-06	2.315e-06
spill	26	3.250e-06	2.816e-06
random2	11	3.249e-06	2.876e-06
easy	28	3.249e-06	1.861e-06
lseg	79	3.236e-06	3.236e-06
deterministic	20	3.235e-06	1.407e-06
m1	10	3.234e-06	1.489e-06
n2	14	3.234e-06	2.054e-06
equip	11	3.232e-06	3.232e-06
hovered2	11	3.232e-06	3.232e-06
nvg	11	3.232e-06	3.232e-06
stashes	11	3.232e-06	3.232e-06
boundaries	116	3.231e-06	3.162e-06
cod	20	3.230e-06	2.458e-06
deleting	10	3.228e-06	1.858e-06
ko	4	3.227e-06	2.485e-06
becomes	35	3.227e-06	1.646e-06
eventual	7	3.220e-06	3.220e-06
realizing	7	3.220e-06	3.220e-06
weaver	7	3.220e-06	3.220e-06
following	9	3.220e-06	3.164e-06
froms	5	3.209e-06	3.005e-06
division	9	3.209e-06	3.020e-06
screen_name	27	3.208e-06	2.258e-06
french	8	3.208e-06	2.714e-06
ez	7	3.206e-06	3.206e-06
flammable	7	3.206e-06	3.206e-06
floors	7	3.206e-06	3.206e-06
natives	7	3.206e-06	3.206e-06
submap	7	3.206e-06	3.206e-06
unknown1	7	3.206e-06	3.206e-06
var19	7	3.206e-06	3.206e-06
vorbis	7	3.206e-06	3.206e-06
access_control	4	3.206e-06	2.620e-06
late	13	3.201e-06	2.392e-06
twelve	8	3.200e-06	2.061e-06
maxx	8	3.193e-06	2.453e-06
maxy	8	3.193e-06	2.453e-06
searcher	37	3.188e-06	2.258e-06
fis	3	3.187e-06	2.395e-06
tomorrow	7	3.186e-06	2.238e-06
upper_bound	26	3.185e-06	1.624e-06
ann	5	3.183e-06	2.039e-06
okay	18	3.181e-06	2.166e-06
test6	3	3.175e-06	2.081e-06
enforcement	8	3.173e-06	3.173e-06
regenerate	6	3.172e-06	1.847e-06
hostile	8	3.172e-06	2.446e-06
cosine	7	3.167e-06	2.786e-06
child221	7	3.165e-06	3.165e-06
iso8601datetime	7	3.165e-06	3.165e-06
unaware	7	3.165e-06	3.165e-06
equivalence	21	3.161e-06	2.729e-06
redefined	5	3.155e-06	3.004e-06
identify	25	3.154e-06	1.549e-06
timetz	77	3.154e-06	3.154e-06
band	5	3.151e-06	2.728e-06
tore	3	3.142e-06	2.605e-06
specs	4	3.142e-06	1.988e-06
slugs	7	3.139e-06	2.782e-06
reactor	11	3.138e-06	3.138e-06
refers	65	3.136e-06	1.801e-06
alphanumeric	9	3.134e-06	2.006e-06
though	5	3.133e-06	2.204e-06
decide	7	3.124e-06	1.888e-06
delims	12	3.122e-06	2.387e-06
defaulted	3	3.120e-06	3.092e-06
stg	14	3.118e-06	3.009e-06
compile	14	3.116e-06	1.408e-06
stopping	3	3.114e-06	2.624e-06
rev	10	3.114e-06	1.686e-06
participant	4	3.114e-06	2.370e-06
jwks	6	3.110e-06	3.110e-06
flattened	75	3.110e-06	2.426e-06
mutually	2	3.106e-06	2.634e-06
cluster_state	12	3.106e-06	2.274e-06
deck	14	3.105e-06	3.105e-06
ensemble	14	3.105e-06	3.105e-06
s3a	14	3.105e-06	3.105e-06
intro	17	3.099e-06	2.726e-06
code000	2	3.093e-06	3.093e-06
crashing	2	3.093e-06	3.093e-06
first_cause	2	3.093e-06	3.093e-06
interrupting	2	3.093e-06	3.093e-06
measured	2	3.093e-06	3.093e-06
poison_pill	2	3.093e-06	3.093e-06
slowdown	2	3.093e-06	3.093e-06
utf8correctly	2	3.093e-06	3.093e-06
batching	10	3.091e-06	2.066e-06
annotate	10	3.091e-06	3.091e-06
geometric	10	3.091e-06	3.091e-06
golab5	10	3.091e-06	3.091e-06
lab16	10	3.091e-06	3.091e-06
posting	10	3.091e-06	3.091e-06
relevance	10	3.091e-06	3.091e-06
persists	18	3.090e-06	2.776e-06
either	6	3.088e-06	2.568e-06
grammar	10	3.086e-06	1.693e-06
seeking	3	3.084e-06	3.016e-06
breakfast	4	3.084e-06	2.666e-06
template2	5	3.083e-06	1.881e-06
cost_price	8	3.081e-06	3.081e-06
midnight	18	3.080e-06	1.915e-06
prescriptions	4	3.079e-06	2.211e-06
dyn	11	3.076e-06	3.008e-06
likes	11	3.074e-06	2.745e-06
classifications	7	3.073e-06	2.212e-06
consolidate	2	3.072e-06	3.004e-06
macaddr	75	3.072e-06	3.072e-06
macaddr8	75	3.072e-06	3.072e-06
oauth2user	7	3.071e-06	2.161e-06
recommend	9	3.069e-06	2.174e-06
yet	5	3.068e-06	2.189e-06
untrusted	7	3.068e-06	2.685e-06
claw	2	3.067e-06	2.480e-06
order_type	41	3.065e-06	2.190e-06
c2s	4	3.063e-06	2.344e-06
wild	13	3.060e-06	2.601e-06
fm	7	3.060e-06	2.014e-06
sized	8	3.059e-06	2.435e-06
ele	11	3.058e-06	2.367e-06
updatable	22	3.052e-06	2.436e-06
im	15	3.052e-06	2.432e-06
shelf	13	3.047e-06	2.772e-06
chunking	7	3.043e-06	2.464e-06
flag1	2	3.041e-06	2.623e-06
independently	23	3.041e-06	1.848e-06
collapsed	20	3.040e-06	1.819e-06
declares	33	3.039e-06	1.979e-06
provinces	8	3.033e-06	3.033e-06
event1	7	3.032e-06	2.319e-06
reanalyze	2	3.031e-06	3.004e-06
int8	74	3.031e-06	3.031e-06
hist	83	3.025e-06	2.104e-06
glfw	9	3.024e-06	2.439e-06
uname	15	3.024e-06	2.713e-06
acquisition	8	3.019e-06	2.857e-06
armed	8	3.019e-06	2.381e-06
combinations	17	3.018e-06	1.852e-06
brick_breaker	2	3.016e-06	3.016e-06
display_panel	2	3.016e-06	3.016e-06
jend	2	3.016e-06	3.016e-06
jframe	2	3.016e-06	3.016e-06
jst	2	3.016e-06	3.016e-06
marquee	2	3.016e-06	3.016e-06
mp3info	2	3.016e-06	3.016e-06
muteee	2	3.016e-06	3.016e-06
second_hand	2	3.016e-06	3.016e-06
speakers	2	3.016e-06	3.016e-06
square_wave	2	3.016e-06	3.016e-06
start_button	2	3.016e-06	3.016e-06
undock	2	3.016e-06	3.016e-06
white_noise	2	3.016e-06	3.016e-06
xplus	2	3.016e-06	3.016e-06
currently	11	3.012e-06	2.118e-06
main_frame	6	3.012e-06	2.119e-06
indicators	3	3.012e-06	2.466e-06
param4	7	3.011e-06	2.133e-06
ffilter	10	3.008e-06	3.008e-06
istates	10	3.008e-06	3.008e-06
prism	10	3.008e-06	3.008e-06
viz	10	3.008e-06	3.008e-06
just	29	3.007e-06	1.430e-06
workbook	4	3.006e-06	1.934e-06
compacting	1	3.004e-06	3.004e-06
const1int	1	3.004e-06	3.004e-06
const1local12	1	3.004e-06	3.004e-06
const1local12int	1	3.004e-06	3.004e-06
const1local1a	1	3.004e-06	3.004e-06
const1local1b	1	3.004e-06	3.004e-06
const1local1int	1	3.004e-06	3.004e-06
const2local1	1	3.004e-06	3.004e-06
double_code	1	3.004e-06	3.004e-06
interruptible1	1	3.004e-06	3.004e-06
interruptible2	1	3.004e-06	3.004e-06
itransformed	1	3.004e-06	3.004e-06
local12int	1	3.004e-06	3.004e-06
local1int	1	3.004e-06	3.004e-06
object_code	1	3.004e-06	3.004e-06
opcode00	1	3.004e-06	3.004e-06
shifter	1	3.004e-06	3.004e-06
stack_frame	1	3.004e-06	3.004e-06
transformable	1	3.004e-06	3.004e-06
untransformed	1	3.004e-06	3.004e-06
deref	3	3.003e-06	2.962e-06
tabular	3	3.003e-06	2.962e-06
imported	13	3.003e-06	1.661e-06
serial2	58	3.002e-06	2.422e-06
hop	15	3.000e-06	1.698e-06
recover	13	2.999e-06	2.414e-06
spliterator	76	2.996e-06	2.152e-06
unquoted	16	2.992e-06	1.432e-06
polymorphic	93	2.990e-06	2.567e-06
area_code	10	2.988e-06	2.726e-06
cbuf	35	2.987e-06	2.407e-06
optimal	11	2.984e-06	2.610e-06
enhance	29	2.984e-06	2.127e-06
underlying	53	2.976e-06	2.096e-06
sunday	11	2.975e-06	1.907e-06
scans	13	2.969e-06	2.778e-06
neo	5	2.963e-06	2.854e-06
b92cd44dcba945c760229a14d3b9becb2dd0c147	2	2.963e-06	2.963e-06
datacite4	2	2.963e-06	2.963e-06
emitting	2	2.963e-06	2.963e-06
envo	2	2.963e-06	2.963e-06
hafner	2	2.963e-06	2.963e-06
host_plant	2	2.963e-06	2.963e-06
informed	2	2.963e-06	2.963e-06
interacts	2	2.963e-06	2.963e-06
lsid	2	2.963e-06	2.963e-06
man_page	2	2.963e-06	2.963e-06
out11	2	2.963e-06	2.963e-06
plusses	2	2.963e-06	2.963e-06
ucsbizc	2	2.963e-06	2.963e-06
forbid	3	2.962e-06	2.370e-06
tie	16	2.958e-06	1.936e-06
hundred	10	2.956e-06	2.307e-06
tb	3	2.954e-06	2.739e-06
list_box	10	2.952e-06	2.385e-06
various	9	2.950e-06	1.534e-06
ita	3	2.950e-06	2.367e-06
nth	16	2.949e-06	1.785e-06
opener	4	2.949e-06	1.725e-06
npm	2	2.948e-06	2.569e-06
dp	5	2.946e-06	2.851e-06
bypass	7	2.939e-06	1.986e-06
placements	10	2.938e-06	2.938e-06
descendant	11	2.935e-06	1.909e-06
data_format	8	2.934e-06	1.463e-06
purposes	43	2.934e-06	2.934e-06
48	5	2.931e-06	2.275e-06
slf4j	11	2.922e-06	2.153e-06
fos	6	2.920e-06	1.930e-06
cassandra	10	2.915e-06	2.679e-06
time_unit	2	2.913e-06	2.053e-06
gts	71	2.908e-06	2.908e-06
exposes	46	2.907e-06	1.571e-06
recurse	5	2.899e-06	1.849e-06
zi	5	2.898e-06	1.984e-06
hl	7	2.897e-06	1.720e-06
qi	3	2.895e-06	2.854e-06
conds	39	2.893e-06	2.607e-06
exceptionally	3	2.893e-06	1.844e-06
term1	7	2.893e-06	2.040e-06
minx	7	2.892e-06	2.362e-06
miny	7	2.892e-06	2.362e-06
tgt	10	2.892e-06	2.445e-06
action2	2	2.889e-06	2.602e-06
accelerator	15	2.884e-06	2.448e-06
ec2roles	13	2.883e-06	2.883e-06
enclosure	13	2.883e-06	2.883e-06
ticker	35	2.879e-06	2.149e-06
denominator	12	2.878e-06	2.782e-06
game_mode	7	2.878e-06	2.359e-06
bidirectional	16	2.876e-06	2.134e-06
14days	7	2.868e-06	2.868e-06
abdominal	7	2.868e-06	2.868e-06
admitted	7	2.868e-06	2.868e-06
cdss	7	2.868e-06	2.868e-06
chills	7	2.868e-06	2.868e-06
crm	7	2.868e-06	2.868e-06
dehydration	7	2.868e-06	2.868e-06
diarrhea	7	2.868e-06	2.868e-06
diet	7	2.868e-06	2.868e-06
giddiness	7	2.868e-06	2.868e-06
mental	7	2.868e-06	2.868e-06
nodal	7	2.868e-06	2.868e-06
pain	7	2.868e-06	2.868e-06
rashes	7	2.868e-06	2.868e-06
rigors	7	2.868e-06	2.868e-06
sct	7	2.868e-06	2.868e-06
vomiting	7	2.868e-06	2.868e-06
navi	70	2.867e-06	2.867e-06
txid	70	2.867e-06	2.867e-06
curly	7	2.865e-06	2.742e-06
stt	3	2.861e-06	2.287e-06
collation	21	2.861e-06	1.812e-06
sfx	3	2.860e-06	2.141e-06
rebalance	104	2.860e-06	2.860e-06
lw	9	2.858e-06	2.694e-06
binding1	2	2.854e-06	2.854e-06
binding2	2	2.854e-06	2.854e-06
multipar	2	2.854e-06	2.854e-06
niu	2	2.854e-06	2.854e-06
oauth2authorization	2	2.854e-06	2.854e-06
ureport2	2	2.854e-06	2.854e-06
ureport2application	2	2.854e-06	2.854e-06
percentages	2	2.853e-06	2.433e-06
spike	2	2.853e-06	2.433e-06
sph	10	2.853e-06	2.853e-06
dodged	2	2.852e-06	2.432e-06
accordion	3	2.851e-06	2.851e-06
fees	3	2.851e-06	2.851e-06
fines	3	2.851e-06	2.851e-06
return404on	3	2.851e-06	2.851e-06
steve	3	2.851e-06	2.851e-06
fold	11	2.851e-06	2.782e-06
fork	10	2.850e-06	2.782e-06
ym	63	2.849e-06	2.555e-06
curved	4	2.846e-06	2.135e-06
grand	34	2.838e-06	1.623e-06
dis	11	2.837e-06	2.221e-06
hash_table	28	2.833e-06	1.847e-06
item2	13	2.832e-06	2.007e-06
truncates	39	2.829e-06	2.044e-06
destructive	3	2.828e-06	2.424e-06
classifier	6	2.826e-06	1.263e-06
glowing	4	2.826e-06	2.126e-06
shulkers	4	2.826e-06	2.126e-06
version_number	7	2.824e-06	2.742e-06
tmpdir	6	2.824e-06	2.742e-06
cdata	12	2.822e-06	2.072e-06
fid	67	2.820e-06	1.904e-06
emptiness	8	2.815e-06	2.760e-06
poor	3	2.814e-06	1.771e-06
zs	3	2.812e-06	2.123e-06
capturing	12	2.808e-06	1.323e-06
passwd	9	2.807e-06	2.672e-06
inference	24	2.807e-06	1.711e-06
stream2	4	2.805e-06	2.085e-06
individual	5	2.804e-06	2.355e-06
free_space	71	2.797e-06	2.079e-06
accommodation	41	2.797e-06	2.797e-06
agreement	41	2.797e-06	2.797e-06
parties	41	2.797e-06	2.797e-06
transformers	9	2.795e-06	2.713e-06
web_server	21	2.794e-06	1.408e-06
dry	3	2.793e-06	2.080e-06
oi	4	2.793e-06	2.594e-06
choosen	8	2.791e-06	2.208e-06
originals	7	2.788e-06	2.760e-06
uz	8	2.787e-06	2.045e-06
joining	6	2.784e-06	1.823e-06
golab0	9	2.782e-06	2.782e-06
idf	9	2.782e-06	2.782e-06
lab18	9	2.782e-06	2.782e-06
lab20	9	2.782e-06	2.782e-06
parms	9	2.782e-06	2.782e-06
postlude	9	2.782e-06	2.782e-06
qrel	9	2.782e-06	2.782e-06
stemmed	9	2.782e-06	2.782e-06
builders	6	2.780e-06	1.623e-06
virgin	7	2.777e-06	2.777e-06
vi	8	2.771e-06	2.060e-06
s2c	3	2.769e-06	2.253e-06
ent	24	2.766e-06	1.927e-06
q3	3	2.766e-06	2.445e-06
magnitude	11	2.764e-06	1.870e-06
threading	9	2.763e-06	1.840e-06
simplelogger	3	2.763e-06	1.846e-06
ensured	6	2.760e-06	2.760e-06
recomputed	6	2.760e-06	2.760e-06
reembeds	6	2.760e-06	2.760e-06
woven	6	2.760e-06	2.760e-06
ticked	3	2.758e-06	2.100e-06
ax	6	2.748e-06	2.748e-06
chicken	6	2.748e-06	2.748e-06
eos	6	2.748e-06	2.748e-06
hx	6	2.748e-06	2.748e-06
physics	6	2.748e-06	2.748e-06
unknown2	6	2.748e-06	2.748e-06
var20	6	2.748e-06	2.748e-06
var21	6	2.748e-06	2.748e-06
wa	6	2.748e-06	2.748e-06
wz	6	2.748e-06	2.748e-06
zz	6	2.748e-06	2.748e-06
pclass	10	2.748e-06	2.707e-06
serves	6	2.745e-06	2.042e-06
respect	4	2.744e-06	1.803e-06
type_class	14	2.743e-06	1.953e-06
bigs	4	2.742e-06	2.742e-06
decapitalize	4	2.742e-06	2.742e-06
first_leg	4	2.742e-06	2.742e-06
instantiating	4	2.742e-06	2.742e-06
interception	4	2.742e-06	2.742e-06
lols	4	2.742e-06	2.742e-06
precendence	4	2.742e-06	2.742e-06
proxifier	4	2.742e-06	2.742e-06
serializee	4	2.742e-06	2.742e-06
renamed	12	2.741e-06	2.074e-06
cleans	4	2.741e-06	2.659e-06
silently	21	2.740e-06	2.337e-06
removals	8	2.739e-06	1.605e-06
allocation	55	2.734e-06	2.153e-06
audience	2	2.733e-06	2.733e-06
dian	2	2.733e-06	2.733e-06
insertions	2	2.733e-06	2.733e-06
mnode	2	2.733e-06	2.733e-06
notion	2	2.733e-06	2.733e-06
representer	2	2.733e-06	2.733e-06
submitted	9	2.732e-06	1.529e-06
notified	7	2.732e-06	1.578e-06
surfaces	21	2.730e-06	2.328e-06
byte0	2	2.728e-06	2.160e-06
procedures	26	2.727e-06	1.979e-06
bundled	5	2.721e-06	2.693e-06
varchar	62	2.720e-06	2.506e-06
announcement	6	2.716e-06	2.716e-06
resigned	6	2.716e-06	2.716e-06
derives	3	2.713e-06	2.658e-06
determined	6	2.712e-06	2.712e-06
predicated	6	2.712e-06	2.712e-06
supplier1	6	2.712e-06	2.712e-06
cg	6	2.708e-06	1.584e-06
metadatas	50	2.708e-06	2.072e-06
dbg	9	2.707e-06	2.707e-06
descr	9	2.707e-06	2.707e-06
la3	9	2.707e-06	2.707e-06
transients	9	2.707e-06	2.707e-06
recovery	43	2.705e-06	1.373e-06
bpchar	66	2.703e-06	2.703e-06
normalizes	10	2.702e-06	1.318e-06
hd	5	2.700e-06	2.076e-06
repeatable	7	2.698e-06	1.340e-06
decay	8	2.696e-06	1.621e-06
ibu	98	2.695e-06	2.695e-06
calibration	4	2.694e-06	2.694e-06
concept1uuid	4	2.694e-06	2.694e-06
concept2uuid	4	2.694e-06	2.694e-06
cs3	4	2.694e-06	2.694e-06
labels3	4	2.694e-06	2.694e-06
npt	4	2.694e-06	2.694e-06
proxy_server	4	2.694e-06	2.694e-06
xmlb	4	2.694e-06	2.694e-06
cands	4	2.693e-06	2.693e-06
joml	4	2.693e-06	2.693e-06
lmb	4	2.693e-06	2.693e-06
presets	4	2.693e-06	2.693e-06
ripples	4	2.693e-06	2.693e-06
sidecar	4	2.693e-06	2.693e-06
vignette	4	2.693e-06	2.693e-06
hb	10	2.690e-06	1.989e-06
aspect_ratio	2	2.687e-06	2.409e-06
dimmed	2	2.687e-06	2.409e-06
invincible	2	2.687e-06	2.409e-06
ln	9	2.687e-06	1.545e-06
lives	5	2.687e-06	2.632e-06
honors	2	2.686e-06	2.658e-06
flying	8	2.679e-06	1.979e-06
means	5	2.678e-06	1.928e-06
checking	7	2.670e-06	1.663e-06
client3consumer	4	2.670e-06	2.670e-06
delaymsg	4	2.670e-06	2.670e-06
excutor	4	2.670e-06	2.670e-06
fegin	4	2.670e-06	2.670e-06
lambda1	4	2.670e-06	2.670e-06
objcts	4	2.670e-06	2.670e-06
orderly	4	2.670e-06	2.670e-06
stress	12	2.667e-06	2.049e-06
lifetime	11	2.666e-06	1.793e-06
encl	12	2.661e-06	2.661e-06
maprfs	12	2.661e-06	2.661e-06
s3config	12	2.661e-06	2.661e-06
refreshes	3	2.661e-06	2.223e-06
33	16	2.661e-06	2.305e-06
time_out	14	2.660e-06	1.604e-06
efforts	34	2.659e-06	2.284e-06
base64are	1	2.658e-06	2.658e-06
base64raw	1	2.658e-06	2.658e-06
base64upload	1	2.658e-06	2.658e-06
boot2assets	1	2.658e-06	2.658e-06
boot2deny	1	2.658e-06	2.658e-06
boot2disabled	1	2.658e-06	2.658e-06
boot2integration	1	2.658e-06	2.658e-06
boot2override	1	2.658e-06	2.658e-06
boot2tomcat	1	2.658e-06	2.658e-06
boot2upload	1	2.658e-06	2.658e-06
boot2web	1	2.658e-06	2.658e-06
boot3assets	1	2.658e-06	2.658e-06
boot3deny	1	2.658e-06	2.658e-06
boot3disabled	1	2.658e-06	2.658e-06
boot3integration	1	2.658e-06	2.658e-06
boot3override	1	2.658e-06	2.658e-06
boot3tomcat	1	2.658e-06	2.658e-06
boot3upload	1	2.658e-06	2.658e-06
boot3web	1	2.658e-06	2.658e-06
color_depth	1	2.658e-06	2.658e-06
compression_ratio	1	2.658e-06	2.658e-06
deflated	1	2.658e-06	2.658e-06
dib	1	2.658e-06	2.658e-06
docx	1	2.658e-06	2.658e-06
idat	1	2.658e-06	2.658e-06
iend	1	2.658e-06	2.658e-06
ihdr	1	2.658e-06	2.658e-06
interlace	1	2.658e-06	2.658e-06
planes	1	2.658e-06	2.658e-06
riff	1	2.658e-06	2.658e-06
sof	1	2.658e-06	2.658e-06
unsigned24little	1	2.658e-06	2.658e-06
videos	1	2.658e-06	2.658e-06
druid	8	2.658e-06	2.460e-06
payment_order	7	2.654e-06	2.654e-06
idp	4	2.652e-06	1.894e-06
argu	4	2.652e-06	2.652e-06
geno	4	2.652e-06	2.652e-06
rsa256check	4	2.652e-06	2.652e-06
rsa256sign	4	2.652e-06	2.652e-06
sha256rsa	4	2.652e-06	2.652e-06
unencoded	4	2.652e-06	2.652e-06
lock4j	4	2.649e-06	1.957e-06
notifier	4	2.649e-06	1.957e-06
twenty	4	2.648e-06	1.901e-06
current_account	9	2.645e-06	2.645e-06
font_name	9	2.645e-06	2.645e-06
sprinting	9	2.645e-06	2.645e-06
probation	29	2.643e-06	2.084e-06
their	16	2.643e-06	2.314e-06
executing	3	2.643e-06	2.588e-06
tx2	96	2.640e-06	2.640e-06
name3	11	2.639e-06	1.899e-06
supervised	6	2.633e-06	1.996e-06
decidable	3	2.632e-06	2.632e-06
ious	3	2.632e-06	2.632e-06
iun	3	2.632e-06	2.632e-06
join2	3	2.632e-06	2.632e-06
mappable	3	2.632e-06	2.632e-06
mapper1	3	2.632e-06	2.632e-06
resolver2	3	2.632e-06	2.632e-06
resource1	3	2.632e-06	2.632e-06
resource2	3	2.632e-06	2.632e-06
simple2constant	3	2.632e-06	2.632e-06
waffles	3	2.632e-06	2.632e-06
waterdeel	3	2.632e-06	2.632e-06
callables	4	2.623e-06	2.541e-06
dense	65	2.622e-06	2.540e-06
photo	3	2.621e-06	1.901e-06
xssf	3	2.621e-06	1.901e-06
tracks	22	2.618e-06	1.689e-06
privileged	7	2.617e-06	2.298e-06
losed	3	2.616e-06	2.616e-06
safely	6	2.607e-06	1.319e-06
base64image	2	2.604e-06	1.899e-06
conv	21	2.603e-06	2.186e-06
mutator	10	2.601e-06	1.820e-06
deviation	6	2.600e-06	2.201e-06
tested	7	2.598e-06	1.633e-06
identity_provider	5	2.591e-06	2.591e-06
ownerships	5	2.591e-06	2.591e-06
action1	1	2.588e-06	2.588e-06
failed_state	1	2.588e-06	2.588e-06
flag2	1	2.588e-06	2.588e-06
jboss	1	2.588e-06	2.588e-06
msc	1	2.588e-06	2.588e-06
opa	1	2.588e-06	2.588e-06
prestart	1	2.588e-06	2.588e-06
registry1in	1	2.588e-06	2.588e-06
sb1	1	2.588e-06	2.588e-06
sb2	1	2.588e-06	2.588e-06
scattered	1	2.588e-06	2.588e-06
service1name	1	2.588e-06	2.588e-06
service2name	1	2.588e-06	2.588e-06
severities	1	2.588e-06	2.588e-06
txn3	1	2.588e-06	2.588e-06
txn4	1	2.588e-06	2.588e-06
unexecuted	1	2.588e-06	2.588e-06
untill	1	2.588e-06	2.588e-06
usecase0	1	2.588e-06	2.588e-06
web_log	2	2.586e-06	1.841e-06
gql	94	2.585e-06	2.585e-06
holders	21	2.585e-06	2.021e-06
surrounding	14	2.582e-06	1.734e-06
cidr	63	2.581e-06	2.581e-06
xor	10	2.578e-06	2.191e-06
meters	7	2.576e-06	1.793e-06
strips	37	2.576e-06	1.654e-06
consul	9	2.567e-06	2.567e-06
replicate	6	2.566e-06	1.957e-06
w1	10	2.561e-06	1.484e-06
ant	8	2.558e-06	1.748e-06
m3	4	2.557e-06	1.439e-06
widths	10	2.556e-06	1.525e-06
06	12	2.551e-06	2.290e-06
fa	8	2.549e-06	1.394e-06
trims	10	2.549e-06	1.936e-06
detach	16	2.548e-06	1.797e-06
attached	3	2.546e-06	2.019e-06
monitors	3	2.545e-06	1.821e-06
dv	13	2.544e-06	2.409e-06
authreporter	1	2.541e-06	2.541e-06
base64decoded	1	2.541e-06	2.541e-06
breast_cancer	1	2.541e-06	2.541e-06
broadcaster	1	2.541e-06	2.541e-06
categorized	1	2.541e-06	2.541e-06
conformance	1	2.541e-06	2.541e-06
dbpm	1	2.541e-06	2.541e-06
dstu2condition	1	2.541e-06	2.541e-06
dstu2it	1	2.541e-06	2.541e-06
dstu3condition	1	2.541e-06	2.541e-06
dstu3config	1	2.541e-06	2.541e-06
dstu3it	1	2.541e-06	2.541e-06
dtm	1	2.541e-06	2.541e-06
exm125	1	2.541e-06	2.541e-06
exm349	1	2.541e-06	2.541e-06
medication	1	2.541e-06	2.541e-06
nr4it	1	2.541e-06	2.541e-06
observation	1	2.541e-06	2.541e-06
opioidcds	1	2.541e-06	2.541e-06
pkg1	1	2.541e-06	2.541e-06
r4bit	1	2.541e-06	2.541e-06
r4condition	1	2.541e-06	2.541e-06
r4config	1	2.541e-06	2.541e-06
r4operation	1	2.541e-06	2.541e-06
r5condition	1	2.541e-06	2.541e-06
r5operation	1	2.541e-06	2.541e-06
rec10	1	2.541e-06	2.541e-06
registerer	1	2.541e-06	2.541e-06
setss	1	2.541e-06	2.541e-06
supplemental	1	2.541e-06	2.541e-06
web_content	1	2.541e-06	2.541e-06
bytea	62	2.540e-06	2.540e-06
attacked	3	2.532e-06	2.025e-06
potions	3	2.532e-06	2.025e-06
involved	92	2.530e-06	2.530e-06
adder	6	2.530e-06	1.957e-06
subquery	28	2.528e-06	1.346e-06
adaptor	5	2.525e-06	2.117e-06
climb	8	2.515e-06	2.103e-06
call_time	8	2.513e-06	2.458e-06
coordinate	18	2.510e-06	1.348e-06
invariant	11	2.506e-06	2.303e-06
ux	5	2.506e-06	1.946e-06
uy	5	2.506e-06	1.946e-06
tally	8	2.505e-06	2.307e-06
recv	48	2.502e-06	1.977e-06
prot	9	2.501e-06	2.473e-06
ref2	3	2.499e-06	1.775e-06
sao	3	2.498e-06	2.285e-06
generates	12	2.495e-06	1.818e-06
certs	15	2.491e-06	1.474e-06
disallow	3	2.489e-06	1.438e-06
magic_number	29	2.487e-06	1.954e-06
sea	4	2.480e-06	2.068e-06
coordinates	55	2.478e-06	1.602e-06
web_page	2	2.475e-06	1.778e-06
lwm	90	2.475e-06	2.475e-06
scrolling	2	2.475e-06	2.198e-06
template1	5	2.473e-06	1.480e-06
fluent	16	2.473e-06	2.097e-06
conflation	8	2.473e-06	2.473e-06
lab23	8	2.473e-06	2.473e-06
lab25	8	2.473e-06	2.473e-06
posits	8	2.473e-06	2.473e-06
prox	8	2.473e-06	2.473e-06
uw	8	2.473e-06	2.473e-06
isolated	37	2.472e-06	1.440e-06
decompressed	5	2.470e-06	2.107e-06
base64data	3	2.466e-06	1.428e-06
friendly	9	2.465e-06	1.671e-06
boxed	15	2.462e-06	1.425e-06
districts	6	2.458e-06	2.458e-06
donations	6	2.458e-06	2.458e-06
dosage	6	2.458e-06	2.458e-06
education	6	2.458e-06	2.458e-06
guidelines	6	2.458e-06	2.458e-06
is1097	6	2.458e-06	2.458e-06
occupation	6	2.458e-06	2.458e-06
organs	6	2.458e-06	2.458e-06
psychiatric	6	2.458e-06	2.458e-06
questionnaire	6	2.458e-06	2.458e-06
int4range	60	2.458e-06	2.458e-06
int8range	60	2.458e-06	2.458e-06
nchar	60	2.458e-06	2.458e-06
difficulty	6	2.457e-06	1.784e-06
leaf_node	7	2.456e-06	1.438e-06
accounts	10	2.453e-06	1.634e-06
songs	3	2.448e-06	2.394e-06
plus并保持正式表读写行为	6	2.443e-06	2.443e-06
s3object	11	2.440e-06	2.440e-06
enchant	7	2.436e-06	1.881e-06
glare	2	2.434e-06	2.393e-06
asked	6	2.434e-06	1.923e-06
pn	13	2.431e-06	1.649e-06
double_precision	60	2.431e-06	2.376e-06
asym	1	2.429e-06	2.429e-06
bms1	1	2.429e-06	2.429e-06
bms2	1	2.429e-06	2.429e-06
chess	1	2.429e-06	2.429e-06
constructing	1	2.429e-06	2.429e-06
edge1index	1	2.429e-06	2.429e-06
edge2index	1	2.429e-06	2.429e-06
foodmart	1	2.429e-06	2.429e-06
nj	1	2.429e-06	2.429e-06
path0	1	2.429e-06	2.429e-06
real_matrix	1	2.429e-06	2.429e-06
octaves	3	2.424e-06	1.757e-06
disjunction	8	2.423e-06	1.902e-06
broken_arrow	2	2.421e-06	2.393e-06
c5	2	2.421e-06	2.393e-06
c6	2	2.421e-06	2.393e-06
plane	6	2.420e-06	1.918e-06
var10000	6	2.420e-06	1.918e-06
jks	10	2.419e-06	2.285e-06
quorum	18	2.418e-06	1.680e-06
mcv	85	2.418e-06	2.184e-06
bfile	59	2.417e-06	2.417e-06
bigint	59	2.417e-06	2.417e-06
nclob	59	2.417e-06	2.417e-06
smallint	59	2.417e-06	2.417e-06
tstzrange	59	2.417e-06	2.417e-06
07	7	2.414e-06	2.279e-06
29	7	2.414e-06	2.279e-06
31	7	2.414e-06	2.279e-06
security_service	2	2.412e-06	1.726e-06
notin	3	2.412e-06	1.823e-06
composes	9	2.410e-06	2.302e-06
analyser	8	2.406e-06	2.406e-06
rewiring	8	2.406e-06	2.406e-06
vinfo	8	2.406e-06	2.406e-06
r10	2	2.402e-06	1.993e-06
r11	2	2.402e-06	1.993e-06
r12	2	2.402e-06	1.993e-06
r20	2	2.402e-06	1.993e-06
r21	2	2.402e-06	1.993e-06
r22	2	2.402e-06	1.993e-06
compensate	18	2.400e-06	1.834e-06
back_action	1	2.393e-06	2.393e-06
bg1	1	2.393e-06	2.393e-06
bg2	1	2.393e-06	2.393e-06
bg3	1	2.393e-06	2.393e-06
blade	1	2.393e-06	2.393e-06
broken2	1	2.393e-06	2.393e-06
broken3	1	2.393e-06	2.393e-06
caution	1	2.393e-06	2.393e-06
chocking	1	2.393e-06	2.393e-06
disassembled	1	2.393e-06	2.393e-06
hearth	1	2.393e-06	2.393e-06
hole2	1	2.393e-06	2.393e-06
hyp	1	2.393e-06	2.393e-06
insect	1	2.393e-06	2.393e-06
patterned2	1	2.393e-06	2.393e-06
pristine	1	2.393e-06	2.393e-06
renderables	1	2.393e-06	2.393e-06
robotic	1	2.393e-06	2.393e-06
skull	1	2.393e-06	2.393e-06
step_back	1	2.393e-06	2.393e-06
swoosh	1	2.393e-06	2.393e-06
trash	1	2.393e-06	2.393e-06
trophy	1	2.393e-06	2.393e-06
updatables	1	2.393e-06	2.393e-06
visualizer	1	2.393e-06	2.393e-06
issue_date	2	2.393e-06	2.325e-06
decorated	10	2.393e-06	1.658e-06
suggestion	8	2.392e-06	1.892e-06
intra	11	2.391e-06	1.549e-06
referring	35	2.388e-06	2.388e-06
arity	15	2.386e-06	2.079e-06
08	6	2.386e-06	2.278e-06
09	6	2.386e-06	2.278e-06
xa	11	2.386e-06	1.828e-06
ck	8	2.383e-06	1.599e-06
airline	6	2.380e-06	2.380e-06
piggy	6	2.380e-06	2.380e-06
pinpoint	6	2.380e-06	2.380e-06
waiters	6	2.380e-06	2.380e-06
enhancement	2	2.377e-06	1.825e-06
bfloat16	58	2.376e-06	2.376e-06
bpcharbyte	58	2.376e-06	2.376e-06
date32	58	2.376e-06	2.376e-06
datetime2	58	2.376e-06	2.376e-06
datetime64	58	2.376e-06	2.376e-06
datetimev2	58	2.376e-06	2.376e-06
datev2	58	2.376e-06	2.376e-06
decimal128	58	2.376e-06	2.376e-06
decimal256	58	2.376e-06	2.376e-06
decimal32	58	2.376e-06	2.376e-06
decimal64	58	2.376e-06	2.376e-06
float16	58	2.376e-06	2.376e-06
float32	58	2.376e-06	2.376e-06
float64	58	2.376e-06	2.376e-06
int16	58	2.376e-06	2.376e-06
int32	58	2.376e-06	2.376e-06
longblob	58	2.376e-06	2.376e-06
mediumblob	58	2.376e-06	2.376e-06
mediumint	58	2.376e-06	2.376e-06
ntext	58	2.376e-06	2.376e-06
ntz	58	2.376e-06	2.376e-06
nvarchar	58	2.376e-06	2.376e-06
nvarchar2	58	2.376e-06	2.376e-06
ora	58	2.376e-06	2.376e-06
regnamespace	58	2.376e-06	2.376e-06
regoper	58	2.376e-06	2.376e-06
regproc	58	2.376e-06	2.376e-06
regreedy	58	2.376e-06	2.376e-06
tinyblob	58	2.376e-06	2.376e-06
tinyint	58	2.376e-06	2.376e-06
uint16	58	2.376e-06	2.376e-06
uint32	58	2.376e-06	2.376e-06
uint64	58	2.376e-06	2.376e-06
uint8	58	2.376e-06	2.376e-06
varchar2	58	2.376e-06	2.376e-06
substitution	13	2.375e-06	1.314e-06
contacts	4	2.374e-06	1.431e-06
handler1	2	2.366e-06	1.808e-06
ways	4	2.366e-06	2.076e-06
consecutive	18	2.365e-06	1.506e-06
kinds	8	2.362e-06	1.655e-06
mw	5	2.362e-06	2.039e-06
resolvable	9	2.360e-06	1.858e-06
28	5	2.359e-06	2.277e-06
34	5	2.359e-06	2.277e-06
36	5	2.359e-06	2.277e-06
authors	2	2.358e-06	1.714e-06
regardless	7	2.355e-06	2.300e-06
disjoint	18	2.355e-06	1.627e-06
wh	6	2.354e-06	1.946e-06
shear	7	2.353e-06	1.609e-06
2016	2	2.353e-06	2.325e-06
moto	2	2.353e-06	2.325e-06
dn	9	2.352e-06	1.253e-06
checksum	50	2.352e-06	1.559e-06
darkness	8	2.351e-06	2.351e-06
fade_time	8	2.351e-06	2.351e-06
firework	8	2.351e-06	2.351e-06
hsb	8	2.351e-06	2.351e-06
interpolated	8	2.351e-06	2.351e-06
passives	8	2.351e-06	2.351e-06
playtime	8	2.351e-06	2.351e-06
playtimes	8	2.351e-06	2.351e-06
wide	13	2.350e-06	1.536e-06
flushed	28	2.349e-06	1.551e-06
shape1	18	2.344e-06	1.930e-06
preceding	8	2.343e-06	2.261e-06
basket	7	2.343e-06	2.275e-06
looping	2	2.341e-06	1.980e-06
conversions	13	2.338e-06	1.169e-06
climbing	2	2.335e-06	1.927e-06
box2d	57	2.335e-06	2.335e-06
hierarchyid	57	2.335e-06	2.335e-06
int128	57	2.335e-06	2.335e-06
int256	57	2.335e-06	2.335e-06
largeint	57	2.335e-06	2.335e-06
lvarchar	57	2.335e-06	2.335e-06
naturaln	57	2.335e-06	2.335e-06
percolator	57	2.335e-06	2.335e-06
positiven	57	2.335e-06	2.335e-06
regconfig	57	2.335e-06	2.335e-06
serial4	57	2.335e-06	2.335e-06
serial8	57	2.335e-06	2.335e-06
timez	57	2.335e-06	2.335e-06
uint128	57	2.335e-06	2.335e-06
uint256	57	2.335e-06	2.335e-06
urowid	57	2.335e-06	2.335e-06
varcharbyte	57	2.335e-06	2.335e-06
pb	15	2.331e-06	1.121e-06
company_name	6	2.331e-06	2.263e-06
anchors	13	2.329e-06	2.169e-06
grp	20	2.328e-06	1.333e-06
stop_word	20	2.328e-06	1.641e-06
interruption	16	2.328e-06	1.634e-06
cq	6	2.328e-06	2.300e-06
narrowing	6	2.328e-06	2.300e-06
topology	8	2.327e-06	2.115e-06
2019	1	2.325e-06	2.325e-06
2020	1	2.325e-06	2.325e-06
audiences	1	2.325e-06	2.325e-06
autogen	1	2.325e-06	2.325e-06
base64jwk	1	2.325e-06	2.325e-06
bindingjwk1	1	2.325e-06	2.325e-06
blitz	1	2.325e-06	2.325e-06
commence	1	2.325e-06	2.325e-06
credential1	1	2.325e-06	2.325e-06
credential2	1	2.325e-06	2.325e-06
cwt	1	2.325e-06	2.325e-06
eck12019verification	1	2.325e-06	2.325e-06
eck1signature2019	1	2.325e-06	2.325e-06
ed25519req	1	2.325e-06	2.325e-06
ed25519signature2018	1	2.325e-06	2.325e-06
ed25519signature2020	1	2.325e-06	2.325e-06
ed25519verification	1	2.325e-06	2.325e-06
es256	1	2.325e-06	2.325e-06
handeler	1	2.325e-06	2.325e-06
iat	1	2.325e-06	2.325e-06
k1req	1	2.325e-06	2.325e-06
mosip	1	2.325e-06	2.325e-06
most128bits	1	2.325e-06	2.325e-06
oidcjwk1	1	2.325e-06	2.325e-06
oidcjwk4	1	2.325e-06	2.325e-06
pulic	1	2.325e-06	2.325e-06
r1req	1	2.325e-06	2.325e-06
school	1	2.325e-06	2.325e-06
secp256k1signature2019proof	1	2.325e-06	2.325e-06
secp256r1	1	2.325e-06	2.325e-06
signature2016proof	1	2.325e-06	2.325e-06
signature2018	1	2.325e-06	2.325e-06
srd	1	2.325e-06	2.325e-06
templated	1	2.325e-06	2.325e-06
uin	1	2.325e-06	2.325e-06
unitl	1	2.325e-06	2.325e-06
v11draft	1	2.325e-06	2.325e-06
v12draft	1	2.325e-06	2.325e-06
vc1	1	2.325e-06	2.325e-06
vc3	1	2.325e-06	2.325e-06
vc4	1	2.325e-06	2.325e-06
vcdm	1	2.325e-06	2.325e-06
vcdm1constants	1	2.325e-06	2.325e-06
vcdm2constants	1	2.325e-06	2.325e-06
vcformatters	1	2.325e-06	2.325e-06
vcsigners	1	2.325e-06	2.325e-06
leap_year	7	2.324e-06	1.605e-06
remain	7	2.322e-06	1.466e-06
45	5	2.320e-06	1.964e-06
integers	14	2.320e-06	1.733e-06
discrete	6	2.319e-06	2.184e-06
appears	5	2.318e-06	1.643e-06
carried	6	2.318e-06	2.290e-06
lands	6	2.318e-06	2.290e-06
q2	7	2.316e-06	1.447e-06
projections	37	2.315e-06	1.659e-06
springmvc	5	2.315e-06	2.006e-06
thick	4	2.314e-06	2.038e-06
bahar	6	2.311e-06	2.311e-06
date2time	6	2.311e-06	2.311e-06
quanity	6	2.311e-06	2.311e-06
quans	6	2.311e-06	2.311e-06
increases	6	2.305e-06	2.171e-06
deserializing	12	2.304e-06	2.069e-06
302	3	2.304e-06	2.276e-06
auditor	3	2.304e-06	2.276e-06
france	3	2.304e-06	2.276e-06
portugal	3	2.304e-06	2.276e-06
extractors	6	2.304e-06	1.667e-06
captions	5	2.300e-06	2.300e-06
cybersecurity	5	2.300e-06	2.300e-06
natively	5	2.300e-06	2.300e-06
participating	5	2.300e-06	2.300e-06
recomputation	5	2.300e-06	2.300e-06
shelves	5	2.300e-06	2.300e-06
albums	5	2.298e-06	1.892e-06
walking	4	2.296e-06	2.021e-06
question_mark	8	2.294e-06	2.066e-06
derby	7	2.293e-06	2.069e-06
ind	26	2.291e-06	1.479e-06
az	5	2.290e-06	2.290e-06
brush	5	2.290e-06	2.290e-06
herobrine	5	2.290e-06	2.290e-06
hz	5	2.290e-06	2.290e-06
runmul	5	2.290e-06	2.290e-06
trapped	5	2.290e-06	2.290e-06
unknown4	5	2.290e-06	2.290e-06
var22	5	2.290e-06	2.290e-06
var24	5	2.290e-06	2.290e-06
msb	4	2.289e-06	1.348e-06
reference_type	6	2.288e-06	2.260e-06
delete2	3	2.285e-06	1.631e-06
jaxrs	8	2.282e-06	2.282e-06
key5	8	2.282e-06	2.282e-06
single_quote	9	2.281e-06	2.070e-06
intervals	3	2.278e-06	1.686e-06
colum	5	2.278e-06	1.798e-06
afghanistan	2	2.276e-06	2.276e-06
albanie	2	2.276e-06	2.276e-06
algerie	2	2.276e-06	2.276e-06
andorre	2	2.276e-06	2.276e-06
angola	2	2.276e-06	2.276e-06
antigua	2	2.276e-06	2.276e-06
arabes	2	2.276e-06	2.276e-06
arabie	2	2.276e-06	2.276e-06
argentine	2	2.276e-06	2.276e-06
armenie	2	2.276e-06	2.276e-06
australie	2	2.276e-06	2.276e-06
autriche	2	2.276e-06	2.276e-06
azerbaidjan	2	2.276e-06	2.276e-06
backend400	2	2.276e-06	2.276e-06
bahamas	2	2.276e-06	2.276e-06
bahrein	2	2.276e-06	2.276e-06
bangladesh	2	2.276e-06	2.276e-06
barbade	2	2.276e-06	2.276e-06
barbuda	2	2.276e-06	2.276e-06
bas	2	2.276e-06	2.276e-06
belgique	2	2.276e-06	2.276e-06
belize	2	2.276e-06	2.276e-06
benin	2	2.276e-06	2.276e-06
bhoutan	2	2.276e-06	2.276e-06
bielorussie	2	2.276e-06	2.276e-06
birmanie	2	2.276e-06	2.276e-06
bissau	2	2.276e-06	2.276e-06
bolivie	2	2.276e-06	2.276e-06
bosnie	2	2.276e-06	2.276e-06
botswana	2	2.276e-06	2.276e-06
bresil	2	2.276e-06	2.276e-06
brunei	2	2.276e-06	2.276e-06
bulgarie	2	2.276e-06	2.276e-06
burkina	2	2.276e-06	2.276e-06
burundi	2	2.276e-06	2.276e-06
cabo	2	2.276e-06	2.276e-06
cambodge	2	2.276e-06	2.276e-06
cameroun	2	2.276e-06	2.276e-06
canada	2	2.276e-06	2.276e-06
centrafrique	2	2.276e-06	2.276e-06
chili	2	2.276e-06	2.276e-06
chine	2	2.276e-06	2.276e-06
chypre	2	2.276e-06	2.276e-06
climatisation	2	2.276e-06	2.276e-06
colombie	2	2.276e-06	2.276e-06
congo	2	2.276e-06	2.276e-06
costa	2	2.276e-06	2.276e-06
cote	2	2.276e-06	2.276e-06
cree	2	2.276e-06	2.276e-06
croatie	2	2.276e-06	2.276e-06
cuba	2	2.276e-06	2.276e-06
dane	2	2.276e-06	2.276e-06
depuis	2	2.276e-06	2.276e-06
divoire	2	2.276e-06	2.276e-06
djibouti	2	2.276e-06	2.276e-06
dominicaine	2	2.276e-06	2.276e-06
dominique	2	2.276e-06	2.276e-06
egypte	2	2.276e-06	2.276e-06
emi	2	2.276e-06	2.276e-06
equateur	2	2.276e-06	2.276e-06
ery	2	2.276e-06	2.276e-06
espagne	2	2.276e-06	2.276e-06
estonie	2	2.276e-06	2.276e-06
eswatini	2	2.276e-06	2.276e-06
etats	2	2.276e-06	2.276e-06
ethiopie	2	2.276e-06	2.276e-06
faso	2	2.276e-06	2.276e-06
fidji	2	2.276e-06	2.276e-06
finlande	2	2.276e-06	2.276e-06
from2xx	2	2.276e-06	2.276e-06
gabon	2	2.276e-06	2.276e-06
gambie	2	2.276e-06	2.276e-06
georgie	2	2.276e-06	2.276e-06
ghana	2	2.276e-06	2.276e-06
grece	2	2.276e-06	2.276e-06
grenade	2	2.276e-06	2.276e-06
grenadines	2	2.276e-06	2.276e-06
guatemala	2	2.276e-06	2.276e-06
guyana	2	2.276e-06	2.276e-06
haiti	2	2.276e-06	2.276e-06
herzegovine	2	2.276e-06	2.276e-06
honduras	2	2.276e-06	2.276e-06
hongrie	2	2.276e-06	2.276e-06
hors	2	2.276e-06	2.276e-06
inactif	2	2.276e-06	2.276e-06
inde	2	2.276e-06	2.276e-06
indonesie	2	2.276e-06	2.276e-06
integratuion	2	2.276e-06	2.276e-06
irak	2	2.276e-06	2.276e-06
iran	2	2.276e-06	2.276e-06
irlande	2	2.276e-06	2.276e-06
islande	2	2.276e-06	2.276e-06
israel	2	2.276e-06	2.276e-06
jamaique	2	2.276e-06	2.276e-06
japon	2	2.276e-06	2.276e-06
jordanie	2	2.276e-06	2.276e-06
kazakhstan	2	2.276e-06	2.276e-06
kenya	2	2.276e-06	2.276e-06
kirghizistan	2	2.276e-06	2.276e-06
kiribati	2	2.276e-06	2.276e-06
kitts	2	2.276e-06	2.276e-06
koweit	2	2.276e-06	2.276e-06
lanka	2	2.276e-06	2.276e-06
les	2	2.276e-06	2.276e-06
lesotho	2	2.276e-06	2.276e-06
lettonie	2	2.276e-06	2.276e-06
liban	2	2.276e-06	2.276e-06
liberia	2	2.276e-06	2.276e-06
libye	2	2.276e-06	2.276e-06
liechtenstein	2	2.276e-06	2.276e-06
lituanie	2	2.276e-06	2.276e-06
lucie	2	2.276e-06	2.276e-06
luxembourg	2	2.276e-06	2.276e-06
macedoine	2	2.276e-06	2.276e-06
madagascar	2	2.276e-06	2.276e-06
malaisie	2	2.276e-06	2.276e-06
malawi	2	2.276e-06	2.276e-06
maldives	2	2.276e-06	2.276e-06
mali	2	2.276e-06	2.276e-06
malte	2	2.276e-06	2.276e-06
marin	2	2.276e-06	2.276e-06
maroc	2	2.276e-06	2.276e-06
maurice	2	2.276e-06	2.276e-06
mauritanie	2	2.276e-06	2.276e-06
metier	2	2.276e-06	2.276e-06
mexique	2	2.276e-06	2.276e-06
micronesie	2	2.276e-06	2.276e-06
modele	2	2.276e-06	2.276e-06
moldavie	2	2.276e-06	2.276e-06
monaco	2	2.276e-06	2.276e-06
mongolie	2	2.276e-06	2.276e-06
monolithe	2	2.276e-06	2.276e-06
montenegro	2	2.276e-06	2.276e-06
motorisation	2	2.276e-06	2.276e-06
mozambique	2	2.276e-06	2.276e-06
namibie	2	2.276e-06	2.276e-06
nauru	2	2.276e-06	2.276e-06
nepal	2	2.276e-06	2.276e-06
nevis	2	2.276e-06	2.276e-06
nicaragua	2	2.276e-06	2.276e-06
niger	2	2.276e-06	2.276e-06
nigeria	2	2.276e-06	2.276e-06
nord	2	2.276e-06	2.276e-06
norvege	2	2.276e-06	2.276e-06
oman	2	2.276e-06	2.276e-06
oriental	2	2.276e-06	2.276e-06
ouganda	2	2.276e-06	2.276e-06
ouzbekistan	2	2.276e-06	2.276e-06
pakistan	2	2.276e-06	2.276e-06
palestine	2	2.276e-06	2.276e-06
panama	2	2.276e-06	2.276e-06
papouasie	2	2.276e-06	2.276e-06
paraguay	2	2.276e-06	2.276e-06
perou	2	2.276e-06	2.276e-06
philippines	2	2.276e-06	2.276e-06
pologne	2	2.276e-06	2.276e-06
principe	2	2.276e-06	2.276e-06
qatar	2	2.276e-06	2.276e-06
rats	2	2.276e-06	2.276e-06
rica	2	2.276e-06	2.276e-06
roumanie	2	2.276e-06	2.276e-06
royaume	2	2.276e-06	2.276e-06
russie	2	2.276e-06	2.276e-06
rwanda	2	2.276e-06	2.276e-06
sainte	2	2.276e-06	2.276e-06
salvador	2	2.276e-06	2.276e-06
samoa	2	2.276e-06	2.276e-06
saoudite	2	2.276e-06	2.276e-06
senegal	2	2.276e-06	2.276e-06
serbie	2	2.276e-06	2.276e-06
seychelles	2	2.276e-06	2.276e-06
sierra_leone	2	2.276e-06	2.276e-06
sivdto	2	2.276e-06	2.276e-06
slovaquie	2	2.276e-06	2.276e-06
slovenie	2	2.276e-06	2.276e-06
sma	2	2.276e-06	2.276e-06
somalie	2	2.276e-06	2.276e-06
statut	2	2.276e-06	2.276e-06
suede	2	2.276e-06	2.276e-06
suisse	2	2.276e-06	2.276e-06
suriname	2	2.276e-06	2.276e-06
syrie	2	2.276e-06	2.276e-06
tadjikistan	2	2.276e-06	2.276e-06
tanzanie	2	2.276e-06	2.276e-06
tchad	2	2.276e-06	2.276e-06
tcheque	2	2.276e-06	2.276e-06
thailande	2	2.276e-06	2.276e-06
timor	2	2.276e-06	2.276e-06
to5xx	2	2.276e-06	2.276e-06
tobago	2	2.276e-06	2.276e-06
togo	2	2.276e-06	2.276e-06
tome	2	2.276e-06	2.276e-06
tonga	2	2.276e-06	2.276e-06
trinite	2	2.276e-06	2.276e-06
tunisie	2	2.276e-06	2.276e-06
turkmenistan	2	2.276e-06	2.276e-06
turquie	2	2.276e-06	2.276e-06
tuvalu	2	2.276e-06	2.276e-06
ukraine	2	2.276e-06	2.276e-06
uruguay	2	2.276e-06	2.276e-06
vanuatu	2	2.276e-06	2.276e-06
vatican	2	2.276e-06	2.276e-06
vendu	2	2.276e-06	2.276e-06
venezuela	2	2.276e-06	2.276e-06
vietnam	2	2.276e-06	2.276e-06
vincent	2	2.276e-06	2.276e-06
vitesse	2	2.276e-06	2.276e-06
vole	2	2.276e-06	2.276e-06
yemen	2	2.276e-06	2.276e-06
zambie	2	2.276e-06	2.276e-06
zelande	2	2.276e-06	2.276e-06
zimbabwe	2	2.276e-06	2.276e-06
constructor2	3	2.275e-06	1.673e-06
weave	4	2.267e-06	1.623e-06
sign_bit	4	2.264e-06	2.182e-06
chefs	5	2.263e-06	2.263e-06
cooperate	5	2.263e-06	2.263e-06
fur	4	2.263e-06	1.621e-06
future1	3	2.262e-06	1.572e-06
unmarshall	7	2.262e-06	1.605e-06
ng	3	2.261e-06	1.348e-06
is3xx	5	2.260e-06	2.260e-06
outputting	5	2.260e-06	2.260e-06
supplier2	5	2.260e-06	2.260e-06
w3c	5	2.260e-06	2.260e-06
couldnt	6	2.258e-06	1.625e-06
venue	4	2.257e-06	1.628e-06
deactivated	12	2.256e-06	1.723e-06
almost	8	2.256e-06	1.586e-06
micrometer	5	2.254e-06	1.715e-06
unfiltered	9	2.254e-06	1.453e-06
synonym	11	2.252e-06	1.500e-06
payments	33	2.251e-06	2.251e-06
entity_tag	2	2.249e-06	2.181e-06
reducing	11	2.245e-06	2.218e-06
irq	2	2.245e-06	1.637e-06
oshi	2	2.245e-06	1.637e-06
softirq	2	2.245e-06	1.637e-06
merges	31	2.244e-06	1.514e-06
prd	8	2.240e-06	2.044e-06
translucent	2	2.238e-06	1.963e-06
zeroes	3	2.236e-06	2.181e-06
daos	2	2.236e-06	2.168e-06
seperator	2	2.236e-06	2.168e-06
stagger	15	2.234e-06	1.605e-06
implementations	6	2.234e-06	1.796e-06
decoration	4	2.233e-06	1.898e-06
iam	4	2.231e-06	1.598e-06
lr	8	2.229e-06	1.854e-06
hands	5	2.228e-06	1.602e-06
prop3	4	2.228e-06	1.688e-06
omit	52	2.226e-06	1.942e-06
object_language	3	2.224e-06	1.600e-06
patched	3	2.223e-06	1.621e-06
x509certificates	6	2.222e-06	1.595e-06
continues	9	2.221e-06	2.061e-06
topological	6	2.220e-06	2.060e-06
term2	6	2.219e-06	1.680e-06
holder2	9	2.219e-06	1.599e-06
combining	10	2.218e-06	2.218e-06
lsubstitution	10	2.218e-06	2.218e-06
converts	43	2.213e-06	1.173e-06
kvs	46	2.210e-06	1.751e-06
am	19	2.210e-06	1.312e-06
diagnostic	9	2.209e-06	1.700e-06
unwrapped	15	2.207e-06	1.386e-06
visits	26	2.196e-06	1.559e-06
winning	2	2.195e-06	2.168e-06
mutating	5	2.194e-06	1.595e-06
002	2	2.194e-06	2.194e-06
0613	2	2.194e-06	2.194e-06
16k	2	2.194e-06	2.194e-06
apples	2	2.194e-06	2.194e-06
badges	2	2.194e-06	2.194e-06
fail_fast	2	2.194e-06	2.194e-06
glm2	2	2.194e-06	2.194e-06
handshake	2	2.194e-06	2.194e-06
hdecr	2	2.194e-06	2.194e-06
hdel	2	2.194e-06	2.194e-06
hget	2	2.194e-06	2.194e-06
hincr	2	2.194e-06	2.194e-06
hmget	2	2.194e-06	2.194e-06
instruct	2	2.194e-06	2.194e-06
intecepter	2	2.194e-06	2.194e-06
mset	2	2.194e-06	2.194e-06
myself	2	2.194e-06	2.194e-06
obtain	2	2.194e-06	2.194e-06
participants	2	2.194e-06	2.194e-06
shaker	2	2.194e-06	2.194e-06
speech	2	2.194e-06	2.194e-06
tts	2	2.194e-06	2.194e-06
asterisks	5	2.193e-06	2.060e-06
plural	8	2.191e-06	2.164e-06
holder1	8	2.191e-06	1.596e-06
precedence	30	2.191e-06	1.274e-06
big5	7	2.190e-06	1.957e-06
ipe	3	2.188e-06	1.326e-06
ipt	3	2.188e-06	1.326e-06
sipe	3	2.188e-06	1.326e-06
sips	3	2.188e-06	1.326e-06
sipt	3	2.188e-06	1.326e-06
op2	78	2.186e-06	2.118e-06
telecom	32	2.183e-06	2.183e-06
usps	32	2.183e-06	2.183e-06
pie	4	2.183e-06	1.266e-06
acknowledge	1	2.181e-06	2.181e-06
bor	1	2.181e-06	2.181e-06
carver	1	2.181e-06	2.181e-06
clinit	1	2.181e-06	2.181e-06
concave	1	2.181e-06	2.181e-06
exclamation	1	2.181e-06	2.181e-06
glib	1	2.181e-06	2.181e-06
inflection	1	2.181e-06	2.181e-06
lcgs	1	2.181e-06	2.181e-06
m23	1	2.181e-06	2.181e-06
m31	1	2.181e-06	2.181e-06
mask1	1	2.181e-06	2.181e-06
mask2	1	2.181e-06	2.181e-06
mmix	1	2.181e-06	2.181e-06
nbt1	1	2.181e-06	2.181e-06
nbt2	1	2.181e-06	2.181e-06
newlib	1	2.181e-06	2.181e-06
numerical	1	2.181e-06	2.181e-06
pascal	1	2.181e-06	2.181e-06
rand0	1	2.181e-06	2.181e-06
randu	1	2.181e-06	2.181e-06
rtl	1	2.181e-06	2.181e-06
seed1	1	2.181e-06	2.181e-06
seed2	1	2.181e-06	2.181e-06
udiff	1	2.181e-06	2.181e-06
xkcd	1	2.181e-06	2.181e-06
xoroshiro	1	2.181e-06	2.181e-06
xoroshiro128plus	1	2.181e-06	2.181e-06
ziggurat	1	2.181e-06	2.181e-06
substituted	12	2.179e-06	1.469e-06
diagram	8	2.174e-06	2.106e-06
profiler	18	2.171e-06	1.762e-06
boards	1	2.168e-06	2.168e-06
columnn	1	2.168e-06	2.168e-06
double_letter	1	2.168e-06	2.168e-06
game_controller	1	2.168e-06	2.168e-06
hbm2ddl	1	2.168e-06	2.168e-06
jackson2json	1	2.168e-06	2.168e-06
jersey	1	2.168e-06	2.168e-06
plays	1	2.168e-06	2.168e-06
racks	1	2.168e-06	2.168e-06
rewarded	1	2.168e-06	2.168e-06
saved_game	1	2.168e-06	2.168e-06
turns	1	2.168e-06	2.168e-06
weaker	1	2.168e-06	2.168e-06
holes	11	2.167e-06	2.059e-06
context1	2	2.167e-06	1.626e-06
docno	7	2.164e-06	2.164e-06
golab4	7	2.164e-06	2.164e-06
lab22	7	2.164e-06	2.164e-06
lab27	7	2.164e-06	2.164e-06
par1	7	2.164e-06	2.164e-06
prelude	7	2.164e-06	2.164e-06
sdm	7	2.164e-06	2.164e-06
fills	8	2.164e-06	1.613e-06
memory_cache	16	2.162e-06	1.858e-06
snd	2	2.161e-06	1.759e-06
fsm	22	2.159e-06	1.812e-06
dos	9	2.159e-06	2.051e-06
aggregations	20	2.158e-06	1.630e-06
inclusion	17	2.157e-06	1.178e-06
num4	4	2.154e-06	1.559e-06
abnormal	4	2.152e-06	1.556e-06
pv6	5	2.151e-06	1.566e-06
assertions	11	2.148e-06	1.914e-06
deltas	78	2.145e-06	2.145e-06
maria	3	2.143e-06	2.061e-06
entry3	6	2.136e-06	1.584e-06
ran	12	2.134e-06	1.460e-06
clipboard	5	2.133e-06	1.854e-06
op1	76	2.131e-06	2.063e-06
largest	12	2.122e-06	1.593e-06
permanent	5	2.120e-06	1.272e-06
nan	15	2.115e-06	1.733e-06
areas	31	2.115e-06	2.115e-06
dockerfile	2	2.113e-06	1.712e-06
machines	8	2.113e-06	1.549e-06
queried	7	2.112e-06	2.004e-06
solaris	2	2.111e-06	1.711e-06
diagonal	18	2.107e-06	1.786e-06
gnu	7	2.105e-06	2.105e-06
polytopes	7	2.105e-06	2.105e-06
reductions	7	2.105e-06	2.105e-06
regulators	7	2.105e-06	2.105e-06
styler	7	2.105e-06	2.105e-06
toymodel4d	7	2.105e-06	2.105e-06
item1	11	2.101e-06	1.900e-06
existence	5	2.101e-06	2.073e-06
incremental	41	2.099e-06	1.479e-06
common_bean	4	2.096e-06	1.527e-06
curse	6	2.091e-06	1.483e-06
gremlin	76	2.090e-06	2.090e-06
modifying	2	2.088e-06	2.060e-06
vk	8	2.084e-06	2.057e-06
sqls	5	2.084e-06	2.003e-06
uppercased	4	2.084e-06	2.056e-06
approx	50	2.083e-06	1.247e-06
finite	12	2.079e-06	1.839e-06
osx	7	2.078e-06	1.475e-06
synchronize	7	2.077e-06	1.866e-06
envers	4	2.073e-06	2.073e-06
respected	4	2.073e-06	2.073e-06
res2	8	2.070e-06	1.201e-06
class_list	9	2.070e-06	1.216e-06
life_cycle	8	2.066e-06	1.984e-06
param0	2	2.066e-06	1.720e-06
stag	6	2.064e-06	1.906e-06
analye	1	2.061e-06	2.061e-06
column1	1	2.061e-06	2.061e-06
dellen	1	2.061e-06	2.061e-06
exclamation_mark	1	2.061e-06	2.061e-06
funs	1	2.061e-06	2.061e-06
guo	1	2.061e-06	2.061e-06
h2db	1	2.061e-06	2.061e-06
h2my	1	2.061e-06	2.061e-06
palceholdera	1	2.061e-06	2.061e-06
reade	1	2.061e-06	2.061e-06
srcc	1	2.061e-06	2.061e-06
sublen	1	2.061e-06	2.061e-06
tilda	1	2.061e-06	2.061e-06
urlseparator	1	2.061e-06	2.061e-06
continuation	12	2.060e-06	1.851e-06
thrower	4	2.060e-06	1.529e-06
surname	21	2.058e-06	1.510e-06
line3	6	2.057e-06	1.253e-06
acessed	3	2.056e-06	2.056e-06
application_logic	3	2.056e-06	2.056e-06
drop_dead	3	2.056e-06	2.056e-06
intercepts	3	2.056e-06	2.056e-06
ioc	3	2.056e-06	2.056e-06
isnt	3	2.056e-06	2.056e-06
outjector	3	2.056e-06	2.056e-06
proxified	3	2.056e-06	2.056e-06
shoul	3	2.056e-06	2.056e-06
stereotype	3	2.056e-06	2.056e-06
weld	3	2.056e-06	2.056e-06
xstreambuilder	3	2.056e-06	2.056e-06
it1	6	2.055e-06	1.202e-06
qname	3	2.055e-06	1.777e-06
pe	5	2.053e-06	1.180e-06
val3	4	2.052e-06	1.290e-06
req2	6	2.052e-06	1.984e-06
monitored	4	2.051e-06	1.929e-06
aadhaar	5	2.049e-06	2.049e-06
above42days	5	2.049e-06	2.049e-06
chief	5	2.049e-06	2.049e-06
couldbedangerous	5	2.049e-06	2.049e-06
counselling	5	2.049e-06	2.049e-06
disclosed	5	2.049e-06	2.049e-06
districtid	5	2.049e-06	2.049e-06
donts	5	2.049e-06	2.049e-06
habitat	5	2.049e-06	2.049e-06
healthcare	5	2.049e-06	2.049e-06
infromation	5	2.049e-06	2.049e-06
insti	5	2.049e-06	2.049e-06
investigations	5	2.049e-06	2.049e-06
marriage	5	2.049e-06	2.049e-06
noof	5	2.049e-06	2.049e-06
pamphlet	5	2.049e-06	2.049e-06
panchayat	5	2.049e-06	2.049e-06
pregnancy	5	2.049e-06	2.049e-06
qaid	5	2.049e-06	2.049e-06
relegion	5	2.049e-06	2.049e-06
sio	5	2.049e-06	2.049e-06
talukid	5	2.049e-06	2.049e-06
television	5	2.049e-06	2.049e-06
villageid	5	2.049e-06	2.049e-06
viva	5	2.049e-06	2.049e-06
within42days	5	2.049e-06	2.049e-06
facilities	10	2.048e-06	1.685e-06
manipulation	4	2.048e-06	2.020e-06
lrm	3	2.045e-06	1.727e-06
load1	5	2.045e-06	1.647e-06
changing	7	2.038e-06	1.904e-06
vid	9	2.037e-06	1.430e-06
documented	11	2.033e-06	1.848e-06
cas	21	2.031e-06	1.575e-06
ctxt	3	2.030e-06	1.448e-06
formatting	4	2.029e-06	1.425e-06
corresponding	6	2.027e-06	1.773e-06
text_box	7	2.025e-06	1.431e-06
deep_copy	7	2.023e-06	1.344e-06
field0	3	2.020e-06	2.020e-06
resl	3	2.020e-06	2.020e-06
skos	3	2.020e-06	2.020e-06
25403	3	2.020e-06	2.020e-06
coral	3	2.020e-06	2.020e-06
humanize	3	2.020e-06	2.020e-06
pngs	3	2.020e-06	2.020e-06
rbw	3	2.020e-06	2.020e-06
rendezvous	3	2.020e-06	2.020e-06
sloth	3	2.020e-06	2.020e-06
tints	3	2.020e-06	2.020e-06
repeats	6	2.020e-06	1.476e-06
last_word	12	2.020e-06	1.860e-06
wear	3	2.013e-06	1.422e-06
hack	2	2.012e-06	1.728e-06
ret2	2	2.012e-06	1.728e-06
team	6	2.012e-06	1.379e-06
cee	6	2.011e-06	1.983e-06
source1	4	2.010e-06	1.929e-06
graphic	9	2.009e-06	1.814e-06
heuristic	47	2.005e-06	1.347e-06
getting	7	2.004e-06	1.146e-06
1000l	3	2.002e-06	2.002e-06
alia	3	2.002e-06	2.002e-06
batch_process	3	2.002e-06	2.002e-06
criterial	3	2.002e-06	2.002e-06
expre	3	2.002e-06	2.002e-06
intercetor	3	2.002e-06	2.002e-06
lambda2field	3	2.002e-06	2.002e-06
linsener	3	2.002e-06	2.002e-06
manus	3	2.002e-06	2.002e-06
nl2sql	3	2.002e-06	2.002e-06
num10	3	2.002e-06	2.002e-06
num1000	3	2.002e-06	2.002e-06
ocode	3	2.002e-06	2.002e-06
specification2	3	2.002e-06	2.002e-06
sss	3	2.002e-06	2.002e-06
unserial	3	2.002e-06	2.002e-06
impls	11	2.001e-06	1.269e-06
shortest	33	2.001e-06	1.437e-06
api1	7	1.997e-06	1.997e-06
apollo	7	1.997e-06	1.997e-06
dubbo3	7	1.997e-06	1.997e-06
limiter	7	1.997e-06	1.997e-06
wds	7	1.997e-06	1.997e-06
unreachable	10	1.997e-06	1.388e-06
je	9	1.996e-06	1.996e-06
s3common	9	1.996e-06	1.996e-06
urlhdfs	9	1.996e-06	1.996e-06
name4	6	1.995e-06	1.467e-06
1024	3	1.993e-06	1.478e-06
base64url	3	1.993e-06	1.478e-06
belongs	7	1.991e-06	1.155e-06
measurement	33	1.989e-06	1.205e-06
allowable	3	1.989e-06	1.989e-06
auth2manager	3	1.989e-06	1.989e-06
bcd2str	3	1.989e-06	1.989e-06
capital	3	1.989e-06	1.989e-06
chunked	3	1.989e-06	1.989e-06
content_key	3	1.989e-06	1.989e-06
encipher	3	1.989e-06	1.989e-06
loadbalancer	3	1.989e-06	1.989e-06
spend	3	1.989e-06	1.989e-06
arc	7	1.984e-06	1.291e-06
cm1	5	1.983e-06	1.983e-06
neutered	5	1.983e-06	1.983e-06
fetching	5	1.983e-06	1.901e-06
allocator	72	1.980e-06	1.980e-06
enrich	5	1.975e-06	1.597e-06
invocations	19	1.974e-06	9.981e-07
eol	10	1.973e-06	1.534e-06
cutting	2	1.972e-06	1.944e-06
stopper	2	1.972e-06	1.944e-06
recalc	6	1.969e-06	1.836e-06
astronomy	2	1.968e-06	1.572e-06
octave	2	1.966e-06	1.572e-06
tmps	48	1.966e-06	1.966e-06
everything	10	1.965e-06	1.433e-06
burn	5	1.962e-06	1.489e-06
lower_bound	15	1.959e-06	1.415e-06
escape_sequence	4	1.957e-06	1.693e-06
rv	9	1.956e-06	1.573e-06
bogus	8	1.950e-06	1.842e-06
referent	8	1.950e-06	1.842e-06
residual	20	1.950e-06	1.330e-06
directive	11	1.949e-06	1.464e-06
alt1	4	1.948e-06	1.470e-06
31342	1	1.944e-06	1.944e-06
awakened	1	1.944e-06	1.944e-06
beta_iron	1	1.944e-06	1.944e-06
big2	1	1.944e-06	1.944e-06
big3	1	1.944e-06	1.944e-06
big4	1	1.944e-06	1.944e-06
big6	1	1.944e-06	1.944e-06
blazed	1	1.944e-06	1.944e-06
bone1	1	1.944e-06	1.944e-06
bone2	1	1.944e-06	1.944e-06
bone3	1	1.944e-06	1.944e-06
bone4	1	1.944e-06	1.944e-06
bone5	1	1.944e-06	1.944e-06
bone6	1	1.944e-06	1.944e-06
boomer	1	1.944e-06	1.944e-06
breath	1	1.944e-06	1.944e-06
buoyancy	1	1.944e-06	1.944e-06
calorite	1	1.944e-06	1.944e-06
centrifuging	1	1.944e-06	1.944e-06
charging	1	1.944e-06	1.944e-06
collided	1	1.944e-06	1.944e-06
cut_out	1	1.944e-06	1.944e-06
descrip	1	1.944e-06	1.944e-06
died	1	1.944e-06	1.944e-06
drink	1	1.944e-06	1.944e-06
falloff	1	1.944e-06	1.944e-06
fed	1	1.944e-06	1.944e-06
fireballs	1	1.944e-06	1.944e-06
fishing_line	1	1.944e-06	1.944e-06
fountain	1	1.944e-06	1.944e-06
glutton	1	1.944e-06	1.944e-06
griefing	1	1.944e-06	1.944e-06
hpos	1	1.944e-06	1.944e-06
inventory2	1	1.944e-06	1.944e-06
jelly	1	1.944e-06	1.944e-06
kent	1	1.944e-06	1.944e-06
kent2	1	1.944e-06	1.944e-06
kent3	1	1.944e-06	1.944e-06
kent4	1	1.944e-06	1.944e-06
kent5	1	1.944e-06	1.944e-06
kent6	1	1.944e-06	1.944e-06
moonblazed	1	1.944e-06	1.944e-06
optus	1	1.944e-06	1.944e-06
orb	1	1.944e-06	1.944e-06
ostrum	1	1.944e-06	1.944e-06
pawn	1	1.944e-06	1.944e-06
powder	1	1.944e-06	1.944e-06
prison	1	1.944e-06	1.944e-06
pylons	1	1.944e-06	1.944e-06
r13	1	1.944e-06	1.944e-06
r14	1	1.944e-06	1.944e-06
r15	1	1.944e-06	1.944e-06
r16	1	1.944e-06	1.944e-06
r17	1	1.944e-06	1.944e-06
r18	1	1.944e-06	1.944e-06
r19	1	1.944e-06	1.944e-06
r23	1	1.944e-06	1.944e-06
r24	1	1.944e-06	1.944e-06
r25	1	1.944e-06	1.944e-06
r26	1	1.944e-06	1.944e-06
r27	1	1.944e-06	1.944e-06
r28	1	1.944e-06	1.944e-06
r29	1	1.944e-06	1.944e-06
r30	1	1.944e-06	1.944e-06
r7	1	1.944e-06	1.944e-06
r8	1	1.944e-06	1.944e-06
r9	1	1.944e-06	1.944e-06
recolour	1	1.944e-06	1.944e-06
remainders	1	1.944e-06	1.944e-06
rent2	1	1.944e-06	1.944e-06
rent3	1	1.944e-06	1.944e-06
rent4	1	1.944e-06	1.944e-06
sacrificable	1	1.944e-06	1.944e-06
shimmerang	1	1.944e-06	1.944e-06
shimmerblaze	1	1.944e-06	1.944e-06
shimmerfishingrod	1	1.944e-06	1.944e-06
shish	1	1.944e-06	1.944e-06
sprouts	1	1.944e-06	1.944e-06
spud	1	1.944e-06	1.944e-06
spudshotgun	1	1.944e-06	1.944e-06
stack3	1	1.944e-06	1.944e-06
tank	1	1.944e-06	1.944e-06
tent	1	1.944e-06	1.944e-06
tent10	1	1.944e-06	1.944e-06
tent11	1	1.944e-06	1.944e-06
tent12	1	1.944e-06	1.944e-06
tent13	1	1.944e-06	1.944e-06
tent14	1	1.944e-06	1.944e-06
tent15	1	1.944e-06	1.944e-06
tent16	1	1.944e-06	1.944e-06
tent17	1	1.944e-06	1.944e-06
tent18	1	1.944e-06	1.944e-06
tent2	1	1.944e-06	1.944e-06
tent3	1	1.944e-06	1.944e-06
tent4	1	1.944e-06	1.944e-06
tent5	1	1.944e-06	1.944e-06
tent6	1	1.944e-06	1.944e-06
tent7	1	1.944e-06	1.944e-06
tent8	1	1.944e-06	1.944e-06
tent9	1	1.944e-06	1.944e-06
tilling	1	1.944e-06	1.944e-06
tren	1	1.944e-06	1.944e-06
tren10	1	1.944e-06	1.944e-06
tren11	1	1.944e-06	1.944e-06
tren12	1	1.944e-06	1.944e-06
tren13	1	1.944e-06	1.944e-06
tren14	1	1.944e-06	1.944e-06
tren15	1	1.944e-06	1.944e-06
tren16	1	1.944e-06	1.944e-06
tren2	1	1.944e-06	1.944e-06
tren3	1	1.944e-06	1.944e-06
tren4	1	1.944e-06	1.944e-06
tren5	1	1.944e-06	1.944e-06
tren6	1	1.944e-06	1.944e-06
tren7	1	1.944e-06	1.944e-06
tren8	1	1.944e-06	1.944e-06
tren9	1	1.944e-06	1.944e-06
trout	1	1.944e-06	1.944e-06
vision	1	1.944e-06	1.944e-06
weapons	1	1.944e-06	1.944e-06
word_wrap	1	1.944e-06	1.944e-06
xspeed	1	1.944e-06	1.944e-06
yspeed	1	1.944e-06	1.944e-06
knowledge	2	1.941e-06	1.547e-06
organizations	2	1.939e-06	1.546e-06
rounding	29	1.938e-06	1.910e-06
title_screen	4	1.934e-06	1.464e-06
auth2user	4	1.934e-06	1.597e-06
disconnected	5	1.933e-06	1.662e-06
unregistered	19	1.929e-06	1.204e-06
clnoed	1	1.928e-06	1.928e-06
downloader	6	1.928e-06	1.422e-06
artists	6	1.927e-06	1.535e-06
game_over	6	1.927e-06	1.535e-06
predicted	6	1.927e-06	1.535e-06
digital	24	1.927e-06	1.546e-06
childrens	5	1.926e-06	1.926e-06
excel2003	5	1.926e-06	1.926e-06
len80	5	1.926e-06	1.926e-06
printers	5	1.926e-06	1.926e-06
brin	47	1.925e-06	1.925e-06
supplementary	9	1.923e-06	1.715e-06
sure	6	1.923e-06	1.895e-06
keyed	7	1.923e-06	1.841e-06
invisible	19	1.920e-06	1.157e-06
ellipsis	33	1.919e-06	1.188e-06
operands	10	1.915e-06	1.807e-06
fewer	6	1.913e-06	1.277e-06
kek	28	1.910e-06	1.910e-06
bra	5	1.910e-06	1.402e-06
ket	5	1.910e-06	1.402e-06
response2	5	1.908e-06	1.143e-06
qualify	5	1.908e-06	1.841e-06
pound	5	1.908e-06	1.707e-06
character_set	4	1.908e-06	1.713e-06
tim	6	1.908e-06	1.750e-06
ba	13	1.907e-06	1.407e-06
descendants	7	1.905e-06	1.405e-06
optionals	18	1.903e-06	1.583e-06
detached	22	1.902e-06	1.471e-06
activator	2	1.902e-06	1.693e-06
asserted	2	1.900e-06	1.900e-06
assured	2	1.900e-06	1.900e-06
dcb	2	1.900e-06	1.900e-06
enrollment	2	1.900e-06	1.900e-06
is500	2	1.900e-06	1.900e-06
prefered	2	1.900e-06	1.900e-06
stream3	2	1.900e-06	1.900e-06
stream4	2	1.900e-06	1.900e-06
stream5	2	1.900e-06	1.900e-06
than10mb	2	1.900e-06	1.900e-06
unexpired	2	1.900e-06	1.900e-06
user9	2	1.900e-06	1.900e-06
zebra	2	1.900e-06	1.900e-06
zd	5	1.900e-06	1.833e-06
pct	4	1.899e-06	1.169e-06
hyphens	4	1.898e-06	1.469e-06
accounting	29	1.897e-06	1.842e-06
fractional	8	1.896e-06	1.712e-06
hobby	9	1.896e-06	1.896e-06
code2	5	1.896e-06	1.896e-06
is0	5	1.896e-06	1.896e-06
vector_product	5	1.896e-06	1.896e-06
redundant	6	1.891e-06	1.408e-06
absence	3	1.889e-06	1.461e-06
40	5	1.888e-06	1.315e-06
sixteen	5	1.886e-06	1.276e-06
binds	14	1.883e-06	1.279e-06
appends	44	1.883e-06	1.309e-06
caps	10	1.882e-06	1.113e-06
gid	3	1.880e-06	1.475e-06
armour	1	1.877e-06	1.877e-06
azaleas	1	1.877e-06	1.877e-06
berry	1	1.877e-06	1.877e-06
blue_jasmine	1	1.877e-06	1.877e-06
cartographer	1	1.877e-06	1.877e-06
exploration	1	1.877e-06	1.877e-06
farmland	1	1.877e-06	1.877e-06
fbpoi	1	1.877e-06	1.877e-06
greenhouse	1	1.877e-06	1.877e-06
lavenders	1	1.877e-06	1.877e-06
lights	1	1.877e-06	1.877e-06
lilacs	1	1.877e-06	1.877e-06
lily_pad	1	1.877e-06	1.877e-06
materialify	1	1.877e-06	1.877e-06
peonies	1	1.877e-06	1.877e-06
petal	1	1.877e-06	1.877e-06
pitcher	1	1.877e-06	1.877e-06
pollenvials	1	1.877e-06	1.877e-06
shape2	1	1.877e-06	1.877e-06
shape3	1	1.877e-06	1.877e-06
shape4	1	1.877e-06	1.877e-06
shape5	1	1.877e-06	1.877e-06
sunflowers	1	1.877e-06	1.877e-06
sweet	1	1.877e-06	1.877e-06
tall_white	1	1.877e-06	1.877e-06
variant1	1	1.877e-06	1.877e-06
wildflower	1	1.877e-06	1.877e-06
yellow_cypress	1	1.877e-06	1.877e-06
yellow_jasmine	1	1.877e-06	1.877e-06
empty_graph	5	1.877e-06	1.373e-06
d3	4	1.872e-06	1.274e-06
superclasses	29	1.870e-06	1.353e-06
ceil	4	1.870e-06	1.533e-06
rid1	68	1.870e-06	1.870e-06
rid2	68	1.870e-06	1.870e-06
a4	6	1.869e-06	1.427e-06
ultra	7	1.868e-06	1.710e-06
deeply	7	1.864e-06	1.163e-06
open_file	4	1.864e-06	1.535e-06
couch	19	1.863e-06	1.428e-06
ate	2	1.860e-06	1.525e-06
cv	13	1.860e-06	1.081e-06
locales	25	1.859e-06	1.650e-06
option2	9	1.858e-06	1.551e-06
consonant	6	1.855e-06	1.855e-06
dfr	6	1.855e-06	1.855e-06
golab11	6	1.855e-06	1.855e-06
lab24	6	1.855e-06	1.855e-06
lab26	6	1.855e-06	1.855e-06
od1	6	1.855e-06	1.855e-06
qids	6	1.855e-06	1.855e-06
reposition	6	1.855e-06	1.855e-06
api30configuration	1	1.850e-06	1.850e-06
ary	1	1.850e-06	1.850e-06
authorised	1	1.850e-06	1.850e-06
backdoor	1	1.850e-06	1.850e-06
credi	1	1.850e-06	1.850e-06
firewall	1	1.850e-06	1.850e-06
first_aid	1	1.850e-06	1.850e-06
h2servlet	1	1.850e-06	1.850e-06
mtmp	1	1.850e-06	1.850e-06
newsletter	1	1.850e-06	1.850e-06
productid	1	1.850e-06	1.850e-06
rcecmd	1	1.850e-06	1.850e-06
revier	1	1.850e-06	1.850e-06
rfile	1	1.850e-06	1.850e-06
rt2	1	1.850e-06	1.850e-06
rt3	1	1.850e-06	1.850e-06
ssrf	1	1.850e-06	1.850e-06
test4	1	1.850e-06	1.850e-06
test5	1	1.850e-06	1.850e-06
owasp	5	1.849e-06	1.808e-06
encodings	7	1.849e-06	1.423e-06
terminator	12	1.848e-06	1.641e-06
protect	12	1.847e-06	1.044e-06
bounding	9	1.846e-06	1.764e-06
free_list	67	1.842e-06	1.842e-06
a429and	4	1.840e-06	1.840e-06
dependents	4	1.840e-06	1.840e-06
despite	4	1.840e-06	1.840e-06
entirely	4	1.840e-06	1.840e-06
gen2	4	1.840e-06	1.840e-06
grain	4	1.840e-06	1.840e-06
moderation	4	1.840e-06	1.840e-06
object_graph	4	1.840e-06	1.840e-06
recompute	4	1.840e-06	1.840e-06
resaving	4	1.840e-06	1.840e-06
sentiment	4	1.840e-06	1.840e-06
vault	4	1.840e-06	1.840e-06
vectorizables	4	1.840e-06	1.840e-06
weaving	4	1.840e-06	1.840e-06
things	5	1.838e-06	1.032e-06
descendent	5	1.836e-06	1.808e-06
mutiple	5	1.836e-06	1.808e-06
propeties	5	1.836e-06	1.808e-06
applet	4	1.832e-06	1.832e-06
battle	4	1.832e-06	1.832e-06
despawn	4	1.832e-06	1.832e-06
frustrum	4	1.832e-06	1.832e-06
hardness	4	1.832e-06	1.832e-06
huffman	4	1.832e-06	1.832e-06
humanoid	4	1.832e-06	1.832e-06
husk	4	1.832e-06	1.832e-06
jarnbjo	4	1.832e-06	1.832e-06
line_of_sight	4	1.832e-06	1.832e-06
lwjgl	4	1.832e-06	1.832e-06
magnitudes	4	1.832e-06	1.832e-06
maxz	4	1.832e-06	1.832e-06
mind	4	1.832e-06	1.832e-06
minz	4	1.832e-06	1.832e-06
mz	4	1.832e-06	1.832e-06
nrm	4	1.832e-06	1.832e-06
obstacle	4	1.832e-06	1.832e-06
omen	4	1.832e-06	1.832e-06
rice	4	1.832e-06	1.832e-06
slab	4	1.832e-06	1.832e-06
steer	4	1.832e-06	1.832e-06
takeover	4	1.832e-06	1.832e-06
tilt	4	1.832e-06	1.832e-06
ub	4	1.832e-06	1.832e-06
unknown3	4	1.832e-06	1.832e-06
unknown5	4	1.832e-06	1.832e-06
var10001	4	1.832e-06	1.832e-06
var23	4	1.832e-06	1.832e-06
var25	4	1.832e-06	1.832e-06
vbo	4	1.832e-06	1.832e-06
vns	4	1.832e-06	1.832e-06
vts	4	1.832e-06	1.832e-06
water_level	4	1.832e-06	1.832e-06
windup	4	1.832e-06	1.832e-06
xd	4	1.832e-06	1.832e-06
yd	4	1.832e-06	1.832e-06
lower_boundary	2	1.832e-06	1.570e-06
upper_boundary	2	1.832e-06	1.570e-06
plate	7	1.831e-06	1.764e-06
255	3	1.831e-06	1.274e-06
lsb	3	1.831e-06	1.274e-06
acronym	6	1.830e-06	1.287e-06
preserved	35	1.827e-06	1.286e-06
srs	4	1.826e-06	1.706e-06
serving	4	1.825e-06	1.284e-06
wc	22	1.824e-06	1.099e-06
overload	35	1.820e-06	1.104e-06
direct_buffer	7	1.818e-06	1.660e-06
emitters	4	1.810e-06	1.810e-06
gitea	4	1.810e-06	1.810e-06
interfere	4	1.810e-06	1.810e-06
snailjob	4	1.810e-06	1.810e-06
bridged	3	1.810e-06	1.432e-06
calendar_month	4	1.808e-06	1.808e-06
informational	4	1.808e-06	1.808e-06
is201created	4	1.808e-06	1.808e-06
loaned	4	1.808e-06	1.808e-06
supplier3	4	1.808e-06	1.808e-06
response1	4	1.806e-06	1.272e-06
qy	3	1.805e-06	1.418e-06
vf	3	1.805e-06	1.418e-06
2x18vars	6	1.805e-06	1.805e-06
adjacency_matrix	6	1.805e-06	1.805e-06
carlo	6	1.805e-06	1.805e-06
dnf	6	1.805e-06	1.805e-06
e2f	6	1.805e-06	1.805e-06
insets	6	1.805e-06	1.805e-06
leafs	6	1.805e-06	1.805e-06
neighindex1	6	1.805e-06	1.805e-06
neighindex2	6	1.805e-06	1.805e-06
petri	6	1.805e-06	1.805e-06
richer	6	1.805e-06	1.805e-06
stables	6	1.805e-06	1.805e-06
transferable	6	1.805e-06	1.805e-06
fns	4	1.805e-06	1.270e-06
d4	2	1.803e-06	1.274e-06
desensitization	2	1.803e-06	1.274e-06
head_cell	2	1.803e-06	1.274e-06
hilo	2	1.803e-06	1.274e-06
lookuplength	2	1.803e-06	1.274e-06
md5bytes	2	1.803e-06	1.274e-06
misfires	2	1.803e-06	1.274e-06
patriarch	2	1.803e-06	1.274e-06
preamble	2	1.803e-06	1.274e-06
premission	2	1.803e-06	1.274e-06
quadruple	2	1.803e-06	1.274e-06
quartet	2	1.803e-06	1.274e-06
than24bits	2	1.803e-06	1.274e-06
triplets	2	1.803e-06	1.274e-06
lowcardinality	44	1.802e-06	1.802e-06
ra	2	1.802e-06	1.534e-06
sliders	2	1.802e-06	1.534e-06
buf1	64	1.801e-06	1.733e-06
buf2	64	1.801e-06	1.733e-06
tilde	4	1.799e-06	1.704e-06
suites	3	1.799e-06	1.704e-06
ldom	4	1.799e-06	1.744e-06
tcal	4	1.799e-06	1.744e-06
monster	5	1.798e-06	1.265e-06
iris	3	1.795e-06	1.754e-06
winner	3	1.795e-06	1.407e-06
contention	10	1.794e-06	1.564e-06
higher	26	1.791e-06	1.038e-06
out2	2	1.790e-06	1.510e-06
park	5	1.787e-06	1.423e-06
vw	18	1.787e-06	1.413e-06
collations	3	1.785e-06	1.704e-06
mii	3	1.785e-06	1.704e-06
suggestions	6	1.784e-06	1.255e-06
frame2	11	1.783e-06	1.530e-06
overriding	4	1.778e-06	1.419e-06
enumd	3	1.777e-06	1.250e-06
colorized	6	1.777e-06	1.315e-06
colinf	8	1.774e-06	1.774e-06
odbc	8	1.774e-06	1.774e-06
partnr	8	1.774e-06	1.774e-06
stepnr	8	1.774e-06	1.774e-06
mechs	26	1.774e-06	1.774e-06
mrp	26	1.774e-06	1.774e-06
dbcp	2	1.772e-06	1.704e-06
typing	4	1.771e-06	1.426e-06
sha256hash	5	1.769e-06	1.406e-06
short_circuit	21	1.766e-06	1.270e-06
boat	6	1.763e-06	1.763e-06
jesus	6	1.763e-06	1.763e-06
nausea	6	1.763e-06	1.763e-06
recieve	6	1.763e-06	1.763e-06
resistant	6	1.763e-06	1.763e-06
tray	6	1.763e-06	1.763e-06
xsts	6	1.763e-06	1.763e-06
zelda	6	1.763e-06	1.763e-06
xact	43	1.761e-06	1.761e-06
res3	7	1.761e-06	1.165e-06
made	4	1.760e-06	1.165e-06
traverser	64	1.760e-06	1.760e-06
uc	4	1.759e-06	1.423e-06
disk_space	3	1.758e-06	1.704e-06
breakfasts	2	1.754e-06	1.754e-06
brt	2	1.754e-06	1.754e-06
collectors	2	1.754e-06	1.754e-06
combos	2	1.754e-06	1.754e-06
doubly	2	1.754e-06	1.754e-06
flux2	2	1.754e-06	1.754e-06
gebouw	2	1.754e-06	1.754e-06
graph11	2	1.754e-06	1.754e-06
graph21	2	1.754e-06	1.754e-06
graphs2	2	1.754e-06	1.754e-06
inapplicable	2	1.754e-06	1.754e-06
lichamen	2	1.754e-06	1.754e-06
mdl	2	1.754e-06	1.754e-06
nfkc	2	1.754e-06	1.754e-06
performs	2	1.754e-06	1.754e-06
predwith	2	1.754e-06	1.754e-06
rmltestcases	2	1.754e-06	1.754e-06
simple2test	2	1.754e-06	1.754e-06
staments	2	1.754e-06	1.754e-06
subjects2	2	1.754e-06	1.754e-06
surplus	2	1.754e-06	1.754e-06
top10nl	2	1.754e-06	1.754e-06
ucschar	2	1.754e-06	1.754e-06
aliyun	4	1.751e-06	1.047e-06
acute	2	1.744e-06	1.703e-06
aelig	2	1.744e-06	1.703e-06
alefsym	2	1.744e-06	1.703e-06
asymp	2	1.744e-06	1.703e-06
bdquo	2	1.744e-06	1.703e-06
brv	2	1.744e-06	1.703e-06
bull	2	1.744e-06	1.703e-06
cedil	2	1.744e-06	1.703e-06
clubs	2	1.744e-06	1.703e-06
cong	2	1.744e-06	1.703e-06
crarr	2	1.744e-06	1.703e-06
cup	2	1.744e-06	1.703e-06
darr	2	1.744e-06	1.703e-06
diams	2	1.744e-06	1.703e-06
emsp	2	1.744e-06	1.703e-06
ensp	2	1.744e-06	1.703e-06
euro	2	1.744e-06	1.703e-06
fnof	2	1.744e-06	1.703e-06
frac12	2	1.744e-06	1.703e-06
frac14	2	1.744e-06	1.703e-06
frac34	2	1.744e-06	1.703e-06
frasl	2	1.744e-06	1.703e-06
harr	2	1.744e-06	1.703e-06
hearts	2	1.744e-06	1.703e-06
hellip	2	1.744e-06	1.703e-06
iexcl	2	1.744e-06	1.703e-06
infin	2	1.744e-06	1.703e-06
iquest	2	1.744e-06	1.703e-06
isin	2	1.744e-06	1.703e-06
laquo	2	1.744e-06	1.703e-06
larr	2	1.744e-06	1.703e-06
lceil	2	1.744e-06	1.703e-06
ldquo	2	1.744e-06	1.703e-06
lfloor	2	1.744e-06	1.703e-06
lowast	2	1.744e-06	1.703e-06
loz	2	1.744e-06	1.703e-06
lsaquo	2	1.744e-06	1.703e-06
lsquo	2	1.744e-06	1.703e-06
macr	2	1.744e-06	1.703e-06
mdash	2	1.744e-06	1.703e-06
middot	2	1.744e-06	1.703e-06
nabla	2	1.744e-06	1.703e-06
ndash	2	1.744e-06	1.703e-06
nsub	2	1.744e-06	1.703e-06
oelig	2	1.744e-06	1.703e-06
oline	2	1.744e-06	1.703e-06
oplus	2	1.744e-06	1.703e-06
ordf	2	1.744e-06	1.703e-06
ordm	2	1.744e-06	1.703e-06
otimes	2	1.744e-06	1.703e-06
permil	2	1.744e-06	1.703e-06
piv	2	1.744e-06	1.703e-06
plusmn	2	1.744e-06	1.703e-06
radic	2	1.744e-06	1.703e-06
raquo	2	1.744e-06	1.703e-06
rarr	2	1.744e-06	1.703e-06
rceil	2	1.744e-06	1.703e-06
rdquo	2	1.744e-06	1.703e-06
rfloor	2	1.744e-06	1.703e-06
rlm	2	1.744e-06	1.703e-06
rsaquo	2	1.744e-06	1.703e-06
rsquo	2	1.744e-06	1.703e-06
sbquo	2	1.744e-06	1.703e-06
sdot	2	1.744e-06	1.703e-06
sect	2	1.744e-06	1.703e-06
shy	2	1.744e-06	1.703e-06
sigmaf	2	1.744e-06	1.703e-06
spades	2	1.744e-06	1.703e-06
sube	2	1.744e-06	1.703e-06
sup1	2	1.744e-06	1.703e-06
sup2	2	1.744e-06	1.703e-06
sup3	2	1.744e-06	1.703e-06
supe	2	1.744e-06	1.703e-06
szlig	2	1.744e-06	1.703e-06
there4	2	1.744e-06	1.703e-06
thetasym	2	1.744e-06	1.703e-06
thinsp	2	1.744e-06	1.703e-06
uarr	2	1.744e-06	1.703e-06
uml	2	1.744e-06	1.703e-06
upsih	2	1.744e-06	1.703e-06
weierp	2	1.744e-06	1.703e-06
yen	2	1.744e-06	1.703e-06
zwj	2	1.744e-06	1.703e-06
zwnj	2	1.744e-06	1.703e-06
addresss	2	1.744e-06	1.744e-06
alarmer	2	1.744e-06	1.744e-06
tran	6	1.741e-06	1.181e-06
base2	6	1.738e-06	1.406e-06
decr	4	1.737e-06	1.046e-06
clazz3	3	1.735e-06	1.681e-06
javascript	10	1.735e-06	1.127e-06
stp	3	1.732e-06	1.054e-06
flr	2	1.730e-06	1.522e-06
regression	8	1.728e-06	1.284e-06
checkpoints	10	1.724e-06	1.550e-06
search_as_you_type	42	1.720e-06	1.720e-06
provider1	4	1.718e-06	1.139e-06
provider2	4	1.718e-06	1.139e-06
key6	6	1.712e-06	1.712e-06
url1	6	1.712e-06	1.712e-06
tes	9	1.711e-06	1.011e-06
older	7	1.711e-06	1.630e-06
stems	18	1.710e-06	1.249e-06
utilization	3	1.708e-06	1.654e-06
id3	13	1.708e-06	1.136e-06
contxt	2	1.708e-06	1.680e-06
cuts	11	1.708e-06	1.415e-06
session_data	5	1.707e-06	1.640e-06
meth	25	1.706e-06	1.706e-06
arms	15	1.704e-06	1.410e-06
clobber	1	1.703e-06	1.703e-06
db2connector	1	1.703e-06	1.703e-06
dsp	1	1.703e-06	1.703e-06
eh2lock	1	1.703e-06	1.703e-06
eh2log	1	1.703e-06	1.703e-06
ehtml	1	1.703e-06	1.703e-06
elide	1	1.703e-06	1.703e-06
emf	1	1.703e-06	1.703e-06
h2analyze	1	1.703e-06	1.703e-06
h2connector	1	1.703e-06	1.703e-06
h2driver	1	1.703e-06	1.703e-06
h2event	1	1.703e-06	1.703e-06
h2helper	1	1.703e-06	1.703e-06
h2lock	1	1.703e-06	1.703e-06
h2log	1	1.703e-06	1.703e-06
h2native	1	1.703e-06	1.703e-06
h2undo	1	1.703e-06	1.703e-06
innodb	1	1.703e-06	1.703e-06
int1is	1	1.703e-06	1.703e-06
migrations	1	1.703e-06	1.703e-06
mysqlx	1	1.703e-06	1.703e-06
paranoid	1	1.703e-06	1.703e-06
pedantic	1	1.703e-06	1.703e-06
perf	1	1.703e-06	1.703e-06
pstmts	1	1.703e-06	1.703e-06
rcv	1	1.703e-06	1.703e-06
reconnects	1	1.703e-06	1.703e-06
rsmd	1	1.703e-06	1.703e-06
slaves	1	1.703e-06	1.703e-06
string0	1	1.703e-06	1.703e-06
unbuffered	1	1.703e-06	1.703e-06
uncommited	1	1.703e-06	1.703e-06
urccb	1	1.703e-06	1.703e-06
urwcc	1	1.703e-06	1.703e-06
utf8behavior	1	1.703e-06	1.703e-06
v8	1	1.703e-06	1.703e-06
discriminator	5	1.701e-06	1.408e-06
pv4	4	1.699e-06	1.198e-06
c0	8	1.697e-06	1.589e-06
replace3arg	8	1.697e-06	1.589e-06
unfinished	5	1.694e-06	1.389e-06
allocate	46	1.694e-06	1.260e-06
flexible	20	1.693e-06	1.352e-06
dg	7	1.692e-06	9.432e-07
plist	18	1.690e-06	9.174e-07
forget	4	1.689e-06	1.308e-06
sonar	8	1.685e-06	1.685e-06
real_time	6	1.683e-06	1.629e-06
cased	2	1.681e-06	1.653e-06
dur	2	1.681e-06	1.653e-06
aca	1	1.680e-06	1.680e-06
activatedeactivate	1	1.680e-06	1.680e-06
adaptables	1	1.680e-06	1.680e-06
bindunbind	1	1.680e-06	1.680e-06
callback1	1	1.680e-06	1.680e-06
callback2	1	1.680e-06	1.680e-06
class3	1	1.680e-06	1.680e-06
clazzes1	1	1.680e-06	1.680e-06
dependencies3dynamic	1	1.680e-06	1.680e-06
dependency3c	1	1.680e-06	1.680e-06
dictionary1	1	1.680e-06	1.680e-06
dictionary2	1	1.680e-06	1.680e-06
dictonary	1	1.680e-06	1.680e-06
expeced	1	1.680e-06	1.680e-06
handler12	1	1.680e-06	1.680e-06
identifiertoproperty	1	1.680e-06	1.680e-06
illegally	1	1.680e-06	1.680e-06
instance1a	1	1.680e-06	1.680e-06
instance1b	1	1.680e-06	1.680e-06
instance1c	1	1.680e-06	1.680e-06
interface1optional	1	1.680e-06	1.680e-06
interface5	1	1.680e-06	1.680e-06
junit4	1	1.680e-06	1.680e-06
located	1	1.680e-06	1.680e-06
method3	1	1.680e-06	1.680e-06
min5	1	1.680e-06	1.680e-06
min999	1	1.680e-06	1.680e-06
osgicontextimpl	1	1.680e-06	1.680e-06
plugin1	1	1.680e-06	1.680e-06
plugin2	1	1.680e-06	1.680e-06
prop2a	1	1.680e-06	1.680e-06
properites	1	1.680e-06	1.680e-06
properties3	1	1.680e-06	1.680e-06
props1	1	1.680e-06	1.680e-06
props1a	1	1.680e-06	1.680e-06
props1b	1	1.680e-06	1.680e-06
props1c	1	1.680e-06	1.680e-06
props2	1	1.680e-06	1.680e-06
r6impl	1	1.680e-06	1.680e-06
r6test	1	1.680e-06	1.680e-06
ranking0	1	1.680e-06	1.680e-06
ranking10	1	1.680e-06	1.680e-06
ranking100	1	1.680e-06	1.680e-06
ranking200	1	1.680e-06	1.680e-06
ranking5	1	1.680e-06	1.680e-06
rankings	1	1.680e-06	1.680e-06
reg1b	1	1.680e-06	1.680e-06
reg2	1	1.680e-06	1.680e-06
reg3	1	1.680e-06	1.680e-06
reluctant	1	1.680e-06	1.680e-06
ribs	1	1.680e-06	1.680e-06
sample1	1	1.680e-06	1.680e-06
sample2	1	1.680e-06	1.680e-06
service6volatile	1	1.680e-06	1.680e-06
service7service	1	1.680e-06	1.680e-06
service8	1	1.680e-06	1.680e-06
service8custom	1	1.680e-06	1.680e-06
service9	1	1.680e-06	1.680e-06
service9activate	1	1.680e-06	1.680e-06
service9bind	1	1.680e-06	1.680e-06
service9super1	1	1.680e-06	1.680e-06
signers	1	1.680e-06	1.680e-06
sta	1	1.680e-06	1.680e-06
strictness	1	1.680e-06	1.680e-06
type1value	1	1.680e-06	1.680e-06
unapplied	1	1.680e-06	1.680e-06
unregistration	1	1.680e-06	1.680e-06
vendor1	1	1.680e-06	1.680e-06
vendor2	1	1.680e-06	1.680e-06
vendors	1	1.680e-06	1.680e-06
blocker	4	1.679e-06	1.300e-06
al	5	1.669e-06	1.050e-06
mutators	7	1.669e-06	1.588e-06
wt	9	1.669e-06	1.547e-06
attacking	4	1.668e-06	1.402e-06
swim	4	1.668e-06	1.402e-06
inconsistent	2	1.667e-06	1.396e-06
hyper	9	1.667e-06	1.386e-06
uninitialized	4	1.665e-06	1.406e-06
uncommitted	5	1.662e-06	1.135e-06
ser	55	1.662e-06	1.390e-06
observes	5	1.660e-06	1.142e-06
grab	6	1.659e-06	1.032e-06
fq	5	1.654e-06	1.120e-06
a2executed	1	1.653e-06	1.653e-06
arrears	1	1.653e-06	1.653e-06
currented	1	1.653e-06	1.653e-06
environment_variable	1	1.653e-06	1.653e-06
gpuu	1	1.653e-06	1.653e-06
igpu	1	1.653e-06	1.653e-06
implies	1	1.653e-06	1.653e-06
pressure_level	1	1.653e-06	1.653e-06
protos	1	1.653e-06	1.653e-06
rantal	1	1.653e-06	1.653e-06
rocm	1	1.653e-06	1.653e-06
s3storage	1	1.653e-06	1.653e-06
subscribes	1	1.653e-06	1.653e-06
judge	2	1.652e-06	1.393e-06
connectors	5	1.651e-06	1.556e-06
tot	37	1.650e-06	9.914e-07
alters	30	1.648e-06	1.269e-06
xm	3	1.648e-06	1.377e-06
syntax_error	6	1.646e-06	1.513e-06
duck	5	1.645e-06	1.489e-06
planet	5	1.645e-06	1.183e-06
clauses	5	1.642e-06	1.132e-06
decorate	11	1.642e-06	8.768e-07
breadth	10	1.641e-06	1.509e-06
check_mark	3	1.641e-06	1.375e-06
handed	3	1.641e-06	1.375e-06
discovers	5	1.639e-06	1.187e-06
104id	4	1.639e-06	1.639e-06
104question	4	1.639e-06	1.639e-06
cocasesheet	4	1.639e-06	1.639e-06
covid19id	4	1.639e-06	1.639e-06
distrilct	4	1.639e-06	1.639e-06
elmnt	4	1.639e-06	1.639e-06
for104	4	1.639e-06	1.639e-06
geti	4	1.639e-06	1.639e-06
h104ben	4	1.639e-06	1.639e-06
jti	4	1.639e-06	1.639e-06
mdesignation	4	1.639e-06	1.639e-06
med	4	1.639e-06	1.639e-06
memailstatus	4	1.639e-06	1.639e-06
mfeedbackstatus	4	1.639e-06	1.639e-06
minstitution	4	1.639e-06	1.639e-06
mservicemaster	4	1.639e-06	1.639e-06
mseverity	4	1.639e-06	1.639e-06
religions	4	1.639e-06	1.639e-06
repositorty	4	1.639e-06	1.639e-06
request1	4	1.639e-06	1.639e-06
service_line	4	1.639e-06	1.639e-06
sexual	4	1.639e-06	1.639e-06
significance	4	1.639e-06	1.639e-06
snomedct	4	1.639e-06	1.639e-06
spouse	4	1.639e-06	1.639e-06
symptoms11select	4	1.639e-06	1.639e-06
symptoms11selected	4	1.639e-06	1.639e-06
tfeedbackr1	4	1.639e-06	1.639e-06
tfeedbackres	4	1.639e-06	1.639e-06
tosub	4	1.639e-06	1.639e-06
whom	4	1.639e-06	1.639e-06
zentric	4	1.639e-06	1.639e-06
depend	6	1.637e-06	1.556e-06
trying	2	1.636e-06	1.166e-06
specifications	3	1.636e-06	1.365e-06
pictures	2	1.635e-06	1.635e-06
glyphs	5	1.633e-06	1.257e-06
software	4	1.631e-06	1.509e-06
conclusion	4	1.628e-06	1.628e-06
fixing	4	1.628e-06	1.628e-06
reissued	4	1.628e-06	1.628e-06
reproduction	4	1.628e-06	1.628e-06
responsibility	4	1.628e-06	1.628e-06
revoked	4	1.628e-06	1.628e-06
phantom	42	1.628e-06	1.189e-06
cucumber	8	1.626e-06	1.519e-06
op3	59	1.622e-06	1.622e-06
drift	12	1.622e-06	1.372e-06
entity3	13	1.621e-06	1.110e-06
perspective	6	1.619e-06	1.252e-06
otherwise	2	1.618e-06	1.156e-06
pds	2	1.613e-06	1.153e-06
enhanced	20	1.612e-06	9.293e-07
decoders	4	1.607e-06	1.178e-06
accumulating	3	1.601e-06	1.547e-06
receives	3	1.601e-06	1.547e-06
suffixed	3	1.601e-06	1.547e-06
utf8bytes	3	1.601e-06	1.547e-06
downstream	31	1.601e-06	9.849e-07
placeholders	8	1.599e-06	8.622e-07
mixed_case	13	1.595e-06	1.030e-06
changeable	58	1.595e-06	1.595e-06
ctors	11	1.594e-06	1.367e-06
classifiable	3	1.593e-06	1.135e-06
consider	34	1.593e-06	1.132e-06
disp	4	1.592e-06	9.539e-07
pf	6	1.592e-06	1.360e-06
multiplication	4	1.591e-06	1.509e-06
datediff	3	1.590e-06	1.509e-06
clamp01	3	1.589e-06	1.131e-06
fetches	8	1.589e-06	1.059e-06
cl1	4	1.587e-06	1.587e-06
cm2	4	1.587e-06	1.587e-06
constructor0	4	1.587e-06	1.587e-06
counter1	4	1.587e-06	1.587e-06
exceptional	4	1.587e-06	1.587e-06
key2count	4	1.587e-06	1.587e-06
mgm	4	1.587e-06	1.587e-06
ouch	4	1.587e-06	1.587e-06
remove2arg	4	1.587e-06	1.587e-06
gg	6	1.586e-06	1.085e-06
daytime	3	1.584e-06	1.128e-06
delegation	6	1.579e-06	1.132e-06
lenght	3	1.577e-06	1.508e-06
dnot	2	1.576e-06	1.509e-06
diag	4	1.576e-06	1.120e-06
unclosed	10	1.575e-06	9.785e-07
vt	5	1.575e-06	1.100e-06
retrieves	2	1.574e-06	1.546e-06
separately	2	1.574e-06	1.546e-06
observe	4	1.570e-06	9.073e-07
eli	23	1.569e-06	1.569e-06
fks	23	1.569e-06	1.569e-06
etched	10	1.567e-06	1.363e-06
authorizations	3	1.563e-06	1.432e-06
scrolled	4	1.555e-06	1.104e-06
compared	11	1.555e-06	1.024e-06
apim	3	1.555e-06	1.555e-06
revisions	3	1.555e-06	1.555e-06
zap	3	1.555e-06	1.555e-06
skipping	7	1.554e-06	1.255e-06
shares	7	1.552e-06	8.696e-07
bridging	7	1.552e-06	1.552e-06
dupe	7	1.552e-06	1.552e-06
jaas	7	1.552e-06	1.552e-06
pricing	7	1.552e-06	1.552e-06
wasb	7	1.552e-06	1.552e-06
data2	14	1.552e-06	1.260e-06
wheel	4	1.552e-06	9.564e-07
identifications	2	1.549e-06	1.482e-06
advancing	9	1.549e-06	1.008e-06
deque	10	1.549e-06	1.368e-06
file3	3	1.548e-06	1.342e-06
asynchronously	1	1.546e-06	1.546e-06
counter400	1	1.546e-06	1.546e-06
counter500	1	1.546e-06	1.546e-06
polled	1	1.546e-06	1.546e-06
simple_meter	1	1.546e-06	1.546e-06
slower	1	1.546e-06	1.546e-06
sqs	1	1.546e-06	1.546e-06
synchronously	1	1.546e-06	1.546e-06
to60seconds	1	1.546e-06	1.546e-06
utf8length	1	1.546e-06	1.546e-06
violates	1	1.546e-06	1.546e-06
discards	20	1.546e-06	8.924e-07
dependence	5	1.546e-06	1.546e-06
driving	5	1.546e-06	1.546e-06
evaluators	5	1.546e-06	1.546e-06
golab14	5	1.546e-06	1.546e-06
golab16	5	1.546e-06	1.546e-06
golab18	5	1.546e-06	1.546e-06
inlining	5	1.546e-06	1.546e-06
krovetz	5	1.546e-06	1.546e-06
lab28	5	1.546e-06	1.546e-06
lab29	5	1.546e-06	1.546e-06
lab30	5	1.546e-06	1.546e-06
lab31	5	1.546e-06	1.546e-06
lab32	5	1.546e-06	1.546e-06
lab33	5	1.546e-06	1.546e-06
lab34	5	1.546e-06	1.546e-06
ordered_field	5	1.546e-06	1.546e-06
reranked	5	1.546e-06	1.546e-06
scorers	5	1.546e-06	1.546e-06
slurm	5	1.546e-06	1.546e-06
trecrun	5	1.546e-06	1.546e-06
contributes	9	1.545e-06	1.388e-06
psize	6	1.545e-06	1.504e-06
ex1	3	1.545e-06	1.490e-06
listing	8	1.544e-06	1.067e-06
backurl	4	1.541e-06	1.541e-06
bookable	4	1.541e-06	1.541e-06
cardno	4	1.541e-06	1.541e-06
excel2007	4	1.541e-06	1.541e-06
exer	4	1.541e-06	1.541e-06
h5	4	1.541e-06	1.541e-06
profit	4	1.541e-06	1.541e-06
service_staff	4	1.541e-06	1.541e-06
produced	18	1.540e-06	1.052e-06
rewind	6	1.540e-06	1.239e-06
v5	9	1.539e-06	1.382e-06
punctuation	4	1.538e-06	1.103e-06
overlapping	10	1.537e-06	8.295e-07
layer1	2	1.536e-06	1.508e-06
layer2	2	1.536e-06	1.508e-06
opening	2	1.536e-06	1.508e-06
square_root	2	1.536e-06	1.508e-06
die	4	1.534e-06	1.100e-06
url2	5	1.520e-06	1.199e-06
special_character	4	1.519e-06	1.077e-06
ddx	4	1.518e-06	1.091e-06
reread	8	1.518e-06	1.385e-06
backofficebff	4	1.516e-06	1.516e-06
return204	4	1.516e-06	1.516e-06
storefrontbff	4	1.516e-06	1.516e-06
sbu	3	1.509e-06	1.428e-06
refs2	2	1.509e-06	1.481e-06
ah1	1	1.508e-06	1.508e-06
ah2	1	1.508e-06	1.508e-06
ah3	1	1.508e-06	1.508e-06
arrow_key	1	1.508e-06	1.508e-06
b5	1	1.508e-06	1.508e-06
b6	1	1.508e-06	1.508e-06
bouncing	1	1.508e-06	1.508e-06
cei	1	1.508e-06	1.508e-06
chatgpt	1	1.508e-06	1.508e-06
chosen_instrument	1	1.508e-06	1.508e-06
cpcmdata	1	1.508e-06	1.508e-06
csms	1	1.508e-06	1.508e-06
deneme	1	1.508e-06	1.508e-06
doublesummation	1	1.508e-06	1.508e-06
dsum	1	1.508e-06	1.508e-06
emphasis	1	1.508e-06	1.508e-06
eom	1	1.508e-06	1.508e-06
equation2	1	1.508e-06	1.508e-06
fugue	1	1.508e-06	1.508e-06
full_moon	1	1.508e-06	1.508e-06
holder3	1	1.508e-06	1.508e-06
hour_angle	1	1.508e-06	1.508e-06
hrs	1	1.508e-06	1.508e-06
intelli	1	1.508e-06	1.508e-06
jb0	1	1.508e-06	1.508e-06
jb1	1	1.508e-06	1.508e-06
jb2	1	1.508e-06	1.508e-06
jb3	1	1.508e-06	1.508e-06
jb4	1	1.508e-06	1.508e-06
jlayer	1	1.508e-06	1.508e-06
jpanel	1	1.508e-06	1.508e-06
katakana	1	1.508e-06	1.508e-06
laf	1	1.508e-06	1.508e-06
lafs	1	1.508e-06	1.508e-06
led	1	1.508e-06	1.508e-06
m3u8file	1	1.508e-06	1.508e-06
m3u8playlist	1	1.508e-06	1.508e-06
maximized	1	1.508e-06	1.508e-06
model7	1	1.508e-06	1.508e-06
moon_cycle	1	1.508e-06	1.508e-06
mp3duration	1	1.508e-06	1.508e-06
mp3file	1	1.508e-06	1.508e-06
mp3header	1	1.508e-06	1.508e-06
myers	1	1.508e-06	1.508e-06
output_device	1	1.508e-06	1.508e-06
panel4	1	1.508e-06	1.508e-06
panes	1	1.508e-06	1.508e-06
pencil	1	1.508e-06	1.508e-06
plus_minus	1	1.508e-06	1.508e-06
pop_out	1	1.508e-06	1.508e-06
prodnot	1	1.508e-06	1.508e-06
productivity	1	1.508e-06	1.508e-06
rapp	1	1.508e-06	1.508e-06
reds	1	1.508e-06	1.508e-06
resumed	1	1.508e-06	1.508e-06
rhythm1	1	1.508e-06	1.508e-06
rhythm2	1	1.508e-06	1.508e-06
sbmp	1	1.508e-06	1.508e-06
schumann	1	1.508e-06	1.508e-06
seeked	1	1.508e-06	1.508e-06
sharps	1	1.508e-06	1.508e-06
spinners	1	1.508e-06	1.508e-06
squre	1	1.508e-06	1.508e-06
subpanels	1	1.508e-06	1.508e-06
taps	1	1.508e-06	1.508e-06
tdivideb	1	1.508e-06	1.508e-06
toogle	1	1.508e-06	1.508e-06
tpanel	1	1.508e-06	1.508e-06
track_down	1	1.508e-06	1.508e-06
turker	1	1.508e-06	1.508e-06
twilight	1	1.508e-06	1.508e-06
usb	1	1.508e-06	1.508e-06
variation1	1	1.508e-06	1.508e-06
variation1action	1	1.508e-06	1.508e-06
variation1and2action	1	1.508e-06	1.508e-06
variation1and2item	1	1.508e-06	1.508e-06
variation1item	1	1.508e-06	1.508e-06
variation2	1	1.508e-06	1.508e-06
variation2action	1	1.508e-06	1.508e-06
variation2item	1	1.508e-06	1.508e-06
vbr	1	1.508e-06	1.508e-06
work_time	1	1.508e-06	1.508e-06
ypowerof	1	1.508e-06	1.508e-06
lot	11	1.507e-06	1.065e-06
adjacency_list	5	1.504e-06	1.504e-06
colorizer	5	1.504e-06	1.504e-06
diffstate	5	1.504e-06	1.504e-06
fire_tree	5	1.504e-06	1.504e-06
influences	5	1.504e-06	1.504e-06
lqm	5	1.504e-06	1.504e-06
monte	5	1.504e-06	1.504e-06
ori	5	1.504e-06	1.504e-06
pile	5	1.504e-06	1.504e-06
polytope	5	1.504e-06	1.504e-06
rdbtn	5	1.504e-06	1.504e-06
rewire	5	1.504e-06	1.504e-06
sbtmp	5	1.504e-06	1.504e-06
solutions	5	1.504e-06	1.504e-06
transi	5	1.504e-06	1.504e-06
unselect	5	1.504e-06	1.504e-06
aabb	4	1.504e-06	1.083e-06
helmet	4	1.504e-06	1.083e-06
jumping	4	1.504e-06	1.083e-06
spots	4	1.504e-06	1.083e-06
sorts	15	1.502e-06	1.091e-06
jms	22	1.501e-06	1.501e-06
totals	22	1.501e-06	1.501e-06
unwind	39	1.497e-06	1.134e-06
order2	8	1.491e-06	6.955e-07
lable	2	1.491e-06	1.054e-06
discarded	7	1.490e-06	1.383e-06
escape_character	1	1.490e-06	1.490e-06
inners	1	1.490e-06	1.490e-06
loves	1	1.490e-06	1.490e-06
sysconfig	1	1.490e-06	1.490e-06
path2	7	1.484e-06	1.005e-06
lone	7	1.484e-06	1.352e-06
mds	4	1.483e-06	1.352e-06
echostr	2	1.482e-06	1.159e-06
executor2	3	1.482e-06	1.427e-06
001ea8478d7f3ae2d9d98e46564d56fa656ae4d1fffe2e1da9f9800fc49ca83a	1	1.481e-06	1.481e-06
121a46e829f692336bb2038348eb2c174595023a8bc4ed638319d7329b7ff82a	1	1.481e-06	1.481e-06
1e24b00158a3f0cb2d39d37134ad8f8f3566f85d36341f2c04242c995fb6a69a	1	1.481e-06	1.481e-06
43aba7b90c686a4890aebd4a90a02d6f82259664524bdad1b22102a29fe9fa07	1	1.481e-06	1.481e-06
4858d11fc47f38bae2e439272d9bdccb866084f71dbc66d328e881c01acf857d	1	1.481e-06	1.481e-06
5d4fa61630858b39ddf527f390883487	1	1.481e-06	1.481e-06
5f1bda43f465f9c2ea2c03fbb23e2642d15d3ed26b8f14453f5c350d523b64be	1	1.481e-06	1.481e-06
65ef047765bf2eb5ef8108371b429489bf9c2a27	1	1.481e-06	1.481e-06
7a53de3ea4bde18126a32f2f95b56843	1	1.481e-06	1.481e-06
7dc2797003a95ac7b97be06fda48b4dc25e7a555a2839a19ad7dc7a148427e43	1	1.481e-06	1.481e-06
98ea358786947a5c3217a12a0810ddea	1	1.481e-06	1.481e-06
9ca04827ee8fa98828e9db1b50dedf95bd02afa4553f2de63c13fa468708e0b7	1	1.481e-06	1.481e-06
actual11	1	1.481e-06	1.481e-06
afrotropical	1	1.481e-06	1.481e-06
archives2	1	1.481e-06	1.481e-06
archives3	1	1.481e-06	1.481e-06
arthopod	1	1.481e-06	1.481e-06
b15d553f4eb91797a7ca017d315158b3f48921a4c605be422d14598c712fe88c	1	1.481e-06	1.481e-06
bank2207	1	1.481e-06	1.481e-06
bank265709	1	1.481e-06	1.481e-06
bij	1	1.481e-06	1.481e-06
d639552071756cb98372f92c6f1eef2c99f4e25b469be56c24fab172fb454bd9	1	1.481e-06	1.481e-06
datacite3	1	1.481e-06	1.481e-06
dwc	1	1.481e-06	1.481e-06
eml2bib	1	1.481e-06	1.481e-06
f49f665c540214e7d00466e359821de1bc03206f8373d4974220d608ed7b98f3	1	1.481e-06	1.481e-06
fmnh	1	1.481e-06	1.481e-06
get_life	1	1.481e-06	1.481e-06
gomexsi	1	1.481e-06	1.481e-06
haftner	1	1.481e-06	1.481e-06
hurlbert	1	1.481e-06	1.481e-06
implicitly	1	1.481e-06	1.481e-06
irimd5	1	1.481e-06	1.481e-06
lines1	1	1.481e-06	1.481e-06
max1line	1	1.481e-06	1.481e-06
mention	1	1.481e-06	1.481e-06
mex	1	1.481e-06	1.481e-06
mm3	1	1.481e-06	1.481e-06
multimedia	1	1.481e-06	1.481e-06
museum	1	1.481e-06	1.481e-06
namespace2zenodo	1	1.481e-06	1.481e-06
natural_history	1	1.481e-06	1.481e-06
nhm	1	1.481e-06	1.481e-06
page4	1	1.481e-06	1.481e-06
page5	1	1.481e-06	1.481e-06
page6	1	1.481e-06	1.481e-06
pfile	1	1.481e-06	1.481e-06
planque	1	1.481e-06	1.481e-06
pollinator	1	1.481e-06	1.481e-06
reem	1	1.481e-06	1.481e-06
refuting	1	1.481e-06	1.481e-06
registery	1	1.481e-06	1.481e-06
repos3	1	1.481e-06	1.481e-06
rgbif	1	1.481e-06	1.481e-06
ropensci	1	1.481e-06	1.481e-06
sha1length	1	1.481e-06	1.481e-06
siad	1	1.481e-06	1.481e-06
slim	1	1.481e-06	1.481e-06
statements1	1	1.481e-06	1.481e-06
stomach	1	1.481e-06	1.481e-06
suffient	1	1.481e-06	1.481e-06
szoboszlai	1	1.481e-06	1.481e-06
tsvcsv	1	1.481e-06	1.481e-06
unlikely	1	1.481e-06	1.481e-06
uridoi	1	1.481e-06	1.481e-06
workdir	1	1.481e-06	1.481e-06
estimation	42	1.481e-06	1.078e-06
unmodifiable	9	1.480e-06	1.161e-06
stay	9	1.478e-06	1.006e-06
saturday	5	1.476e-06	1.370e-06
name5	4	1.475e-06	1.064e-06
base64util	4	1.474e-06	1.011e-06
size1	5	1.470e-06	1.375e-06
blast	5	1.469e-06	1.469e-06
burned	5	1.469e-06	1.469e-06
color3	5	1.469e-06	1.469e-06
color4	5	1.469e-06	1.469e-06
crystals	5	1.469e-06	1.469e-06
dura	5	1.469e-06	1.469e-06
enchants	5	1.469e-06	1.469e-06
gapple	5	1.469e-06	1.469e-06
hsl	5	1.469e-06	1.469e-06
offhand	5	1.469e-06	1.469e-06
respawn	5	1.469e-06	1.469e-06
stacking	5	1.469e-06	1.469e-06
tower	5	1.469e-06	1.469e-06
unban	5	1.469e-06	1.469e-06
identified	7	1.466e-06	1.360e-06
stamped	17	1.464e-06	9.198e-07
digests	4	1.463e-06	1.102e-06
code_name	4	1.462e-06	1.331e-06
seats	3	1.461e-06	1.032e-06
na	20	1.460e-06	8.204e-07
carriage_return	6	1.457e-06	1.350e-06
base1	6	1.457e-06	1.376e-06
uncaught	7	1.456e-06	1.124e-06
throttling	6	1.454e-06	1.426e-06
income	5	1.453e-06	1.359e-06
tcs	3	1.448e-06	1.368e-06
accumulated	10	1.446e-06	9.305e-07
yesterday	4	1.444e-06	1.336e-06
map3	6	1.440e-06	9.876e-07
jsp	11	1.437e-06	8.053e-07
february	2	1.435e-06	1.367e-06
recurring	21	1.433e-06	1.433e-06
unload	21	1.431e-06	8.109e-07
impact	5	1.429e-06	1.375e-06
plans	49	1.429e-06	1.298e-06
akai	1	1.427e-06	1.427e-06
async1	1	1.427e-06	1.427e-06
atest	1	1.427e-06	1.427e-06
bar1	1	1.427e-06	1.427e-06
bar2	1	1.427e-06	1.427e-06
bar3	1	1.427e-06	1.427e-06
bar4	1	1.427e-06	1.427e-06
binding3	1	1.427e-06	1.427e-06
btest	1	1.427e-06	1.427e-06
contants	1	1.427e-06	1.427e-06
correlation	1	1.427e-06	1.427e-06
dashewan	1	1.427e-06	1.427e-06
ds0	1	1.427e-06	1.427e-06
ds1	1	1.427e-06	1.427e-06
executor3	1	1.427e-06	1.427e-06
foo1	1	1.427e-06	1.427e-06
foo2	1	1.427e-06	1.427e-06
foo3	1	1.427e-06	1.427e-06
gangshou	1	1.427e-06	1.427e-06
huanshu	1	1.427e-06	1.427e-06
jap	1	1.427e-06	1.427e-06
jfr	1	1.427e-06	1.427e-06
job1	1	1.427e-06	1.427e-06
job3	1	1.427e-06	1.427e-06
kakaxi	1	1.427e-06	1.427e-06
luoxuanwan	1	1.427e-06	1.427e-06
mail2	1	1.427e-06	1.427e-06
oauth2controller	1	1.427e-06	1.427e-06
oauth2rest	1	1.427e-06	1.427e-06
qiniu	1	1.427e-06	1.427e-06
repostiory	1	1.427e-06	1.427e-06
save4	1	1.427e-06	1.427e-06
shoulijian	1	1.427e-06	1.427e-06
sleep3	1	1.427e-06	1.427e-06
springbootdemotio	1	1.427e-06	1.427e-06
superior	1	1.427e-06	1.427e-06
swagger2config	1	1.427e-06	1.427e-06
tishu	1	1.427e-06	1.427e-06
topic1	1	1.427e-06	1.427e-06
topic2	1	1.427e-06	1.427e-06
topic3	1	1.427e-06	1.427e-06
up2	1	1.427e-06	1.427e-06
xianshu	1	1.427e-06	1.427e-06
yiliao	1	1.427e-06	1.427e-06
zhouyin	1	1.427e-06	1.427e-06
zilaiye	1	1.427e-06	1.427e-06
rater	5	1.426e-06	1.426e-06
rule4	5	1.426e-06	1.426e-06
time_slot	5	1.426e-06	1.426e-06
v6x	5	1.426e-06	1.426e-06
watched	5	1.426e-06	1.426e-06
license_number	4	1.426e-06	1.359e-06
weird	4	1.426e-06	1.372e-06
nvp	4	1.424e-06	1.357e-06
return500	2	1.423e-06	1.170e-06
friday	3	1.421e-06	1.367e-06
bladder	4	1.421e-06	1.012e-06
measurements	4	1.421e-06	1.380e-06
insertion_order	12	1.420e-06	8.628e-07
120	5	1.417e-06	1.337e-06
ay	4	1.415e-06	1.374e-06
time_of_day	4	1.415e-06	1.374e-06
pattern_matching	4	1.414e-06	8.575e-07
skill	5	1.413e-06	1.358e-06
alike	3	1.412e-06	1.371e-06
untyped	4	1.412e-06	1.001e-06
proxied	5	1.411e-06	1.357e-06
range2	5	1.411e-06	1.357e-06
out_of_bounds	16	1.410e-06	7.143e-07
derivation	2	1.410e-06	1.052e-06
remapping	11	1.410e-06	1.208e-06
containment	4	1.408e-06	1.380e-06
grandchild	4	1.408e-06	1.380e-06
heterogeneous	4	1.408e-06	1.380e-06
loses	4	1.408e-06	1.380e-06
owning	4	1.408e-06	1.380e-06
served	4	1.408e-06	1.380e-06
sharing	4	1.408e-06	1.380e-06
specialized	7	1.405e-06	9.774e-07
untouched	4	1.400e-06	1.021e-06
bt	14	1.399e-06	7.739e-07
according	3	1.398e-06	1.371e-06
differently	3	1.398e-06	1.371e-06
jsonp	3	1.398e-06	1.371e-06
portions	3	1.398e-06	1.371e-06
compaction	21	1.397e-06	1.025e-06
mapping2	2	1.395e-06	1.014e-06
wednesday	2	1.394e-06	1.366e-06
meta2	4	1.391e-06	9.410e-07
concatenate	5	1.391e-06	1.017e-06
sdf	4	1.390e-06	1.335e-06
unserialize	4	1.390e-06	1.335e-06
earlier	7	1.389e-06	9.406e-07
rtrim	3	1.388e-06	1.347e-06
neon	3	1.388e-06	1.347e-06
503	3	1.387e-06	1.157e-06
a429seen	3	1.380e-06	1.380e-06
adjacency	3	1.380e-06	1.380e-06
anthropic	3	1.380e-06	1.380e-06
anticipated	3	1.380e-06	1.380e-06
assembly	3	1.380e-06	1.380e-06
cascaded	3	1.380e-06	1.380e-06
chapter	3	1.380e-06	1.380e-06
chapters	3	1.380e-06	1.380e-06
clearly	3	1.380e-06	1.380e-06
delays	3	1.380e-06	1.380e-06
genuinely	3	1.380e-06	1.380e-06
homogeneous	3	1.380e-06	1.380e-06
lombok	3	1.380e-06	1.380e-06
loudly	3	1.380e-06	1.380e-06
precomputing	3	1.380e-06	1.380e-06
reindexing	3	1.380e-06	1.380e-06
reverting	3	1.380e-06	1.380e-06
substrate	3	1.380e-06	1.380e-06
unusable	3	1.380e-06	1.380e-06
waste	3	1.380e-06	1.380e-06
base64decode	3	1.376e-06	1.335e-06
base64encode	3	1.376e-06	1.335e-06
hierarchies	3	1.374e-06	1.347e-06
accel	3	1.374e-06	1.374e-06
aggressive	3	1.374e-06	1.374e-06
attack_time	3	1.374e-06	1.374e-06
base0	3	1.374e-06	1.374e-06
bid	3	1.374e-06	1.374e-06
continued	3	1.374e-06	1.374e-06
coupling	3	1.374e-06	1.374e-06
descend	3	1.374e-06	1.374e-06
dy0	3	1.374e-06	1.374e-06
faces	3	1.374e-06	1.374e-06
glitch	3	1.374e-06	1.374e-06
graze	3	1.374e-06	1.374e-06
invulnerable	3	1.374e-06	1.374e-06
ix1	3	1.374e-06	1.374e-06
iz1	3	1.374e-06	1.374e-06
leg1	3	1.374e-06	1.374e-06
leg2	3	1.374e-06	1.374e-06
leg3	3	1.374e-06	1.374e-06
leg4	3	1.374e-06	1.374e-06
legged	3	1.374e-06	1.374e-06
md3normal	3	1.374e-06	1.374e-06
mux	3	1.374e-06	1.374e-06
normals	3	1.374e-06	1.374e-06
ppitch	3	1.374e-06	1.374e-06
pyaw	3	1.374e-06	1.374e-06
rider	3	1.374e-06	1.374e-06
shovel	3	1.374e-06	1.374e-06
size0	3	1.374e-06	1.374e-06
submaps	3	1.374e-06	1.374e-06
survival	3	1.374e-06	1.374e-06
unknown6	3	1.374e-06	1.374e-06
var26	3	1.374e-06	1.374e-06
xxa	3	1.374e-06	1.374e-06
yya	3	1.374e-06	1.374e-06
yz	3	1.374e-06	1.374e-06
assist	2	1.371e-06	1.371e-06
auau	2	1.371e-06	1.371e-06
automatically	2	1.371e-06	1.371e-06
bizzarre	2	1.371e-06	1.371e-06
caelum	2	1.371e-06	1.371e-06
code415if	2	1.371e-06	1.371e-06
didnt	2	1.371e-06	1.371e-06
ensuring	2	1.371e-06	1.371e-06
i18ned	2	1.371e-06	1.371e-06
inpu	2	1.371e-06	1.371e-06
jstl	2	1.371e-06	1.371e-06
know	2	1.371e-06	1.371e-06
license_plate	2	1.371e-06	1.371e-06
list3rd	2	1.371e-06	1.371e-06
message0	2	1.371e-06	1.371e-06
msie8accept	2	1.371e-06	1.371e-06
ommited	2	1.371e-06	1.371e-06
paranamer	2	1.371e-06	1.371e-06
prevail	2	1.371e-06	1.371e-06
proxiable	2	1.371e-06	1.371e-06
replicator	2	1.371e-06	1.371e-06
shouldnt	2	1.371e-06	1.371e-06
stains	2	1.371e-06	1.371e-06
stereotypes	2	1.371e-06	1.371e-06
stripps	2	1.371e-06	1.371e-06
subpath	2	1.371e-06	1.371e-06
sut	2	1.371e-06	1.371e-06
ugly	2	1.371e-06	1.371e-06
unproxify	2	1.371e-06	1.371e-06
woof	2	1.371e-06	1.371e-06
wrappers1	2	1.371e-06	1.371e-06
yn	2	1.371e-06	1.371e-06
accessors	27	1.369e-06	8.496e-07
subsequent	13	1.367e-06	8.327e-07
amqp	1	1.366e-06	1.366e-06
april	1	1.366e-06	1.366e-06
asst	1	1.366e-06	1.366e-06
august	1	1.366e-06	1.366e-06
bans	1	1.366e-06	1.366e-06
blogs	1	1.366e-06	1.366e-06
credits	1	1.366e-06	1.366e-06
december	1	1.366e-06	1.366e-06
discovering	1	1.366e-06	1.366e-06
fans	1	1.366e-06	1.366e-06
followee	1	1.366e-06	1.366e-06
happened	1	1.366e-06	1.366e-06
january	1	1.366e-06	1.366e-06
july	1	1.366e-06	1.366e-06
june	1	1.366e-06	1.366e-06
level_set	1	1.366e-06	1.366e-06
march	1	1.366e-06	1.366e-06
mpid	1	1.366e-06	1.366e-06
november	1	1.366e-06	1.366e-06
october	1	1.366e-06	1.366e-06
september	1	1.366e-06	1.366e-06
snakeyaml	1	1.366e-06	1.366e-06
snode	1	1.366e-06	1.366e-06
static_class	1	1.366e-06	1.366e-06
t4	1	1.366e-06	1.366e-06
thirteen	1	1.366e-06	1.366e-06
thursday	1	1.366e-06	1.366e-06
top5	1	1.366e-06	1.366e-06
tuesday	1	1.366e-06	1.366e-06
unsubscribed	1	1.366e-06	1.366e-06
vouchers	1	1.366e-06	1.366e-06
weeke	1	1.366e-06	1.366e-06
base_price	20	1.365e-06	1.365e-06
host2	5	1.363e-06	1.160e-06
uncompress	8	1.360e-06	1.239e-06
accum	23	1.359e-06	1.007e-06
leak	16	1.359e-06	9.694e-07
klazz	5	1.359e-06	9.193e-07
cuisine	3	1.358e-06	1.358e-06
instance_variable	3	1.358e-06	1.358e-06
service_area	3	1.358e-06	1.358e-06
settlements	3	1.358e-06	1.358e-06
spels	3	1.358e-06	1.358e-06
status_group	3	1.358e-06	1.358e-06
urge	3	1.358e-06	1.358e-06
addressing	3	1.356e-06	1.356e-06
base64encoding	3	1.356e-06	1.356e-06
buddy	3	1.356e-06	1.356e-06
exif	3	1.356e-06	1.356e-06
gmail	3	1.356e-06	1.356e-06
indeterminate	3	1.356e-06	1.356e-06
is1xx	3	1.356e-06	1.356e-06
is2xx	3	1.356e-06	1.356e-06
is4xx	3	1.356e-06	1.356e-06
is5xx	3	1.356e-06	1.356e-06
iso8601date	3	1.356e-06	1.356e-06
range1lies	3	1.356e-06	1.356e-06
range2lies	3	1.356e-06	1.356e-06
rfc5322	3	1.356e-06	1.356e-06
successive	3	1.356e-06	1.356e-06
supplier4	3	1.356e-06	1.356e-06
xhtml	4	1.354e-06	1.005e-06
triangle	8	1.354e-06	9.693e-07
solve	3	1.353e-06	1.326e-06
route2	2	1.348e-06	9.488e-07
associateds	2	1.347e-06	1.347e-06
bsad	2	1.347e-06	1.347e-06
cgi	2	1.347e-06	1.347e-06
cheeses	2	1.347e-06	1.347e-06
concept3uuid	2	1.347e-06	1.347e-06
concept4	2	1.347e-06	1.347e-06
cs4	2	1.347e-06	1.347e-06
cs5	2	1.347e-06	1.347e-06
dtfmt	2	1.347e-06	1.347e-06
facet_name	2	1.347e-06	1.347e-06
hip	2	1.347e-06	1.347e-06
ipsv	2	1.347e-06	1.347e-06
kmm	2	1.347e-06	1.347e-06
liverpool	2	1.347e-06	1.347e-06
paragraphs	2	1.347e-06	1.347e-06
scores1	2	1.347e-06	1.347e-06
scores2	2	1.347e-06	1.347e-06
sol	2	1.347e-06	1.347e-06
testconfig	2	1.347e-06	1.347e-06
25348	2	1.347e-06	1.347e-06
47399	2	1.347e-06	1.347e-06
absorption	2	1.347e-06	1.347e-06
alpha_max	2	1.347e-06	1.347e-06
anvil	2	1.347e-06	1.347e-06
bake	2	1.347e-06	1.347e-06
card_index	2	1.347e-06	1.347e-06
cbh	2	1.347e-06	1.347e-06
cbw	2	1.347e-06	1.347e-06
cbx	2	1.347e-06	1.347e-06
cby	2	1.347e-06	1.347e-06
cutout	2	1.347e-06	1.347e-06
dlg	2	1.347e-06	1.347e-06
downloading	2	1.347e-06	1.347e-06
eyebrow	2	1.347e-06	1.347e-06
fxx	2	1.347e-06	1.347e-06
mxx	2	1.347e-06	1.347e-06
rbh	2	1.347e-06	1.347e-06
rbx	2	1.347e-06	1.347e-06
rby	2	1.347e-06	1.347e-06
sbw	2	1.347e-06	1.347e-06
sbx	2	1.347e-06	1.347e-06
sby	2	1.347e-06	1.347e-06
scroll1	2	1.347e-06	1.347e-06
scroll2	2	1.347e-06	1.347e-06
search_box	2	1.347e-06	1.347e-06
shooting	2	1.347e-06	1.347e-06
sniff	2	1.347e-06	1.347e-06
subdir	2	1.347e-06	1.347e-06
thunder	2	1.347e-06	1.347e-06
tmb	2	1.347e-06	1.347e-06
uv2	2	1.347e-06	1.347e-06
v4draw	2	1.347e-06	1.347e-06
whats	2	1.347e-06	1.347e-06
is1	8	1.347e-06	1.240e-06
is2	8	1.347e-06	1.240e-06
radix	8	1.347e-06	1.240e-06
greet	4	1.344e-06	9.982e-07
compacted	9	1.341e-06	1.210e-06
hovering	4	1.340e-06	9.893e-07
weather	4	1.340e-06	9.893e-07
initially	18	1.338e-06	1.001e-06
receipt	10	1.338e-06	7.747e-07
defers	9	1.338e-06	8.413e-07
unresolved	2	1.337e-06	9.864e-07
10000	2	1.335e-06	1.335e-06
3l	2	1.335e-06	1.335e-06
60000	2	1.335e-06	1.335e-06
aaa	2	1.335e-06	1.335e-06
alias2map	2	1.335e-06	1.335e-06
antv	2	1.335e-06	1.335e-06
client2	2	1.335e-06	1.335e-06
client2consumer	2	1.335e-06	1.335e-06
client3	2	1.335e-06	1.335e-06
d10	2	1.335e-06	1.335e-06
d102	2	1.335e-06	1.335e-06
d11	2	1.335e-06	1.335e-06
d14	2	1.335e-06	1.335e-06
d17	2	1.335e-06	1.335e-06
d19	2	1.335e-06	1.335e-06
d192	2	1.335e-06	1.335e-06
d21	2	1.335e-06	1.335e-06
d23	2	1.335e-06	1.335e-06
d232	2	1.335e-06	1.335e-06
d8	2	1.335e-06	1.335e-06
dao4jdbc	2	1.335e-06	1.335e-06
destory	2	1.335e-06	1.335e-06
dirstr	2	1.335e-06	1.335e-06
document1	2	1.335e-06	1.335e-06
end_state	2	1.335e-06	1.335e-06
facotry	2	1.335e-06	1.335e-06
jedis	2	1.335e-06	1.335e-06
lamberda	2	1.335e-06	1.335e-06
md5for16	2	1.335e-06	1.335e-06
morning	2	1.335e-06	1.335e-06
outputdir	2	1.335e-06	1.335e-06
passowrd	2	1.335e-06	1.335e-06
redirections	2	1.335e-06	1.335e-06
str2byte	2	1.335e-06	1.335e-06
str2under	2	1.335e-06	1.335e-06
summer	2	1.335e-06	1.335e-06
topk	2	1.335e-06	1.335e-06
topp	2	1.335e-06	1.335e-06
traces	2	1.335e-06	1.335e-06
trasaction	2	1.335e-06	1.335e-06
ttf	2	1.335e-06	1.335e-06
unsport	2	1.335e-06	1.335e-06
update2	2	1.335e-06	1.335e-06
yr	2	1.335e-06	1.335e-06
zhan	2	1.335e-06	1.335e-06
karaf	6	1.331e-06	1.331e-06
knox	6	1.331e-06	1.331e-06
pdi	6	1.331e-06	1.331e-06
s3vfs	6	1.331e-06	1.331e-06
get3	2	1.330e-06	9.359e-07
actionable	2	1.330e-06	9.830e-07
xmlns	2	1.329e-06	9.828e-07
horiz	5	1.326e-06	9.632e-07
2048	2	1.326e-06	1.326e-06
auth2service	2	1.326e-06	1.326e-06
encodable	2	1.326e-06	1.326e-06
encoders	2	1.326e-06	1.326e-06
encrypter	2	1.326e-06	1.326e-06
example1005	2	1.326e-06	1.326e-06
goods2	2	1.326e-06	1.326e-06
jsr303annotation	2	1.326e-06	1.326e-06
limtit	2	1.326e-06	1.326e-06
md5map	2	1.326e-06	1.326e-06
oauth2login	2	1.326e-06	1.326e-06
pkcs8to	2	1.326e-06	1.326e-06
puppet	2	1.326e-06	1.326e-06
swagger2	2	1.326e-06	1.326e-06
base64encryptor	2	1.325e-06	9.783e-07
by2key	2	1.325e-06	9.783e-07
cen	2	1.325e-06	9.783e-07
comparing	2	1.325e-06	9.783e-07
group2map	2	1.325e-06	9.783e-07
luw	2	1.325e-06	9.783e-07
muliti	2	1.325e-06	9.783e-07
secound	2	1.325e-06	9.783e-07
sm2encryptor	2	1.325e-06	9.783e-07
sm2hex	2	1.325e-06	9.783e-07
sm2key	2	1.325e-06	9.783e-07
sm3	2	1.325e-06	9.783e-07
sm4encryptor	2	1.325e-06	9.783e-07
sm4hex	2	1.325e-06	9.783e-07
springdoc	2	1.325e-06	9.783e-07
starttls	2	1.325e-06	9.783e-07
swagger3demo	2	1.325e-06	9.783e-07
booked	48	1.320e-06	1.320e-06
printing	4	1.319e-06	9.096e-07
friend1	9	1.317e-06	1.117e-06
pong	3	1.315e-06	9.898e-07
outdir	8	1.314e-06	1.126e-06
advances	32	1.312e-06	9.646e-07
emits	32	1.312e-06	9.646e-07
spg	32	1.311e-06	1.311e-06
weekday	14	1.310e-06	9.214e-07
commas	3	1.304e-06	9.185e-07
replace2arg	7	1.300e-06	1.194e-06
lose	7	1.299e-06	1.204e-06
idx2	9	1.298e-06	8.483e-07
few	16	1.297e-06	7.436e-07
vl	19	1.296e-06	1.296e-06
quality	4	1.296e-06	8.852e-07
acquired	47	1.292e-06	1.292e-06
reader1	6	1.292e-06	1.237e-06
file_format	10	1.291e-06	7.800e-07
engines	38	1.289e-06	9.668e-07
upd	5	1.283e-06	8.931e-07
augment	4	1.281e-06	9.131e-07
sum17	6	1.278e-06	1.161e-06
exception2	4	1.276e-06	7.535e-07
alt2	3	1.275e-06	8.984e-07
hound	2	1.274e-06	9.591e-07
issues	8	1.274e-06	7.743e-07
time_check	5	1.272e-06	1.192e-06
unnest	5	1.272e-06	1.192e-06
km	14	1.272e-06	8.753e-07
e0	10	1.271e-06	8.597e-07
estimates	24	1.271e-06	1.050e-06
dif	30	1.270e-06	1.113e-06
gist	31	1.270e-06	1.270e-06
periodic	29	1.269e-06	8.702e-07
broad	7	1.265e-06	8.165e-07
truth	5	1.264e-06	1.237e-06
nonexistent	4	1.263e-06	7.089e-07
unhealthy	4	1.263e-06	9.440e-07
dfs	4	1.262e-06	1.009e-06
friend2	7	1.262e-06	1.108e-06
markets	3	1.261e-06	8.893e-07
lineage	3	1.258e-06	1.058e-06
dh	7	1.257e-06	9.743e-07
distant	3	1.253e-06	9.130e-07
shows	20	1.253e-06	9.013e-07
nominal	4	1.253e-06	9.639e-07
jul	4	1.252e-06	9.396e-07
approach	3	1.251e-06	9.121e-07
k0	3	1.251e-06	9.121e-07
41	5	1.248e-06	1.142e-06
pars	5	1.245e-06	1.191e-06
gw	3	1.244e-06	8.782e-07
checksums	45	1.237e-06	1.237e-06
extr	45	1.237e-06	1.237e-06
reopen	45	1.237e-06	1.237e-06
sizeable	45	1.237e-06	1.237e-06
set1	16	1.237e-06	7.105e-07
argp	4	1.237e-06	1.237e-06
cachable	4	1.237e-06	1.237e-06
catcher	4	1.237e-06	1.237e-06
comparators	4	1.237e-06	1.237e-06
dirichlet	4	1.237e-06	1.237e-06
fieldprob	4	1.237e-06	1.237e-06
golab20	4	1.237e-06	1.237e-06
golab6	4	1.237e-06	1.237e-06
golab9	4	1.237e-06	1.237e-06
itrs	4	1.237e-06	1.237e-06
judged	4	1.237e-06	1.237e-06
kiterator	4	1.237e-06	1.237e-06
lab35	4	1.237e-06	1.237e-06
posit	4	1.237e-06	1.237e-06
qjudge	4	1.237e-06	1.237e-06
qnode	4	1.237e-06	1.237e-06
qres	4	1.237e-06	1.237e-06
repls	4	1.237e-06	1.237e-06
scrub	4	1.237e-06	1.237e-06
sdoc	4	1.237e-06	1.237e-06
undef	4	1.237e-06	1.237e-06
viterator	4	1.237e-06	1.237e-06
modal	9	1.236e-06	8.920e-07
104ben	3	1.229e-06	1.229e-06
104callqamapping	3	1.229e-06	1.229e-06
call97service	3	1.229e-06	1.229e-06
community_service	3	1.229e-06	1.229e-06
covid19ben	3	1.229e-06	1.229e-06
doj	3	1.229e-06	1.229e-06
feedbacks	3	1.229e-06	1.229e-06
getrolewrapuptime	3	1.229e-06	1.229e-06
mrmmr	3	1.229e-06	1.229e-06
officer	3	1.229e-06	1.229e-06
pescription	3	1.229e-06	1.229e-06
reuest	3	1.229e-06	1.229e-06
mic	30	1.229e-06	1.229e-06
certification	18	1.228e-06	1.228e-06
electronic	18	1.228e-06	1.228e-06
invoiced	18	1.228e-06	1.228e-06
happens	5	1.228e-06	8.246e-07
dbs	16	1.228e-06	8.075e-07
auditing	19	1.226e-06	8.867e-07
thresh	3	1.225e-06	9.639e-07
triplet	5	1.224e-06	9.462e-07
ve	9	1.223e-06	6.521e-07
breakdown	3	1.221e-06	1.221e-06
read_receipt	3	1.221e-06	1.221e-06
token_economy	3	1.221e-06	1.221e-06
准备可验收项目	3	1.221e-06	1.221e-06
文件不存在时加载空快照	3	1.221e-06	1.221e-06
文件损坏时加载空快照且保留原文件	3	1.221e-06	1.221e-06
真实	3	1.221e-06	1.221e-06
37	4	1.221e-06	1.140e-06
38	4	1.221e-06	1.140e-06
39	4	1.221e-06	1.140e-06
precise	4	1.221e-06	1.140e-06
convention	5	1.220e-06	8.203e-07
clockwise	7	1.217e-06	7.643e-07
aw	3	1.217e-06	9.613e-07
nid	3	1.217e-06	9.613e-07
uncached	5	1.214e-06	8.136e-07
chomp	4	1.214e-06	8.850e-07
osql	44	1.210e-06	1.210e-06
bobbing	3	1.210e-06	9.592e-07
daylight	3	1.210e-06	9.592e-07
isrc	3	1.210e-06	9.592e-07
threat	3	1.210e-06	9.592e-07
reported	11	1.206e-06	6.816e-07
properly	2	1.204e-06	8.552e-07
3d	4	1.203e-06	1.203e-06
actives	4	1.203e-06	1.203e-06
amanager	4	1.203e-06	1.203e-06
annot	4	1.203e-06	1.203e-06
basal	4	1.203e-06	1.203e-06
bcg	4	1.203e-06	1.203e-06
biolqm	4	1.203e-06	1.203e-06
brun	4	1.203e-06	1.203e-06
cdescr	4	1.203e-06	1.203e-06
companion	4	1.203e-06	1.203e-06
cytoscape	4	1.203e-06	1.203e-06
disabling	4	1.203e-06	1.203e-06
enu2	4	1.203e-06	1.203e-06
fcnet	4	1.203e-06	1.203e-06
gsi	4	1.203e-06	1.203e-06
javadocbase	4	1.203e-06	1.203e-06
jrb	4	1.203e-06	1.203e-06
lmodel	4	1.203e-06	1.203e-06
lnt	4	1.203e-06	1.203e-06
ma	4	1.203e-06	1.203e-06
mcl	4	1.203e-06	1.203e-06
nsim	4	1.203e-06	1.203e-06
oo	4	1.203e-06	1.203e-06
oscillator	4	1.203e-06	1.203e-06
probable	4	1.203e-06	1.203e-06
regulation	4	1.203e-06	1.203e-06
simplifier	4	1.203e-06	1.203e-06
smax	4	1.203e-06	1.203e-06
sons	4	1.203e-06	1.203e-06
startx	4	1.203e-06	1.203e-06
starty	4	1.203e-06	1.203e-06
state0	4	1.203e-06	1.203e-06
state_space	4	1.203e-06	1.203e-06
successor	4	1.203e-06	1.203e-06
unrecoverable	4	1.203e-06	1.203e-06
voffset	4	1.203e-06	1.203e-06
animals	5	1.203e-06	1.175e-06
intersections	5	1.203e-06	1.175e-06
emitted	8	1.202e-06	1.048e-06
null_set	11	1.200e-06	6.887e-07
ellipse	4	1.196e-06	9.461e-07
early	30	1.194e-06	8.871e-07
level3	2	1.192e-06	8.456e-07
prop4	2	1.192e-06	8.456e-07
absent1	3	1.190e-06	1.190e-06
accessing	3	1.190e-06	1.190e-06
cl2	3	1.190e-06	1.190e-06
declarative	3	1.190e-06	1.190e-06
duration30s	3	1.190e-06	1.190e-06
examine	3	1.190e-06	1.190e-06
excluder	3	1.190e-06	1.190e-06
expiry0	3	1.190e-06	1.190e-06
expiry10m	3	1.190e-06	1.190e-06
ghosts	3	1.190e-06	1.190e-06
java11	3	1.190e-06	1.190e-06
kg	3	1.190e-06	1.190e-06
lagging	3	1.190e-06	1.190e-06
loader3	3	1.190e-06	1.190e-06
loudness	3	1.190e-06	1.190e-06
manager3	3	1.190e-06	1.190e-06
nest	3	1.190e-06	1.190e-06
retry10s	3	1.190e-06	1.190e-06
scope2resolver	3	1.190e-06	1.190e-06
segmentation	3	1.190e-06	1.190e-06
sgs	3	1.190e-06	1.190e-06
vtt	3	1.190e-06	1.190e-06
could	3	1.190e-06	9.197e-07
fragments	10	1.189e-06	6.748e-07
jt	5	1.188e-06	9.338e-07
issuers	9	1.186e-06	8.172e-07
breaker	14	1.184e-06	9.291e-07
cp1	43	1.182e-06	1.182e-06
cp2	43	1.182e-06	1.182e-06
planner	43	1.182e-06	1.182e-06
transaction1	43	1.182e-06	1.182e-06
wow	43	1.182e-06	1.182e-06
targeted	5	1.181e-06	7.152e-07
happy	18	1.180e-06	7.089e-07
differs	37	1.179e-06	8.411e-07
barrels	4	1.175e-06	1.175e-06
darkest	4	1.175e-06	1.175e-06
farm	4	1.175e-06	1.175e-06
hardcore	4	1.175e-06	1.175e-06
lethal	4	1.175e-06	1.175e-06
monsters	4	1.175e-06	1.175e-06
omni	4	1.175e-06	1.175e-06
on2d	4	1.175e-06	1.175e-06
outlined	4	1.175e-06	1.175e-06
portals	4	1.175e-06	1.175e-06
prebake	4	1.175e-06	1.175e-06
recast	4	1.175e-06	1.175e-06
steam	4	1.175e-06	1.175e-06
wnd	4	1.175e-06	1.175e-06
xbox	4	1.175e-06	1.175e-06
evaluates	13	1.175e-06	9.135e-07
entire	12	1.175e-06	9.574e-07
mills	5	1.169e-06	1.141e-06
verbatim	11	1.167e-06	9.503e-07
429	2	1.166e-06	1.138e-06
diesel	2	1.166e-06	1.138e-06
future2	2	1.166e-06	1.138e-06
querying	2	1.166e-06	1.138e-06
recommended	5	1.163e-06	8.639e-07
ccfg	17	1.160e-06	1.160e-06
trxn	17	1.160e-06	1.160e-06
amount1	3	1.155e-06	1.155e-06
ename	3	1.155e-06	1.155e-06
h5info	3	1.155e-06	1.155e-06
pay_off	3	1.155e-06	1.155e-06
prestore	3	1.155e-06	1.155e-06
stamp2date	3	1.155e-06	1.155e-06
statis	3	1.155e-06	1.155e-06
bags	42	1.155e-06	1.155e-06
vr	42	1.155e-06	1.155e-06
gin	18	1.154e-06	8.296e-07
might	15	1.151e-06	8.669e-07
transportation	5	1.150e-06	9.160e-07
lob	6	1.150e-06	1.109e-06
res1	8	1.148e-06	7.542e-07
mon	8	1.145e-06	9.036e-07
peer	23	1.144e-06	7.232e-07
chin	2	1.144e-06	8.206e-07
rollup	10	1.143e-06	8.151e-07
unsatisfiable	3	1.142e-06	9.442e-07
api2	4	1.141e-06	1.141e-06
descriptor1	4	1.141e-06	1.141e-06
descriptor2	4	1.141e-06	1.141e-06
key7	4	1.141e-06	1.141e-06
objects0	4	1.141e-06	1.141e-06
port2	4	1.141e-06	1.141e-06
rule5	4	1.141e-06	1.141e-06
rolls	10	1.140e-06	9.438e-07
adress	1	1.138e-06	1.138e-06
anomalies30d	1	1.138e-06	1.138e-06
arrives	1	1.138e-06	1.138e-06
auth2clients	1	1.138e-06	1.138e-06
automatique	1	1.138e-06	1.138e-06
avant	1	1.138e-06	1.138e-06
axon	1	1.138e-06	1.138e-06
backend404	1	1.138e-06	1.138e-06
backend500	1	1.138e-06	1.138e-06
catch100edge	1	1.138e-06	1.138e-06
classique	1	1.138e-06	1.138e-06
denied30d	1	1.138e-06	1.138e-06
disques	1	1.138e-06	1.138e-06
electrique	1	1.138e-06	1.138e-06
event3	1	1.138e-06	1.138e-06
garage30d	1	1.138e-06	1.138e-06
instant1	1	1.138e-06	1.138e-06
landing_page	1	1.138e-06	1.138e-06
maj	1	1.138e-06	1.138e-06
manuel	1	1.138e-06	1.138e-06
matrix50	1	1.138e-06	1.138e-06
matrix50test	1	1.138e-06	1.138e-06
meaningful	1	1.138e-06	1.138e-06
moteur	1	1.138e-06	1.138e-06
mutability	1	1.138e-06	1.138e-06
pass100functional	1	1.138e-06	1.138e-06
rehydrate	1	1.138e-06	1.138e-06
renault	1	1.138e-06	1.138e-06
return401when	1	1.138e-06	1.138e-06
return404when	1	1.138e-06	1.138e-06
return500from	1	1.138e-06	1.138e-06
return500message	1	1.138e-06	1.138e-06
return500on	1	1.138e-06	1.138e-06
return500when	1	1.138e-06	1.138e-06
return500with	1	1.138e-06	1.138e-06
sans	1	1.138e-06	1.138e-06
veh	1	1.138e-06	1.138e-06
voiture	1	1.138e-06	1.138e-06
bff	3	1.137e-06	1.137e-06
category1	3	1.137e-06	1.137e-06
category2	3	1.137e-06	1.137e-06
code3	3	1.137e-06	1.137e-06
country1id	3	1.137e-06	1.137e-06
real_image	3	1.137e-06	1.137e-06
stock1	3	1.137e-06	1.137e-06
stock2	3	1.137e-06	1.137e-06
then1	3	1.137e-06	1.137e-06
unauthenticated	3	1.137e-06	1.137e-06
rels	6	1.132e-06	9.477e-07
fh	2	1.131e-06	8.105e-07
ao	2	1.125e-06	8.057e-07
separators	19	1.122e-06	6.753e-07
extending	7	1.121e-06	6.860e-07
rs2	7	1.120e-06	7.490e-07
invoices	17	1.119e-06	1.092e-06
insensitively	5	1.119e-06	1.039e-06
zipped	3	1.117e-06	8.026e-07
line4	3	1.113e-06	8.678e-07
abfs	5	1.109e-06	1.109e-06
avrodatafile	5	1.109e-06	1.109e-06
cnr	5	1.109e-06	1.109e-06
hadoopcluster	5	1.109e-06	1.109e-06
hive2database	5	1.109e-06	1.109e-06
hive2simba	5	1.109e-06	1.109e-06
initializing	5	1.109e-06	1.109e-06
libs	5	1.109e-06	1.109e-06
parquetfile	5	1.109e-06	1.109e-06
stanza	5	1.109e-06	1.109e-06
thin_client	5	1.109e-06	1.109e-06
alignment	4	1.103e-06	9.068e-07
hyphen	5	1.101e-06	6.932e-07
effectiveness	40	1.100e-06	1.100e-06
scenario	15	1.098e-06	6.618e-07
003	1	1.097e-06	1.097e-06
0301	1	1.097e-06	1.097e-06
acpro	1	1.097e-06	1.097e-06
alibaba	1	1.097e-06	1.097e-06
base64audio	1	1.097e-06	1.097e-06
call_waiting	1	1.097e-06	1.097e-06
chat_room	1	1.097e-06	1.097e-06
glm2handler	1	1.097e-06	1.097e-06
glm2properties	1	1.097e-06	1.097e-06
glm2utils	1	1.097e-06	1.097e-06
handshaker	1	1.097e-06	1.097e-06
inrc	1	1.097e-06	1.097e-06
inviter	1	1.097e-06	1.097e-06
mannager	1	1.097e-06	1.097e-06
mum	1	1.097e-06	1.097e-06
pass1	1	1.097e-06	1.097e-06
pass2	1	1.097e-06	1.097e-06
pass3	1	1.097e-06	1.097e-06
pass4	1	1.097e-06	1.097e-06
simulator	1	1.097e-06	1.097e-06
tailor	1	1.097e-06	1.097e-06
top100	1	1.097e-06	1.097e-06
tpm	1	1.097e-06	1.097e-06
addon	3	1.094e-06	8.456e-07
closer	3	1.094e-06	8.456e-07
evl	18	1.093e-06	7.979e-07
avs	16	1.092e-06	1.092e-06
charges	16	1.092e-06	1.092e-06
dated	16	1.092e-06	1.092e-06
dhl	16	1.092e-06	1.092e-06
scenarios	4	1.092e-06	1.037e-06
train	7	1.091e-06	9.401e-07
estimator	12	1.089e-06	8.568e-07
rg	4	1.087e-06	7.525e-07
concatenates	8	1.085e-06	9.330e-07
sqr	8	1.081e-06	9.292e-07
w2	4	1.080e-06	6.161e-07
hmap	2	1.077e-06	7.796e-07
tombstones	39	1.072e-06	1.072e-06
ell	2	1.070e-06	7.780e-07
asymmetric	8	1.069e-06	9.174e-07
matters	8	1.069e-06	9.174e-07
la1	19	1.069e-06	7.581e-07
availability	6	1.066e-06	8.364e-07
enlist	6	1.066e-06	8.364e-07
sequenced	9	1.065e-06	7.535e-07
defensively	3	1.064e-06	1.037e-06
materialized	21	1.064e-06	6.519e-07
txs	8	1.064e-06	7.478e-07
dumb	3	1.063e-06	7.513e-07
id0	5	1.060e-06	9.555e-07
sp2	3	1.060e-06	7.524e-07
fits	7	1.058e-06	9.288e-07
bracketed	9	1.056e-06	7.310e-07
floating_point	10	1.054e-06	8.165e-07
grown	7	1.054e-06	9.250e-07
unlimited	12	1.051e-06	6.077e-07
rn	3	1.051e-06	7.403e-07
selecting	3	1.046e-06	7.415e-07
teleported	3	1.046e-06	7.415e-07
tx3	38	1.045e-06	1.045e-06
group1	5	1.044e-06	7.210e-07
trivial	8	1.040e-06	9.114e-07
facade	5	1.039e-06	9.112e-07
german	4	1.038e-06	7.395e-07
domain1	2	1.037e-06	1.037e-06
domain2	2	1.037e-06	1.037e-06
jpa1	2	1.037e-06	1.037e-06
jpa2	2	1.037e-06	1.037e-06
oauth2url	2	1.037e-06	1.037e-06
quantified	2	1.037e-06	1.037e-06
quantifier	2	1.037e-06	1.037e-06
quantifiers	2	1.037e-06	1.037e-06
rel3	2	1.037e-06	1.037e-06
technology	2	1.037e-06	1.037e-06
validations	2	1.037e-06	1.037e-06
violated	2	1.037e-06	1.037e-06
violation1	2	1.037e-06	1.037e-06
violation2	2	1.037e-06	1.037e-06
running_time	12	1.036e-06	8.002e-07
stubs	4	1.033e-06	9.530e-07
intent	7	1.032e-06	6.197e-07
terminates	6	1.030e-06	9.255e-07
touching	6	1.030e-06	9.255e-07
slot2	3	1.029e-06	7.280e-07
raised	4	1.026e-06	7.173e-07
groovy	21	1.025e-06	7.967e-07
firing	9	1.025e-06	8.963e-07
doc3	27	1.024e-06	7.761e-07
wkb	25	1.024e-06	1.024e-06
adjs	15	1.023e-06	1.023e-06
constrain	15	1.023e-06	1.023e-06
element0	15	1.023e-06	1.023e-06
element1	15	1.023e-06	1.023e-06
recurrence	15	1.023e-06	1.023e-06
shipper	15	1.023e-06	1.023e-06
statics	5	1.022e-06	8.794e-07
propagated	8	1.022e-06	6.242e-07
restricted	9	1.020e-06	6.283e-07
page0	37	1.017e-06	1.017e-06
predecessor	37	1.017e-06	1.017e-06
symmetry	7	1.012e-06	9.079e-07
boosted	6	1.010e-06	9.302e-07
linkage	6	1.010e-06	9.302e-07
rmap	3	1.008e-06	8.812e-07
jp	8	1.007e-06	5.948e-07
sanity	3	1.007e-06	5.802e-07
price_list	9	1.006e-06	7.102e-07
geos	9	1.004e-06	7.090e-07
cascades	5	1.003e-06	9.229e-07
computes	5	1.003e-06	9.229e-07
unaffected	5	1.003e-06	9.229e-07
bolt	4	1.002e-06	9.228e-07
set_point	5	1.001e-06	6.886e-07
uniq	5	9.958e-07	9.280e-07
inclusions	4	9.956e-07	9.292e-07
backspace	3	9.947e-07	7.321e-07
bias	6	9.932e-07	6.775e-07
ask	3	9.932e-07	5.754e-07
pcl	36	9.900e-07	9.900e-07
formal_parameter	2	9.863e-07	7.458e-07
blackiplist	1	9.854e-07	9.854e-07
stateful	6	9.848e-07	9.052e-07
intern	6	9.848e-07	8.049e-07
j2	3	9.843e-07	9.179e-07
simplified	5	9.842e-07	9.052e-07
ands	24	9.831e-07	9.831e-07
euc	24	9.831e-07	9.831e-07
dutch	2	9.826e-07	7.382e-07
results2	5	9.824e-07	9.285e-07
forth	2	9.793e-07	7.431e-07
bbb	2	9.766e-07	7.327e-07
footprint	2	9.763e-07	6.882e-07
group2	3	9.757e-07	7.192e-07
dx1	4	9.711e-07	9.172e-07
vn	4	9.711e-07	9.172e-07
collaborator	2	9.709e-07	6.846e-07
old_style	4	9.705e-07	9.042e-07
base64test	2	9.703e-07	6.843e-07
unprocessable	2	9.703e-07	6.843e-07
kp	2	9.682e-07	7.293e-07
potential	6	9.648e-07	4.788e-07
foos	35	9.625e-07	9.625e-07
san	3	9.610e-07	9.205e-07
dotted	11	9.605e-07	7.360e-07
jur	14	9.552e-07	9.552e-07
mount_point	14	9.552e-07	9.552e-07
shuffled	4	9.549e-07	9.275e-07
circulating	1	9.502e-07	9.502e-07
default1	1	9.502e-07	9.502e-07
default2	1	9.502e-07	9.502e-07
delete1	1	9.502e-07	9.502e-07
generating	1	9.502e-07	9.502e-07
get422for	1	9.502e-07	9.502e-07
get500when	1	9.502e-07	9.502e-07
heic	1	9.502e-07	9.502e-07
hobbies	1	9.502e-07	9.502e-07
id500error	1	9.502e-07	9.502e-07
intercepted	1	9.502e-07	9.502e-07
julia	1	9.502e-07	9.502e-07
moduserstest	1	9.502e-07	9.502e-07
nominate	1	9.502e-07	9.502e-07
pexel	1	9.502e-07	9.502e-07
pronouns	1	9.502e-07	9.502e-07
reassign	1	9.502e-07	9.502e-07
report400	1	9.502e-07	9.502e-07
report500	1	9.502e-07	9.502e-07
response500	1	9.502e-07	9.502e-07
return204on	1	9.502e-07	9.502e-07
s3test	1	9.502e-07	9.502e-07
s3via	1	9.502e-07	9.502e-07
setting1	1	9.502e-07	9.502e-07
setting2	1	9.502e-07	9.502e-07
stub500error	1	9.502e-07	9.502e-07
typical	1	9.502e-07	9.502e-07
upgrading	1	9.502e-07	9.502e-07
user3	1	9.502e-07	9.502e-07
user8	1	9.502e-07	9.502e-07
verticles	1	9.502e-07	9.502e-07
whe	1	9.502e-07	9.502e-07
year1	1	9.502e-07	9.502e-07
address3	3	9.496e-07	6.818e-07
marshalling	3	9.475e-07	9.201e-07
participates	3	9.475e-07	9.201e-07
recomputes	3	9.475e-07	9.201e-07
shaped	3	9.475e-07	9.201e-07
variety	3	9.475e-07	9.201e-07
giga	3	9.451e-07	9.047e-07
tera	3	9.451e-07	9.047e-07
coalesce	9	9.446e-07	5.525e-07
clones	3	9.436e-07	9.162e-07
shade	3	9.436e-07	9.162e-07
stride	3	9.436e-07	9.162e-07
differ	24	9.427e-07	8.633e-07
influx	23	9.421e-07	9.421e-07
completer	2	9.401e-07	8.739e-07
recently	2	9.401e-07	8.739e-07
sentinels	6	9.383e-07	8.589e-07
blink	5	9.365e-07	8.827e-07
intensity	5	9.365e-07	8.827e-07
dead_code	34	9.350e-07	9.350e-07
rebuilt	34	9.350e-07	9.350e-07
evaluated	3	9.322e-07	8.784e-07
index0	3	9.317e-07	9.043e-07
instance1	3	9.317e-07	9.043e-07
instance2	3	9.317e-07	9.043e-07
precondition	3	9.317e-07	9.043e-07
evs	4	9.298e-07	9.025e-07
standby	5	9.281e-07	8.876e-07
ascent	3	9.274e-07	9.274e-07
bfds	3	9.274e-07	9.274e-07
binomial	3	9.274e-07	9.274e-07
dcg	3	9.274e-07	9.274e-07
docs1	3	9.274e-07	9.274e-07
docs2	3	9.274e-07	9.274e-07
ewriter	3	9.274e-07	9.274e-07
golab13	3	9.274e-07	9.274e-07
golab3	3	9.274e-07	9.274e-07
hmm	3	9.274e-07	9.274e-07
iid2eid	3	9.274e-07	9.274e-07
indri	3	9.274e-07	9.274e-07
jelinek	3	9.274e-07	9.274e-07
lab36	3	9.274e-07	9.274e-07
lab37	3	9.274e-07	9.274e-07
lab38	3	9.274e-07	9.274e-07
lab39	3	9.274e-07	9.274e-07
make10doc	3	9.274e-07	9.274e-07
maxtf	3	9.274e-07	9.274e-07
mercer	3	9.274e-07	9.274e-07
namer	3	9.274e-07	9.274e-07
ndd	3	9.274e-07	9.274e-07
networked	3	9.274e-07	9.274e-07
nsp	3	9.274e-07	9.274e-07
numberer	3	9.274e-07	9.274e-07
passages	3	9.274e-07	9.274e-07
pipes	3	9.274e-07	9.274e-07
pronoun	3	9.274e-07	9.274e-07
reciprocal	3	9.274e-07	9.274e-07
reranker	3	9.274e-07	9.274e-07
splitter	3	9.274e-07	9.274e-07
stemmers	3	9.274e-07	9.274e-07
step2a	3	9.274e-07	9.274e-07
step2b	3	9.274e-07	9.274e-07
threshdf	3	9.274e-07	9.274e-07
thresholder	3	9.274e-07	9.274e-07
toks	3	9.274e-07	9.274e-07
tweet	3	9.274e-07	9.274e-07
twitter	3	9.274e-07	9.274e-07
undouble	3	9.274e-07	9.274e-07
unjudged	3	9.274e-07	9.274e-07
wsdm	3	9.274e-07	9.274e-07
xfold	3	9.274e-07	9.274e-07
p4	9	9.224e-07	6.129e-07
agenuinely	2	9.200e-07	9.200e-07
arriving	2	9.200e-07	9.200e-07
artificial	2	9.200e-07	9.200e-07
attribution	2	9.200e-07	9.200e-07
backstop	2	9.200e-07	9.200e-07
benign	2	9.200e-07	9.200e-07
cabinet	2	9.200e-07	9.200e-07
ceilings	2	9.200e-07	9.200e-07
collapses	2	9.200e-07	9.200e-07
dominated	2	9.200e-07	9.200e-07
ever	2	9.200e-07	9.200e-07
explains	2	9.200e-07	9.200e-07
francisco	2	9.200e-07	9.200e-07
groq	2	9.200e-07	9.200e-07
hibernates	2	9.200e-07	9.200e-07
hosted	2	9.200e-07	9.200e-07
idiom	2	9.200e-07	9.200e-07
idioms	2	9.200e-07	9.200e-07
last_known_good	2	9.200e-07	9.200e-07
latencies	2	9.200e-07	9.200e-07
overridable	2	9.200e-07	9.200e-07
persisting	2	9.200e-07	9.200e-07
polls	2	9.200e-07	9.200e-07
portland	2	9.200e-07	9.200e-07
predictions	2	9.200e-07	9.200e-07
prompts	2	9.200e-07	9.200e-07
prose	2	9.200e-07	9.200e-07
quiescence	2	9.200e-07	9.200e-07
raising	2	9.200e-07	9.200e-07
reclassify	2	9.200e-07	9.200e-07
rehydrated	2	9.200e-07	9.200e-07
respecting	2	9.200e-07	9.200e-07
scripted	2	9.200e-07	9.200e-07
seattle	2	9.200e-07	9.200e-07
simultaneously	2	9.200e-07	9.200e-07
slugify	2	9.200e-07	9.200e-07
squares	2	9.200e-07	9.200e-07
taggings	2	9.200e-07	9.200e-07
tales	2	9.200e-07	9.200e-07
unsupervised	2	9.200e-07	9.200e-07
vectorization	2	9.200e-07	9.200e-07
venues	2	9.200e-07	9.200e-07
warms	2	9.200e-07	9.200e-07
wasted	2	9.200e-07	9.200e-07
whichever	2	9.200e-07	9.200e-07
zero_vector	2	9.200e-07	9.200e-07
qf	3	9.190e-07	6.848e-07
macos	2	9.180e-07	6.459e-07
450	3	9.167e-07	7.014e-07
580	3	9.167e-07	7.014e-07
ady	2	9.161e-07	9.161e-07
ah	2	9.161e-07	9.161e-07
anaglyph	2	9.161e-07	9.161e-07
anger	2	9.161e-07	9.161e-07
anisotropic	2	9.161e-07	9.161e-07
antenna	2	9.161e-07	9.161e-07
armored	2	9.161e-07	9.161e-07
beach	2	9.161e-07	9.161e-07
beam	2	9.161e-07	9.161e-07
beetroot	2	9.161e-07	9.161e-07
bookshelf	2	9.161e-07	9.161e-07
carets	2	9.161e-07	9.161e-07
caveness	2	9.161e-07	9.161e-07
celestial	2	9.161e-07	9.161e-07
clouds	2	9.161e-07	9.161e-07
corrupted26m	2	9.161e-07	9.161e-07
corrupted30m	2	9.161e-07	9.161e-07
cracks	2	9.161e-07	9.161e-07
ddz	2	9.161e-07	9.161e-07
defused	2	9.161e-07	9.161e-07
dz1	2	9.161e-07	9.161e-07
fading	2	9.161e-07	9.161e-07
figure	2	9.161e-07	9.161e-07
framing	2	9.161e-07	9.161e-07
fu0	2	9.161e-07	9.161e-07
fu1	2	9.161e-07	9.161e-07
furnace	2	9.161e-07	9.161e-07
fv0	2	9.161e-07	9.161e-07
fv1	2	9.161e-07	9.161e-07
gently	2	9.161e-07	9.161e-07
grabs	2	9.161e-07	9.161e-07
grazing	2	9.161e-07	9.161e-07
harmony	2	9.161e-07	9.161e-07
hoffset	2	9.161e-07	9.161e-07
ilog	2	9.161e-07	9.161e-07
ix0	2	9.161e-07	9.161e-07
iz0	2	9.161e-07	9.161e-07
jx	2	9.161e-07	9.161e-07
jz	2	9.161e-07	9.161e-07
larm	2	9.161e-07	9.161e-07
lat8	2	9.161e-07	9.161e-07
launch_game	2	9.161e-07	9.161e-07
lim	2	9.161e-07	9.161e-07
lng8	2	9.161e-07	9.161e-07
lsbs	2	9.161e-07	9.161e-07
lucky	2	9.161e-07	9.161e-07
md3path	2	9.161e-07	9.161e-07
md3studio	2	9.161e-07	9.161e-07
metal	2	9.161e-07	9.161e-07
mop	2	9.161e-07	9.161e-07
msbs	2	9.161e-07	9.161e-07
mtl	2	9.161e-07	9.161e-07
n4	2	9.161e-07	9.161e-07
n8	2	9.161e-07	9.161e-07
noise1	2	9.161e-07	9.161e-07
noise2	2	9.161e-07	9.161e-07
nose	2	9.161e-07	9.161e-07
pai	2	9.161e-07	9.161e-07
painted	2	9.161e-07	9.161e-07
performer	2	9.161e-07	9.161e-07
phrase_book	2	9.161e-07	9.161e-07
ppcm	2	9.161e-07	9.161e-07
predict	2	9.161e-07	9.161e-07
prog2	2	9.161e-07	9.161e-07
r2d	2	9.161e-07	9.161e-07
r3d	2	9.161e-07	9.161e-07
rana	2	9.161e-07	9.161e-07
rarm	2	9.161e-07	9.161e-07
rects	2	9.161e-07	9.161e-07
reputation	2	9.161e-07	9.161e-07
set_mine	2	9.161e-07	9.161e-07
slam	2	9.161e-07	9.161e-07
sr1	2	9.161e-07	9.161e-07
stationary	2	9.161e-07	9.161e-07
stick	2	9.161e-07	9.161e-07
sunlit	2	9.161e-07	9.161e-07
surfs	2	9.161e-07	9.161e-07
than1	2	9.161e-07	9.161e-07
tpcm	2	9.161e-07	9.161e-07
unknown7	2	9.161e-07	9.161e-07
usemtl	2	9.161e-07	9.161e-07
vai	2	9.161e-07	9.161e-07
vanish	2	9.161e-07	9.161e-07
var10002	2	9.161e-07	9.161e-07
var27	2	9.161e-07	9.161e-07
var28	2	9.161e-07	9.161e-07
var29	2	9.161e-07	9.161e-07
var30	2	9.161e-07	9.161e-07
var31	2	9.161e-07	9.161e-07
var32	2	9.161e-07	9.161e-07
var33	2	9.161e-07	9.161e-07
var34	2	9.161e-07	9.161e-07
var35	2	9.161e-07	9.161e-07
var36	2	9.161e-07	9.161e-07
var37	2	9.161e-07	9.161e-07
var38	2	9.161e-07	9.161e-07
var39	2	9.161e-07	9.161e-07
var40	2	9.161e-07	9.161e-07
var42	2	9.161e-07	9.161e-07
var43	2	9.161e-07	9.161e-07
var44	2	9.161e-07	9.161e-07
var45	2	9.161e-07	9.161e-07
var46	2	9.161e-07	9.161e-07
var47	2	9.161e-07	9.161e-07
var48	2	9.161e-07	9.161e-07
var49	2	9.161e-07	9.161e-07
var50	2	9.161e-07	9.161e-07
var51	2	9.161e-07	9.161e-07
var52	2	9.161e-07	9.161e-07
var53	2	9.161e-07	9.161e-07
var54	2	9.161e-07	9.161e-07
var55	2	9.161e-07	9.161e-07
var56	2	9.161e-07	9.161e-07
var57	2	9.161e-07	9.161e-07
var58	2	9.161e-07	9.161e-07
var59	2	9.161e-07	9.161e-07
var60	2	9.161e-07	9.161e-07
var61	2	9.161e-07	9.161e-07
var62	2	9.161e-07	9.161e-07
var63	2	9.161e-07	9.161e-07
var64	2	9.161e-07	9.161e-07
var65	2	9.161e-07	9.161e-07
var66	2	9.161e-07	9.161e-07
yaw2	2	9.161e-07	9.161e-07
srid	23	9.152e-07	8.614e-07
moment	14	9.144e-07	8.871e-07
xml2object	7	9.132e-07	7.089e-07
backgrounds	3	9.107e-07	6.735e-07
inits	3	9.107e-07	6.735e-07
ytg	33	9.075e-07	9.075e-07
dangling	7	9.066e-07	5.666e-07
complained	2	9.052e-07	9.052e-07
depute	2	9.052e-07	9.052e-07
escapse	2	9.052e-07	9.052e-07
gross	2	9.052e-07	9.052e-07
presigned	2	9.052e-07	9.052e-07
rated	2	9.052e-07	9.052e-07
recalculates	2	9.052e-07	9.052e-07
refunding	2	9.052e-07	9.052e-07
reviewing	2	9.052e-07	9.052e-07
settlement_date	2	9.052e-07	9.052e-07
snail	2	9.052e-07	9.052e-07
topiam	2	9.052e-07	9.052e-07
unpaid	2	9.052e-07	9.052e-07
xdb	2	9.052e-07	9.052e-07
nt	2	9.047e-07	8.773e-07
wit	2	9.047e-07	8.773e-07
2600x1908	2	9.042e-07	9.042e-07
adhoc	2	9.042e-07	9.042e-07
alphaumeric	2	9.042e-07	9.042e-07
alphnumeric	2	9.042e-07	9.042e-07
authoritative	2	9.042e-07	9.042e-07
base64char	2	9.042e-07	9.042e-07
base64charset	2	9.042e-07	9.042e-07
chrono	2	9.042e-07	9.042e-07
ctorrt	2	9.042e-07	9.042e-07
delimter	2	9.042e-07	9.042e-07
dimensional	2	9.042e-07	9.042e-07
enries	2	9.042e-07	9.042e-07
filename_extension	2	9.042e-07	9.042e-07
is200ok	2	9.042e-07	9.042e-07
is202accepted	2	9.042e-07	9.042e-07
is301moved	2	9.042e-07	9.042e-07
is302moved	2	9.042e-07	9.042e-07
is304not	2	9.042e-07	9.042e-07
is400bad	2	9.042e-07	9.042e-07
is401unauthorised	2	9.042e-07	9.042e-07
is403forbidden	2	9.042e-07	9.042e-07
is404not	2	9.042e-07	9.042e-07
is405method	2	9.042e-07	9.042e-07
is406not	2	9.042e-07	9.042e-07
is409conflict	2	9.042e-07	9.042e-07
is413request	2	9.042e-07	9.042e-07
is415unsupported	2	9.042e-07	9.042e-07
is500internal	2	9.042e-07	9.042e-07
iso8601string	2	9.042e-07	9.042e-07
iso8601with	2	9.042e-07	9.042e-07
lies	2	9.042e-07	9.042e-07
loan	2	9.042e-07	9.042e-07
newdoc	2	9.042e-07	9.042e-07
obj1bean	2	9.042e-07	9.042e-07
obj2bean	2	9.042e-07	9.042e-07
oldlen	2	9.042e-07	9.042e-07
or202accepted	2	9.042e-07	9.042e-07
orientated	2	9.042e-07	9.042e-07
paremeters	2	9.042e-07	9.042e-07
preceeding	2	9.042e-07	9.042e-07
prvate	2	9.042e-07	9.042e-07
quotable	2	9.042e-07	9.042e-07
range1on	2	9.042e-07	9.042e-07
range2on	2	9.042e-07	9.042e-07
ranged	2	9.042e-07	9.042e-07
rime	2	9.042e-07	9.042e-07
satisfiable	2	9.042e-07	9.042e-07
supplier5	2	9.042e-07	9.042e-07
temporarily	2	9.042e-07	9.042e-07
varies	2	9.042e-07	9.042e-07
aprox	3	9.023e-07	9.023e-07
biblio	3	9.023e-07	9.023e-07
bio	3	9.023e-07	9.023e-07
colomoto	3	9.023e-07	9.023e-07
commongui	3	9.023e-07	9.023e-07
confidence_interval	3	9.023e-07	9.023e-07
depthff	3	9.023e-07	9.023e-07
ejml	3	9.023e-07	9.023e-07
exp1	3	9.023e-07	9.023e-07
exp2	3	9.023e-07	9.023e-07
gene	3	9.023e-07	9.023e-07
generic_property	3	9.023e-07	9.023e-07
goon	3	9.023e-07	9.023e-07
influenced	3	9.023e-07	9.023e-07
joint	3	9.023e-07	9.023e-07
layouts	3	9.023e-07	9.023e-07
masks	3	9.023e-07	9.023e-07
medge	3	9.023e-07	9.023e-07
memorized	3	9.023e-07	9.023e-07
nextmin	3	9.023e-07	9.023e-07
node2gate	3	9.023e-07	9.023e-07
nusmv	3	9.023e-07	9.023e-07
onames	3	9.023e-07	9.023e-07
pcman	3	9.023e-07	9.023e-07
qual	3	9.023e-07	9.023e-07
rayon	3	9.023e-07	9.023e-07
reverser	3	9.023e-07	9.023e-07
reversion	3	9.023e-07	9.023e-07
strongly	3	9.023e-07	9.023e-07
succs	3	9.023e-07	9.023e-07
svl	3	9.023e-07	9.023e-07
teta	3	9.023e-07	9.023e-07
trules	3	9.023e-07	9.023e-07
truth_table	3	9.023e-07	9.023e-07
xaxis	3	9.023e-07	9.023e-07
yaxis	3	9.023e-07	9.023e-07
img2	7	9.019e-07	6.582e-07
advisory	22	9.011e-07	9.011e-07
afters	22	9.011e-07	9.011e-07
sval	2	8.994e-07	8.721e-07
tmon	2	8.994e-07	8.721e-07
depends	18	8.929e-07	5.188e-07
guessed	3	8.924e-07	5.479e-07
ite	21	8.915e-07	6.032e-07
epos	3	8.885e-07	6.575e-07
sensitivity	3	8.885e-07	6.575e-07
aelh	4	8.871e-07	8.871e-07
buble	4	8.871e-07	8.871e-07
diags	4	8.871e-07	8.871e-07
ec2	4	8.871e-07	8.871e-07
fam	4	8.871e-07	8.871e-07
fnode	4	8.871e-07	8.871e-07
getw	4	8.871e-07	8.871e-07
keepers	4	8.871e-07	8.871e-07
param5	4	8.871e-07	8.871e-07
pmr	4	8.871e-07	8.871e-07
s3service	4	8.871e-07	8.871e-07
s3staging	4	8.871e-07	8.871e-07
startnum	4	8.871e-07	8.871e-07
tfoi	4	8.871e-07	8.871e-07
unzipped	4	8.871e-07	8.871e-07
ecas	13	8.869e-07	8.869e-07
lvalue	13	8.869e-07	8.869e-07
manufacturing	13	8.869e-07	8.869e-07
mwk	13	8.869e-07	8.869e-07
perc	13	8.869e-07	8.869e-07
rcontext	13	8.869e-07	8.869e-07
arith	2	8.860e-07	8.199e-07
colliding	3	8.822e-07	6.031e-07
2b2t	3	8.815e-07	8.815e-07
adt	3	8.815e-07	8.815e-07
ascender	3	8.815e-07	8.815e-07
base_address	3	8.815e-07	8.815e-07
bunny	3	8.815e-07	8.815e-07
defuse	3	8.815e-07	8.815e-07
descender	3	8.815e-07	8.815e-07
dispensers	3	8.815e-07	8.815e-07
dist1	3	8.815e-07	8.815e-07
dll	3	8.815e-07	8.815e-07
eating	3	8.815e-07	8.815e-07
exposure	3	8.815e-07	8.815e-07
frame_buffer	3	8.815e-07	8.815e-07
furnaces	3	8.815e-07	8.815e-07
hoppers	3	8.815e-07	8.815e-07
microsoft	3	8.815e-07	8.815e-07
mmc	3	8.815e-07	8.815e-07
neutrals	3	8.815e-07	8.815e-07
panorama	3	8.815e-07	8.815e-07
push_out	3	8.815e-07	8.815e-07
quadrant	3	8.815e-07	8.815e-07
snapping	3	8.815e-07	8.815e-07
strider	3	8.815e-07	8.815e-07
surrounded	3	8.815e-07	8.815e-07
system_tray	3	8.815e-07	8.815e-07
th32process	3	8.815e-07	8.815e-07
tracers	3	8.815e-07	8.815e-07
trample	3	8.815e-07	8.815e-07
verus	3	8.815e-07	8.815e-07
settled	6	8.803e-07	7.770e-07
jjt	32	8.800e-07	8.800e-07
abnf	1	8.772e-07	8.772e-07
acquaintances	1	8.772e-07	8.772e-07
airport	1	8.772e-07	8.772e-07
available0	1	8.772e-07	8.772e-07
breakfast2	1	8.772e-07	8.772e-07
caze	1	8.772e-07	8.772e-07
checkers	1	8.772e-07	8.772e-07
conditioned	1	8.772e-07	8.772e-07
consumer1	1	8.772e-07	8.772e-07
consumer2	1	8.772e-07	8.772e-07
earl	1	8.772e-07	8.772e-07
fluxes	1	8.772e-07	8.772e-07
generator3	1	8.772e-07	8.772e-07
geometrie	1	8.772e-07	8.772e-07
graph22	1	8.772e-07	8.772e-07
isomorphic	1	8.772e-07	8.772e-07
jc	1	8.772e-07	8.772e-07
join3	1	8.772e-07	8.772e-07
logicalsourceresolver	1	8.772e-07	8.772e-07
lsource2	1	8.772e-07	8.772e-07
manu	1	8.772e-07	8.772e-07
mapper2	1	8.772e-07	8.772e-07
mappingg	1	8.772e-07	8.772e-07
mappping	1	8.772e-07	8.772e-07
namedcarml	1	8.772e-07	8.772e-07
nameds	1	8.772e-07	8.772e-07
normalizable	1	8.772e-07	8.772e-07
normalizedwaterdeel	1	8.772e-07	8.772e-07
records2	1	8.772e-07	8.772e-07
simple3test	1	8.772e-07	8.772e-07
sourceresolver	1	8.772e-07	8.772e-07
specifi	1	8.772e-07	8.772e-07
subject3	1	8.772e-07	8.772e-07
talud	1	8.772e-07	8.772e-07
turtle	1	8.772e-07	8.772e-07
uppercaser	1	8.772e-07	8.772e-07
123	5	8.758e-07	7.968e-07
reschedule	5	8.758e-07	7.968e-07
semantics	5	8.758e-07	7.968e-07
entrys	4	8.753e-07	7.967e-07
ww	4	8.753e-07	7.967e-07
byte2string	6	8.722e-07	6.962e-07
str3	4	8.721e-07	6.961e-07
basy	1	8.719e-07	8.719e-07
frequently	1	8.719e-07	8.719e-07
glues	1	8.719e-07	8.719e-07
handler2	1	8.719e-07	8.719e-07
job_scheduler	1	8.719e-07	8.719e-07
logr	1	8.719e-07	8.719e-07
md5password	1	8.719e-07	8.719e-07
parametrized	1	8.719e-07	8.719e-07
postger	1	8.719e-07	8.719e-07
push_time	1	8.719e-07	8.719e-07
addrs	7	8.709e-07	6.302e-07
overwrites	18	8.642e-07	6.100e-07
specialization	3	8.616e-07	7.956e-07
mother	3	8.604e-07	8.201e-07
num1	3	8.604e-07	8.201e-07
num2	3	8.604e-07	8.201e-07
ors	21	8.602e-07	8.602e-07
freqs	21	8.591e-07	6.282e-07
nullness	2	8.567e-07	6.044e-07
programmatic	2	8.567e-07	6.044e-07
cpu_time	3	8.558e-07	8.558e-07
intercepting	3	8.558e-07	8.558e-07
lmax	3	8.558e-07	8.558e-07
lmin	3	8.558e-07	8.558e-07
miscellaneous	3	8.558e-07	8.558e-07
rules2	3	8.558e-07	8.558e-07
ndv	31	8.525e-07	8.525e-07
return_match	31	8.525e-07	8.525e-07
idcard17	4	8.522e-07	7.738e-07
linked_list	6	8.517e-07	6.839e-07
inserting	2	8.493e-07	5.988e-07
elt	6	8.472e-07	6.342e-07
continent	3	8.470e-07	8.197e-07
wf	5	8.442e-07	5.506e-07
arg3	3	8.421e-07	5.069e-07
xls	3	8.385e-07	7.726e-07
db1	30	8.384e-07	7.981e-07
shorts	10	8.383e-07	6.541e-07
ch1	2	8.372e-07	5.909e-07
au	2	8.371e-07	5.916e-07
representations	2	8.312e-07	5.871e-07
enough	7	8.280e-07	5.083e-07
misses	7	8.280e-07	5.083e-07
respone	3	8.264e-07	7.606e-07
claz	30	8.250e-07	8.250e-07
nv	3	8.211e-07	5.438e-07
remove1	3	8.208e-07	7.935e-07
remove2	3	8.208e-07	7.935e-07
104appetite	2	8.195e-07	8.195e-07
104bladder	2	8.195e-07	8.195e-07
104bowel	2	8.195e-07	8.195e-07
104course	2	8.195e-07	8.195e-07
104familycondition	2	8.195e-07	8.195e-07
104gettingwithfamily	2	8.195e-07	8.195e-07
104householdwork	2	8.195e-07	8.195e-07
104hygieneselfcare	2	8.195e-07	8.195e-07
104issuesatworkplace	2	8.195e-07	8.195e-07
104libido	2	8.195e-07	8.195e-07
104pastmedicalcondition	2	8.195e-07	8.195e-07
104pastpsychiatriccondition	2	8.195e-07	8.195e-07
104precipitatingfactor	2	8.195e-07	8.195e-07
104progress	2	8.195e-07	8.195e-07
104regularworok	2	8.195e-07	8.195e-07
104relationship	2	8.195e-07	8.195e-07
104sleep	2	8.195e-07	8.195e-07
104treatmenttype	2	8.195e-07	8.195e-07
appetite	2	8.195e-07	8.195e-07
benreq	2	8.195e-07	8.195e-07
bowel	2	8.195e-07	8.195e-07
branchs	2	8.195e-07	8.195e-07
como	2	8.195e-07	8.195e-07
covid19contact	2	8.195e-07	8.195e-07
cti	2	8.195e-07	8.195e-07
demographic	2	8.195e-07	8.195e-07
fathers	2	8.195e-07	8.195e-07
hihlcocasesheet	2	8.195e-07	8.195e-07
hygienese	2	8.195e-07	8.195e-07
id104	2	8.195e-07	8.195e-07
ivr	2	8.195e-07	8.195e-07
libido	2	8.195e-07	8.195e-07
line5	2	8.195e-07	8.195e-07
mothers	2	8.195e-07	8.195e-07
oj	2	8.195e-07	8.195e-07
ovid19	2	8.195e-07	8.195e-07
precipitating	2	8.195e-07	8.195e-07
predi	2	8.195e-07	8.195e-07
seti	2	8.195e-07	8.195e-07
subcat	2	8.195e-07	8.195e-07
subservice	2	8.195e-07	8.195e-07
symp	2	8.195e-07	8.195e-07
symtoms	2	8.195e-07	8.195e-07
usl	2	8.195e-07	8.195e-07
aql	20	8.192e-07	8.192e-07
atp	12	8.187e-07	8.187e-07
auxiliary	12	8.187e-07	8.187e-07
billings	12	8.187e-07	8.187e-07
surcharge	12	8.187e-07	8.187e-07
uce	12	8.187e-07	8.187e-07
vps	12	8.187e-07	8.187e-07
md5utils	1	8.177e-07	8.177e-07
pictures03	1	8.177e-07	8.177e-07
pictures07	1	8.177e-07	8.177e-07
ft	6	8.158e-07	5.108e-07
composer	2	8.142e-07	8.142e-07
leases	2	8.142e-07	8.142e-07
migrator	2	8.142e-07	8.142e-07
responsibilities	2	8.142e-07	8.142e-07
sleeper	2	8.142e-07	8.142e-07
sleepy	2	8.142e-07	8.142e-07
token会话	2	8.142e-07	8.142e-07
transitioned	2	8.142e-07	8.142e-07
trends	2	8.142e-07	8.142e-07
v176	2	8.142e-07	8.142e-07
v45	2	8.142e-07	8.142e-07
损坏payload返回空快照	2	8.142e-07	8.142e-07
正式表为空时从旧快照恢复并回填正式表	2	8.142e-07	8.142e-07
gh	6	8.109e-07	6.859e-07
hash64	28	8.107e-07	7.449e-07
type3	3	8.099e-07	6.858e-07
beagle	7	8.060e-07	5.671e-07
optimized	19	8.041e-07	5.809e-07
evicting	2	8.038e-07	5.655e-07
geom	29	7.975e-07	7.975e-07
insertion	29	7.975e-07	7.975e-07
timed	8	7.967e-07	6.328e-07
markers	19	7.958e-07	5.766e-07
defensive_copy	5	7.955e-07	6.932e-07
splitted	5	7.955e-07	6.932e-07
were	5	7.955e-07	6.932e-07
amounts	7	7.945e-07	5.592e-07
cust	7	7.945e-07	5.592e-07
0arg	2	7.933e-07	7.933e-07
all1	2	7.933e-07	7.933e-07
all2	2	7.933e-07	7.933e-07
anyway	2	7.933e-07	7.933e-07
bay	2	7.933e-07	7.933e-07
c2k	2	7.933e-07	7.933e-07
c2k2j	2	7.933e-07	7.933e-07
calculator8min	2	7.933e-07	7.933e-07
collie	2	7.933e-07	7.933e-07
constructor1	2	7.933e-07	7.933e-07
count0	2	7.933e-07	7.933e-07
deregistration	2	7.933e-07	7.933e-07
ek	2	7.933e-07	7.933e-07
examination	2	7.933e-07	7.933e-07
exp0	2	7.933e-07	7.933e-07
fire_and_forget	2	7.933e-07	7.933e-07
inspection	2	7.933e-07	7.933e-07
ish	2	7.933e-07	7.933e-07
m0	2	7.933e-07	7.933e-07
num2processing	2	7.933e-07	7.933e-07
ping_pong	2	7.933e-07	7.933e-07
prescreen	2	7.933e-07	7.933e-07
replace1	2	7.933e-07	7.933e-07
req3	2	7.933e-07	7.933e-07
req4	2	7.933e-07	7.933e-07
robots	2	7.933e-07	7.933e-07
rq	2	7.933e-07	7.933e-07
sleep0	2	7.933e-07	7.933e-07
slot_time	2	7.933e-07	7.933e-07
stepper	2	7.933e-07	7.933e-07
stricter	2	7.933e-07	7.933e-07
time0	2	7.933e-07	7.933e-07
to16bit	2	7.933e-07	7.933e-07
touchy	2	7.933e-07	7.933e-07
unscheduled	2	7.933e-07	7.933e-07
weblog424	2	7.933e-07	7.933e-07
weigh	2	7.933e-07	7.933e-07
wo	2	7.933e-07	7.933e-07
yield	2	7.933e-07	7.933e-07
anon	8	7.928e-07	5.227e-07
paired	7	7.857e-07	4.476e-07
rate2	3	7.857e-07	7.584e-07
parsers	6	7.821e-07	6.380e-07
overriden	3	7.812e-07	6.884e-07
backup_file	9	7.802e-07	6.166e-07
prepares	19	7.783e-07	7.783e-07
regr	19	7.783e-07	7.783e-07
80	5	7.774e-07	6.753e-07
abbreviate	2	7.703e-07	7.703e-07
base62	2	7.703e-07	7.703e-07
entrypt	2	7.703e-07	7.703e-07
font3	2	7.703e-07	7.703e-07
grades	2	7.703e-07	7.703e-07
h5qr	2	7.703e-07	7.703e-07
insr	2	7.703e-07	7.703e-07
nvps	2	7.703e-07	7.703e-07
parmas	2	7.703e-07	7.703e-07
pascal_case	2	7.703e-07	7.703e-07
payed	2	7.703e-07	7.703e-07
rebate	2	7.703e-07	7.703e-07
selling_point	2	7.703e-07	7.703e-07
sended	2	7.703e-07	7.703e-07
show_time	2	7.703e-07	7.703e-07
tduty	2	7.703e-07	7.703e-07
collates	28	7.700e-07	7.700e-07
indentation	28	7.700e-07	7.700e-07
callers	2	7.691e-07	5.516e-07
omission	2	7.691e-07	5.516e-07
pulled	2	7.691e-07	5.516e-07
gzos	2	7.672e-07	5.500e-07
hf	2	7.672e-07	5.500e-07
remains	10	7.658e-07	5.721e-07
ak	6	7.654e-07	6.219e-07
fv	6	7.654e-07	6.219e-07
retains	14	7.646e-07	5.391e-07
stock_list	2	7.643e-07	5.377e-07
omits	12	7.625e-07	5.480e-07
shrinks	12	7.625e-07	5.480e-07
partially	9	7.615e-07	5.042e-07
zo	2	7.588e-07	5.454e-07
attri	2	7.582e-07	7.582e-07
banking	2	7.582e-07	7.582e-07
base64gif	2	7.582e-07	7.582e-07
code2ignore	2	7.582e-07	7.582e-07
combination2	2	7.582e-07	7.582e-07
displays	2	7.582e-07	7.582e-07
dql	2	7.582e-07	7.582e-07
empty_product	2	7.582e-07	7.582e-07
exporting	2	7.582e-07	7.582e-07
history2	2	7.582e-07	7.582e-07
infomation	2	7.582e-07	7.582e-07
initiated	2	7.582e-07	7.582e-07
laptop	2	7.582e-07	7.582e-07
percents	2	7.582e-07	7.582e-07
promotion1	2	7.582e-07	7.582e-07
promotion2	2	7.582e-07	7.582e-07
return200	2	7.582e-07	7.582e-07
return_current	2	7.582e-07	7.582e-07
data3	7	7.558e-07	6.320e-07
hash_function	7	7.558e-07	6.320e-07
data_object	3	7.554e-07	6.776e-07
moves	9	7.540e-07	4.975e-07
gee	2	7.537e-07	6.882e-07
webxml	2	7.537e-07	6.882e-07
lap	8	7.527e-07	6.088e-07
cheat	2	7.519e-07	5.417e-07
cull	2	7.519e-07	5.417e-07
mouth	2	7.519e-07	5.417e-07
multiplayer	2	7.519e-07	5.417e-07
riding	2	7.519e-07	5.417e-07
underwater	2	7.519e-07	5.417e-07
bumped	11	7.505e-07	7.505e-07
issuances	11	7.505e-07	7.505e-07
kids	11	7.505e-07	7.505e-07
packing	11	7.505e-07	7.505e-07
paginator	11	7.505e-07	7.505e-07
purchase_order	11	7.505e-07	7.505e-07
qoh	11	7.505e-07	7.505e-07
145	4	7.499e-07	6.717e-07
150	4	7.499e-07	6.717e-07
60	4	7.499e-07	6.717e-07
93	4	7.499e-07	6.717e-07
query2	4	7.499e-07	6.717e-07
couchdb	3	7.493e-07	6.716e-07
sftp	3	7.493e-07	6.716e-07
x509certificate	3	7.493e-07	6.716e-07
combines	10	7.482e-07	5.115e-07
map2xml	3	7.448e-07	6.671e-07
rec1	27	7.425e-07	7.425e-07
kt	6	7.417e-07	6.238e-07
case_sensitivity	2	7.417e-07	6.762e-07
tag_end	5	7.411e-07	6.291e-07
eden	17	7.408e-07	5.305e-07
snapshot2	9	7.383e-07	5.610e-07
registering	2	7.379e-07	5.325e-07
tidb	18	7.373e-07	7.373e-07
gids	2	7.356e-07	6.702e-07
serverurl	2	7.356e-07	6.702e-07
stability	3	7.354e-07	5.041e-07
stays	11	7.350e-07	5.335e-07
unparseable	11	7.350e-07	5.335e-07
replacing	9	7.338e-07	4.976e-07
corruption	11	7.330e-07	5.319e-07
vertex2	11	7.330e-07	5.319e-07
ov	10	7.325e-07	5.007e-07
men	3	7.284e-07	6.751e-07
remover	13	7.267e-07	5.134e-07
compiled	7	7.240e-07	5.383e-07
fl	5	7.203e-07	6.671e-07
option1	6	7.202e-07	5.074e-07
option3	6	7.202e-07	5.074e-07
bout	6	7.199e-07	4.415e-07
getc	2	7.189e-07	5.108e-07
b64	3	7.179e-07	6.646e-07
ldbc	26	7.150e-07	7.150e-07
preprocess	26	7.150e-07	7.150e-07
underflow	26	7.150e-07	7.150e-07
used2	26	7.150e-07	7.150e-07
diffs	2	7.144e-07	6.743e-07
sway	2	7.143e-07	6.742e-07
assume	2	7.130e-07	6.858e-07
before1	2	7.130e-07	6.858e-07
tied	2	7.130e-07	6.858e-07
edge_set	6	7.115e-07	6.104e-07
frontier	6	7.115e-07	6.104e-07
funct	6	7.115e-07	6.104e-07
corrected	8	7.113e-07	4.565e-07
snapshot1	8	7.108e-07	5.510e-07
hight	2	7.084e-07	6.683e-07
kudu	2	7.084e-07	6.683e-07
nexus	2	7.084e-07	6.683e-07
object2xml	2	7.084e-07	6.683e-07
summarizer	2	7.084e-07	6.683e-07
decisions	2	7.079e-07	5.037e-07
enables	10	7.075e-07	5.201e-07
workload	10	7.075e-07	5.201e-07
exception1	2	7.058e-07	5.004e-07
runners	2	7.058e-07	5.004e-07
hex2bytes	2	7.039e-07	6.638e-07
eng	2	7.009e-07	6.737e-07
res4	2	7.009e-07	6.737e-07
rl	2	7.009e-07	6.737e-07
simple1	2	7.009e-07	6.737e-07
seg1	2	7.009e-07	6.736e-07
refreshing	2	6.974e-07	4.954e-07
nebula	17	6.963e-07	6.963e-07
1003	2	6.949e-07	6.677e-07
800	2	6.949e-07	6.677e-07
concurrently	2	6.949e-07	6.677e-07
reflexive	15	6.941e-07	4.913e-07
accepting	4	6.928e-07	6.656e-07
group3	2	6.904e-07	6.632e-07
allocates	25	6.875e-07	6.875e-07
cme	25	6.875e-07	6.875e-07
disk_cache	25	6.875e-07	6.875e-07
instanceof	25	6.875e-07	6.875e-07
policies	25	6.875e-07	6.875e-07
tx4	25	6.875e-07	6.875e-07
annotation2	1	6.855e-07	6.855e-07
annotation3	1	6.855e-07	6.855e-07
atomized	1	6.855e-07	6.855e-07
beethoven	1	6.855e-07	6.855e-07
before2	1	6.855e-07	6.855e-07
blues	1	6.855e-07	6.855e-07
bridges	1	6.855e-07	6.855e-07
caegory	1	6.855e-07	6.855e-07
ceded	1	6.855e-07	6.855e-07
clash	1	6.855e-07	6.855e-07
classical	1	6.855e-07	6.855e-07
compiling	1	6.855e-07	6.855e-07
complaining	1	6.855e-07	6.855e-07
complains	1	6.855e-07	6.855e-07
constr	1	6.855e-07	6.855e-07
context0	1	6.855e-07	6.855e-07
converters1	1	6.855e-07	6.855e-07
converters2	1	6.855e-07	6.855e-07
convertion	1	6.855e-07	6.855e-07
covariant	1	6.855e-07	6.855e-07
deserializee	1	6.855e-07	6.855e-07
domestic_dog	1	6.855e-07	6.855e-07
ee7environment	1	6.855e-07	6.855e-07
enviroment	1	6.855e-07	6.855e-07
evaluating	1	6.855e-07	6.855e-07
evecuted	1	6.855e-07	6.855e-07
fight	1	6.855e-07	6.855e-07
file0	1	6.855e-07	6.855e-07
filling	1	6.855e-07	6.855e-07
funk	1	6.855e-07	6.855e-07
ghi	1	6.855e-07	6.855e-07
handle400	1	6.855e-07	6.855e-07
handle404	1	6.855e-07	6.855e-07
handle405	1	6.855e-07	6.855e-07
handler0	1	6.855e-07	6.855e-07
honor	1	6.855e-07	6.855e-07
horse	1	6.855e-07	6.855e-07
hsqldb	1	6.855e-07	6.855e-07
immediatelly	1	6.855e-07	6.855e-07
includer	1	6.855e-07	6.855e-07
instace	1	6.855e-07	6.855e-07
instantiatable	1	6.855e-07	6.855e-07
internacionalized	1	6.855e-07	6.855e-07
interpolator	1	6.855e-07	6.855e-07
is80	1	6.855e-07	6.855e-07
jazz	1	6.855e-07	6.855e-07
limited2	1	6.855e-07	6.855e-07
linker	1	6.855e-07	6.855e-07
m4	1	6.855e-07	6.855e-07
m5	1	6.855e-07	6.855e-07
m6	1	6.855e-07	6.855e-07
message3	1	6.855e-07	6.855e-07
method1param	1	6.855e-07	6.855e-07
method2params	1	6.855e-07	6.855e-07
mimes	1	6.855e-07	6.855e-07
mozart	1	6.855e-07	6.855e-07
mregex	1	6.855e-07	6.855e-07
not2	1	6.855e-07	6.855e-07
not80	1	6.855e-07	6.855e-07
nullify	1	6.855e-07	6.855e-07
obey	1	6.855e-07	6.855e-07
otto	1	6.855e-07	6.855e-07
outjects	1	6.855e-07	6.855e-07
overloaded	1	6.855e-07	6.855e-07
overrided	1	6.855e-07	6.855e-07
pack4ge	1	6.855e-07	6.855e-07
parametrize	1	6.855e-07	6.855e-07
paramters	1	6.855e-07	6.855e-07
parial	1	6.855e-07	6.855e-07
problematic	1	6.855e-07	6.855e-07
proxifiyng	1	6.855e-07	6.855e-07
ptype	1	6.855e-07	6.855e-07
punk	1	6.855e-07	6.855e-07
rap	1	6.855e-07	6.855e-07
redirecting	1	6.855e-07	6.855e-07
reggae	1	6.855e-07	6.855e-07
return_key	1	6.855e-07	6.855e-07
send404if	1	6.855e-07	6.855e-07
shoudl	1	6.855e-07	6.855e-07
simply	1	6.855e-07	6.855e-07
streets	1	6.855e-07	6.855e-07
subpackage	1	6.855e-07	6.855e-07
suceeded	1	6.855e-07	6.855e-07
suplier	1	6.855e-07	6.855e-07
sysenv	1	6.855e-07	6.855e-07
targer	1	6.855e-07	6.855e-07
tied2	1	6.855e-07	6.855e-07
topologically	1	6.855e-07	6.855e-07
unexistent	1	6.855e-07	6.855e-07
vendorized	1	6.855e-07	6.855e-07
vparameter	1	6.855e-07	6.855e-07
wrappers2	1	6.855e-07	6.855e-07
affiliate	10	6.823e-07	6.823e-07
ecl	10	6.823e-07	6.823e-07
fedex	10	6.823e-07	6.823e-07
fixed_asset	10	6.823e-07	6.823e-07
induce	10	6.823e-07	6.823e-07
inquire	10	6.823e-07	6.823e-07
pounds	10	6.823e-07	6.823e-07
redeem	10	6.823e-07	6.823e-07
targ	10	6.823e-07	6.823e-07
assemblies	2	6.818e-07	5.087e-07
veto	2	6.818e-07	5.087e-07
alice	9	6.800e-07	5.079e-07
full_page	9	6.800e-07	5.079e-07
sees	9	6.800e-07	5.079e-07
swallows	9	6.800e-07	5.079e-07
deco	2	6.798e-07	5.069e-07
forever	2	6.798e-07	5.069e-07
a2dd	1	6.734e-07	6.734e-07
appo	1	6.734e-07	6.734e-07
apt	1	6.734e-07	6.734e-07
array3	1	6.734e-07	6.734e-07
assocative	1	6.734e-07	6.734e-07
beautiful	1	6.734e-07	6.734e-07
bldr	1	6.734e-07	6.734e-07
bool1	1	6.734e-07	6.734e-07
cc2	1	6.734e-07	6.734e-07
cc2fetched	1	6.734e-07	6.734e-07
chilren	1	6.734e-07	6.734e-07
cloudtestconfig	1	6.734e-07	6.734e-07
colons	1	6.734e-07	6.734e-07
comment1	1	6.734e-07	6.734e-07
comment2	1	6.734e-07	6.734e-07
crackers	1	6.734e-07	6.734e-07
cs6	1	6.734e-07	6.734e-07
cs7	1	6.734e-07	6.734e-07
descendents	1	6.734e-07	6.734e-07
dud	1	6.734e-07	6.734e-07
errornum	1	6.734e-07	6.734e-07
esperanto	1	6.734e-07	6.734e-07
ford	1	6.734e-07	6.734e-07
form2	1	6.734e-07	6.734e-07
hint1	1	6.734e-07	6.734e-07
hints1	1	6.734e-07	6.734e-07
hints2	1	6.734e-07	6.734e-07
hints3	1	6.734e-07	6.734e-07
indexmetas	1	6.734e-07	6.734e-07
iri1	1	6.734e-07	6.734e-07
iri2	1	6.734e-07	6.734e-07
labels4	1	6.734e-07	6.734e-07
level2a	1	6.734e-07	6.734e-07
level2b	1	6.734e-07	6.734e-07
lifier	1	6.734e-07	6.734e-07
lits	1	6.734e-07	6.734e-07
liverpools	1	6.734e-07	6.734e-07
livestock	1	6.734e-07	6.734e-07
lwith	1	6.734e-07	6.734e-07
md1	1	6.734e-07	6.734e-07
md2	1	6.734e-07	6.734e-07
mdf	1	6.734e-07	6.734e-07
metaflds	1	6.734e-07	6.734e-07
mtdb	1	6.734e-07	6.734e-07
operation3	1	6.734e-07	6.734e-07
originaluri	1	6.734e-07	6.734e-07
playpen2	1	6.734e-07	6.734e-07
prefix1	1	6.734e-07	6.734e-07
prefix2	1	6.734e-07	6.734e-07
prop5	1	6.734e-07	6.734e-07
prop6	1	6.734e-07	6.734e-07
rdfdiff	1	6.734e-07	6.734e-07
relateds	1	6.734e-07	6.734e-07
reponse	1	6.734e-07	6.734e-07
res3l	1	6.734e-07	6.734e-07
res4l	1	6.734e-07	6.734e-07
response4	1	6.734e-07	6.734e-07
scheme1	1	6.734e-07	6.734e-07
scheme2	1	6.734e-07	6.734e-07
semaphoremodel	1	6.734e-07	6.734e-07
semord	1	6.734e-07	6.734e-07
serverid	1	6.734e-07	6.734e-07
skostdb	1	6.734e-07	6.734e-07
slashes	1	6.734e-07	6.734e-07
sourceip	1	6.734e-07	6.734e-07
studio	1	6.734e-07	6.734e-07
subj	1	6.734e-07	6.734e-07
tc1	1	6.734e-07	6.734e-07
tc2	1	6.734e-07	6.734e-07
term0	1	6.734e-07	6.734e-07
terms1	1	6.734e-07	6.734e-07
terms2	1	6.734e-07	6.734e-07
terms3	1	6.734e-07	6.734e-07
test23	1	6.734e-07	6.734e-07
tight	1	6.734e-07	6.734e-07
tildered	1	6.734e-07	6.734e-07
unprotect	1	6.734e-07	6.734e-07
uris2	1	6.734e-07	6.734e-07
uuid1	1	6.734e-07	6.734e-07
uuid2	1	6.734e-07	6.734e-07
yuuge	1	6.734e-07	6.734e-07
2380	1	6.734e-07	6.734e-07
25404	1	6.734e-07	6.734e-07
25432	1	6.734e-07	6.734e-07
39967	1	6.734e-07	6.734e-07
41388	1	6.734e-07	6.734e-07
48579	1	6.734e-07	6.734e-07
51454	1	6.734e-07	6.734e-07
55345	1	6.734e-07	6.734e-07
65595	1	6.734e-07	6.734e-07
65596	1	6.734e-07	6.734e-07
65597	1	6.734e-07	6.734e-07
bh2	1	6.734e-07	6.734e-07
blw	1	6.734e-07	6.734e-07
chips	1	6.734e-07	6.734e-07
descs	1	6.734e-07	6.734e-07
draw114	1	6.734e-07	6.734e-07
esx	1	6.734e-07	6.734e-07
folderx	1	6.734e-07	6.734e-07
ftw	1	6.734e-07	6.734e-07
glint	1	6.734e-07	6.734e-07
hammer	1	6.734e-07	6.734e-07
hint2	1	6.734e-07	6.734e-07
ily	1	6.734e-07	6.734e-07
ka	1	6.734e-07	6.734e-07
kfw	1	6.734e-07	6.734e-07
label68	1	6.734e-07	6.734e-07
layer118	1	6.734e-07	6.734e-07
library_file	1	6.734e-07	6.734e-07
loose	1	6.734e-07	6.734e-07
m7	1	6.734e-07	6.734e-07
m9	1	6.734e-07	6.734e-07
model114	1	6.734e-07	6.734e-07
offender	1	6.734e-07	6.734e-07
oggs	1	6.734e-07	6.734e-07
parallax	1	6.734e-07	6.734e-07
paw	1	6.734e-07	6.734e-07
preparation	1	6.734e-07	6.734e-07
previews	1	6.734e-07	6.734e-07
procedural	1	6.734e-07	6.734e-07
quads114	1	6.734e-07	6.734e-07
renderer114	1	6.734e-07	6.734e-07
screen_background	1	6.734e-07	6.734e-07
sector	1	6.734e-07	6.734e-07
state114	1	6.734e-07	6.734e-07
stw	1	6.734e-07	6.734e-07
submissions	1	6.734e-07	6.734e-07
submitting	1	6.734e-07	6.734e-07
subscreen	1	6.734e-07	6.734e-07
super_key	1	6.734e-07	6.734e-07
swatches	1	6.734e-07	6.734e-07
swords	1	6.734e-07	6.734e-07
tag_strip	1	6.734e-07	6.734e-07
tpy	1	6.734e-07	6.734e-07
tried	1	6.734e-07	6.734e-07
twinkle	1	6.734e-07	6.734e-07
wrote	1	6.734e-07	6.734e-07
ideal	4	6.733e-07	6.201e-07
params2	4	6.733e-07	6.201e-07
pname	4	6.733e-07	6.201e-07
reader2	4	6.733e-07	6.201e-07
severe	15	6.703e-07	4.768e-07
digraph	3	6.698e-07	6.047e-07
title2	3	6.698e-07	6.047e-07
verif	3	6.698e-07	6.047e-07
0x0f	1	6.674e-07	6.674e-07
0x0f0	1	6.674e-07	6.674e-07
0xf	1	6.674e-07	6.674e-07
1000	1	6.674e-07	6.674e-07
100000	1	6.674e-07	6.674e-07
1000000	1	6.674e-07	6.674e-07
10l	1	6.674e-07	6.674e-07
14b	1	6.674e-07	6.674e-07
1500	1	6.674e-07	6.674e-07
200000	1	6.674e-07	6.674e-07
30000	1	6.674e-07	6.674e-07
62000	1	6.674e-07	6.674e-07
65000	1	6.674e-07	6.674e-07
65536	1	6.674e-07	6.674e-07
7b	1	6.674e-07	6.674e-07
achar	1	6.674e-07	6.674e-07
annotaions	1	6.674e-07	6.674e-07
asyn	1	6.674e-07	6.674e-07
atf	1	6.674e-07	6.674e-07
base4jdbc	1	6.674e-07	6.674e-07
base4mongo	1	6.674e-07	6.674e-07
bean2xml	1	6.674e-07	6.674e-07
broadcasting	1	6.674e-07	6.674e-07
child01component	1	6.674e-07	6.674e-07
child02component	1	6.674e-07	6.674e-07
child03component	1	6.674e-07	6.674e-07
child04component	1	6.674e-07	6.674e-07
clendar	1	6.674e-07	6.674e-07
commponent	1	6.674e-07	6.674e-07
compnent	1	6.674e-07	6.674e-07
component2	1	6.674e-07	6.674e-07
confident	1	6.674e-07	6.674e-07
core_lock	1	6.674e-07	6.674e-07
cqls	1	6.674e-07	6.674e-07
cryption	1	6.674e-07	6.674e-07
dao4mongo	1	6.674e-07	6.674e-07
date2string	1	6.674e-07	6.674e-07
ddlmongo1	1	6.674e-07	6.674e-07
emmit1	1	6.674e-07	6.674e-07
emmit2	1	6.674e-07	6.674e-07
emmit3	1	6.674e-07	6.674e-07
emmiter	1	6.674e-07	6.674e-07
entitie	1	6.674e-07	6.674e-07
entityes	1	6.674e-07	6.674e-07
excuted	1	6.674e-07	6.674e-07
executorin	1	6.674e-07	6.674e-07
ext01	1	6.674e-07	6.674e-07
ext02	1	6.674e-07	6.674e-07
ffff	1	6.674e-07	6.674e-07
hire	1	6.674e-07	6.674e-07
lambda2result	1	6.674e-07	6.674e-07
leges	1	6.674e-07	6.674e-07
linseners	1	6.674e-07	6.674e-07
listener01test	1	6.674e-07	6.674e-07
listener02test	1	6.674e-07	6.674e-07
loud	1	6.674e-07	6.674e-07
num100	1	6.674e-07	6.674e-07
num100000	1	6.674e-07	6.674e-07
num20	1	6.674e-07	6.674e-07
num6	1	6.674e-07	6.674e-07
num600	1	6.674e-07	6.674e-07
num60000	1	6.674e-07	6.674e-07
numf	1	6.674e-07	6.674e-07
numsl	1	6.674e-07	6.674e-07
object2element	1	6.674e-07	6.674e-07
pager2	1	6.674e-07	6.674e-07
producter	1	6.674e-07	6.674e-07
propertys	1	6.674e-07	6.674e-07
qu	1	6.674e-07	6.674e-07
querymongo1	1	6.674e-07	6.674e-07
querymongo2	1	6.674e-07	6.674e-07
querys	1	6.674e-07	6.674e-07
raw_data	1	6.674e-07	6.674e-07
readding	1	6.674e-07	6.674e-07
rela	1	6.674e-07	6.674e-07
remarkes	1	6.674e-07	6.674e-07
reworded	1	6.674e-07	6.674e-07
rewording	1	6.674e-07	6.674e-07
scanners	1	6.674e-07	6.674e-07
serial3	1	6.674e-07	6.674e-07
setnx	1	6.674e-07	6.674e-07
sett4result	1	6.674e-07	6.674e-07
sever	1	6.674e-07	6.674e-07
simplicity	1	6.674e-07	6.674e-07
sits	1	6.674e-07	6.674e-07
smtps	1	6.674e-07	6.674e-07
spliter	1	6.674e-07	6.674e-07
string2byte	1	6.674e-07	6.674e-07
string2date	1	6.674e-07	6.674e-07
table2java	1	6.674e-07	6.674e-07
tep	1	6.674e-07	6.674e-07
test01interceptor	1	6.674e-07	6.674e-07
test02interceptor	1	6.674e-07	6.674e-07
test03interceptor	1	6.674e-07	6.674e-07
totle	1	6.674e-07	6.674e-07
trascation	1	6.674e-07	6.674e-07
troy	1	6.674e-07	6.674e-07
unsupport	1	6.674e-07	6.674e-07
unsuuport	1	6.674e-07	6.674e-07
update3	1	6.674e-07	6.674e-07
vertical_line	1	6.674e-07	6.674e-07
wait_state	1	6.674e-07	6.674e-07
winners	1	6.674e-07	6.674e-07
xml2bean	1	6.674e-07	6.674e-07
zhanwei	1	6.674e-07	6.674e-07
zipkin	1	6.674e-07	6.674e-07
ami	3	6.653e-07	6.653e-07
bu	3	6.653e-07	6.653e-07
fdbv	3	6.653e-07	6.653e-07
identifers	3	6.653e-07	6.653e-07
imaginary	3	6.653e-07	6.653e-07
intv	3	6.653e-07	6.653e-07
pvfs	3	6.653e-07	6.653e-07
retrieving	3	6.653e-07	6.653e-07
s3connection	3	6.653e-07	6.653e-07
shims	3	6.653e-07	6.653e-07
wbb	3	6.653e-07	6.653e-07
wbv	3	6.653e-07	6.653e-07
wicon	3	6.653e-07	6.653e-07
disposable	6	6.648e-07	5.016e-07
google	6	6.648e-07	5.016e-07
6bits	1	6.629e-07	6.629e-07
8bits	1	6.629e-07	6.629e-07
auth2config	1	6.629e-07	6.629e-07
auth2controller	1	6.629e-07	6.629e-07
base64chunked	1	6.629e-07	6.629e-07
basen	1	6.629e-07	6.629e-07
bind2	1	6.629e-07	6.629e-07
bitlen	1	6.629e-07	6.629e-07
bridge_route	1	6.629e-07	6.629e-07
docket	1	6.629e-07	6.629e-07
encrypt16	1	6.629e-07	6.629e-07
erased	1	6.629e-07	6.629e-07
example1001	1	6.629e-07	6.629e-07
example1002	1	6.629e-07	6.629e-07
example1003	1	6.629e-07	6.629e-07
example1004	1	6.629e-07	6.629e-07
example1007	1	6.629e-07	6.629e-07
example1008	1	6.629e-07	6.629e-07
example1009	1	6.629e-07	6.629e-07
example1010	1	6.629e-07	6.629e-07
exsit	1	6.629e-07	6.629e-07
function_key	1	6.629e-07	6.629e-07
get5	1	6.629e-07	6.629e-07
goods3	1	6.629e-07	6.629e-07
group4	1	6.629e-07	6.629e-07
group5	1	6.629e-07	6.629e-07
ibit	1	6.629e-07	6.629e-07
jsr303	1	6.629e-07	6.629e-07
jsr303anno	1	6.629e-07	6.629e-07
jsr303controller	1	6.629e-07	6.629e-07
lbit	1	6.629e-07	6.629e-07
listparam	1	6.629e-07	6.629e-07
lsm	1	6.629e-07	6.629e-07
md5source	1	6.629e-07	6.629e-07
member_field	1	6.629e-07	6.629e-07
missing_time	1	6.629e-07	6.629e-07
mudule	1	6.629e-07	6.629e-07
oauth2manager	1	6.629e-07	6.629e-07
persion	1	6.629e-07	6.629e-07
ribbon	1	6.629e-07	6.629e-07
serach	1	6.629e-07	6.629e-07
story21	1	6.629e-07	6.629e-07
story3	1	6.629e-07	6.629e-07
unsolved	1	6.629e-07	6.629e-07
upload2	1	6.629e-07	6.629e-07
upload3	1	6.629e-07	6.629e-07
v2controller	1	6.629e-07	6.629e-07
vo2	1	6.629e-07	6.629e-07
screenshots	4	6.627e-07	4.998e-07
sidx	4	6.627e-07	4.998e-07
coerced	24	6.600e-07	6.600e-07
dispatches	24	6.600e-07	6.600e-07
um	3	6.592e-07	6.192e-07
complementary	4	6.565e-07	6.035e-07
explore	4	6.565e-07	6.035e-07
stripping	4	6.565e-07	6.035e-07
heads	4	6.562e-07	5.891e-07
extras	10	6.560e-07	4.430e-07
coze	16	6.554e-07	6.554e-07
dify	16	6.554e-07	6.554e-07
foreigns	16	6.554e-07	6.554e-07
affects	8	6.525e-07	4.969e-07
interleaved	8	6.525e-07	4.969e-07
parens	9	6.513e-07	3.920e-07
transforms	8	6.493e-07	4.063e-07
quoting	3	6.459e-07	4.530e-07
index3	3	6.458e-07	6.186e-07
inspected	3	6.458e-07	6.186e-07
open_index	3	6.458e-07	6.186e-07
params1	3	6.458e-07	6.186e-07
nicks	8	6.451e-07	4.900e-07
china	8	6.450e-07	4.371e-07
closable	10	6.442e-07	4.654e-07
authenticators	16	6.436e-07	4.536e-07
fusion	3	6.425e-07	6.025e-07
qm	3	6.425e-07	6.025e-07
replacements	7	6.370e-07	4.132e-07
clamps	23	6.325e-07	6.325e-07
tripped	23	6.325e-07	6.325e-07
hotspots	3	6.319e-07	6.319e-07
dss	2	6.315e-07	4.639e-07
exhaustion	9	6.297e-07	4.631e-07
exhaustive	3	6.290e-07	6.019e-07
gates	3	6.290e-07	6.019e-07
impossible	3	6.290e-07	6.019e-07
jan	3	6.290e-07	6.019e-07
negation	3	6.290e-07	6.019e-07
priorities	3	6.290e-07	6.019e-07
accesses	5	6.283e-07	5.287e-07
absorbs	7	6.250e-07	4.871e-07
aggregates	7	6.250e-07	4.871e-07
reused	7	6.250e-07	4.871e-07
scaling	13	6.238e-07	4.396e-07
distances	7	6.230e-07	4.853e-07
langs	7	6.230e-07	4.853e-07
kd	5	6.219e-07	4.849e-07
recalculate	7	6.218e-07	4.020e-07
compound_key	2	6.184e-07	4.525e-07
ef	4	6.183e-07	3.777e-07
1a	2	6.183e-07	6.183e-07
1b	2	6.183e-07	6.183e-07
1c	2	6.183e-07	6.183e-07
allah	2	6.183e-07	6.183e-07
apostrophe	2	6.183e-07	6.183e-07
arabic	2	6.183e-07	6.183e-07
assigner	2	6.183e-07	6.183e-07
availiable	2	6.183e-07	6.183e-07
bm25f	2	6.183e-07	6.183e-07
bm25field	2	6.183e-07	6.183e-07
bm25rf	2	6.183e-07	6.183e-07
bm25scorer	2	6.183e-07	6.183e-07
cformat	2	6.183e-07	6.183e-07
checkpointed	2	6.183e-07	6.183e-07
checkpointer	2	6.183e-07	6.183e-07
coeff	2	6.183e-07	6.183e-07
comparisons	2	6.183e-07	6.183e-07
complicated	2	6.183e-07	6.183e-07
conflations	2	6.183e-07	6.183e-07
conna	2	6.183e-07	6.183e-07
connb	2	6.183e-07	6.183e-07
converged	2	6.183e-07	6.183e-07
convg	2	6.183e-07	6.183e-07
cstr	2	6.183e-07	6.183e-07
dat	2	6.183e-07	6.183e-07
den	2	6.183e-07	6.183e-07
descript	2	6.183e-07	6.183e-07
dnp	2	6.183e-07	6.183e-07
dnr	2	6.183e-07	6.183e-07
dsi	2	6.183e-07	6.183e-07
dsk	2	6.183e-07	6.183e-07
existential	2	6.183e-07	6.183e-07
extp	2	6.183e-07	6.183e-07
featurer	2	6.183e-07	6.183e-07
fielded	2	6.183e-07	6.183e-07
folder1	2	6.183e-07	6.183e-07
folder2	2	6.183e-07	6.183e-07
foldr	2	6.183e-07	6.183e-07
folds	2	6.183e-07	6.183e-07
formals	2	6.183e-07	6.183e-07
gzis	2	6.183e-07	6.183e-07
hypothesis	2	6.183e-07	6.183e-07
iids	2	6.183e-07	6.183e-07
indexer	2	6.183e-07	6.183e-07
isset	2	6.183e-07	6.183e-07
kba	2	6.183e-07	6.183e-07
l2scorer	2	6.183e-07	6.183e-07
l2scoring	2	6.183e-07	6.183e-07
lab40	2	6.183e-07	6.183e-07
lab41	2	6.183e-07	6.183e-07
lab42	2	6.183e-07	6.183e-07
lab43	2	6.183e-07	6.183e-07
lab44	2	6.183e-07	6.183e-07
lab45	2	6.183e-07	6.183e-07
lab46	2	6.183e-07	6.183e-07
lab47	2	6.183e-07	6.183e-07
lab48	2	6.183e-07	6.183e-07
lab49	2	6.183e-07	6.183e-07
lab50	2	6.183e-07	6.183e-07
lab51	2	6.183e-07	6.183e-07
lab52	2	6.183e-07	6.183e-07
lab53	2	6.183e-07	6.183e-07
launched	2	6.183e-07	6.183e-07
learnt	2	6.183e-07	6.183e-07
logdf	2	6.183e-07	6.183e-07
logngramtf	2	6.183e-07	6.183e-07
logtf	2	6.183e-07	6.183e-07
lpi	2	6.183e-07	6.183e-07
lwriter	2	6.183e-07	6.183e-07
mem1	2	6.183e-07	6.183e-07
mem2	2	6.183e-07	6.183e-07
nationality	2	6.183e-07	6.183e-07
nkvp	2	6.183e-07	6.183e-07
numbering	2	6.183e-07	6.183e-07
pl2f	2	6.183e-07	6.183e-07
pl2field	2	6.183e-07	6.183e-07
porter	2	6.183e-07	6.183e-07
posterior	2	6.183e-07	6.183e-07
power_set	2	6.183e-07	6.183e-07
priors	2	6.183e-07	6.183e-07
prms	2	6.183e-07	6.183e-07
proximity	2	6.183e-07	6.183e-07
psg	2	6.183e-07	6.183e-07
qfmax	2	6.183e-07	6.183e-07
qid1	2	6.183e-07	6.183e-07
qid2	2	6.183e-07	6.183e-07
qpa	2	6.183e-07	6.183e-07
qqe	2	6.183e-07	6.183e-07
qtext	2	6.183e-07	6.183e-07
rank1	2	6.183e-07	6.183e-07
renumber	2	6.183e-07	6.183e-07
replab2	2	6.183e-07	6.183e-07
replab3	2	6.183e-07	6.183e-07
reqp	2	6.183e-07	6.183e-07
resobj	2	6.183e-07	6.183e-07
retrievals	2	6.183e-07	6.183e-07
rle	2	6.183e-07	6.183e-07
shortv	2	6.183e-07	6.183e-07
sigmoid	2	6.183e-07	6.183e-07
specifics	2	6.183e-07	6.183e-07
step1	2	6.183e-07	6.183e-07
step3	2	6.183e-07	6.183e-07
subnode	2	6.183e-07	6.183e-07
subtoken	2	6.183e-07	6.183e-07
supplement	2	6.183e-07	6.183e-07
tartarus	2	6.183e-07	6.183e-07
tense	2	6.183e-07	6.183e-07
term3	2	6.183e-07	6.183e-07
tfn	2	6.183e-07	6.183e-07
tidy	2	6.183e-07	6.183e-07
tmp2	2	6.183e-07	6.183e-07
tokenized	2	6.183e-07	6.183e-07
tre	2	6.183e-07	6.183e-07
trigram	2	6.183e-07	6.183e-07
uniques	2	6.183e-07	6.183e-07
unnormalized	2	6.183e-07	6.183e-07
unwindow	2	6.183e-07	6.183e-07
utf8reader	2	6.183e-07	6.183e-07
uw8	2	6.183e-07	6.183e-07
uww	2	6.183e-07	6.183e-07
vetrumai	2	6.183e-07	6.183e-07
weightings	2	6.183e-07	6.183e-07
wex	2	6.183e-07	6.183e-07
wph	2	6.183e-07	6.183e-07
wxy	2	6.183e-07	6.183e-07
xq	2	6.183e-07	6.183e-07
chm	9	6.167e-07	4.516e-07
trunc	5	6.159e-07	4.793e-07
arango	15	6.144e-07	6.144e-07
dm	15	6.144e-07	6.144e-07
integrality	15	6.144e-07	6.144e-07
acro	9	6.140e-07	6.140e-07
collapsible	9	6.140e-07	6.140e-07
fixed_set	9	6.140e-07	6.140e-07
impersonate	9	6.140e-07	6.140e-07
mca	9	6.140e-07	6.140e-07
ul	9	6.140e-07	6.140e-07
memo	3	6.140e-07	5.225e-07
hdr	12	6.116e-07	4.303e-07
rewriter	12	6.116e-07	4.303e-07
nza	2	6.099e-07	4.291e-07
nzb	2	6.099e-07	4.291e-07
correlated	22	6.050e-07	6.050e-07
reverted	22	6.050e-07	6.050e-07
transaction2	22	6.050e-07	6.050e-07
injector	9	6.047e-07	3.653e-07
collisions	2	6.030e-07	4.244e-07
3state	2	6.015e-07	6.015e-07
admissible	2	6.015e-07	6.015e-07
alt3	2	6.015e-07	6.015e-07
analyse	2	6.015e-07	6.015e-07
animator	2	6.015e-07	6.015e-07
baseurl	2	6.015e-07	6.015e-07
bcancel	2	6.015e-07	6.015e-07
bdd	2	6.015e-07	6.015e-07
booleanize	2	6.015e-07	6.015e-07
booleanizer	2	6.015e-07	6.015e-07
boolsim	2	6.015e-07	6.015e-07
button1	2	6.015e-07	6.015e-07
cascading_style_sheet	2	6.015e-07	6.015e-07
centerx	2	6.015e-07	6.015e-07
centery	2	6.015e-07	6.015e-07
chaos	2	6.015e-07	6.015e-07
classe	2	6.015e-07	6.015e-07
colorization	2	6.015e-07	6.015e-07
connective	2	6.015e-07	6.015e-07
contributors	2	6.015e-07	6.015e-07
cstar	2	6.015e-07	6.015e-07
cyc	2	6.015e-07	6.015e-07
depht	2	6.015e-07	6.015e-07
desckey	2	6.015e-07	6.015e-07
dg1	2	6.015e-07	6.015e-07
dg2	2	6.015e-07	6.015e-07
discernible	2	6.015e-07	6.015e-07
doap	2	6.015e-07	6.015e-07
dynamical	2	6.015e-07	6.015e-07
elementary	2	6.015e-07	6.015e-07
elts	2	6.015e-07	6.015e-07
eot	2	6.015e-07	6.015e-07
estyle	2	6.015e-07	6.015e-07
expandff	2	6.015e-07	6.015e-07
first_state	2	6.015e-07	6.015e-07
genes	2	6.015e-07	6.015e-07
gesture	2	6.015e-07	6.015e-07
gna	2	6.015e-07	6.015e-07
graphcomparator	2	6.015e-07	6.015e-07
graphviz	2	6.015e-07	6.015e-07
gridx	2	6.015e-07	6.015e-07
gridy	2	6.015e-07	6.015e-07
helped	2	6.015e-07	6.015e-07
hgap	2	6.015e-07	6.015e-07
il	2	6.015e-07	6.015e-07
inames	2	6.015e-07	6.015e-07
inamestates	2	6.015e-07	6.015e-07
influence	2	6.015e-07	6.015e-07
initstates	2	6.015e-07	6.015e-07
ino	2	6.015e-07	6.015e-07
istream	2	6.015e-07	6.015e-07
itrans	2	6.015e-07	6.015e-07
jchild	2	6.015e-07	6.015e-07
la2	2	6.015e-07	6.015e-07
ldata	2	6.015e-07	6.015e-07
linit	2	6.015e-07	6.015e-07
listened	2	6.015e-07	6.015e-07
lnk	2	6.015e-07	6.015e-07
loop1	2	6.015e-07	6.015e-07
lqual	2	6.015e-07	6.015e-07
mnemonic	2	6.015e-07	6.015e-07
modelbooleanizer	2	6.015e-07	6.015e-07
modelreversion	2	6.015e-07	6.015e-07
motif	2	6.015e-07	6.015e-07
motifs	2	6.015e-07	6.015e-07
nbinitialstates	2	6.015e-07	6.015e-07
no1	2	6.015e-07	6.015e-07
no2	2	6.015e-07	6.015e-07
noc	2	6.015e-07	6.015e-07
orth	2	6.015e-07	6.015e-07
oscillations	2	6.015e-07	6.015e-07
pane1	2	6.015e-07	6.015e-07
ped	2	6.015e-07	6.015e-07
percieved	2	6.015e-07	6.015e-07
pt1	2	6.015e-07	6.015e-07
qbundle	2	6.015e-07	6.015e-07
reconstruction	2	6.015e-07	6.015e-07
reg2gp	2	6.015e-07	6.015e-07
reselect	2	6.015e-07	6.015e-07
revisit	2	6.015e-07	6.015e-07
rg1	2	6.015e-07	6.015e-07
rg2	2	6.015e-07	6.015e-07
sbm	2	6.015e-07	6.015e-07
scc2	2	6.015e-07	6.015e-07
simu	2	6.015e-07	6.015e-07
smin	2	6.015e-07	6.015e-07
spa	2	6.015e-07	6.015e-07
state2color	2	6.015e-07	6.015e-07
strippers	2	6.015e-07	6.015e-07
symmetry_group	2	6.015e-07	6.015e-07
tautological	2	6.015e-07	6.015e-07
tbp	2	6.015e-07	6.015e-07
tchanges	2	6.015e-07	6.015e-07
tclass	2	6.015e-07	6.015e-07
texp	2	6.015e-07	6.015e-07
tresult	2	6.015e-07	6.015e-07
vbuilder	2	6.015e-07	6.015e-07
vgap	2	6.015e-07	6.015e-07
xmlw	2	6.015e-07	6.015e-07
ydata	2	6.015e-07	6.015e-07
zginml	2	6.015e-07	6.015e-07
analyzers	16	6.015e-07	5.026e-07
cleanly	4	6.008e-07	5.240e-07
level2	4	6.008e-07	5.240e-07
target3	4	6.008e-07	5.240e-07
prec	3	5.991e-07	3.838e-07
invocation2	3	5.980e-07	5.709e-07
your	3	5.980e-07	5.709e-07
monotonic	6	5.975e-07	4.788e-07
bezier	2	5.946e-07	4.184e-07
nw	2	5.946e-07	4.184e-07
showing	2	5.946e-07	4.184e-07
snapped	2	5.946e-07	4.184e-07
supporter	2	5.946e-07	4.184e-07
arr2	3	5.945e-07	4.766e-07
immune	3	5.945e-07	4.766e-07
priv	3	5.945e-07	4.766e-07
unprocessed	3	5.945e-07	4.766e-07
cps	2	5.944e-07	4.185e-07
w3	2	5.944e-07	4.185e-07
fsync	21	5.909e-07	5.511e-07
triggering	5	5.881e-07	4.211e-07
abgr	2	5.877e-07	5.877e-07
account_manager	2	5.877e-07	5.877e-07
alignments	2	5.877e-07	5.877e-07
bl8	2	5.877e-07	5.877e-07
boat_paddle	2	5.877e-07	5.877e-07
bounce_out	2	5.877e-07	5.877e-07
centre	2	5.877e-07	5.877e-07
checkerboard	2	5.877e-07	5.877e-07
cob	2	5.877e-07	5.877e-07
compromised	2	5.877e-07	5.877e-07
cube_map	2	5.877e-07	5.877e-07
darker	2	5.877e-07	5.877e-07
diff1	2	5.877e-07	5.877e-07
dir2	2	5.877e-07	5.877e-07
dropdowngui	2	5.877e-07	5.877e-07
droppers	2	5.877e-07	5.877e-07
elf	2	5.877e-07	5.877e-07
enchantments	2	5.877e-07	5.877e-07
equipment	2	5.877e-07	5.877e-07
faded	2	5.877e-07	5.877e-07
falling	2	5.877e-07	5.877e-07
hbox	2	5.877e-07	5.877e-07
height2	2	5.877e-07	5.877e-07
horizontally	2	5.877e-07	5.877e-07
invisibles	2	5.877e-07	5.877e-07
knob1x	2	5.877e-07	5.877e-07
knob1y	2	5.877e-07	5.877e-07
knob2x	2	5.877e-07	5.877e-07
knob2y	2	5.877e-07	5.877e-07
lawn_mower	2	5.877e-07	5.877e-07
leapfrog	2	5.877e-07	5.877e-07
leggings	2	5.877e-07	5.877e-07
legit	2	5.877e-07	5.877e-07
mower	2	5.877e-07	5.877e-07
noom	2	5.877e-07	5.877e-07
notificiation	2	5.877e-07	5.877e-07
percentage1	2	5.877e-07	5.877e-07
percentage2	2	5.877e-07	5.877e-07
posi	2	5.877e-07	5.877e-07
professional	2	5.877e-07	5.877e-07
r6esp	2	5.877e-07	5.877e-07
rare	2	5.877e-07	5.877e-07
recommendations	2	5.877e-07	5.877e-07
reel	2	5.877e-07	5.877e-07
reject2	2	5.877e-07	5.877e-07
render2d	2	5.877e-07	5.877e-07
rubber_band	2	5.877e-07	5.877e-07
scaffold	2	5.877e-07	5.877e-07
smoothed	2	5.877e-07	5.877e-07
spectate	2	5.877e-07	5.877e-07
spoofed	2	5.877e-07	5.877e-07
staggered	2	5.877e-07	5.877e-07
strenth	2	5.877e-07	5.877e-07
tenacity	2	5.877e-07	5.877e-07
th32cs	2	5.877e-07	5.877e-07
th32module	2	5.877e-07	5.877e-07
treegui	2	5.877e-07	5.877e-07
vec2d	2	5.877e-07	5.877e-07
vertically	2	5.877e-07	5.877e-07
walls	2	5.877e-07	5.877e-07
weakness	2	5.877e-07	5.877e-07
width2	2	5.877e-07	5.877e-07
wield	2	5.877e-07	5.877e-07
kid	11	5.876e-07	4.890e-07
decimal_number	2	5.865e-07	5.221e-07
smallest	11	5.841e-07	4.117e-07
fulfilled	4	5.838e-07	4.290e-07
value_date	14	5.793e-07	4.188e-07
slot1	2	5.791e-07	4.075e-07
e3	21	5.775e-07	5.775e-07
unscaled	21	5.775e-07	5.775e-07
bol	14	5.734e-07	5.734e-07
chroma	14	5.734e-07	5.734e-07
lance	14	5.734e-07	5.734e-07
unions	14	5.734e-07	5.734e-07
cardinalities	3	5.733e-07	5.206e-07
clamping	3	5.733e-07	5.206e-07
frag	3	5.733e-07	5.206e-07
bad1	2	5.705e-07	5.705e-07
bad2	2	5.705e-07	5.705e-07
bbr	2	5.705e-07	5.705e-07
blank_check	2	5.705e-07	5.705e-07
body_length	2	5.705e-07	5.705e-07
cn1	2	5.705e-07	5.705e-07
compilers	2	5.705e-07	5.705e-07
finally	2	5.705e-07	5.705e-07
good1	2	5.705e-07	5.705e-07
interceptor0	2	5.705e-07	5.705e-07
interceptor1	2	5.705e-07	5.705e-07
key8	2	5.705e-07	5.705e-07
latch1	2	5.705e-07	5.705e-07
mse	2	5.705e-07	5.705e-07
occupiable	2	5.705e-07	5.705e-07
relate	2	5.705e-07	5.705e-07
roll_over	2	5.705e-07	5.705e-07
test16threads	2	5.705e-07	5.705e-07
test4threads	2	5.705e-07	5.705e-07
test8threads	2	5.705e-07	5.705e-07
trailers	2	5.705e-07	5.705e-07
url0	2	5.705e-07	5.705e-07
expands	5	5.700e-07	4.719e-07
lowercases	5	5.700e-07	4.719e-07
overflowing	5	5.700e-07	4.719e-07
time_rate	5	5.700e-07	4.719e-07
populates	19	5.632e-07	4.990e-07
negative_zero	5	5.621e-07	4.642e-07
mk	3	5.584e-07	3.792e-07
conflicting	5	5.578e-07	4.193e-07
accumulation	10	5.566e-07	3.940e-07
record2	6	5.536e-07	4.559e-07
consumption	20	5.500e-07	5.500e-07
myseq	20	5.500e-07	5.500e-07
normally	20	5.500e-07	5.500e-07
promotes	20	5.500e-07	5.500e-07
tx5	20	5.500e-07	5.500e-07
attrib	11	5.469e-07	4.305e-07
pbkdf2	11	5.469e-07	4.305e-07
account_code	8	5.458e-07	5.458e-07
acctg	8	5.458e-07	5.458e-07
augs	8	5.458e-07	5.458e-07
autocompleter	8	5.458e-07	5.458e-07
empl	8	5.458e-07	5.458e-07
info0	8	5.458e-07	5.458e-07
pag	8	5.458e-07	5.458e-07
pfp	8	5.458e-07	5.458e-07
quant	8	5.458e-07	5.458e-07
reservations	8	5.458e-07	5.458e-07
returnable	8	5.458e-07	5.458e-07
weight_unit	8	5.458e-07	5.458e-07
access2	2	5.458e-07	5.187e-07
alternation	2	5.458e-07	5.187e-07
excessive	2	5.458e-07	5.187e-07
finalized	2	5.458e-07	5.187e-07
guards	2	5.458e-07	5.187e-07
semicolons	2	5.458e-07	5.187e-07
balanced	4	5.425e-07	4.665e-07
become	4	5.425e-07	4.665e-07
differing	4	5.425e-07	4.665e-07
intact	4	5.425e-07	4.665e-07
mutates	4	5.425e-07	4.665e-07
pessimistic	4	5.425e-07	4.665e-07
rapid	4	5.425e-07	4.665e-07
unindexed	4	5.425e-07	4.665e-07
walks	4	5.425e-07	4.665e-07
headline	3	5.419e-07	4.664e-07
touches	3	5.419e-07	4.664e-07
aligned	10	5.413e-07	3.823e-07
deeper	4	5.405e-07	4.646e-07
labeled	4	5.405e-07	4.646e-07
vertex3	4	5.405e-07	4.646e-07
excl	7	5.403e-07	3.396e-07
bp	3	5.400e-07	4.645e-07
90	4	5.346e-07	4.587e-07
prefixs	3	5.345e-07	4.591e-07
rehash	6	5.342e-07	4.185e-07
assignments	9	5.326e-07	4.802e-07
dispatchs	13	5.325e-07	5.325e-07
lite	13	5.325e-07	5.325e-07
map2object	13	5.325e-07	5.325e-07
pinecone	13	5.325e-07	5.325e-07
absorb	2	5.282e-07	4.644e-07
erase	2	5.263e-07	4.624e-07
image1	2	5.263e-07	4.624e-07
j1	2	5.263e-07	4.624e-07
sock	2	5.263e-07	4.624e-07
lookups	5	5.261e-07	4.503e-07
cvar	4	5.255e-07	4.502e-07
dwl	19	5.225e-07	5.225e-07
emb	19	5.225e-07	5.225e-07
forwards	19	5.225e-07	5.225e-07
growth	19	5.225e-07	5.225e-07
identifiable1	19	5.225e-07	5.225e-07
portion	19	5.225e-07	5.225e-07
recognizes	19	5.225e-07	5.225e-07
rid3	19	5.225e-07	5.225e-07
composite_type	2	5.203e-07	4.565e-07
access1	1	5.183e-07	5.183e-07
afterwards	1	5.183e-07	5.183e-07
avoids	1	5.183e-07	5.183e-07
base64args	1	5.183e-07	5.183e-07
base64throws	1	5.183e-07	5.183e-07
braced	1	5.183e-07	5.183e-07
decompression	1	5.183e-07	5.183e-07
dedupe	1	5.183e-07	5.183e-07
definition1	1	5.183e-07	5.183e-07
definition2	1	5.183e-07	5.183e-07
entity2resolved	1	5.183e-07	5.183e-07
hexagonal	1	5.183e-07	5.183e-07
idin	1	5.183e-07	5.183e-07
immutability	1	5.183e-07	5.183e-07
ingest	1	5.183e-07	5.183e-07
inward	1	5.183e-07	5.183e-07
jakarta	1	5.183e-07	5.183e-07
long_title	1	5.183e-07	5.183e-07
lookarounds	1	5.183e-07	5.183e-07
mapping1	1	5.183e-07	5.183e-07
marker1	1	5.183e-07	5.183e-07
marker2	1	5.183e-07	5.183e-07
oauth2token	1	5.183e-07	5.183e-07
property1	1	5.183e-07	5.183e-07
property2	1	5.183e-07	5.183e-07
relation1	1	5.183e-07	5.183e-07
relation2	1	5.183e-07	5.183e-07
reside	1	5.183e-07	5.183e-07
return401without	1	5.183e-07	5.183e-07
return404for	1	5.183e-07	5.183e-07
rev1	1	5.183e-07	5.183e-07
rev2	1	5.183e-07	5.183e-07
rev3	1	5.183e-07	5.183e-07
revision1	1	5.183e-07	5.183e-07
revision2	1	5.183e-07	5.183e-07
revision3	1	5.183e-07	5.183e-07
revisited	1	5.183e-07	5.183e-07
sanitizes	1	5.183e-07	5.183e-07
sha256security	1	5.183e-07	5.183e-07
singleton_pattern	1	5.183e-07	5.183e-07
subfield	1	5.183e-07	5.183e-07
templateto	1	5.183e-07	5.183e-07
thread1results	1	5.183e-07	5.183e-07
thread2results	1	5.183e-07	5.183e-07
violations1	1	5.183e-07	5.183e-07
violations2	1	5.183e-07	5.183e-07
with1hour	1	5.183e-07	5.183e-07
wtm	1	5.183e-07	5.183e-07
counted	5	5.171e-07	4.206e-07
c2x	2	5.156e-07	3.664e-07
additively	3	5.150e-07	4.627e-07
honoured	3	5.150e-07	4.627e-07
labelled	3	5.150e-07	4.627e-07
makes	3	5.150e-07	4.627e-07
separates	3	5.150e-07	4.627e-07
signals	3	5.150e-07	4.627e-07
subtracts	3	5.150e-07	4.627e-07
unterminated	3	5.150e-07	4.627e-07
a3	3	5.130e-07	4.608e-07
expert	3	5.130e-07	4.608e-07
octal	3	5.130e-07	4.608e-07
phys	3	5.130e-07	4.608e-07
vertex4	3	5.130e-07	4.608e-07
description2	3	5.118e-07	4.481e-07
recreate	17	5.082e-07	4.446e-07
hid	4	5.080e-07	4.031e-07
enterprise	3	5.076e-07	4.554e-07
overlapped	3	5.076e-07	4.554e-07
iterables	3	5.071e-07	4.549e-07
kbytes	3	5.071e-07	4.549e-07
asserts	5	5.067e-07	4.106e-07
stddev	14	5.061e-07	3.921e-07
anywhere	2	5.010e-07	4.614e-07
ace	2	4.990e-07	4.595e-07
autos	2	4.990e-07	4.595e-07
orient	2	4.990e-07	4.595e-07
throttled	2	4.990e-07	4.595e-07
defense	4	4.985e-07	3.564e-07
aba	18	4.950e-07	4.950e-07
date0	18	4.950e-07	4.950e-07
dstream	18	4.950e-07	4.950e-07
fabrication	18	4.950e-07	4.950e-07
identifiable2	18	4.950e-07	4.950e-07
mersenne	18	4.950e-07	4.950e-07
optimizer	18	4.950e-07	4.950e-07
person2	18	4.950e-07	4.950e-07
raises	18	4.950e-07	4.950e-07
scalable	18	4.950e-07	4.950e-07
twister	18	4.950e-07	4.950e-07
referrer	15	4.939e-07	3.814e-07
milestone	8	4.933e-07	3.555e-07
abstract_type	2	4.930e-07	4.535e-07
lax	2	4.930e-07	4.535e-07
nvl2	2	4.930e-07	4.535e-07
data_link	13	4.921e-07	4.170e-07
dbt	12	4.915e-07	4.915e-07
gauss	12	4.915e-07	4.915e-07
genus	12	4.915e-07	4.915e-07
regeo	12	4.915e-07	4.915e-07
tl2br	12	4.915e-07	4.915e-07
tr2bl	12	4.915e-07	4.915e-07
came	2	4.875e-07	4.605e-07
completely	2	4.875e-07	4.605e-07
contribute	2	4.875e-07	4.605e-07
delivers	2	4.875e-07	4.605e-07
enforces	2	4.875e-07	4.605e-07
ensures	2	4.875e-07	4.605e-07
externally	2	4.875e-07	4.605e-07
guessing	2	4.875e-07	4.605e-07
haystack	2	4.875e-07	4.605e-07
honour	2	4.875e-07	4.605e-07
reasons	2	4.875e-07	4.605e-07
reflected	2	4.875e-07	4.605e-07
wires	2	4.875e-07	4.605e-07
avoiding	2	4.855e-07	4.586e-07
cluster_set	3	4.845e-07	4.450e-07
mvcc	17	4.809e-07	4.415e-07
write_out	2	4.801e-07	4.531e-07
306	2	4.796e-07	4.526e-07
418	2	4.796e-07	4.526e-07
leftmost	2	4.796e-07	4.526e-07
slip	2	4.780e-07	4.147e-07
canonicalize	7	4.776e-07	4.776e-07
crumb	7	4.776e-07	4.776e-07
crypted	7	4.776e-07	4.776e-07
cvn	7	4.776e-07	4.776e-07
cvv2	7	4.776e-07	4.776e-07
eft	7	4.776e-07	4.776e-07
exempt	7	4.776e-07	4.776e-07
exploded	7	4.776e-07	4.776e-07
first4digs	7	4.776e-07	4.776e-07
fop	7	4.776e-07	4.776e-07
gv	7	4.776e-07	4.776e-07
marketing	7	4.776e-07	4.776e-07
mktg	7	4.776e-07	4.776e-07
monetary	7	4.776e-07	4.776e-07
nulled	7	4.776e-07	4.776e-07
ounces	7	4.776e-07	4.776e-07
packaging	7	4.776e-07	4.776e-07
promised	7	4.776e-07	4.776e-07
rvalue	7	4.776e-07	4.776e-07
sax	7	4.776e-07	4.776e-07
sequencer	7	4.776e-07	4.776e-07
shipments	7	4.776e-07	4.776e-07
surveys	7	4.776e-07	4.776e-07
time_period	7	4.776e-07	4.776e-07
xslfo	7	4.776e-07	4.776e-07
er	5	4.730e-07	3.484e-07
active3	17	4.675e-07	4.675e-07
compilation	17	4.675e-07	4.675e-07
forum	17	4.675e-07	4.675e-07
heavy	17	4.675e-07	4.675e-07
person1	17	4.675e-07	4.675e-07
scalarize	17	4.675e-07	4.675e-07
scalars	17	4.675e-07	4.675e-07
elems	8	4.644e-07	4.125e-07
tampered	3	4.621e-07	4.103e-07
unreadable	3	4.621e-07	4.103e-07
a429	1	4.600e-07	4.600e-07
actually	1	4.600e-07	4.600e-07
agentic	1	4.600e-07	4.600e-07
agrees	1	4.600e-07	4.600e-07
aipi	1	4.600e-07	4.600e-07
alater	1	4.600e-07	4.600e-07
alongside	1	4.600e-07	4.600e-07
anyones	1	4.600e-07	4.600e-07
approximately	1	4.600e-07	4.600e-07
asking	1	4.600e-07	4.600e-07
assembling	1	4.600e-07	4.600e-07
averaging	1	4.600e-07	4.600e-07
behalf	1	4.600e-07	4.600e-07
behaves	1	4.600e-07	4.600e-07
beneath	1	4.600e-07	4.600e-07
bindables	1	4.600e-07	4.600e-07
bodys	1	4.600e-07	4.600e-07
budgeting	1	4.600e-07	4.600e-07
bump	1	4.600e-07	4.600e-07
characterization	1	4.600e-07	4.600e-07
characterize	1	4.600e-07	4.600e-07
coloured	1	4.600e-07	4.600e-07
colouring	1	4.600e-07	4.600e-07
colours	1	4.600e-07	4.600e-07
come	1	4.600e-07	4.600e-07
comfortably	1	4.600e-07	4.600e-07
commenter	1	4.600e-07	4.600e-07
computing	1	4.600e-07	4.600e-07
confusing	1	4.600e-07	4.600e-07
conservatively	1	4.600e-07	4.600e-07
container_port	1	4.600e-07	4.600e-07
contributing	1	4.600e-07	4.600e-07
costly	1	4.600e-07	4.600e-07
crimson	1	4.600e-07	4.600e-07
dimensionality	1	4.600e-07	4.600e-07
doomed	1	4.600e-07	4.600e-07
dropping	1	4.600e-07	4.600e-07
duplicating	1	4.600e-07	4.600e-07
enormous	1	4.600e-07	4.600e-07
escape_hatch	1	4.600e-07	4.600e-07
exhausting	1	4.600e-07	4.600e-07
forcing	1	4.600e-07	4.600e-07
gate2	1	4.600e-07	4.600e-07
gate3	1	4.600e-07	4.600e-07
gen3	1	4.600e-07	4.600e-07
generous	1	4.600e-07	4.600e-07
groqs	1	4.600e-07	4.600e-07
gsons	1	4.600e-07	4.600e-07
guidance	1	4.600e-07	4.600e-07
hallucinated	1	4.600e-07	4.600e-07
handlebars	1	4.600e-07	4.600e-07
hugging	1	4.600e-07	4.600e-07
hydration	1	4.600e-07	4.600e-07
hyphenated	1	4.600e-07	4.600e-07
inert	1	4.600e-07	4.600e-07
intellij	1	4.600e-07	4.600e-07
interop	1	4.600e-07	4.600e-07
librarys	1	4.600e-07	4.600e-07
loser	1	4.600e-07	4.600e-07
losing	1	4.600e-07	4.600e-07
marshalled	1	4.600e-07	4.600e-07
merely	1	4.600e-07	4.600e-07
misidentifying	1	4.600e-07	4.600e-07
mistaken	1	4.600e-07	4.600e-07
monolithic	1	4.600e-07	4.600e-07
mustache	1	4.600e-07	4.600e-07
nondeterministic	1	4.600e-07	4.600e-07
nonesuch	1	4.600e-07	4.600e-07
nonsensical	1	4.600e-07	4.600e-07
nulling	1	4.600e-07	4.600e-07
opportunistically	1	4.600e-07	4.600e-07
orthogonal	1	4.600e-07	4.600e-07
pdx	1	4.600e-07	4.600e-07
pojos	1	4.600e-07	4.600e-07
proportionally	1	4.600e-07	4.600e-07
putting	1	4.600e-07	4.600e-07
qualified_property	1	4.600e-07	4.600e-07
qualifying	1	4.600e-07	4.600e-07
realize	1	4.600e-07	4.600e-07
realized	1	4.600e-07	4.600e-07
reassigning	1	4.600e-07	4.600e-07
rederived	1	4.600e-07	4.600e-07
regresses	1	4.600e-07	4.600e-07
regressions	1	4.600e-07	4.600e-07
reindexed	1	4.600e-07	4.600e-07
reintroduces	1	4.600e-07	4.600e-07
relates	1	4.600e-07	4.600e-07
relationally	1	4.600e-07	4.600e-07
reprocessed	1	4.600e-07	4.600e-07
resavable	1	4.600e-07	4.600e-07
retrying	1	4.600e-07	4.600e-07
revectorization	1	4.600e-07	4.600e-07
saturates	1	4.600e-07	4.600e-07
seeing	1	4.600e-07	4.600e-07
sfo	1	4.600e-07	4.600e-07
shortened	1	4.600e-07	4.600e-07
similarly	1	4.600e-07	4.600e-07
snake_case	1	4.600e-07	4.600e-07
soundness	1	4.600e-07	4.600e-07
source_text	1	4.600e-07	4.600e-07
subgraphs	1	4.600e-07	4.600e-07
substitutes	1	4.600e-07	4.600e-07
summed	1	4.600e-07	4.600e-07
synthesized	1	4.600e-07	4.600e-07
those	1	4.600e-07	4.600e-07
uncomputed	1	4.600e-07	4.600e-07
unconventionally	1	4.600e-07	4.600e-07
unlike	1	4.600e-07	4.600e-07
unmappable	1	4.600e-07	4.600e-07
unscripted	1	4.600e-07	4.600e-07
unsets	1	4.600e-07	4.600e-07
unslugifiable	1	4.600e-07	4.600e-07
unwoven	1	4.600e-07	4.600e-07
vaults	1	4.600e-07	4.600e-07
vectorized	1	4.600e-07	4.600e-07
widens	1	4.600e-07	4.600e-07
accs	1	4.580e-07	4.580e-07
aco	1	4.580e-07	4.580e-07
admins	1	4.580e-07	4.580e-07
adx	1	4.580e-07	4.580e-07
aggro	1	4.580e-07	4.580e-07
aiming	1	4.580e-07	4.580e-07
allow3d	1	4.580e-07	4.580e-07
aqua	1	4.580e-07	4.580e-07
arr1	1	4.580e-07	4.580e-07
arr3	1	4.580e-07	4.580e-07
babyz	1	4.580e-07	4.580e-07
bce	1	4.580e-07	4.580e-07
bco	1	4.580e-07	4.580e-07
belly	1	4.580e-07	4.580e-07
bf1	1	4.580e-07	4.580e-07
bitrev	1	4.580e-07	4.580e-07
blockers	1	4.580e-07	4.580e-07
bomb	1	4.580e-07	4.580e-07
book_value	1	4.580e-07	4.580e-07
bpp	1	4.580e-07	4.580e-07
breakable	1	4.580e-07	4.580e-07
brush3d	1	4.580e-07	4.580e-07
btmp	1	4.580e-07	4.580e-07
btn3d	1	4.580e-07	4.580e-07
bxy	1	4.580e-07	4.580e-07
bxz	1	4.580e-07	4.580e-07
byz	1	4.580e-07	4.580e-07
camera_shake	1	4.580e-07	4.580e-07
cbits	1	4.580e-07	4.580e-07
cdim	1	4.580e-07	4.580e-07
chptr	1	4.580e-07	4.580e-07
clampf	1	4.580e-07	4.580e-07
classic3d	1	4.580e-07	4.580e-07
classvals	1	4.580e-07	4.580e-07
clipping	1	4.580e-07	4.580e-07
cloth	1	4.580e-07	4.580e-07
coarse	1	4.580e-07	4.580e-07
collada	1	4.580e-07	4.580e-07
copyrights	1	4.580e-07	4.580e-07
cpitch	1	4.580e-07	4.580e-07
crp	1	4.580e-07	4.580e-07
crush	1	4.580e-07	4.580e-07
cry	1	4.580e-07	4.580e-07
csub	1	4.580e-07	4.580e-07
cubes	1	4.580e-07	4.580e-07
cval	1	4.580e-07	4.580e-07
cyaw	1	4.580e-07	4.580e-07
dae	1	4.580e-07	4.580e-07
damping	1	4.580e-07	4.580e-07
daylight01	1	4.580e-07	4.580e-07
ddy	1	4.580e-07	4.580e-07
debounce	1	4.580e-07	4.580e-07
debugmodel	1	4.580e-07	4.580e-07
decodemap	1	4.580e-07	4.580e-07
defend	1	4.580e-07	4.580e-07
deg2rad	1	4.580e-07	4.580e-07
desktop	1	4.580e-07	4.580e-07
detouring	1	4.580e-07	4.580e-07
dists	1	4.580e-07	4.580e-07
drew	1	4.580e-07	4.580e-07
dtmp1	1	4.580e-07	4.580e-07
dtmp2	1	4.580e-07	4.580e-07
dtmp3	1	4.580e-07	4.580e-07
dtmp4	1	4.580e-07	4.580e-07
dtmp5	1	4.580e-07	4.580e-07
dtmp6	1	4.580e-07	4.580e-07
dtmp7	1	4.580e-07	4.580e-07
dtmp8	1	4.580e-07	4.580e-07
dtmp9	1	4.580e-07	4.580e-07
dx0	1	4.580e-07	4.580e-07
dxh	1	4.580e-07	4.580e-07
dying	1	4.580e-07	4.580e-07
dz0	1	4.580e-07	4.580e-07
dzh	1	4.580e-07	4.580e-07
edt	1	4.580e-07	4.580e-07
emissive	1	4.580e-07	4.580e-07
enrage	1	4.580e-07	4.580e-07
enraged	1	4.580e-07	4.580e-07
explodes	1	4.580e-07	4.580e-07
extinguish	1	4.580e-07	4.580e-07
eye0	1	4.580e-07	4.580e-07
eye1	1	4.580e-07	4.580e-07
flac	1	4.580e-07	4.580e-07
flap	1	4.580e-07	4.580e-07
flee	1	4.580e-07	4.580e-07
float32unpack	1	4.580e-07	4.580e-07
flood_fill	1	4.580e-07	4.580e-07
floor0	1	4.580e-07	4.580e-07
floor1	1	4.580e-07	4.580e-07
flowed	1	4.580e-07	4.580e-07
flurry	1	4.580e-07	4.580e-07
freqency	1	4.580e-07	4.580e-07
front1	1	4.580e-07	4.580e-07
frq	1	4.580e-07	4.580e-07
fudge	1	4.580e-07	4.580e-07
fwd	1	4.580e-07	4.580e-07
gel	1	4.580e-07	4.580e-07
get0	1	4.580e-07	4.580e-07
get1	1	4.580e-07	4.580e-07
goals	1	4.580e-07	4.580e-07
grad	1	4.580e-07	4.580e-07
gravity_gun	1	4.580e-07	4.580e-07
grid2	1	4.580e-07	4.580e-07
ground_level	1	4.580e-07	4.580e-07
gxz	1	4.580e-07	4.580e-07
hair	1	4.580e-07	4.580e-07
hazard	1	4.580e-07	4.580e-07
heal	1	4.580e-07	4.580e-07
heights	1	4.580e-07	4.580e-07
hum	1	4.580e-07	4.580e-07
icount	1	4.580e-07	4.580e-07
icx	1	4.580e-07	4.580e-07
icz	1	4.580e-07	4.580e-07
idn	1	4.580e-07	4.580e-07
illusion	1	4.580e-07	4.580e-07
illusions	1	4.580e-07	4.580e-07
illusionum	1	4.580e-07	4.580e-07
imdct	1	4.580e-07	4.580e-07
impacts	1	4.580e-07	4.580e-07
impulse	1	4.580e-07	4.580e-07
imput	1	4.580e-07	4.580e-07
in0	1	4.580e-07	4.580e-07
indigo	1	4.580e-07	4.580e-07
iron_ore	1	4.580e-07	4.580e-07
is64	1	4.580e-07	4.580e-07
isrcs	1	4.580e-07	4.580e-07
itmp	1	4.580e-07	4.580e-07
itmp1	1	4.580e-07	4.580e-07
itmp2	1	4.580e-07	4.580e-07
itmp3	1	4.580e-07	4.580e-07
itmp4	1	4.580e-07	4.580e-07
itmp5	1	4.580e-07	4.580e-07
itmp6	1	4.580e-07	4.580e-07
itmp7	1	4.580e-07	4.580e-07
itmp8	1	4.580e-07	4.580e-07
itmp9	1	4.580e-07	4.580e-07
ix2	1	4.580e-07	4.580e-07
iy1	1	4.580e-07	4.580e-07
iy2	1	4.580e-07	4.580e-07
iz2	1	4.580e-07	4.580e-07
jdx8	1	4.580e-07	4.580e-07
jlp	1	4.580e-07	4.580e-07
jraw	1	4.580e-07	4.580e-07
jukebox	1	4.580e-07	4.580e-07
label51	1	4.580e-07	4.580e-07
latched	1	4.580e-07	4.580e-07
leg5	1	4.580e-07	4.580e-07
leg6	1	4.580e-07	4.580e-07
leg7	1	4.580e-07	4.580e-07
leg8	1	4.580e-07	4.580e-07
leggedman	1	4.580e-07	4.580e-07
licenses	1	4.580e-07	4.580e-07
lid	1	4.580e-07	4.580e-07
light_engine	1	4.580e-07	4.580e-07
liquids	1	4.580e-07	4.580e-07
log2n	1	4.580e-07	4.580e-07
looking	1	4.580e-07	4.580e-07
lookup1values	1	4.580e-07	4.580e-07
lv2	1	4.580e-07	4.580e-07
mantissa	1	4.580e-07	4.580e-07
map2d	1	4.580e-07	4.580e-07
mapedit3d	1	4.580e-07	4.580e-07
mapping0	1	4.580e-07	4.580e-07
marketplace	1	4.580e-07	4.580e-07
mascot	1	4.580e-07	4.580e-07
md3cache	1	4.580e-07	4.580e-07
md3io	1	4.580e-07	4.580e-07
md3model	1	4.580e-07	4.580e-07
md3renderer	1	4.580e-07	4.580e-07
md3surface	1	4.580e-07	4.580e-07
mdct	1	4.580e-07	4.580e-07
mdct0	1	4.580e-07	4.580e-07
mdct1	1	4.580e-07	4.580e-07
meshed	1	4.580e-07	4.580e-07
mgp	1	4.580e-07	4.580e-07
minetrum	1	4.580e-07	4.580e-07
mode2d	1	4.580e-07	4.580e-07
mossy	1	4.580e-07	4.580e-07
mtllib	1	4.580e-07	4.580e-07
much	1	4.580e-07	4.580e-07
multiplicand	1	4.580e-07	4.580e-07
multiplicands	1	4.580e-07	4.580e-07
murder	1	4.580e-07	4.580e-07
mx0	1	4.580e-07	4.580e-07
mx1	1	4.580e-07	4.580e-07
my0	1	4.580e-07	4.580e-07
my1	1	4.580e-07	4.580e-07
mz0	1	4.580e-07	4.580e-07
mz1	1	4.580e-07	4.580e-07
navigator	1	4.580e-07	4.580e-07
nbtio	1	4.580e-07	4.580e-07
ncx	1	4.580e-07	4.580e-07
ncz	1	4.580e-07	4.580e-07
neck	1	4.580e-07	4.580e-07
neigh	1	4.580e-07	4.580e-07
ngt	1	4.580e-07	4.580e-07
nightmare	1	4.580e-07	4.580e-07
nvs	1	4.580e-07	4.580e-07
o0	1	4.580e-07	4.580e-07
o3	1	4.580e-07	4.580e-07
o4	1	4.580e-07	4.580e-07
ony	1	4.580e-07	4.580e-07
onz	1	4.580e-07	4.580e-07
openal	1	4.580e-07	4.580e-07
operating_system	1	4.580e-07	4.580e-07
option_button	1	4.580e-07	4.580e-07
ortho	1	4.580e-07	4.580e-07
partvals	1	4.580e-07	4.580e-07
pastel	1	4.580e-07	4.580e-07
pathfinder	1	4.580e-07	4.580e-07
pauls	1	4.580e-07	4.580e-07
pcx	1	4.580e-07	4.580e-07
pcz	1	4.580e-07	4.580e-07
peaceful	1	4.580e-07	4.580e-07
performers	1	4.580e-07	4.580e-07
perlin	1	4.580e-07	4.580e-07
physics_gun	1	4.580e-07	4.580e-07
pi1	1	4.580e-07	4.580e-07
pi2	1	4.580e-07	4.580e-07
pi3	1	4.580e-07	4.580e-07
picking	1	4.580e-07	4.580e-07
pillars	1	4.580e-07	4.580e-07
pitch2	1	4.580e-07	4.580e-07
pix	1	4.580e-07	4.580e-07
playinus	1	4.580e-07	4.580e-07
println	1	4.580e-07	4.580e-07
pump	1	4.580e-07	4.580e-07
quadruped	1	4.580e-07	4.580e-07
qx	1	4.580e-07	4.580e-07
qz	1	4.580e-07	4.580e-07
r00	1	4.580e-07	4.580e-07
r01	1	4.580e-07	4.580e-07
r02	1	4.580e-07	4.580e-07
rage	1	4.580e-07	4.580e-07
raining	1	4.580e-07	4.580e-07
rdx	1	4.580e-07	4.580e-07
rdz	1	4.580e-07	4.580e-07
relayout	1	4.580e-07	4.580e-07
residue0	1	4.580e-07	4.580e-07
residue1	1	4.580e-07	4.580e-07
residue2	1	4.580e-07	4.580e-07
restoring	1	4.580e-07	4.580e-07
rgba3d	1	4.580e-07	4.580e-07
robe	1	4.580e-07	4.580e-07
row3	1	4.580e-07	4.580e-07
row4	1	4.580e-07	4.580e-07
rxz	1	4.580e-07	4.580e-07
set0	1	4.580e-07	4.580e-07
short_tag	1	4.580e-07	4.580e-07
shots	1	4.580e-07	4.580e-07
shulkerman	1	4.580e-07	4.580e-07
shutting	1	4.580e-07	4.580e-07
sin2	1	4.580e-07	4.580e-07
sixth	1	4.580e-07	4.580e-07
skel	1	4.580e-07	4.580e-07
skins	1	4.580e-07	4.580e-07
skybox	1	4.580e-07	4.580e-07
slen	1	4.580e-07	4.580e-07
smoothstep01	1	4.580e-07	4.580e-07
spawner	1	4.580e-07	4.580e-07
spins	1	4.580e-07	4.580e-07
splashes	1	4.580e-07	4.580e-07
srp	1	4.580e-07	4.580e-07
sry	1	4.580e-07	4.580e-07
status_bar	1	4.580e-07	4.580e-07
step2flags	1	4.580e-07	4.580e-07
stereo	1	4.580e-07	4.580e-07
stick_time	1	4.580e-07	4.580e-07
stiffness	1	4.580e-07	4.580e-07
stinger	1	4.580e-07	4.580e-07
strides	1	4.580e-07	4.580e-07
stuck1	1	4.580e-07	4.580e-07
summon	1	4.580e-07	4.580e-07
survival_game	1	4.580e-07	4.580e-07
sx2	1	4.580e-07	4.580e-07
sy2	1	4.580e-07	4.580e-07
sz2	1	4.580e-07	4.580e-07
taunts	1	4.580e-07	4.580e-07
telekinesis	1	4.580e-07	4.580e-07
temp1	1	4.580e-07	4.580e-07
temp2	1	4.580e-07	4.580e-07
terr	1	4.580e-07	4.580e-07
tessellator	1	4.580e-07	4.580e-07
theora	1	4.580e-07	4.580e-07
titled	1	4.580e-07	4.580e-07
tntthrower	1	4.580e-07	4.580e-07
triangles	1	4.580e-07	4.580e-07
twist	1	4.580e-07	4.580e-07
undead	1	4.580e-07	4.580e-07
unknown10	1	4.580e-07	4.580e-07
unknown8	1	4.580e-07	4.580e-07
unknown9	1	4.580e-07	4.580e-07
unmount	1	4.580e-07	4.580e-07
uo	1	4.580e-07	4.580e-07
uvs	1	4.580e-07	4.580e-07
v000	1	4.580e-07	4.580e-07
v001	1	4.580e-07	4.580e-07
v010	1	4.580e-07	4.580e-07
v011	1	4.580e-07	4.580e-07
v100	1	4.580e-07	4.580e-07
v101	1	4.580e-07	4.580e-07
v110	1	4.580e-07	4.580e-07
v111	1	4.580e-07	4.580e-07
var10003	1	4.580e-07	4.580e-07
var10004	1	4.580e-07	4.580e-07
var10005	1	4.580e-07	4.580e-07
var10006	1	4.580e-07	4.580e-07
var41	1	4.580e-07	4.580e-07
var67	1	4.580e-07	4.580e-07
var69	1	4.580e-07	4.580e-07
vce	1	4.580e-07	4.580e-07
vcount	1	4.580e-07	4.580e-07
vec4	1	4.580e-07	4.580e-07
vector2	1	4.580e-07	4.580e-07
vector3	1	4.580e-07	4.580e-07
vein	1	4.580e-07	4.580e-07
veins	1	4.580e-07	4.580e-07
vertex5	1	4.580e-07	4.580e-07
vertex6	1	4.580e-07	4.580e-07
vertex7	1	4.580e-07	4.580e-07
vertex8	1	4.580e-07	4.580e-07
vertexes1	1	4.580e-07	4.580e-07
vertexes2	1	4.580e-07	4.580e-07
vertexes3	1	4.580e-07	4.580e-07
vertexes4	1	4.580e-07	4.580e-07
vertexes5	1	4.580e-07	4.580e-07
vertexes6	1	4.580e-07	4.580e-07
vh	1	4.580e-07	4.580e-07
view3d	1	4.580e-07	4.580e-07
violet	1	4.580e-07	4.580e-07
warn1	1	4.580e-07	4.580e-07
warn2	1	4.580e-07	4.580e-07
wbase	1	4.580e-07	4.580e-07
wob	1	4.580e-07	4.580e-07
wood_block	1	4.580e-07	4.580e-07
wrap01	1	4.580e-07	4.580e-07
xorg	1	4.580e-07	4.580e-07
xxx	1	4.580e-07	4.580e-07
yoff	1	4.580e-07	4.580e-07
yorg	1	4.580e-07	4.580e-07
yp	1	4.580e-07	4.580e-07
yup	1	4.580e-07	4.580e-07
zorg	1	4.580e-07	4.580e-07
zout	1	4.580e-07	4.580e-07
zp	1	4.580e-07	4.580e-07
zup	1	4.580e-07	4.580e-07
shut	4	4.578e-07	3.235e-07
flex	2	4.534e-07	3.905e-07
aizuda	1	4.526e-07	4.526e-07
annotation1	1	4.526e-07	4.526e-07
audits	1	4.526e-07	4.526e-07
base64credentials	1	4.526e-07	4.526e-07
ding	1	4.526e-07	4.526e-07
dinner	1	4.526e-07	4.526e-07
dispute	1	4.526e-07	4.526e-07
flow_variable	1	4.526e-07	4.526e-07
hydrates	1	4.526e-07	4.526e-07
lunch	1	4.526e-07	4.526e-07
map4	1	4.526e-07	4.526e-07
mapstruct	1	4.526e-07	4.526e-07
md5digest	1	4.526e-07	4.526e-07
notices	1	4.526e-07	4.526e-07
presigner	1	4.526e-07	4.526e-07
requote	1	4.526e-07	4.526e-07
unmap	1	4.526e-07	4.526e-07
unsent	1	4.526e-07	4.526e-07
v2request	1	4.526e-07	4.526e-07
v4config	1	4.526e-07	4.526e-07
v4input	1	4.526e-07	4.526e-07
v6config	1	4.526e-07	4.526e-07
v6xdb	1	4.526e-07	4.526e-07
yyyymm	1	4.526e-07	4.526e-07
yyyymmdd	1	4.526e-07	4.526e-07
yyyymmddhh	1	4.526e-07	4.526e-07
yyyymmddhhmm	1	4.526e-07	4.526e-07
zhyd	1	4.526e-07	4.526e-07
2000	1	4.521e-07	4.521e-07
2001	1	4.521e-07	4.521e-07
260x191	1	4.521e-07	4.521e-07
base64codec	1	4.521e-07	4.521e-07
base64coded	1	4.521e-07	4.521e-07
base64decoder	1	4.521e-07	4.521e-07
base64decoding	1	4.521e-07	4.521e-07
base64encoder	1	4.521e-07	4.521e-07
base64output	1	4.521e-07	4.521e-07
batch1	1	4.521e-07	4.521e-07
batch2	1	4.521e-07	4.521e-07
beanpanet	1	4.521e-07	4.521e-07
cace	1	4.521e-07	4.521e-07
caseinsensitive	1	4.521e-07	4.521e-07
ch2	1	4.521e-07	4.521e-07
chararcter	1	4.521e-07	4.521e-07
consists	1	4.521e-07	4.521e-07
date1lower	1	4.521e-07	4.521e-07
date1upper	1	4.521e-07	4.521e-07
date2lower	1	4.521e-07	4.521e-07
date2upper	1	4.521e-07	4.521e-07
decendent	1	4.521e-07	4.521e-07
destroyable	1	4.521e-07	4.521e-07
dispatched	1	4.521e-07	4.521e-07
divisible	1	4.521e-07	4.521e-07
don	1	4.521e-07	4.521e-07
dquote	1	4.521e-07	4.521e-07
empty2array	1	4.521e-07	4.521e-07
epilog	1	4.521e-07	4.521e-07
errros	1	4.521e-07	4.521e-07
feb	1	4.521e-07	4.521e-07
fiele	1	4.521e-07	4.521e-07
finisher	1	4.521e-07	4.521e-07
footers	1	4.521e-07	4.521e-07
gmailplus	1	4.521e-07	4.521e-07
hex1	1	4.521e-07	4.521e-07
hex2	1	4.521e-07	4.521e-07
iana	1	4.521e-07	4.521e-07
ietms	1	4.521e-07	4.521e-07
inec	1	4.521e-07	4.521e-07
initialisable	1	4.521e-07	4.521e-07
jackson2http	1	4.521e-07	4.521e-07
jo	1	4.521e-07	4.521e-07
lookup_table	1	4.521e-07	4.521e-07
lov	1	4.521e-07	4.521e-07
messages1	1	4.521e-07	4.521e-07
messages2	1	4.521e-07	4.521e-07
misdirected	1	4.521e-07	4.521e-07
mot	1	4.521e-07	4.521e-07
name6	1	4.521e-07	4.521e-07
normalise	1	4.521e-07	4.521e-07
normative	1	4.521e-07	4.521e-07
obj1comparable	1	4.521e-07	4.521e-07
obj2comparable	1	4.521e-07	4.521e-07
occur	1	4.521e-07	4.521e-07
order_tree	1	4.521e-07	4.521e-07
originated	1	4.521e-07	4.521e-07
prolog	1	4.521e-07	4.521e-07
range1	1	4.521e-07	4.521e-07
range1lower	1	4.521e-07	4.521e-07
range1upper	1	4.521e-07	4.521e-07
resoutce	1	4.521e-07	4.521e-07
rfc5322format	1	4.521e-07	4.521e-07
rfc5987attr	1	4.521e-07	4.521e-07
rfc6266encode	1	4.521e-07	4.521e-07
rooted	1	4.521e-07	4.521e-07
scale_height	1	4.521e-07	4.521e-07
shallow_copy	1	4.521e-07	4.521e-07
specia	1	4.521e-07	4.521e-07
stringifier	1	4.521e-07	4.521e-07
supplier6	1	4.521e-07	4.521e-07
switching	1	4.521e-07	4.521e-07
tiff	1	4.521e-07	4.521e-07
trailer	1	4.521e-07	4.521e-07
triple_test	1	4.521e-07	4.521e-07
unauthorised	1	4.521e-07	4.521e-07
unconnected	1	4.521e-07	4.521e-07
universally	1	4.521e-07	4.521e-07
unsuccessful	1	4.521e-07	4.521e-07
valiue	1	4.521e-07	4.521e-07
wholly	1	4.521e-07	4.521e-07
ephemeral	3	4.517e-07	3.999e-07
names1	3	4.517e-07	3.999e-07
ncpu	3	4.517e-07	3.999e-07
part1	3	4.517e-07	3.999e-07
part2	3	4.517e-07	3.999e-07
turned	3	4.517e-07	3.999e-07
yielding	3	4.517e-07	3.999e-07
compatibles	11	4.506e-07	4.506e-07
expend	11	4.506e-07	4.506e-07
transfn	11	4.506e-07	4.506e-07
bigger	6	4.466e-07	3.371e-07
actualize	2	4.436e-07	4.436e-07
aliaser	2	4.436e-07	4.436e-07
argnr	2	4.436e-07	4.436e-07
athru	2	4.436e-07	4.436e-07
bpkg	2	4.436e-07	4.436e-07
cleanse	2	4.436e-07	4.436e-07
cluster2	2	4.436e-07	4.436e-07
cmb	2	4.436e-07	4.436e-07
colinf2	2	4.436e-07	4.436e-07
contents1	2	4.436e-07	4.436e-07
convertor	2	4.436e-07	4.436e-07
couchdbinput	2	4.436e-07	4.436e-07
defaul	2	4.436e-07	4.436e-07
ec2list	2	4.436e-07	4.436e-07
factory_second	2	4.436e-07	4.436e-07
hadoopjob	2	4.436e-07	4.436e-07
insts	2	4.436e-07	4.436e-07
krb	2	4.436e-07	4.436e-07
listner	2	4.436e-07	4.436e-07
mdi	2	4.436e-07	4.436e-07
metaverse	2	4.436e-07	4.436e-07
parallelism	2	4.436e-07	4.436e-07
param6	2	4.436e-07	4.436e-07
receiving	2	4.436e-07	4.436e-07
receving	2	4.436e-07	4.436e-07
retro	2	4.436e-07	4.436e-07
rright	2	4.436e-07	4.436e-07
s3details	2	4.436e-07	4.436e-07
s3os	2	4.436e-07	4.436e-07
s3q	2	4.436e-07	4.436e-07
s3util	2	4.436e-07	4.436e-07
scala	2	4.436e-07	4.436e-07
sf1	2	4.436e-07	4.436e-07
sf2	2	4.436e-07	4.436e-07
sf3	2	4.436e-07	4.436e-07
sf4	2	4.436e-07	4.436e-07
snappy	2	4.436e-07	4.436e-07
statement10or	2	4.436e-07	4.436e-07
statement11and	2	4.436e-07	4.436e-07
subtrans	2	4.436e-07	4.436e-07
test_site	2	4.436e-07	4.436e-07
tlscontextinit	2	4.436e-07	4.436e-07
vetoer	2	4.436e-07	4.436e-07
sasl	9	4.418e-07	3.108e-07
drifted	16	4.400e-07	4.400e-07
set2	16	4.400e-07	4.400e-07
fld	10	4.379e-07	3.175e-07
time_value	2	4.376e-07	3.984e-07
iterator1	2	4.372e-07	4.104e-07
looked	7	4.369e-07	4.100e-07
completions	2	4.346e-07	4.078e-07
neither	6	4.313e-07	3.232e-07
by15bit	2	4.261e-07	3.869e-07
cday	2	4.261e-07	3.869e-07
conver	2	4.261e-07	3.869e-07
idcar	2	4.261e-07	3.869e-07
idcard18code	2	4.261e-07	3.869e-07
is15idcard	2	4.261e-07	3.869e-07
is18idcard	2	4.261e-07	3.869e-07
mach	2	4.261e-07	3.869e-07
mflag	2	4.261e-07	3.869e-07
provinceid	2	4.261e-07	3.869e-07
unquote	2	4.261e-07	3.869e-07
validate18idcard	2	4.261e-07	3.869e-07
year2bit	2	4.261e-07	3.869e-07
detects	14	4.257e-07	3.633e-07
forecast	14	4.257e-07	3.633e-07
1234	2	4.242e-07	3.973e-07
aborted	2	4.242e-07	3.973e-07
add2	2	4.242e-07	3.973e-07
collection1	2	4.242e-07	3.973e-07
count3	2	4.242e-07	3.973e-07
count4	2	4.242e-07	3.973e-07
equals2	2	4.242e-07	3.973e-07
executions	2	4.242e-07	3.973e-07
keep1	2	4.242e-07	3.973e-07
keep2	2	4.242e-07	3.973e-07
lags	2	4.242e-07	3.973e-07
manger	2	4.242e-07	3.973e-07
mbean	2	4.242e-07	3.973e-07
pattern2	2	4.242e-07	3.973e-07
potentially	2	4.242e-07	3.973e-07
terminating	2	4.242e-07	3.973e-07
wi	8	4.236e-07	3.502e-07
dbl	8	4.233e-07	2.991e-07
map94015	2	4.213e-07	4.213e-07
sbxyz57216	2	4.213e-07	4.213e-07
sonarqube	2	4.213e-07	4.213e-07
is4	5	4.191e-07	3.271e-07
fdw	4	4.167e-07	3.174e-07
suggest	4	4.167e-07	3.174e-07
64	15	4.125e-07	4.125e-07
cpm	15	4.125e-07	4.125e-07
flips	15	4.125e-07	4.125e-07
flushes	15	4.125e-07	4.125e-07
fuzzy	15	4.125e-07	4.125e-07
granularity	15	4.125e-07	4.125e-07
id20	15	4.125e-07	4.125e-07
inequality	15	4.125e-07	4.125e-07
interleavings	15	4.125e-07	4.125e-07
invalidates	15	4.125e-07	4.125e-07
polyglot	15	4.125e-07	4.125e-07
reuses	15	4.125e-07	4.125e-07
snap1	15	4.125e-07	4.125e-07
storages	15	4.125e-07	4.125e-07
varint	15	4.125e-07	4.125e-07
binary_file	8	4.098e-07	2.887e-07
104callqamappings	1	4.097e-07	4.097e-07
104co	1	4.097e-07	4.097e-07
104drugmapping	1	4.097e-07	4.097e-07
104prescription	1	4.097e-07	4.097e-07
agend	1	4.097e-07	4.097e-07
aneg	1	4.097e-07	4.097e-07
apos	1	4.097e-07	4.097e-07
asd	1	4.097e-07	4.097e-07
availed	1	4.097e-07	4.097e-07
banks	1	4.097e-07	4.097e-07
benmed	1	4.097e-07	4.097e-07
bneg	1	4.097e-07	4.097e-07
bpos	1	4.097e-07	4.097e-07
call104service	1	4.097e-07	4.097e-07
callqa	1	4.097e-07	4.097e-07
callqamappings	1	4.097e-07	4.097e-07
camal	1	4.097e-07	4.097e-07
cdiqa	1	4.097e-07	4.097e-07
clinical	1	4.097e-07	4.097e-07
compalaint	1	4.097e-07	4.097e-07
criterea	1	4.097e-07	4.097e-07
demographics	1	4.097e-07	4.097e-07
doctor	1	4.097e-07	4.097e-07
feedbackrequest1	1	4.097e-07	4.097e-07
feedbackresponce	1	4.097e-07	4.097e-07
get1097service	1	4.097e-07	4.097e-07
getdataby	1	4.097e-07	4.097e-07
getm	1	4.097e-07	4.097e-07
getu	1	4.097e-07	4.097e-07
guidline	1	4.097e-07	4.097e-07
heade	1	4.097e-07	4.097e-07
helpline104beneficiary	1	4.097e-07	4.097e-07
ihl	1	4.097e-07	4.097e-07
improvement	1	4.097e-07	4.097e-07
imrmmrc	1	4.097e-07	4.097e-07
imrmmrdeatcht	1	4.097e-07	4.097e-07
initalize	1	4.097e-07	4.097e-07
institutions	1	4.097e-07	4.097e-07
iqa	1	4.097e-07	4.097e-07
jobjec	1	4.097e-07	4.097e-07
jsone	1	4.097e-07	4.097e-07
jsonobj	1	4.097e-07	4.097e-07
lowe	1	4.097e-07	4.097e-07
master104	1	4.097e-07	4.097e-07
master1097	1	4.097e-07	4.097e-07
medical_history	1	4.097e-07	4.097e-07
natures	1	4.097e-07	4.097e-07
oficer	1	4.097e-07	4.097e-07
place_name	1	4.097e-07	4.097e-07
preffered	1	4.097e-07	4.097e-07
pregnant	1	4.097e-07	4.097e-07
previlage	1	4.097e-07	4.097e-07
redisport	1	4.097e-07	4.097e-07
redisurl	1	4.097e-07	4.097e-07
registeration	1	4.097e-07	4.097e-07
reposotory	1	4.097e-07	4.097e-07
requset	1	4.097e-07	4.097e-07
responce	1	4.097e-07	4.097e-07
reult	1	4.097e-07	4.097e-07
securityts	1	4.097e-07	4.097e-07
service104history	1	4.097e-07	4.097e-07
service1097history	1	4.097e-07	4.097e-07
setc	1	4.097e-07	4.097e-07
setm	1	4.097e-07	4.097e-07
setu	1	4.097e-07	4.097e-07
sheets	1	4.097e-07	4.097e-07
sno	1	4.097e-07	4.097e-07
statet	1	4.097e-07	4.097e-07
sting	1	4.097e-07	4.097e-07
sympton	1	4.097e-07	4.097e-07
taluks	1	4.097e-07	4.097e-07
tutorials	1	4.097e-07	4.097e-07
uat	1	4.097e-07	4.097e-07
usq	1	4.097e-07	4.097e-07
vaidator	1	4.097e-07	4.097e-07
villages	1	4.097e-07	4.097e-07
vivha	1	4.097e-07	4.097e-07
workerist	1	4.097e-07	4.097e-07
dests	10	4.096e-07	4.096e-07
influxdb	10	4.096e-07	4.096e-07
koi8r	10	4.096e-07	4.096e-07
nls	10	4.096e-07	4.096e-07
calcop	6	4.094e-07	4.094e-07
calendar_week	6	4.094e-07	4.094e-07
distributor	6	4.094e-07	4.094e-07
ekey	6	4.094e-07	4.094e-07
entityext	6	4.094e-07	4.094e-07
expr2	6	4.094e-07	4.094e-07
ful	6	4.094e-07	4.094e-07
nsf	6	4.094e-07	4.094e-07
ocm	6	4.094e-07	4.094e-07
oisg	6	4.094e-07	4.094e-07
pcw	6	4.094e-07	4.094e-07
pgr	6	4.094e-07	4.094e-07
qbe	6	4.094e-07	4.094e-07
reauth	6	4.094e-07	4.094e-07
relevancy	6	4.094e-07	4.094e-07
replenish	6	4.094e-07	4.094e-07
wsdl	6	4.094e-07	4.094e-07
x500map	6	4.094e-07	4.094e-07
rf	4	4.085e-07	2.971e-07
ai兼容供应商必须使用https地址且不能接收明文密钥	1	4.071e-07	4.071e-07
bug可以按合法路径流转	1	4.071e-07	4.071e-07
bug状态字符串为空时给出中文异常	1	4.071e-07	4.071e-07
bug状态字符串会先清理空白再流转	1	4.071e-07	4.071e-07
bug状态字符串非法时给出中文异常	1	4.071e-07	4.071e-07
chat返回缓存用量字段	1	4.071e-07	4.071e-07
composer字段会进入后端模型请求上下文	1	4.071e-07	4.071e-07
compose命令超时时会一并终止子进程	1	4.071e-07	4.071e-07
compose命令超过超时时间会终止并返回失败结果	1	4.071e-07	4.071e-07
compose旧快照在正式仓储为空时回填	1	4.071e-07	4.071e-07
compose演示环境和最近操作会进入工作台运行摘要	1	4.071e-07	4.071e-07
compose运行态动作缺少请求身份时返回401	1	4.071e-07	4.071e-07
compose运行态动作请求身份和操作者不一致时返回403	1	4.071e-07	4.071e-07
deployed	1	4.071e-07	4.071e-07
diff写入正式表且不再写workbench快照	1	4.071e-07	4.071e-07
diff摘要	1	4.071e-07	4.071e-07
diff缺少请求身份时返回401	1	4.071e-07	4.071e-07
docker命令不可用时返回失败结果而不是抛出异常	1	4.071e-07	4.071e-07
existing传入非授权工作区路径会被拒绝	1	4.071e-07	4.071e-07
git仓库返回变更文件和统计摘要	1	4.071e-07	4.071e-07
heartbeats	1	4.071e-07	4.071e-07
id主键实体默认使用my	1	4.071e-07	4.071e-07
id作为my	1	4.071e-07	4.071e-07
id字符约束	1	4.071e-07	4.071e-07
jdbc审计写入时填充用户字段并确保用户存在	1	4.071e-07	4.071e-07
jdbc模式下agent对话记忆仓储使用mybatis	1	4.071e-07	4.071e-07
jdbc模式下agent运行仓储使用mybatis	1	4.071e-07	4.071e-07
jdbc模式下bug仓储使用mybatis	1	4.071e-07	4.071e-07
jdbc模式下mybatis	1	4.071e-07	4.071e-07
jdbc模式下spring上下文重启后恢复三类快照状态	1	4.071e-07	4.071e-07
jdbc模式下保存并恢复用户级提醒已读回执	1	4.071e-07	4.071e-07
jdbc模式下工作流进度仓储使用mybatis	1	4.071e-07	4.071e-07
jdbc模式下文件操作和git	1	4.071e-07	4.071e-07
jdbc模式下文档仓储使用mybatis	1	4.071e-07	4.071e-07
jdbc模式下本地执行状态仓储使用mybatis	1	4.071e-07	4.071e-07
jdbc模式下正式表为空时mybatis	1	4.071e-07	4.071e-07
jdbc模式下角色智能体配置仓储使用mybatis	1	4.071e-07	4.071e-07
jdbc模式下角色模型绑定写入正式表且不再写workbench快照	1	4.071e-07	4.071e-07
jdbc模式下身份服务修改密码后只把密码哈希保存到数据库	1	4.071e-07	4.071e-07
jdbc模式下运行态提醒store使用mybatis	1	4.071e-07	4.071e-07
jdbc模式下部署目标仓储使用mybatis	1	4.071e-07	4.071e-07
jdbc模式下部署运行态仓储使用mybatis	1	4.071e-07	4.071e-07
jdbc模式下项目活动仓储使用mybatis	1	4.071e-07	4.071e-07
jdbc模式下项目身份仓储使用mybatis	1	4.071e-07	4.071e-07
jdbc模式开启启动迁移时执行一次数据库迁移	1	4.071e-07	4.071e-07
jdbc模式未开启启动迁移时不执行数据库迁移	1	4.071e-07	4.071e-07
jdbc模式缺少真实密码会返回阻塞失败	1	4.071e-07	4.071e-07
jdbc迁移开启时要求jdbc	1	4.071e-07	4.071e-07
kicked	1	4.071e-07	4.071e-07
kimi	1	4.071e-07	4.071e-07
k系列模型使用供应商要求的温度	1	4.071e-07	4.071e-07
milvus不可达会阻塞向量上下文真实运行	1	4.071e-07	4.071e-07
milvus默认配置使用用户确认的地址和千问embedding	1	4.071e-07	4.071e-07
mq消息时只包含低敏业务字段	1	4.071e-07	4.071e-07
mq配置按项目命名空间生成topic和消费组	1	4.071e-07	4.071e-07
mq项目事件topic可收发低敏消息	1	4.071e-07	4.071e-07
mysql库名只允许安全标识符	1	4.071e-07	4.071e-07
null请求体返回格式错误	1	4.071e-07	4.071e-07
openai	1	4.071e-07	4.071e-07
plus主键	1	4.071e-07	4.071e-07
plus仓储从旧快照回填正式表	1	4.071e-07	4.071e-07
plus写读正式表	1	4.071e-07	4.071e-07
plus并保存正式表状态	1	4.071e-07	4.071e-07
plus并保持事件时间线顺序	1	4.071e-07	4.071e-07
plus并保持工作流和验收行为	1	4.071e-07	4.071e-07
plus并保持成员审计和邀请行为	1	4.071e-07	4.071e-07
plus并保持配置读写行为	1	4.071e-07	4.071e-07
plus正式表	1	4.071e-07	4.071e-07
plus身份仓储支持用户密码凭证	1	4.071e-07	4.071e-07
plus追加保存历史消息	1	4.071e-07	4.071e-07
plus雪花算法	1	4.071e-07	4.071e-07
redis和rocketmq不可达只产生非阻塞警告	1	4.071e-07	4.071e-07
retriever	1	4.071e-07	4.071e-07
seek显式推理力度会写入请求体	1	4.071e-07	4.071e-07
seek请求携带缓存作用域user	1	4.071e-07	4.071e-07
server端口可达	1	4.071e-07	4.071e-07
shell中的远程动作必须人工确认	1	4.071e-07	4.071e-07
spring上下文重启后恢复本地执行状态并可继续处理审批	1	4.071e-07	4.071e-07
spring上下文重启后恢复项目工作台核心状态	1	4.071e-07	4.071e-07
sql兼容迁移时创建核心领域表	1	4.071e-07	4.071e-07
ssh动作必须人工确认	1	4.071e-07	4.071e-07
subcommand	1	4.071e-07	4.071e-07
subcommands	1	4.071e-07	4.071e-07
tcp通过但milvus协议失败会返回阻塞失败	1	4.071e-07	4.071e-07
tcp通过但mysql协议失败会返回阻塞失败	1	4.071e-07	4.071e-07
tick会先回收过期租约再认领下一条排队运行	1	4.071e-07	4.071e-07
tick操作人为空时返回400	1	4.071e-07	4.071e-07
token会话并记录审计	1	4.071e-07	4.071e-07
token会话数据	1	4.071e-07	4.071e-07
token时拒绝签发	1	4.071e-07	4.071e-07
token模式下事件流可以通过url中的sa	1	4.071e-07	4.071e-07
token模式下仍可通过密码登录	1	4.071e-07	4.071e-07
token模式下健康检查保持公开	1	4.071e-07	4.071e-07
token模式下普通api默认被全局拦截	1	4.071e-07	4.071e-07
token模式下普通用户头不能读取会话	1	4.071e-07	4.071e-07
token模式下普通用户头不能退出会话	1	4.071e-07	4.071e-07
token模式下登录入口不被全局拦截	1	4.071e-07	4.071e-07
token模式下静态资源保持公开	1	4.071e-07	4.071e-07
token模式可以从bearer令牌解析当前用户	1	4.071e-07	4.071e-07
token模式拒绝过渡身份	1	4.071e-07	4.071e-07
token用户和用户头不一致时拒绝请求	1	4.071e-07	4.071e-07
token登录态解析当前用户	1	4.071e-07	4.071e-07
token订阅	1	4.071e-07	4.071e-07
unconfirmed	1	4.071e-07	4.071e-07
unmarked	1	4.071e-07	4.071e-07
url不执行自动建库	1	4.071e-07	4.071e-07
url不能为空	1	4.071e-07	4.071e-07
url提取库名并执行建库语句	1	4.071e-07	4.071e-07
url缺少库名时报告明确错误	1	4.071e-07	4.071e-07
worker模型请求操作人为空时返回400	1	4.071e-07	4.071e-07
worker模型请求身份和worker不一致时返回403	1	4.071e-07	4.071e-07
worktree的git文件形态也会被识别为仓库	1	4.071e-07	4.071e-07
yolo模式只放行非危险本地shell命令且不会绕过危险和远程动作	1	4.071e-07	4.071e-07
不再允许项目投影表使用project	1	4.071e-07	4.071e-07
不可重试失败运行会返回阻塞计划并拒绝排队	1	4.071e-07	4.071e-07
不可重试失败运行在重试接口返回409	1	4.071e-07	4.071e-07
不同供应商同模型名称不共享本地缓存作用域	1	4.071e-07	4.071e-07
不同项目的事件互相隔离并保持发布顺序	1	4.071e-07	4.071e-07
不能移除最后一个项目管理者	1	4.071e-07	4.071e-07
不能绑定禁用供应商或空角色模型	1	4.071e-07	4.071e-07
不通过验收备注包含结论字段时仍不会进入运维或上线阶段	1	4.071e-07	4.071e-07
事件列表缺少请求身份时返回401	1	4.071e-07	4.071e-07
事件流url身份令牌无效时返回401	1	4.071e-07	4.071e-07
事件流缺少请求身份时返回401	1	4.071e-07	4.071e-07
二三开头状态码视为健康	1	4.071e-07	4.071e-07
交付回溯请求身份和操作者不一致时返回403	1	4.071e-07	4.071e-07
交接回溯成功后会追加agent交付事件	1	4.071e-07	4.071e-07
产品可以通过接口提交验收记录	1	4.071e-07	4.071e-07
产品提交验收记录后工作台进入上线准备	1	4.071e-07	4.071e-07
产品模型请求返回中文草稿上下文清单用量和事件	1	4.071e-07	4.071e-07
产品生成草稿后工作台出现三份文档和事件	1	4.071e-07	4.071e-07
产品草稿冻结开发交付bug和部署目标可以通过接口串起来	1	4.071e-07	4.071e-07
产品草稿缺少需求时返回中文错误信息	1	4.071e-07	4.071e-07
产品角色可以创建模型请求	1	4.071e-07	4.071e-07
产品角色可以流式创建模型请求	1	4.071e-07	4.071e-07
令牌用户和用户头不一致时拒绝请求	1	4.071e-07	4.071e-07
任务超时时会终止子进程树并记录失败	1	4.071e-07	4.071e-07
优先使用sa	1	4.071e-07	4.071e-07
优先使用签名令牌解析当前用户	1	4.071e-07	4.071e-07
供应商真实缓存用量优先于本地估算	1	4.071e-07	4.071e-07
保存同一bug时执行upsert不重复插入	1	4.071e-07	4.071e-07
保存同一compose环境时执行upsert不重复插入	1	4.071e-07	4.071e-07
保存同一部署目标时执行upsert不重复插入	1	4.071e-07	4.071e-07
保存后从正式bug表恢复完整流转字段	1	4.071e-07	4.071e-07
保存后从正式文档表恢复完整版本字段	1	4.071e-07	4.071e-07
保存后从正式本地执行表恢复状态且不写旧快照	1	4.071e-07	4.071e-07
保存后从正式用户已读表恢复运行态提醒回执	1	4.071e-07	4.071e-07
保存后从正式角色智能体配置表恢复配置	1	4.071e-07	4.071e-07
保存后从正式运行态提醒表恢复且不写旧快照	1	4.071e-07	4.071e-07
保存后从正式进度表恢复工作流和验收投影	1	4.071e-07	4.071e-07
保存后从正式部署目标表恢复完整字段	1	4.071e-07	4.071e-07
保存后从正式部署运行态表恢复完整字段	1	4.071e-07	4.071e-07
保存后从正式项目活动表恢复模型请求和项目事件	1	4.071e-07	4.071e-07
保存后可以重新加载提醒和已读时间	1	4.071e-07	4.071e-07
保存用户成员并按项目和用户查询	1	4.071e-07	4.071e-07
健康检查会使用部署目标保存的健康检查地址并记录结果	1	4.071e-07	4.071e-07
入队任务会异步运行并记录标准输出和事件	1	4.071e-07	4.071e-07
全项目任务快照按项目复制且返回不可变集合	1	4.071e-07	4.071e-07
关闭时不调用embedding也不召回上下文	1	4.071e-07	4.071e-07
其他项目不能记录该目标操作	1	4.071e-07	4.071e-07
写入字符串时使用项目统一前缀和秒级过期时间	1	4.071e-07	4.071e-07
写入新文件时父目录必须在工作区内	1	4.071e-07	4.071e-07
写入本地文件缺少操作者时返回400	1	4.071e-07	4.071e-07
写入本地文件缺少请求身份时返回401	1	4.071e-07	4.071e-07
写入本地文件请求身份和操作者一致时成功	1	4.071e-07	4.071e-07
写入本地文件请求身份和操作者不一致时返回403	1	4.071e-07	4.071e-07
写入永久会话时不设置过期时间	1	4.071e-07	4.071e-07
冻结其他项目文档会被拒绝	1	4.071e-07	4.071e-07
冻结文档后不能修改原版本并记录冻结信息	1	4.071e-07	4.071e-07
冻结需求后开发角色可以看到冻结文档且阶段进入开发中	1	4.071e-07	4.071e-07
凭证参数和删除型git子命令即使批准也不会执行	1	4.071e-07	4.071e-07
分区保存后重建存储可以恢复工作台状态	1	4.071e-07	4.071e-07
分区更新会保留其他分区	1	4.071e-07	4.071e-07
分区更新会保留其他分区并可重新加载	1	4.071e-07	4.071e-07
列出本地文件缺少请求身份时返回401	1	4.071e-07	4.071e-07
创建bug严重级别格式不正确时返回中文错误信息	1	4.071e-07	4.071e-07
创建bug后默认为新建状态并按项目查询	1	4.071e-07	4.071e-07
创建bug缺少严重级别时返回中文错误信息	1	4.071e-07	4.071e-07
创建模型请求缺少请求身份时返回401	1	4.071e-07	4.071e-07
创建模型请求身份与操作者不一致时返回403	1	4.071e-07	4.071e-07
创建编码任务会记录agent运行主记录和规划事件	1	4.071e-07	4.071e-07
创建编码任务后可以查询agent运行和事件时间线	1	4.071e-07	4.071e-07
创建编码任务缺少请求身份时返回401	1	4.071e-07	4.071e-07
创建编码任务请求身份和操作者不一致时返回403	1	4.071e-07	4.071e-07
创建草稿时缺少必要字段会被拒绝	1	4.071e-07	4.071e-07
创建草稿时默认生成第一版草稿	1	4.071e-07	4.071e-07
删除动作必须人工确认	1	4.071e-07	4.071e-07
危险命令只进入待审批不执行	1	4.071e-07	4.071e-07
危险子命令即使批准也不会执行	1	4.071e-07	4.071e-07
历史淘汰后复用任务编号会被拒绝且不会重复执行	1	4.071e-07	4.071e-07
原密码错误不能修改数据库密码	1	4.071e-07	4.071e-07
发布项目事件后可以读取最近事件	1	4.071e-07	4.071e-07
取消任务会终止子进程树且不会覆盖取消状态	1	4.071e-07	4.071e-07
取消本地命令请求身份和操作者不一致时返回403	1	4.071e-07	4.071e-07
取消订阅后不再收到项目事件	1	4.071e-07	4.071e-07
只读接口可以查询项目最近事件	1	4.071e-07	4.071e-07
可以为角色绑定已启用供应商模型	1	4.071e-07	4.071e-07
可以为项目成员签发身份令牌	1	4.071e-07	4.071e-07
可以从项目队列认领最早的排队运行并写入租约事件	1	4.071e-07	4.071e-07
可以保存并读取用户登录凭证且普通资料更新不清空密码	1	4.071e-07	4.071e-07
可以写入小型文本文件并记录摘要	1	4.071e-07	4.071e-07
可以写入身份域用户级审计记录	1	4.071e-07	4.071e-07
可以列目录并读取文本文件	1	4.071e-07	4.071e-07
可以创建开发角色编码智能体任务计划	1	4.071e-07	4.071e-07
可以创建编码智能体执行准备报告	1	4.071e-07	4.071e-07
可以创建项目邀请并由被邀请用户接受	1	4.071e-07	4.071e-07
可以只回收到期的运行中租约并保留未到期运行	1	4.071e-07	4.071e-07
可以完成完整合法流转并按顺序记录事件字段	1	4.071e-07	4.071e-07
可以导入生产发布脚本审计并保持幂等	1	4.071e-07	4.071e-07
可以应用受控编码智能体patch	1	4.071e-07	4.071e-07
可以批量标记当前项目运行态提醒已读	1	4.071e-07	4.071e-07
可以批量治理项目成员角色和状态	1	4.071e-07	4.071e-07
可以把过期运行回收为可重试失败并写入审计事件	1	4.071e-07	4.071e-07
可以持久化项目邀请并按token哈希读取	1	4.071e-07	4.071e-07
可以按agent运行分页查看模型请求和成本趋势	1	4.071e-07	4.071e-07
可以按id读取邀请替换token哈希并查询过期待处理邀请	1	4.071e-07	4.071e-07
可以按认领人续期运行租约并拒绝非认领人续期	1	4.071e-07	4.071e-07
可以按项目和目标编号查询部署目标	1	4.071e-07	4.071e-07
可以按项目查询文档且返回副本	1	4.071e-07	4.071e-07
可以按项目认领下一条排队运行并写入租约字段	1	4.071e-07	4.071e-07
可以授权存在的本地目录	1	4.071e-07	4.071e-07
可以撤销项目邀请并阻止原令牌继续接受	1	4.071e-07	4.071e-07
可以更新开发角色智能体配置	1	4.071e-07	4.071e-07
可以查看项目级长期模型成本趋势	1	4.071e-07	4.071e-07
可以查询恢复计划并创建恢复排队运行	1	4.071e-07	4.071e-07
可以添加项目成员并归一化输入	1	4.071e-07	4.071e-07
可以清理项目中过期的待处理邀请	1	4.071e-07	4.071e-07
可以签发并验证身份令牌	1	4.071e-07	4.071e-07
可以续期当前sa	1	4.071e-07	4.071e-07
可以记录任务查询运行中任务并替换状态	1	4.071e-07	4.071e-07
可以记录编码智能体交付回溯	1	4.071e-07	4.071e-07
可以记录编码智能体交付回溯文档并发布事件	1	4.071e-07	4.071e-07
可以记录部署和回滚操作并按目标查询最新记录	1	4.071e-07	4.071e-07
可以读取当前sa	1	4.071e-07	4.071e-07
可以读取用户项目和用户级审计记录	1	4.071e-07	4.071e-07
可以追加任务日志并按项目和任务查询	1	4.071e-07	4.071e-07
可以退出当前sa	1	4.071e-07	4.071e-07
可以通过http触发worker受控模型请求	1	4.071e-07	4.071e-07
可以通过命令服务取消运行中任务	1	4.071e-07	4.071e-07
可以通过接口取消本地长任务并查询日志	1	4.071e-07	4.071e-07
可以通过接口导入发布脚本审计到部署记录	1	4.071e-07	4.071e-07
可以通过接口拒绝待审批任务并在摘要中看到结果	1	4.071e-07	4.071e-07
可以通过接口绑定测试角色模型	1	4.071e-07	4.071e-07
可以通过接口运行健康检查并记录部署和回滚操作	1	4.071e-07	4.071e-07
可以通过接口配置compose演示环境并在工作台读取	1	4.071e-07	4.071e-07
可以通过登录接口获取sa	1	4.071e-07	4.071e-07
可以通过项目队列认领下一条排队运行	1	4.071e-07	4.071e-07
可以重发项目邀请并轮换令牌哈希	1	4.071e-07	4.071e-07
可重试失败运行会生成恢复计划并排队新运行	1	4.071e-07	4.071e-07
同id二次保存时更新文档正文版本和冻结字段	1	4.071e-07	4.071e-07
同一个已存在队列任务不能重复提交调度	1	4.071e-07	4.071e-07
同一冻结父版本只能创建一个活跃变更草稿	1	4.071e-07	4.071e-07
同一角色会话第二次请求命中稳定前缀缓存	1	4.071e-07	4.071e-07
同一角色连续请求会提升累计缓存命中率	1	4.071e-07	4.071e-07
同步本地任务和compose操作生成稳定提醒	1	4.071e-07	4.071e-07
同角色后续模型请求会注入最近对话记忆并保存历史消息	1	4.071e-07	4.071e-07
同项目二次保存时按项目替换模型请求和项目事件	1	4.071e-07	4.071e-07
同项目重复任务编号会被拒绝且不同项目保持隔离	1	4.071e-07	4.071e-07
向量上下文写入缺少请求身份时返回401	1	4.071e-07	4.071e-07
向量上下文接口默认关闭时可写入且召回为空	1	4.071e-07	4.071e-07
启用后基于embedding召回允许注入模型请求的向量上下文	1	4.071e-07	4.071e-07
启用自动建库时从mysql	1	4.071e-07	4.071e-07
命令不会通过通用shell解释元字符	1	4.071e-07	4.071e-07
四个角色默认绑定本地模型	1	4.071e-07	4.071e-07
四五开头状态码视为非健康	1	4.071e-07	4.071e-07
安全命令会进入队列并记录最终结果	1	4.071e-07	4.071e-07
完成后的同一任务不能重复提交且新任务仍可入队	1	4.071e-07	4.071e-07
审批接口会拒绝重复处理	1	4.071e-07	4.071e-07
审批本地命令请求身份和操作者不一致时返回403	1	4.071e-07	4.071e-07
审计摘要会脱敏下划线形式密钥文件参数	1	4.071e-07	4.071e-07
审计摘要会脱敏常见敏感参数	1	4.071e-07	4.071e-07
审计记录会保留动作字段和审批结果	1	4.071e-07	4.071e-07
审计记录列表不能被外部修改	1	4.071e-07	4.071e-07
审计记录拒绝空动作和空审批结果	1	4.071e-07	4.071e-07
审计记录按写入顺序返回	1	4.071e-07	4.071e-07
导入发布脚本审计会跳过非法行和不支持动作	1	4.071e-07	4.071e-07
工作区撤销后待审批任务不能被批准执行	1	4.071e-07	4.071e-07
工作区目录失效后批准不会留下假队列任务且不记录允许审计	1	4.071e-07	4.071e-07
工作台会返回运行态提醒收件箱投影	1	4.071e-07	4.071e-07
工作台返回本地执行代理摘要	1	4.071e-07	4.071e-07
工作台返回运行态提醒并支持标记已读	1	4.071e-07	4.071e-07
工作台验收投影优先读取正式仓储并写回正式仓储	1	4.071e-07	4.071e-07
工作台验收投影在正式仓储为空时从旧快照回填	1	4.071e-07	4.071e-07
工作流服务优先读取正式仓储并写回正式仓储	1	4.071e-07	4.071e-07
工作流服务在正式仓储为空时从旧快照回填	1	4.071e-07	4.071e-07
工具契约变化会改变稳定前缀哈希	1	4.071e-07	4.071e-07
已关闭bug可以重新打开但不能直接进入修复中	1	4.071e-07	4.071e-07
已处理任务不能重复审批	1	4.071e-07	4.071e-07
已存在队列任务入队校验失败时不会留下活跃队列状态	1	4.071e-07	4.071e-07
已完成任务不能取消	1	4.071e-07	4.071e-07
已完成状态拒绝继续流转	1	4.071e-07	4.071e-07
已接收任务标记会按上限裁剪且历史内任务仍拒绝重复提交	1	4.071e-07	4.071e-07
已有任何成员时不会覆盖项目成员	1	4.071e-07	4.071e-07
已记录的任务结果不能被不同结果覆盖	1	4.071e-07	4.071e-07
带凭证的未知命令进入待审批且审计摘要脱敏	1	4.071e-07	4.071e-07
并发冻结和更新同一文档时不会让草稿覆盖冻结版本	1	4.071e-07	4.071e-07
并发发布同一项目事件不会丢失	1	4.071e-07	4.071e-07
并发审批同一待审批任务只能一次成功	1	4.071e-07	4.071e-07
并发流转同一工作项时只能有一次基于当前状态成功	1	4.071e-07	4.071e-07
并发读写同一工作项不会丢事件或抛出异常	1	4.071e-07	4.071e-07
并发重复提交同一个队列任务只会调度一次	1	4.071e-07	4.071e-07
应用patch成功后会记录agent运行和patch事件	1	4.071e-07	4.071e-07
应用patch请求身份和操作者不一致时返回403	1	4.071e-07	4.071e-07
应用上下文可以启动	1	4.071e-07	4.071e-07
开发交付测试bug部署目标会共同更新工作台投影	1	4.071e-07	4.071e-07
开发角色任务会生成可审查编码步骤	1	4.071e-07	4.071e-07
开发角色只接收冻结文档和当前状态事件	1	4.071e-07	4.071e-07
开启模型步骤后调度会认领并执行受控模型请求	1	4.071e-07	4.071e-07
强制签名模式拒绝裸用户头	1	4.071e-07	4.071e-07
当前用户可以通过http查询自己的责任审计报告	1	4.071e-07	4.071e-07
当前认领worker可以看到自己的运行责任和模型请求摘要	1	4.071e-07	4.071e-07
当前认领人且租约有效时会执行模型请求并写入运行事件	1	4.071e-07	4.071e-07
当前认领人可以生成worker执行计划并写入审计事件	1	4.071e-07	4.071e-07
当前认领人可以续期运行租约并写入事件	1	4.071e-07	4.071e-07
待审批任务不能通过取消入口处理	1	4.071e-07	4.071e-07
待审批命令可以被拒绝且不会执行	1	4.071e-07	4.071e-07
待审批本地命令批准后进入队列	1	4.071e-07	4.071e-07
心跳拒绝空白核心字段	1	4.071e-07	4.071e-07
心跳按代理隔离且后一次覆盖前一次	1	4.071e-07	4.071e-07
恢复快照后重复同步保留已读状态并写回存储	1	4.071e-07	4.071e-07
恢复计划缺少请求身份时返回401	1	4.071e-07	4.071e-07
恢复运行中任务时转为已取消并追加系统日志	1	4.071e-07	4.071e-07
执行my	1	4.071e-07	4.071e-07
执行代理可以上报心跳和任务结果	1	4.071e-07	4.071e-07
执行准备会把同一个agent运行更新为运行中并记录测试任务事件	1	4.071e-07	4.071e-07
执行准备会绑定授权工作区提交测试命令并采集diff	1	4.071e-07	4.071e-07
执行准备请求身份和操作者不一致时返回403	1	4.071e-07	4.071e-07
执行线程被中断时会终止子进程树	1	4.071e-07	4.071e-07
批量已读会写入运行态提醒存储文件	1	4.071e-07	4.071e-07
批量标记项目提醒已读	1	4.071e-07	4.071e-07
找不到文档时抛出清晰异常	1	4.071e-07	4.071e-07
拒绝不安全的快照表名	1	4.071e-07	4.071e-07
拒绝审批审计记录使用真实工作区路径	1	4.071e-07	4.071e-07
拒绝空系统提示词和非法颜色	1	4.071e-07	4.071e-07
拒绝符号链接逃逸	1	4.071e-07	4.071e-07
拒绝绝对路径和路径穿越	1	4.071e-07	4.071e-07
拒绝读取大文件和二进制文件	1	4.071e-07	4.071e-07
按agent运行读取模型请求缺少请求身份时返回401	1	4.071e-07	4.071e-07
按项目和用户读取用户级审计记录	1	4.071e-07	4.071e-07
按项目查询文档时按标题排序	1	4.071e-07	4.071e-07
授权工作区拒绝文件路径	1	4.071e-07	4.071e-07
授权工作区拒绝空项目和不存在路径	1	4.071e-07	4.071e-07
授权本地工作区缺少请求身份时返回401	1	4.071e-07	4.071e-07
排队运行可以通过认领接口进入运行中	1	4.071e-07	4.071e-07
排队运行认领后进入运行中并保留恢复来源	1	4.071e-07	4.071e-07
控制器可以接收心跳和结果上报	1	4.071e-07	4.071e-07
控制器在凭据轮换期间接受旧代理token	1	4.071e-07	4.071e-07
控制器在配置代理密钥后拒绝缺少代理token的心跳	1	4.071e-07	4.071e-07
控制器在配置代理密钥后拒绝错误代理token的结果上报	1	4.071e-07	4.071e-07
控制器拒绝同任务不同内容的结果回放	1	4.071e-07	4.071e-07
控制器拒绝没有已认证心跳上下文的结果上报	1	4.071e-07	4.071e-07
控制器拒绝空白上报字段	1	4.071e-07	4.071e-07
控制器拒绝缺少请求身份的心跳	1	4.071e-07	4.071e-07
控制器拒绝请求身份和代理用户不一致的心跳	1	4.071e-07	4.071e-07
控制器拒绝过期认证心跳上下文的结果上报	1	4.071e-07	4.071e-07
提交开发交付物时核心字段不能为空	1	4.071e-07	4.071e-07
提交本地命令缺少请求身份时返回401	1	4.071e-07	4.071e-07
提交本地命令请求身份和操作者不一致时返回403	1	4.071e-07	4.071e-07
提示词元为零时缓存命中率为零	1	4.071e-07	4.071e-07
提示词契约输出稳定分区和动态槽位用于供应商缓存治理	1	4.071e-07	4.071e-07
撤销后不能作为授权工作区使用	1	4.071e-07	4.071e-07
操作者为空时返回400	1	4.071e-07	4.071e-07
文件内容变化时拒绝应用编码智能体patch	1	4.071e-07	4.071e-07
文件操作不能离开授权工作区	1	4.071e-07	4.071e-07
文件模式不执行数据库迁移	1	4.071e-07	4.071e-07
无效字段优先拒绝即使动作被标记危险	1	4.071e-07	4.071e-07
无认领人时按项目成员角色回退责任人	1	4.071e-07	4.071e-07
旧代理token配置会清理空白值	1	4.071e-07	4.071e-07
旧工作流写入口缺少请求身份时返回401	1	4.071e-07	4.071e-07
旧活跃任务替换为终态后仍保留为最近更新任务并可追加日志	1	4.071e-07	4.071e-07
明确安全的本地测试命令可以自动执行	1	4.071e-07	4.071e-07
显式配置redis时启用sa	1	4.071e-07	4.071e-07
普通兼容模型默认使用低温度	1	4.071e-07	4.071e-07
普通成员不能创建邀请或批量治理成员	1	4.071e-07	4.071e-07
普通成员不能变更项目成员	1	4.071e-07	4.071e-07
普通成员不能撤销重发或清理项目邀请	1	4.071e-07	4.071e-07
普通成员不能更新角色智能体配置	1	4.071e-07	4.071e-07
普通成员不能查询其他用户责任审计报告	1	4.071e-07	4.071e-07
普通成员不能添加项目成员	1	4.071e-07	4.071e-07
普通成员不能读取其他用户项目和用户级审计记录	1	4.071e-07	4.071e-07
普通成员不能踢下线其他成员会话	1	4.071e-07	4.071e-07
普通成员项目管理请求校验返回403	1	4.071e-07	4.071e-07
普通项目成员不能绑定角色模型	1	4.071e-07	4.071e-07
普通项目成员不能配置模型供应商	1	4.071e-07	4.071e-07
更新已有键时保留剩余过期时间	1	4.071e-07	4.071e-07
更新开发智能体配置后可以从新服务实例恢复	1	4.071e-07	4.071e-07
更新缺失键时不创建新会话	1	4.071e-07	4.071e-07
更新运行状态会保留运行编号并写入新的状态摘要	1	4.071e-07	4.071e-07
替换任务不能改变项目编号和任务编号	1	4.071e-07	4.071e-07
替换成员角色时隐藏旧角色并按状态控制项目权限	1	4.071e-07	4.071e-07
最新验收结论不通过时默认退回开发且不会进入运维或上线阶段	1	4.071e-07	4.071e-07
最新验收结论通过时才进入上线准备	1	4.071e-07	4.071e-07
最近事件返回副本且外部不能修改总线状态	1	4.071e-07	4.071e-07
有正式仓储时部署目标不再写入工作台快照	1	4.071e-07	4.071e-07
服务重建后恢复bug状态和流转备注	1	4.071e-07	4.071e-07
服务重建后恢复compose环境和最近操作	1	4.071e-07	4.071e-07
服务重建后恢复健康检查历史且不重新调用客户端	1	4.071e-07	4.071e-07
服务重建后恢复工作项状态和事件历史	1	4.071e-07	4.071e-07
服务重建后恢复文档版本和冻结状态	1	4.071e-07	4.071e-07
服务重建后恢复最新验收退回投影	1	4.071e-07	4.071e-07
服务重建后恢复最近git	1	4.071e-07	4.071e-07
服务重建后恢复最近文件操作记录	1	4.071e-07	4.071e-07
服务重建后恢复最近模型请求和指标	1	4.071e-07	4.071e-07
服务重建后恢复角色模型绑定	1	4.071e-07	4.071e-07
服务重建后恢复部署操作历史	1	4.071e-07	4.071e-07
服务重建后恢复部署目标	1	4.071e-07	4.071e-07
服务重建后恢复项目事件且不恢复订阅者	1	4.071e-07	4.071e-07
未批准任务不能入队且不会执行	1	4.071e-07	4.071e-07
未授权工作区不能准备执行	1	4.071e-07	4.071e-07
未确认审批不能应用编码智能体patch	1	4.071e-07	4.071e-07
本地发布项目事件后会进入跨节点中继且远端事件只在本机落地一次	1	4.071e-07	4.071e-07
本地执行代理接口可以串起授权读取命令和摘要	1	4.071e-07	4.071e-07
查询不存在任务返回中文错误	1	4.071e-07	4.071e-07
查询其他项目的部署目标会被拒绝	1	4.071e-07	4.071e-07
查询本地任务日志缺少请求身份时返回401	1	4.071e-07	4.071e-07
查询项目文档时空项目编号会被拒绝	1	4.071e-07	4.071e-07
标记不存在的提醒已读时返回中文错误	1	4.071e-07	4.071e-07
标记不存在的运行态提醒已读时返回中文错误	1	4.071e-07	4.071e-07
标记危险的动作必须人工确认	1	4.071e-07	4.071e-07
标记失败会保存可恢复主记录并追加失败事件	1	4.071e-07	4.071e-07
标记成功会保存主记录并追加成功事件	1	4.071e-07	4.071e-07
标记运行中会保存主记录并追加开始事件	1	4.071e-07	4.071e-07
校验启动停止和日志采样会更新状态并记录最近操作	1	4.071e-07	4.071e-07
根据产品输入生成稳定的三份中文草稿	1	4.071e-07	4.071e-07
模型价格不接受负单价	1	4.071e-07	4.071e-07
模型价格不接受非有限单价	1	4.071e-07	4.071e-07
模型名称不污染稳定前缀哈希	1	4.071e-07	4.071e-07
模型网关优先读取正式仓储并在请求完成后写回正式仓储	1	4.071e-07	4.071e-07
模型网关在正式仓储为空时从旧快照回填	1	4.071e-07	4.071e-07
模型请求会合并向量召回上下文	1	4.071e-07	4.071e-07
模型请求使用角色智能体缓存策略配置并写入agent	1	4.071e-07	4.071e-07
模型请求使用角色智能体配置中的供应商模型和提示词模板	1	4.071e-07	4.071e-07
模型请求携带agent运行id时会追加运行时间线trace	1	4.071e-07	4.071e-07
模型请求操作者可以看到关联运行但不接管责任人	1	4.071e-07	4.071e-07
模型请求记录保留触发它的agent运行id	1	4.071e-07	4.071e-07
正式bug仓储为空时从快照恢复并回填仓储	1	4.071e-07	4.071e-07
正式bug仓储有数据时优先从仓储恢复	1	4.071e-07	4.071e-07
正式仓储为空时从旧快照恢复并回填	1	4.071e-07	4.071e-07
正式文档仓储为空时从快照恢复并回填仓储	1	4.071e-07	4.071e-07
正式文档仓储有数据时优先从仓储恢复	1	4.071e-07	4.071e-07
正式表为空时从旧workbench快照回填文件操作和git	1	4.071e-07	4.071e-07
正式表为空时从旧workbench快照回填角色模型绑定	1	4.071e-07	4.071e-07
正式表为空时从旧快照回填到mybatis	1	4.071e-07	4.071e-07
每个项目最多保留五十条且最近接口返回十条	1	4.071e-07	4.071e-07
每个项目最多保留最近二十条操作记录	1	4.071e-07	4.071e-07
没有排队运行时认领下一条返回空且不写事件	1	4.071e-07	4.071e-07
没有正式仓储时记录方法不阻断主流程且查询返回空列表	1	4.071e-07	4.071e-07
活跃任务视图不包含待审批任务	1	4.071e-07	4.071e-07
活跃任务超过历史上限时不会被淘汰	1	4.071e-07	4.071e-07
流式接口以sse连接订阅项目事件	1	4.071e-07	4.071e-07
流式请求会开启stream并逐段回调模型输出	1	4.071e-07	4.071e-07
清单不受候选列表后续修改影响且列表不可变	1	4.071e-07	4.071e-07
用户无运行责任且无模型请求时返回空报告	1	4.071e-07	4.071e-07
用户级已读不会影响其他成员未读状态	1	4.071e-07	4.071e-07
用户级已读状态随快照恢复	1	4.071e-07	4.071e-07
用户输入变化不会改变稳定前缀哈希	1	4.071e-07	4.071e-07
登录用户可以修改自己的数据库密码	1	4.071e-07	4.071e-07
目标模式会登记agent运行并关联模型请求trace	1	4.071e-07	4.071e-07
相同任务编号在不同项目下日志互不串联	1	4.071e-07	4.071e-07
相对路径会被解析到工作区内	1	4.071e-07	4.071e-07
省token模式会裁剪动态上下文并跳过向量召回	1	4.071e-07	4.071e-07
真实milvus可写入并召回向量上下文	1	4.071e-07	4.071e-07
真实mysql可自动建库并执行flyway迁移	1	4.071e-07	4.071e-07
真实mysql项目活动仓储使用mybatis	1	4.071e-07	4.071e-07
真实redis可承载sa	1	4.071e-07	4.071e-07
真实redis响应ping	1	4.071e-07	4.071e-07
真实千问embedding返回预期维度	1	4.071e-07	4.071e-07
确认审批后可以应用小型文本patch并返回diff摘要	1	4.071e-07	4.071e-07
禁用供应商仍可查询但不能作为可用供应商	1	4.071e-07	4.071e-07
禁用成员后成员本人不能继续读取项目成员列表	1	4.071e-07	4.071e-07
禁用角色不能创建编码任务	1	4.071e-07	4.071e-07
空上下文类型或摘要会被拒绝避免清单污染	1	4.071e-07	4.071e-07
空产品输入会被拒绝	1	4.071e-07	4.071e-07
空候选列表引用会被拒绝避免清单来源不明	1	4.071e-07	4.071e-07
空候选列表返回空清单	1	4.071e-07	4.071e-07
空命令会被拒绝且不写入任务列表	1	4.071e-07	4.071e-07
空命令或空工作区会被拒绝	1	4.071e-07	4.071e-07
空币种会被拒绝避免聚合维度缺失	1	4.071e-07	4.071e-07
空操作者会被拒绝	1	4.071e-07	4.071e-07
空模型名称会被拒绝避免聚合维度缺失	1	4.071e-07	4.071e-07
空环境名称会被拒绝	1	4.071e-07	4.071e-07
空角色会被拒绝避免统计维度缺失	1	4.071e-07	4.071e-07
空角色会话id会被拒绝避免聚合维度缺失	1	4.071e-07	4.071e-07
空请求体返回明确参数错误	1	4.071e-07	4.071e-07
空项目可以安全创建首个owner	1	4.071e-07	4.071e-07
空项目批量标记运行态提醒已读时返回空数组	1	4.071e-07	4.071e-07
第42阶段后的建表迁移必须包含表注释和字段注释	1	4.071e-07	4.071e-07
篡改令牌无法通过验证	1	4.071e-07	4.071e-07
系统包装器命令即使批准也不会执行	1	4.071e-07	4.071e-07
绑定角色模型缺少请求身份时返回401	1	4.071e-07	4.071e-07
结果拒绝空白核心字段	1	4.071e-07	4.071e-07
结果按任务隔离	1	4.071e-07	4.071e-07
缓存作用域符合deep	1	4.071e-07	4.071e-07
缓存命中词元按更低单价计费	1	4.071e-07	4.071e-07
编码智能体交付回溯缺少核心字段会被拒绝	1	4.071e-07	4.071e-07
缺少bootstrap	1	4.071e-07	4.071e-07
缺少登录身份时拒绝更新角色智能体配置	1	4.071e-07	4.071e-07
缺少登录身份时拒绝添加项目成员	1	4.071e-07	4.071e-07
缺少登录身份时拒绝读取用户项目和用户级审计记录	1	4.071e-07	4.071e-07
缺少登录身份时拒绝读取角色智能体配置	1	4.071e-07	4.071e-07
缺少登录身份时拒绝读取项目成员列表	1	4.071e-07	4.071e-07
缺少请求身份时拒绝查询用户责任审计报告	1	4.071e-07	4.071e-07
缺少请求身份时项目成员校验返回401	1	4.071e-07	4.071e-07
自动建表并按切片覆盖保存快照	1	4.071e-07	4.071e-07
自动建表时写入表和字段注释	1	4.071e-07	4.071e-07
草稿不能直接进入执行中	1	4.071e-07	4.071e-07
补充高风险命令和绝对路径逃逸即使批准也不会执行	1	4.071e-07	4.071e-07
裸maven命令必须人工确认	1	4.071e-07	4.071e-07
角色提示词变化不改变稳定前缀哈希且不增加稳定前缀token	1	4.071e-07	4.071e-07
角色提示词变化后同一缓存作用域仍命中稳定平台前缀	1	4.071e-07	4.071e-07
角色缓存作用域策略允许同供应商不同模型复用会话作用域	1	4.071e-07	4.071e-07
解析供应商真实缓存用量	1	4.071e-07	4.071e-07
订阅项目事件后会收到后续发布的事件	1	4.071e-07	4.071e-07
记录运行会归一操作者并写入运行主记录和结构化事件	1	4.071e-07	4.071e-07
说明为空会被拒绝	1	4.071e-07	4.071e-07
请求被中断时会恢复线程中断标记并返回不可达	1	4.071e-07	4.071e-07
请求身份和操作者一致时返回当前用户	1	4.071e-07	4.071e-07
请求身份和操作者不一致时返回403	1	4.071e-07	4.071e-07
读取本地执行摘要缺少请求身份时返回401	1	4.071e-07	4.071e-07
读取本地文件缺少请求身份时返回401	1	4.071e-07	4.071e-07
读取模型网关配置缺少请求身份时返回401	1	4.071e-07	4.071e-07
调度关闭时不认领队列也不调用模型	1	4.071e-07	4.071e-07
调度开启后会认领下一条队列运行但默认不自动执行模型	1	4.071e-07	4.071e-07
负词元数会被拒绝避免污染费用统计	1	4.071e-07	4.071e-07
超级管理员可以创建可登录用户并授予项目角色	1	4.071e-07	4.071e-07
超级管理员无需项目成员身份也可以登录项目工作台	1	4.071e-07	4.071e-07
超长日志截断后包含省略号且不超过上限	1	4.071e-07	4.071e-07
越界路径非yaml文件和非法名称会被拒绝	1	4.071e-07	4.071e-07
路径逃逸通过接口返回中文错误	1	4.071e-07	4.071e-07
迁移历史快照表为雪花id主键并保留切片唯一语义	1	4.071e-07	4.071e-07
过期令牌无法通过验证	1	4.071e-07	4.071e-07
过期租约生成worker执行计划会返回阻塞结果且不写审计事件	1	4.071e-07	4.071e-07
过期邀请和非被邀请用户不能接受	1	4.071e-07	4.071e-07
运行中任务可以取消并记录取消信息	1	4.071e-07	4.071e-07
运行事件缺少请求身份时返回401	1	4.071e-07	4.071e-07
运行列表缺少请求身份时返回401	1	4.071e-07	4.071e-07
运行客户端失败会记录失败并让环境进入失败状态	1	4.071e-07	4.071e-07
运行态事件可以通过项目事件流发布	1	4.071e-07	4.071e-07
运行态提醒已读缺少请求身份时返回401	1	4.071e-07	4.071e-07
运行态提醒省略请求体时使用请求身份标记已读	1	4.071e-07	4.071e-07
运行态提醒请求身份和已读操作者不一致时返回403	1	4.071e-07	4.071e-07
运行租约可以通过续期接口刷新	1	4.071e-07	4.071e-07
返回四个默认角色智能体配置	1	4.071e-07	4.071e-07
返回项目成员列表	1	4.071e-07	4.071e-07
返回默认模型网关配置	1	4.071e-07	4.071e-07
连接失败视为不可达	1	4.071e-07	4.071e-07
追加工具trace会写入统一事件格式	1	4.071e-07	4.071e-07
追加模型请求trace会写入供应商和缓存摘要	1	4.071e-07	4.071e-07
通信异常会短暂重试并返回后续成功迁移	1	4.071e-07	4.071e-07
通信异常会短暂重试并返回后续成功连接	1	4.071e-07	4.071e-07
部署健康检查和运维操作会进入工作台运行摘要	1	4.071e-07	4.071e-07
部署健康检查缺少请求身份时返回401	1	4.071e-07	4.071e-07
部署健康检查请求身份和操作者不一致时返回403	1	4.071e-07	4.071e-07
部署回滚和凭证动作必须人工确认	1	4.071e-07	4.071e-07
部署操作写入正式仓储而不写旧快照	1	4.071e-07	4.071e-07
部署操作请求身份和操作者不一致时返回403	1	4.071e-07	4.071e-07
配置compose环境时要求授权工作区内yaml文件并关联部署目标	1	4.071e-07	4.071e-07
配置关闭时不会创建首个owner	1	4.071e-07	4.071e-07
配置国内模型供应商和角色默认绑定	1	4.071e-07	4.071e-07
配置开启时为空项目创建首个owner	1	4.071e-07	4.071e-07
配置模型供应商缺少请求身份时返回401	1	4.071e-07	4.071e-07
配置部署目标时只保存配置不执行远程连接	1	4.071e-07	4.071e-07
配置部署目标缺少请求身份时返回401	1	4.071e-07	4.071e-07
采集git	1	4.071e-07	4.071e-07
重复冻结同一文档会被拒绝并保留首次冻结信息	1	4.071e-07	4.071e-07
重复同步保留已读时间	1	4.071e-07	4.071e-07
重复批量已读不会覆盖原已读时间	1	4.071e-07	4.071e-07
重建服务后恢复任务和日志	1	4.071e-07	4.071e-07
重建服务后恢复审计记录	1	4.071e-07	4.071e-07
重建服务后恢复授权工作区和撤销状态	1	4.071e-07	4.071e-07
重建服务后恢复提醒和已读状态	1	4.071e-07	4.071e-07
重试运行操作人为空时返回400	1	4.071e-07	4.071e-07
重试运行缺少请求身份时返回401	1	4.071e-07	4.071e-07
重试运行请求身份和操作人不一致时返回403	1	4.071e-07	4.071e-07
错误密码不能登录	1	4.071e-07	4.071e-07
问询模式会把原本可自动执行的安全命令降级为人工确认	1	4.071e-07	4.071e-07
限制终态历史任务和日志容量并清理淘汰任务日志	1	4.071e-07	4.071e-07
需求变更会基于冻结版本创建新草稿且不影响父版本	1	4.071e-07	4.071e-07
需求文档可以从草稿推进到已冻结	1	4.071e-07	4.071e-07
非git目录返回非仓库状态	1	4.071e-07	4.071e-07
非http协议会记录为不可达且不会调用客户端	1	4.071e-07	4.071e-07
非mysql	1	4.071e-07	4.071e-07
非冻结文档可以更新内容	1	4.071e-07	4.071e-07
非冻结父版本不能创建变更草稿	1	4.071e-07	4.071e-07
非失败运行会返回阻塞计划并拒绝排队	1	4.071e-07	4.071e-07
非强制模式保留用户头兼容行为	1	4.071e-07	4.071e-07
非排队运行不能被认领	1	4.071e-07	4.071e-07
非排队运行在认领接口返回409	1	4.071e-07	4.071e-07
非支付输入不会混入支付失败场景结论	1	4.071e-07	4.071e-07
非法角色返回400	1	4.071e-07	4.071e-07
非认领人会返回阻塞结果且不调用模型网关	1	4.071e-07	4.071e-07
非认领人生成worker执行计划会返回阻塞结果且不写审计事件	1	4.071e-07	4.071e-07
非认领人续期接口返回204	1	4.071e-07	4.071e-07
非认领人续期运行租约会返回空且不写事件	1	4.071e-07	4.071e-07
非超级管理员不能创建可登录用户	1	4.071e-07	4.071e-07
非通信异常不会重试避免掩盖迁移错误	1	4.071e-07	4.071e-07
非通信异常不会重试避免掩盖配置错误	1	4.071e-07	4.071e-07
非项目成员不能写入旧工作流入口	1	4.071e-07	4.071e-07
非项目成员不能列出本地文件	1	4.071e-07	4.071e-07
非项目成员不能创建模型请求	1	4.071e-07	4.071e-07
非项目成员不能召回向量上下文	1	4.071e-07	4.071e-07
非项目成员不能执行compose运行态动作	1	4.071e-07	4.071e-07
非项目成员不能按agent运行读取模型请求	1	4.071e-07	4.071e-07
非项目成员不能授权本地工作区	1	4.071e-07	4.071e-07
非项目成员不能查看项目级模型成本趋势	1	4.071e-07	4.071e-07
非项目成员不能查询本地任务日志	1	4.071e-07	4.071e-07
非项目成员不能签发身份令牌	1	4.071e-07	4.071e-07
非项目成员不能订阅事件流	1	4.071e-07	4.071e-07
非项目成员不能读取事件列表	1	4.071e-07	4.071e-07
非项目成员不能读取恢复计划	1	4.071e-07	4.071e-07
非项目成员不能读取本地执行摘要	1	4.071e-07	4.071e-07
非项目成员不能读取本地文件	1	4.071e-07	4.071e-07
非项目成员不能读取模型网关配置	1	4.071e-07	4.071e-07
非项目成员不能读取角色智能体配置	1	4.071e-07	4.071e-07
非项目成员不能读取运行事件	1	4.071e-07	4.071e-07
非项目成员不能读取运行列表	1	4.071e-07	4.071e-07
非项目成员不能读取运行诊断	1	4.071e-07	4.071e-07
非项目成员不能读取项目成员列表	1	4.071e-07	4.071e-07
非项目成员不能读取项目概览	1	4.071e-07	4.071e-07
非项目成员不能通过事件流url身份参数订阅	1	4.071e-07	4.071e-07
非项目成员不能配置compose演示环境	1	4.071e-07	4.071e-07
非项目成员不能配置部署目标	1	4.071e-07	4.071e-07
非项目成员不能采集git	1	4.071e-07	4.071e-07
非项目成员操作者一致时仍返回403	1	4.071e-07	4.071e-07
非项目成员请求校验返回403	1	4.071e-07	4.071e-07
项目事件总线优先读取正式仓储并保持订阅发布能力	1	4.071e-07	4.071e-07
项目事件总线在正式仓储为空时从旧快照回填	1	4.071e-07	4.071e-07
项目事件拒绝空白核心字段	1	4.071e-07	4.071e-07
项目事件编码为rocket	1	4.071e-07	4.071e-07
项目成员可以列出本地文件	1	4.071e-07	4.071e-07
项目成员可以执行compose运行态校验	1	4.071e-07	4.071e-07
项目成员可以授权本地工作区	1	4.071e-07	4.071e-07
项目成员可以订阅事件流	1	4.071e-07	4.071e-07
项目成员可以读取事件列表	1	4.071e-07	4.071e-07
项目成员可以读取运行列表	1	4.071e-07	4.071e-07
项目成员可以通过事件流url身份参数订阅	1	4.071e-07	4.071e-07
项目成员可以配置部署目标	1	4.071e-07	4.071e-07
项目成员操作者一致性校验通过时返回当前用户	1	4.071e-07	4.071e-07
项目成员操作者不一致时返回403	1	4.071e-07	4.071e-07
项目成员请求校验通过时返回当前用户	1	4.071e-07	4.071e-07
项目概览从工作台读取当前阶段并保持旧字段	1	4.071e-07	4.071e-07
项目概览在存在未关闭严重bug时展示缺陷处理中阶段	1	4.071e-07	4.071e-07
项目概览复制列表避免外部改写响应对象	1	4.071e-07	4.071e-07
项目概览缺少请求身份时返回401	1	4.071e-07	4.071e-07
项目管理者不能治理非项目成员会话	1	4.071e-07	4.071e-07
项目管理者可以创建邀请并由被邀请用户接受	1	4.071e-07	4.071e-07
项目管理者可以变更成员角色和状态	1	4.071e-07	4.071e-07
项目管理者可以批量治理成员	1	4.071e-07	4.071e-07
项目管理者可以撤销重发并清理过期邀请	1	4.071e-07	4.071e-07
项目管理者可以查看并踢下线成员会话	1	4.071e-07	4.071e-07
项目管理者可以读取其他用户项目和用户级审计记录	1	4.071e-07	4.071e-07
项目管理者请求校验通过时返回当前用户	1	4.071e-07	4.071e-07
项目管理角色可以绑定角色模型	1	4.071e-07	4.071e-07
项目管理角色可以配置模型供应商	1	4.071e-07	4.071e-07
项目级模型成本趋势缺少请求身份时返回401	1	4.071e-07	4.071e-07
项目级运行诊断接口返回报告	1	4.071e-07	4.071e-07
项目级运行诊断缺少请求身份时返回401	1	4.071e-07	4.071e-07
项目负责人可以查询其他用户责任审计报告	1	4.071e-07	4.071e-07
项目队列为空时认领下一条返回204	1	4.071e-07	4.071e-07
驳回可以在评审和验收阶段回退	1	4.071e-07	4.071e-07
验收不通过可以明确退回测试或开发	1	4.071e-07	4.071e-07
高风险包装命令即使批准也不会执行	1	4.071e-07	4.071e-07
高风险命令即使批准也不会执行	1	4.071e-07	4.071e-07
默认不启用redis会话存储	1	4.071e-07	4.071e-07
默认关闭历史workbench快照写入	1	4.071e-07	4.071e-07
默认包含本地确定性供应商	1	4.071e-07	4.071e-07
默认文件模式不创建数据源且继续使用文件提醒store	1	4.071e-07	4.071e-07
默认文件模式不创建数据源和bug仓储bean	1	4.071e-07	4.071e-07
默认文件模式不创建数据源和工作流进度仓储bean	1	4.071e-07	4.071e-07
默认文件模式不创建数据源和文档仓储bean	1	4.071e-07	4.071e-07
默认文件模式不创建数据源和角色智能体配置仓储bean	1	4.071e-07	4.071e-07
默认文件模式不创建数据源和部署目标仓储bean	1	4.071e-07	4.071e-07
默认文件模式不创建数据源和部署运行态仓储bean	1	4.071e-07	4.071e-07
默认文件模式不创建数据源和项目活动仓储bean	1	4.071e-07	4.071e-07
默认文件模式不创建数据源和项目身份仓储bean	1	4.071e-07	4.071e-07
默认文件模式不创建数据源避免正式启动误依赖h2或数据库	1	4.071e-07	4.071e-07
默认返回四个角色智能体配置	1	4.071e-07	4.071e-07
subquery2	2	4.066e-07	3.798e-07
upper_limit	4	4.051e-07	3.156e-07
sslsf	5	4.017e-07	2.513e-07
function_call	14	3.985e-07	3.594e-07
coefficient	10	3.972e-07	2.796e-07
0ms	1	3.967e-07	3.967e-07
123m	1	3.967e-07	3.967e-07
123xy	1	3.967e-07	3.967e-07
3ms	1	3.967e-07	3.967e-07
5678	1	3.967e-07	3.967e-07
accounted	1	3.967e-07	3.967e-07
agnostic	1	3.967e-07	3.967e-07
all3	1	3.967e-07	3.967e-07
application_domain	1	3.967e-07	3.967e-07
asaync	1	3.967e-07	3.967e-07
augmenter	1	3.967e-07	3.967e-07
basic_timing	1	3.967e-07	3.967e-07
below1000entries	1	3.967e-07	3.967e-07
bonzo	1	3.967e-07	3.967e-07
border_collie	1	3.967e-07	3.967e-07
busy_loop	1	3.967e-07	3.967e-07
c2kcache	1	3.967e-07	3.967e-07
caches1	1	3.967e-07	3.967e-07
candidate1	1	3.967e-07	3.967e-07
candidate2	1	3.967e-07	3.967e-07
cap1000	1	3.967e-07	3.967e-07
capacity10	1	3.967e-07	3.967e-07
cfg2	1	3.967e-07	3.967e-07
cfgs	1	3.967e-07	3.967e-07
chihuahua	1	3.967e-07	3.967e-07
class2section	1	3.967e-07	3.967e-07
clear0	1	3.967e-07	3.967e-07
clear1	1	3.967e-07	3.967e-07
clf	1	3.967e-07	3.967e-07
cll	1	3.967e-07	3.967e-07
cm0	1	3.967e-07	3.967e-07
coated	1	3.967e-07	3.967e-07
compute1	1	3.967e-07	3.967e-07
counter2	1	3.967e-07	3.967e-07
customizations	1	3.967e-07	3.967e-07
dachshund	1	3.967e-07	3.967e-07
default1802	1	3.967e-07	3.967e-07
definitely	1	3.967e-07	3.967e-07
defunct	1	3.967e-07	3.967e-07
domainjar	1	3.967e-07	3.967e-07
double_bind	1	3.967e-07	3.967e-07
duration10min30sec	1	3.967e-07	3.967e-07
en2	1	3.967e-07	3.967e-07
enabler	1	3.967e-07	3.967e-07
entry2entry	1	3.967e-07	3.967e-07
entry2value	1	3.967e-07	3.967e-07
epr	1	3.967e-07	3.967e-07
epxect	1	3.967e-07	3.967e-07
equals1	1	3.967e-07	3.967e-07
every1exception	1	3.967e-07	3.967e-07
evictions	1	3.967e-07	3.967e-07
execption	1	3.967e-07	3.967e-07
expire0	1	3.967e-07	3.967e-07
expiry42sec	1	3.967e-07	3.967e-07
expiry8min	1	3.967e-07	3.967e-07
favoirte	1	3.967e-07	3.967e-07
forward_reference	1	3.967e-07	3.967e-07
herd	1	3.967e-07	3.967e-07
histo	1	3.967e-07	3.967e-07
hot2	1	3.967e-07	3.967e-07
identifier2	1	3.967e-07	3.967e-07
idlers	1	3.967e-07	3.967e-07
interval0	1	3.967e-07	3.967e-07
ipv4stack	1	3.967e-07	3.967e-07
ipv6addresses	1	3.967e-07	3.967e-07
issue171test	1	3.967e-07	3.967e-07
iterable2	1	3.967e-07	3.967e-07
jsr107cache	1	3.967e-07	3.967e-07
juno	1	3.967e-07	3.967e-07
keep3	1	3.967e-07	3.967e-07
keep77	1	3.967e-07	3.967e-07
key2action	1	3.967e-07	3.967e-07
kotlin	1	3.967e-07	3.967e-07
lister	1	3.967e-07	3.967e-07
loader2config	1	3.967e-07	3.967e-07
loader2default	1	3.967e-07	3.967e-07
loader2managers	1	3.967e-07	3.967e-07
loader2name2manager	1	3.967e-07	3.967e-07
loader2uri2cache	1	3.967e-07	3.967e-07
manager2default	1	3.967e-07	3.967e-07
maximal	1	3.967e-07	3.967e-07
millis2	1	3.967e-07	3.967e-07
millis50years	1	3.967e-07	3.967e-07
minus1	1	3.967e-07	3.967e-07
misc2	1	3.967e-07	3.967e-07
modified50years	1	3.967e-07	3.967e-07
name2adapter	1	3.967e-07	3.967e-07
name2cache	1	3.967e-07	3.967e-07
name2managers	1	3.967e-07	3.967e-07
name2uri	1	3.967e-07	3.967e-07
nanoseconds	1	3.967e-07	3.967e-07
nomap	1	3.967e-07	3.967e-07
non0	1	3.967e-07	3.967e-07
occasional	1	3.967e-07	3.967e-07
override1	1	3.967e-07	3.967e-07
override12	1	3.967e-07	3.967e-07
override16	1	3.967e-07	3.967e-07
override17	1	3.967e-07	3.967e-07
override32	1	3.967e-07	3.967e-07
papillon	1	3.967e-07	3.967e-07
pars2cache	1	3.967e-07	3.967e-07
pattern1	1	3.967e-07	3.967e-07
pistachio	1	3.967e-07	3.967e-07
pistachio2	1	3.967e-07	3.967e-07
pistachio2id	1	3.967e-07	3.967e-07
pistachio3	1	3.967e-07	3.967e-07
pistachio3id	1	3.967e-07	3.967e-07
policy10000	1	3.967e-07	3.967e-07
policy8min	1	3.967e-07	3.967e-07
present1	1	3.967e-07	3.967e-07
probing	1	3.967e-07	3.967e-07
ps0	1	3.967e-07	3.967e-07
put1	1	3.967e-07	3.967e-07
put2	1	3.967e-07	3.967e-07
really	1	3.967e-07	3.967e-07
reexamine	1	3.967e-07	3.967e-07
req5	1	3.967e-07	3.967e-07
requests0	1	3.967e-07	3.967e-07
reschedule2	1	3.967e-07	3.967e-07
resilience0	1	3.967e-07	3.967e-07
rll	1	3.967e-07	3.967e-07
rough	1	3.967e-07	3.967e-07
schedule100years	1	3.967e-07	3.967e-07
seconds2millis	1	3.967e-07	3.967e-07
sequence0sleep0	1	3.967e-07	3.967e-07
sequence3	1	3.967e-07	3.967e-07
setup2	1	3.967e-07	3.967e-07
sharply	1	3.967e-07	3.967e-07
single_action	1	3.967e-07	3.967e-07
skinny	1	3.967e-07	3.967e-07
span32bit	1	3.967e-07	3.967e-07
step_over	1	3.967e-07	3.967e-07
tab1000cap	1	3.967e-07	3.967e-07
tab2000cap	1	3.967e-07	3.967e-07
tab45	1	3.967e-07	3.967e-07
take2	1	3.967e-07	3.967e-07
talker	1	3.967e-07	3.967e-07
test30	1	3.967e-07	3.967e-07
testutil	1	3.967e-07	3.967e-07
thr	1	3.967e-07	3.967e-07
time0and	1	3.967e-07	3.967e-07
time0with	1	3.967e-07	3.967e-07
time_trace	1	3.967e-07	3.967e-07
tkn	1	3.967e-07	3.967e-07
to0	1	3.967e-07	3.967e-07
tonto	1	3.967e-07	3.967e-07
troublemaker	1	3.967e-07	3.967e-07
tsk	1	3.967e-07	3.967e-07
tt1	1	3.967e-07	3.967e-07
tt2	1	3.967e-07	3.967e-07
type2accessor	1	3.967e-07	3.967e-07
type2mutator	1	3.967e-07	3.967e-07
type2parser	1	3.967e-07	3.967e-07
ull	1	3.967e-07	3.967e-07
unbounded46	1	3.967e-07	3.967e-07
unit2long	1	3.967e-07	3.967e-07
unwrappable	1	3.967e-07	3.967e-07
uri1	1	3.967e-07	3.967e-07
uri2	1	3.967e-07	3.967e-07
uri2name	1	3.967e-07	3.967e-07
uri3	1	3.967e-07	3.967e-07
visibility1	1	3.967e-07	3.967e-07
wakeups	1	3.967e-07	3.967e-07
wheels	1	3.967e-07	3.967e-07
wish	1	3.967e-07	3.967e-07
with20entries	1	3.967e-07	3.967e-07
wrror	1	3.967e-07	3.967e-07
imports	3	3.965e-07	3.086e-07
county	9	3.959e-07	3.340e-07
end_line	4	3.916e-07	3.191e-07
is3	4	3.916e-07	3.191e-07
tuned	4	3.916e-07	3.191e-07
sing	3	3.910e-07	3.190e-07
agent1	1	3.851e-07	3.851e-07
annoation	1	3.851e-07	3.851e-07
arrival	1	3.851e-07	3.851e-07
base64qr	1	3.851e-07	3.851e-07
bdate	1	3.851e-07	3.851e-07
by4column	1	3.851e-07	3.851e-07
ch0	1	3.851e-07	3.851e-07
chop	1	3.851e-07	3.851e-07
code_page	1	3.851e-07	3.851e-07
consignor	1	3.851e-07	3.851e-07
consuming	1	3.851e-07	3.851e-07
cou	1	3.851e-07	3.851e-07
coupons	1	3.851e-07	3.851e-07
deducted	1	3.851e-07	3.851e-07
ems	1	3.851e-07	3.851e-07
exercise	1	3.851e-07	3.851e-07
font2	1	3.851e-07	3.851e-07
formatter1	1	3.851e-07	3.851e-07
formatter2	1	3.851e-07	3.851e-07
h5page	1	3.851e-07	3.851e-07
h5scene	1	3.851e-07	3.851e-07
hal	1	3.851e-07	3.851e-07
hhtt	1	3.851e-07	3.851e-07
hk	1	3.851e-07	3.851e-07
hssf	1	3.851e-07	3.851e-07
invited	1	3.851e-07	3.851e-07
ipb	1	3.851e-07	3.851e-07
isize	1	3.851e-07	3.851e-07
jdl	1	3.851e-07	3.851e-07
jtsd	1	3.851e-07	3.851e-07
kd100util	1	3.851e-07	3.851e-07
kuaidi100	1	3.851e-07	3.851e-07
line58	1	3.851e-07	3.851e-07
line80	1	3.851e-07	3.851e-07
logistics	1	3.851e-07	3.851e-07
merchants	1	3.851e-07	3.851e-07
navigations	1	3.851e-07	3.851e-07
ofields	1	3.851e-07	3.851e-07
oneself	1	3.851e-07	3.851e-07
onlin	1	3.851e-07	3.851e-07
output1	1	3.851e-07	3.851e-07
output2	1	3.851e-07	3.851e-07
p12path	1	3.851e-07	3.851e-07
paper	1	3.851e-07	3.851e-07
pase	1	3.851e-07	3.851e-07
paying	1	3.851e-07	3.851e-07
plat	1	3.851e-07	3.851e-07
plus1	1	3.851e-07	3.851e-07
pond	1	3.851e-07	3.851e-07
pramas	1	3.851e-07	3.851e-07
prerogative	1	3.851e-07	3.851e-07
primite	1	3.851e-07	3.851e-07
qw	1	3.851e-07	3.851e-07
qw2	1	3.851e-07	3.851e-07
region1	1	3.851e-07	3.851e-07
requst	1	3.851e-07	3.851e-07
restaurant	1	3.851e-07	3.851e-07
retail	1	3.851e-07	3.851e-07
salt1	1	3.851e-07	3.851e-07
secret1	1	3.851e-07	3.851e-07
simple_time	1	3.851e-07	3.851e-07
smethod	1	3.851e-07	3.851e-07
split58	1	3.851e-07	3.851e-07
split80	1	3.851e-07	3.851e-07
sto	1	3.851e-07	3.851e-07
string2string	1	3.851e-07	3.851e-07
style2	1	3.851e-07	3.851e-07
timecal	1	3.851e-07	3.851e-07
title_case	1	3.851e-07	3.851e-07
uncapitalize	1	3.851e-07	3.851e-07
unsend	1	3.851e-07	3.851e-07
v3bean	1	3.851e-07	3.851e-07
validate15idcard	1	3.851e-07	3.851e-07
weekend	1	3.851e-07	3.851e-07
yto	1	3.851e-07	3.851e-07
yunda	1	3.851e-07	3.851e-07
zto	1	3.851e-07	3.851e-07
aggr	14	3.850e-07	3.850e-07
amortization	14	3.850e-07	3.850e-07
catches	14	3.850e-07	3.850e-07
contextual	14	3.850e-07	3.850e-07
decomposition	14	3.850e-07	3.850e-07
old3	14	3.850e-07	3.850e-07
proceeds	14	3.850e-07	3.850e-07
reclaimed	14	3.850e-07	3.850e-07
snap2	14	3.850e-07	3.850e-07
unwraps	14	3.850e-07	3.850e-07
v20	14	3.850e-07	3.850e-07
yql	14	3.850e-07	3.850e-07
int2bytes	13	3.844e-07	3.126e-07
introspection	4	3.833e-07	3.111e-07
vp	4	3.833e-07	3.111e-07
iw	3	3.827e-07	3.109e-07
polygons	10	3.827e-07	3.317e-07
anotation	1	3.791e-07	3.791e-07
apply2	1	3.791e-07	3.791e-07
apply3	1	3.791e-07	3.791e-07
bluetooth	1	3.791e-07	3.791e-07
brand1	1	3.791e-07	3.791e-07
brand2	1	3.791e-07	3.791e-07
country1	1	3.791e-07	3.791e-07
debezium	1	3.791e-07	3.791e-07
delivering	1	3.791e-07	3.791e-07
detail1	1	3.791e-07	3.791e-07
detail2	1	3.791e-07	3.791e-07
district1	1	3.791e-07	3.791e-07
duplication	1	3.791e-07	3.791e-07
els	1	3.791e-07	3.791e-07
enumerate	1	3.791e-07	3.791e-07
fuzziness	1	3.791e-07	3.791e-07
gett	1	3.791e-07	3.791e-07
gtins	1	3.791e-07	3.791e-07
hen	1	3.791e-07	3.791e-07
history1	1	3.791e-07	3.791e-07
imperative	1	3.791e-07	3.791e-07
inch	1	3.791e-07	3.791e-07
ip15	1	3.791e-07	3.791e-07
ip15chk	1	3.791e-07	3.791e-07
macbook	1	3.791e-07	3.791e-07
mokito	1	3.791e-07	3.791e-07
notifying	1	3.791e-07	3.791e-07
operation_code	1	3.791e-07	3.791e-07
pov	1	3.791e-07	3.791e-07
product3	1	3.791e-07	3.791e-07
promotion3	1	3.791e-07	3.791e-07
province1	1	3.791e-07	3.791e-07
province2	1	3.791e-07	3.791e-07
return201	1	3.791e-07	3.791e-07
return400response	1	3.791e-07	3.791e-07
return403response	1	3.791e-07	3.791e-07
returns404response	1	3.791e-07	3.791e-07
saved2	1	3.791e-07	3.791e-07
shipp	1	3.791e-07	3.791e-07
shopee	1	3.791e-07	3.791e-07
similiar	1	3.791e-07	3.791e-07
skus	1	3.791e-07	3.791e-07
stateorprovince	1	3.791e-07	3.791e-07
subquery1	1	3.791e-07	3.791e-07
tem	1	3.791e-07	3.791e-07
throws403	1	3.791e-07	3.791e-07
throws404	1	3.791e-07	3.791e-07
viettel	1	3.791e-07	3.791e-07
bais	2	3.774e-07	3.159e-07
bins	2	3.774e-07	3.159e-07
da	2	3.774e-07	3.159e-07
discounted	2	3.774e-07	3.159e-07
etc	2	3.774e-07	3.159e-07
feat	2	3.774e-07	3.159e-07
pops	4	3.763e-07	3.044e-07
unloaded	4	3.763e-07	3.044e-07
quarter	3	3.758e-07	3.043e-07
short2bytes	13	3.710e-07	3.321e-07
unrecognized	12	3.707e-07	3.094e-07
line_feed	9	3.697e-07	2.616e-07
jl	2	3.690e-07	3.077e-07
nto	2	3.690e-07	3.077e-07
bloom	9	3.686e-07	3.686e-07
chks	9	3.686e-07	3.686e-07
dbmd	9	3.686e-07	3.686e-07
finalfn	9	3.686e-07	3.686e-07
king	9	3.686e-07	3.686e-07
mbr	9	3.686e-07	3.686e-07
vcard	7	3.685e-07	2.609e-07
reflective	4	3.678e-07	2.962e-07
biggest	3	3.641e-07	3.134e-07
indx	3	3.641e-07	3.134e-07
restarts	3	3.641e-07	3.134e-07
skip_list	3	3.641e-07	3.134e-07
turkish	3	3.641e-07	3.134e-07
unspecified	3	3.641e-07	3.134e-07
london	6	3.593e-07	2.598e-07
piped	3	3.582e-07	2.592e-07
admittor	13	3.575e-07	3.575e-07
and2	13	3.575e-07	3.575e-07
euclidean	13	3.575e-07	3.575e-07
evicts	13	3.575e-07	3.575e-07
grows	13	3.575e-07	3.575e-07
holds	13	3.575e-07	3.575e-07
person3	13	3.575e-07	3.575e-07
prefetched	13	3.575e-07	3.575e-07
recurses	13	3.575e-07	3.575e-07
session2	13	3.575e-07	3.575e-07
mmap	3	3.558e-07	3.052e-07
collapsing	9	3.552e-07	3.286e-07
alls	6	3.548e-07	2.841e-07
bys	6	3.548e-07	2.841e-07
thesaurus	6	3.548e-07	2.841e-07
occ	2	3.535e-07	2.926e-07
lower_limit	2	3.501e-07	3.114e-07
rerank	2	3.501e-07	3.114e-07
yl	2	3.501e-07	3.114e-07
block1	3	3.488e-07	2.984e-07
block2	3	3.488e-07	2.984e-07
builtin	3	3.488e-07	2.984e-07
conversion_factor	3	3.488e-07	2.984e-07
dequeue	3	3.488e-07	2.984e-07
inactivity	3	3.488e-07	2.984e-07
watchdog	3	3.488e-07	2.984e-07
lname	3	3.471e-07	2.498e-07
long2bytes	12	3.435e-07	3.048e-07
treats	11	3.432e-07	2.827e-07
csize	2	3.417e-07	3.031e-07
decl	2	3.417e-07	3.031e-07
nextval	2	3.417e-07	3.031e-07
simplify	2	3.417e-07	3.031e-07
amont	5	3.411e-07	3.411e-07
analytics	5	3.411e-07	3.411e-07
cms	5	3.411e-07	3.411e-07
discontinuation	5	3.411e-07	3.411e-07
distributable	5	3.411e-07	3.411e-07
dxa	5	3.411e-07	3.411e-07
eway	5	3.411e-07	3.411e-07
gwp	5	3.411e-07	3.411e-07
mth	5	3.411e-07	3.411e-07
nopks	5	3.411e-07	3.411e-07
p5	5	3.411e-07	3.411e-07
postage	5	3.411e-07	3.411e-07
purchase_price	5	3.411e-07	3.411e-07
recur	5	3.411e-07	3.411e-07
rmaps	5	3.411e-07	3.411e-07
sales_order	5	3.411e-07	3.411e-07
slash1	5	3.411e-07	3.411e-07
ssn	5	3.411e-07	3.411e-07
taxable	5	3.411e-07	3.411e-07
type0	5	3.411e-07	3.411e-07
viewed	5	3.411e-07	3.411e-07
ware	5	3.411e-07	3.411e-07
wid	5	3.411e-07	3.411e-07
expected1	3	3.403e-07	2.900e-07
expected2	3	3.403e-07	2.900e-07
confidence	2	3.366e-07	3.101e-07
gerund	2	3.366e-07	3.101e-07
hch	2	3.366e-07	3.101e-07
locally	2	3.366e-07	3.101e-07
megabyte	2	3.366e-07	3.101e-07
reserved_word	2	3.366e-07	3.101e-07
threw	2	3.366e-07	3.101e-07
tree1	2	3.366e-07	3.101e-07
tree2	2	3.366e-07	3.101e-07
diameter	2	3.348e-07	2.963e-07
nos	2	3.348e-07	2.963e-07
aborts	5	3.318e-07	2.466e-07
advertises	12	3.300e-07	3.300e-07
backwards	12	3.300e-07	3.300e-07
byte_order	12	3.300e-07	3.300e-07
heavyweight	12	3.300e-07	3.300e-07
ixs	12	3.300e-07	3.300e-07
leaks	12	3.300e-07	3.300e-07
pair1	12	3.300e-07	3.300e-07
pair2	12	3.300e-07	3.300e-07
recyclable	12	3.300e-07	3.300e-07
reduces	12	3.300e-07	3.300e-07
session1	12	3.300e-07	3.300e-07
speculative	12	3.300e-07	3.300e-07
taxo	12	3.300e-07	3.300e-07
v2v	12	3.300e-07	3.300e-07
zig	12	3.300e-07	3.300e-07
approximation	2	3.283e-07	3.017e-07
binary_operator	2	3.283e-07	3.017e-07
edge_list	2	3.283e-07	3.017e-07
election	2	3.283e-07	3.017e-07
idem	2	3.283e-07	3.017e-07
identifer	2	3.283e-07	3.017e-07
l3	2	3.283e-07	3.017e-07
reordered	2	3.283e-07	3.017e-07
stgs	2	3.283e-07	3.017e-07
salted	6	3.279e-07	2.778e-07
2004	8	3.277e-07	3.277e-07
onmouseout	8	3.277e-07	3.277e-07
onmouseover	8	3.277e-07	3.277e-07
rings	8	3.277e-07	3.277e-07
town	8	3.277e-07	3.277e-07
traditional	8	3.277e-07	3.277e-07
trs	8	3.277e-07	3.277e-07
win1251	8	3.277e-07	3.277e-07
win866	8	3.277e-07	3.277e-07
helium	2	3.262e-07	2.878e-07
enforced	2	3.213e-07	2.949e-07
fail2	2	3.213e-07	2.949e-07
internally	2	3.213e-07	2.949e-07
projected	2	3.213e-07	2.949e-07
tokyo	4	3.177e-07	2.311e-07
id5	10	3.157e-07	2.561e-07
materializes	9	3.148e-07	2.315e-07
lat1	8	3.142e-07	2.878e-07
gsc	5	3.139e-07	2.756e-07
closeables	2	3.128e-07	2.863e-07
rate_limiting	2	3.128e-07	2.863e-07
roller	2	3.128e-07	2.863e-07
5a	1	3.091e-07	3.091e-07
5b	1	3.091e-07	3.091e-07
adjectival	1	3.091e-07	3.091e-07
adjective	1	3.091e-07	3.091e-07
aei	1	3.091e-07	3.091e-07
aeio	1	3.091e-07	3.091e-07
alef	1	3.091e-07	3.091e-07
anode	1	3.091e-07	3.091e-07
anserini	1	3.091e-07	3.091e-07
arithmetic_mean	1	3.091e-07	3.091e-07
back2	1	3.091e-07	3.091e-07
bag_of_words	1	3.091e-07	3.091e-07
bcfw	1	3.091e-07	3.091e-07
begoffs	1	3.091e-07	3.091e-07
ble	1	3.091e-07	3.091e-07
bm25scoring	1	3.091e-07	3.091e-07
boosting	1	3.091e-07	3.091e-07
bprfw	1	3.091e-07	3.091e-07
bstream	1	3.091e-07	3.091e-07
case_ending	1	3.091e-07	3.091e-07
casting	1	3.091e-07	3.091e-07
checks1	1	3.091e-07	3.091e-07
checks2	1	3.091e-07	3.091e-07
chx	1	3.091e-07	3.091e-07
ci1	1	3.091e-07	3.091e-07
ci2	1	3.091e-07	3.091e-07
cjson	1	3.091e-07	3.091e-07
comparasion	1	3.091e-07	3.091e-07
complex2	1	3.091e-07	3.091e-07
compresion	1	3.091e-07	3.091e-07
conflater	1	3.091e-07	3.091e-07
confusable	1	3.091e-07	3.091e-07
considered	1	3.091e-07	3.091e-07
consonants	1	3.091e-07	3.091e-07
cooccurring	1	3.091e-07	3.091e-07
corpora	1	3.091e-07	3.091e-07
corpus1	1	3.091e-07	3.091e-07
corpus2	1	3.091e-07	3.091e-07
dand	1	3.091e-07	3.091e-07
danish	1	3.091e-07	3.091e-07
data4	1	3.091e-07	3.091e-07
data5	1	3.091e-07	3.091e-07
data6	1	3.091e-07	3.091e-07
data7	1	3.091e-07	3.091e-07
data8	1	3.091e-07	3.091e-07
dc1	1	3.091e-07	3.091e-07
dcount	1	3.091e-07	3.091e-07
defaulty	1	3.091e-07	3.091e-07
defp	1	3.091e-07	3.091e-07
derivational	1	3.091e-07	3.091e-07
destinations	1	3.091e-07	3.091e-07
distrib	1	3.091e-07	3.091e-07
dkvp	1	3.091e-07	3.091e-07
dnrp	1	3.091e-07	3.091e-07
docnos	1	3.091e-07	3.091e-07
donkey	1	3.091e-07	3.091e-07
dsand	1	3.091e-07	3.091e-07
dti	1	3.091e-07	3.091e-07
dumpped	1	3.091e-07	3.091e-07
durl	1	3.091e-07	3.091e-07
dwith	1	3.091e-07	3.091e-07
eait	1	3.091e-07	3.091e-07
efficient	1	3.091e-07	3.091e-07
eids	1	3.091e-07	3.091e-07
endoffs	1	3.091e-07	3.091e-07
erred	1	3.091e-07	3.091e-07
execs	1	3.091e-07	3.091e-07
extent2	1	3.091e-07	3.091e-07
factive	1	3.091e-07	3.091e-07
finnish	1	3.091e-07	3.091e-07
flushing	1	3.091e-07	3.091e-07
forked	1	3.091e-07	3.091e-07
free_port	1	3.091e-07	3.091e-07
fullcmd	1	3.091e-07	3.091e-07
fulls	1	3.091e-07	3.091e-07
fwindexgeneratelog	1	3.091e-07	3.091e-07
fwindexreducelog	1	3.091e-07	3.091e-07
fwriter	1	3.091e-07	3.091e-07
gains	1	3.091e-07	3.091e-07
gbl	1	3.091e-07	3.091e-07
generic_element	1	3.091e-07	3.091e-07
gensym	1	3.091e-07	3.091e-07
getn	1	3.091e-07	3.091e-07
golab1	1	3.091e-07	3.091e-07
golab10	1	3.091e-07	3.091e-07
golab19	1	3.091e-07	3.091e-07
golab22	1	3.091e-07	3.091e-07
golab24	1	3.091e-07	3.091e-07
golab26	1	3.091e-07	3.091e-07
gziped	1	3.091e-07	3.091e-07
helpfn	1	3.091e-07	3.091e-07
hfn	1	3.091e-07	3.091e-07
hfs	1	3.091e-07	3.091e-07
hungarian	1	3.091e-07	3.091e-07
idfs	1	3.091e-07	3.091e-07
ih	1	3.091e-07	3.091e-07
improving	1	3.091e-07	3.091e-07
indication	1	3.091e-07	3.091e-07
inital	1	3.091e-07	3.091e-07
inner1	1	3.091e-07	3.091e-07
inner2	1	3.091e-07	3.091e-07
instrum	1	3.091e-07	3.091e-07
ion	1	3.091e-07	3.091e-07
iprec	1	3.091e-07	3.091e-07
irr	1	3.091e-07	3.091e-07
ism	1	3.091e-07	3.091e-07
ito	1	3.091e-07	3.091e-07
ity	1	3.091e-07	3.091e-07
ive	1	3.091e-07	3.091e-07
ize	1	3.091e-07	3.091e-07
jdoc	1	3.091e-07	3.091e-07
jsonl	1	3.091e-07	3.091e-07
judgement	1	3.091e-07	3.091e-07
kl	1	3.091e-07	3.091e-07
kstem	1	3.091e-07	3.091e-07
kvp	1	3.091e-07	3.091e-07
lab54	1	3.091e-07	3.091e-07
lab55	1	3.091e-07	3.091e-07
lab56	1	3.091e-07	3.091e-07
lab57	1	3.091e-07	3.091e-07
lab58	1	3.091e-07	3.091e-07
learners	1	3.091e-07	3.091e-07
levenshtein	1	3.091e-07	3.091e-07
linedelim	1	3.091e-07	3.091e-07
logarithm	1	3.091e-07	3.091e-07
loge	1	3.091e-07	3.091e-07
logprob	1	3.091e-07	3.091e-07
logstoposteriors	1	3.091e-07	3.091e-07
longest	1	3.091e-07	3.091e-07
maqsura	1	3.091e-07	3.091e-07
mci	1	3.091e-07	3.091e-07
memcounts1	1	3.091e-07	3.091e-07
memcounts2	1	3.091e-07	3.091e-07
ment	1	3.091e-07	3.091e-07
mer	1	3.091e-07	3.091e-07
merge1	1	3.091e-07	3.091e-07
merge2	1	3.091e-07	3.091e-07
mi1	1	3.091e-07	3.091e-07
mi2	1	3.091e-07	3.091e-07
mlm	1	3.091e-07	3.091e-07
model1traversal	1	3.091e-07	3.091e-07
model3traversal	1	3.091e-07	3.091e-07
mojo	1	3.091e-07	3.091e-07
mxdf	1	3.091e-07	3.091e-07
nat	1	3.091e-07	3.091e-07
nce	1	3.091e-07	3.091e-07
nchild	1	3.091e-07	3.091e-07
nchildren	1	3.091e-07	3.091e-07
ncy	1	3.091e-07	3.091e-07
negsig	1	3.091e-07	3.091e-07
ness	1	3.091e-07	3.091e-07
newl	1	3.091e-07	3.091e-07
nihilo	1	3.091e-07	3.091e-07
nodes1	1	3.091e-07	3.091e-07
nodes2	1	3.091e-07	3.091e-07
nonstemming	1	3.091e-07	3.091e-07
norwegian	1	3.091e-07	3.091e-07
nouns	1	3.091e-07	3.091e-07
ns2	1	3.091e-07	3.091e-07
numdocs	1	3.091e-07	3.091e-07
odw	1	3.091e-07	3.091e-07
openers	1	3.091e-07	3.091e-07
par2	1	3.091e-07	3.091e-07
parsable	1	3.091e-07	3.091e-07
parse_tree	1	3.091e-07	3.091e-07
parted	1	3.091e-07	3.091e-07
past_tense	1	3.091e-07	3.091e-07
penult	1	3.091e-07	3.091e-07
perfective	1	3.091e-07	3.091e-07
phrase2	1	3.091e-07	3.091e-07
pipeline2	1	3.091e-07	3.091e-07
pl2root	1	3.091e-07	3.091e-07
pl2scorer	1	3.091e-07	3.091e-07
pl2scoring	1	3.091e-07	3.091e-07
plur	1	3.091e-07	3.091e-07
pooler	1	3.091e-07	3.091e-07
porter2stemmer	1	3.091e-07	3.091e-07
portuguese	1	3.091e-07	3.091e-07
possessive	1	3.091e-07	3.091e-07
possessives	1	3.091e-07	3.091e-07
precedes	1	3.091e-07	3.091e-07
precision1	1	3.091e-07	3.091e-07
precision2	1	3.091e-07	3.091e-07
prevfrac	1	3.091e-07	3.091e-07
prms2model	1	3.091e-07	3.091e-07
prms2traversal	1	3.091e-07	3.091e-07
psa	1	3.091e-07	3.091e-07
punct	1	3.091e-07	3.091e-07
pval	1	3.091e-07	3.091e-07
pwriter	1	3.091e-07	3.091e-07
q4	1	3.091e-07	3.091e-07
q5	1	3.091e-07	3.091e-07
q6	1	3.091e-07	3.091e-07
qlen	1	3.091e-07	3.091e-07
qnum	1	3.091e-07	3.091e-07
qsj2	1	3.091e-07	3.091e-07
qtype	1	3.091e-07	3.091e-07
randomized	1	3.091e-07	3.091e-07
rank2	1	3.091e-07	3.091e-07
read_length	1	3.091e-07	3.091e-07
replab24	1	3.091e-07	3.091e-07
replab4	1	3.091e-07	3.091e-07
replab8	1	3.091e-07	3.091e-07
ridiculous	1	3.091e-07	3.091e-07
rm1	1	3.091e-07	3.091e-07
rm3	1	3.091e-07	3.091e-07
rmstemmer	1	3.091e-07	3.091e-07
rnd1	1	3.091e-07	3.091e-07
rnd2	1	3.091e-07	3.091e-07
romanian	1	3.091e-07	3.091e-07
root1	1	3.091e-07	3.091e-07
root2	1	3.091e-07	3.091e-07
russian	1	3.091e-07	3.091e-07
same0	1	3.091e-07	3.091e-07
same1	1	3.091e-07	3.091e-07
score_string	1	3.091e-07	3.091e-07
settings1	1	3.091e-07	3.091e-07
settings2	1	3.091e-07	3.091e-07
shredded	1	3.091e-07	3.091e-07
snippets	1	3.091e-07	3.091e-07
spanish	1	3.091e-07	3.091e-07
srcid	1	3.091e-07	3.091e-07
srcpos	1	3.091e-07	3.091e-07
stanf	1	3.091e-07	3.091e-07
stanford	1	3.091e-07	3.091e-07
step1a	1	3.091e-07	3.091e-07
step1b	1	3.091e-07	3.091e-07
step2c	1	3.091e-07	3.091e-07
step2c1	1	3.091e-07	3.091e-07
step2c2	1	3.091e-07	3.091e-07
step3a	1	3.091e-07	3.091e-07
step3b	1	3.091e-07	3.091e-07
step4	1	3.091e-07	3.091e-07
stopstr	1	3.091e-07	3.091e-07
subarray	1	3.091e-07	3.091e-07
subchild	1	3.091e-07	3.091e-07
sublist	1	3.091e-07	3.091e-07
subps	1	3.091e-07	3.091e-07
suff	1	3.091e-07	3.091e-07
sufflength	1	3.091e-07	3.091e-07
svi	1	3.091e-07	3.091e-07
swedish	1	3.091e-07	3.091e-07
syllable	1	3.091e-07	3.091e-07
tagtok	1	3.091e-07	3.091e-07
tamil	1	3.091e-07	3.091e-07
term1count	1	3.091e-07	3.091e-07
term2count	1	3.091e-07	3.091e-07
ucfw	1	3.091e-07	3.091e-07
unmodifiable1	1	3.091e-07	3.091e-07
unmodifiable2	1	3.091e-07	3.091e-07
unnormalweighted	1	3.091e-07	3.091e-07
unnumbered	1	3.091e-07	3.091e-07
unrestricted	1	3.091e-07	3.091e-07
unsorted	1	3.091e-07	3.091e-07
uprfw	1	3.091e-07	3.091e-07
urupu	1	3.091e-07	3.091e-07
urupukal	1	3.091e-07	3.091e-07
uwd	1	3.091e-07	3.091e-07
vbyte	1	3.091e-07	3.091e-07
vest	1	3.091e-07	3.091e-07
vowel1	1	3.091e-07	3.091e-07
vowel2	1	3.091e-07	3.091e-07
vowel3	1	3.091e-07	3.091e-07
vowel4	1	3.091e-07	3.091e-07
vowel5	1	3.091e-07	3.091e-07
vowel6	1	3.091e-07	3.091e-07
vowel_harmony	1	3.091e-07	3.091e-07
wand	1	3.091e-07	3.091e-07
weighting	1	3.091e-07	3.091e-07
xbm25	1	3.091e-07	3.091e-07
xquery	1	3.091e-07	3.091e-07
yken	1	3.091e-07	3.091e-07
paris	4	3.043e-07	2.358e-07
canditates	11	3.025e-07	3.025e-07
dijkstra	11	3.025e-07	3.025e-07
jaime	11	3.025e-07	3.025e-07
materialization	11	3.025e-07	3.025e-07
midpoint	11	3.025e-07	3.025e-07
named_parameter	11	3.025e-07	3.025e-07
probed	11	3.025e-07	3.025e-07
recalibrate	11	3.025e-07	3.025e-07
security_system	11	3.025e-07	3.025e-07
v2set	11	3.025e-07	3.025e-07
value2as	11	3.025e-07	3.025e-07
rely	9	3.013e-07	2.128e-07
1input	1	3.008e-07	3.008e-07
2classes	1	3.008e-07	3.008e-07
2d	1	3.008e-07	3.008e-07
4and	1	3.008e-07	3.008e-07
4or	1	3.008e-07	3.008e-07
8and	1	3.008e-07	3.008e-07
8or	1	3.008e-07	3.008e-07
activable	1	3.008e-07	3.008e-07
add2path	1	3.008e-07	3.008e-07
addtoannotation	1	3.008e-07	3.008e-07
algopanels	1	3.008e-07	3.008e-07
alt4	1	3.008e-07	3.008e-07
alt5	1	3.008e-07	3.008e-07
alt6	1	3.008e-07	3.008e-07
annotator	1	3.008e-07	3.008e-07
annots	1	3.008e-07	3.008e-07
apanel	1	3.008e-07	3.008e-07
apnn	1	3.008e-07	3.008e-07
appartenancetests	1	3.008e-07	3.008e-07
arcs	1	3.008e-07	3.008e-07
arctl	1	3.008e-07	3.008e-07
ascendent	1	3.008e-07	3.008e-07
asy	1	3.008e-07	3.008e-07
atom132	1	3.008e-07	3.008e-07
atom134	1	3.008e-07	3.008e-07
atom138	1	3.008e-07	3.008e-07
atom140	1	3.008e-07	3.008e-07
atom144	1	3.008e-07	3.008e-07
atom146	1	3.008e-07	3.008e-07
atom150	1	3.008e-07	3.008e-07
atom152	1	3.008e-07	3.008e-07
atom163	1	3.008e-07	3.008e-07
atom165	1	3.008e-07	3.008e-07
atom169	1	3.008e-07	3.008e-07
atom171	1	3.008e-07	3.008e-07
atom175	1	3.008e-07	3.008e-07
atom177	1	3.008e-07	3.008e-07
atom181	1	3.008e-07	3.008e-07
atom183	1	3.008e-07	3.008e-07
atom187	1	3.008e-07	3.008e-07
atom189	1	3.008e-07	3.008e-07
atom199	1	3.008e-07	3.008e-07
atom201	1	3.008e-07	3.008e-07
atom205	1	3.008e-07	3.008e-07
atom207	1	3.008e-07	3.008e-07
atom211	1	3.008e-07	3.008e-07
atom213	1	3.008e-07	3.008e-07
atom217	1	3.008e-07	3.008e-07
atom219	1	3.008e-07	3.008e-07
atom223	1	3.008e-07	3.008e-07
atom225	1	3.008e-07	3.008e-07
atom232	1	3.008e-07	3.008e-07
atom236	1	3.008e-07	3.008e-07
atom238	1	3.008e-07	3.008e-07
atom245	1	3.008e-07	3.008e-07
atom249	1	3.008e-07	3.008e-07
automating	1	3.008e-07	3.008e-07
avasim	1	3.008e-07	3.008e-07
bcur	1	3.008e-07	3.008e-07
be1	1	3.008e-07	3.008e-07
be1priority2classes	1	3.008e-07	3.008e-07
bgp	1	3.008e-07	3.008e-07
bibtextoginsim	1	3.008e-07	3.008e-07
bmin	1	3.008e-07	3.008e-07
bnode	1	3.008e-07	3.008e-07
booleanized	1	3.008e-07	3.008e-07
bouche	1	3.008e-07	3.008e-07
brange	1	3.008e-07	3.008e-07
bstep	1	3.008e-07	3.008e-07
btrans	1	3.008e-07	3.008e-07
button2	1	3.008e-07	3.008e-07
catt	1	3.008e-07	3.008e-07
cdef	1	3.008e-07	3.008e-07
cdt	1	3.008e-07	3.008e-07
charts	1	3.008e-07	3.008e-07
ckey	1	3.008e-07	3.008e-07
cla	1	3.008e-07	3.008e-07
clonedstore	1	3.008e-07	3.008e-07
cnt1	1	3.008e-07	3.008e-07
cnt3	1	3.008e-07	3.008e-07
cnt4	1	3.008e-07	3.008e-07
cnt5	1	3.008e-07	3.008e-07
coef	1	3.008e-07	3.008e-07
comment2cnf	1	3.008e-07	3.008e-07
componant	1	3.008e-07	3.008e-07
conjunction102	1	3.008e-07	3.008e-07
conjunction106	1	3.008e-07	3.008e-07
conjunction99	1	3.008e-07	3.008e-07
conjunctive	1	3.008e-07	3.008e-07
connected_component	1	3.008e-07	3.008e-07
connecttivity	1	3.008e-07	3.008e-07
consistancy	1	3.008e-07	3.008e-07
constraint2node	1	3.008e-07	3.008e-07
constrasted	1	3.008e-07	3.008e-07
css2	1	3.008e-07	3.008e-07
ctl	1	3.008e-07	3.008e-07
curval	1	3.008e-07	3.008e-07
cyclin	1	3.008e-07	3.008e-07
cyt	1	3.008e-07	3.008e-07
dataurl	1	3.008e-07	3.008e-07
ddcomparator	1	3.008e-07	3.008e-07
ddm	1	3.008e-07	3.008e-07
ddmanager1	1	3.008e-07	3.008e-07
ddmanager2	1	3.008e-07	3.008e-07
debugdamaged	1	3.008e-07	3.008e-07
debugmask	1	3.008e-07	3.008e-07
decal	1	3.008e-07	3.008e-07
decalx	1	3.008e-07	3.008e-07
decaly	1	3.008e-07	3.008e-07
deiconified	1	3.008e-07	3.008e-07
depart	1	3.008e-07	3.008e-07
disjunction66	1	3.008e-07	3.008e-07
disjunction69	1	3.008e-07	3.008e-07
disjunction73	1	3.008e-07	3.008e-07
dnd	1	3.008e-07	3.008e-07
dnfbdd2cnf	1	3.008e-07	3.008e-07
dotify	1	3.008e-07	3.008e-07
dpi	1	3.008e-07	3.008e-07
drosophila	1	3.008e-07	3.008e-07
dtree	1	3.008e-07	3.008e-07
dynamicanalyser	1	3.008e-07	3.008e-07
ect	1	3.008e-07	3.008e-07
editme	1	3.008e-07	3.008e-07
editpane	1	3.008e-07	3.008e-07
elected	1	3.008e-07	3.008e-07
entryurl	1	3.008e-07	3.008e-07
error_out	1	3.008e-07	3.008e-07
estyles	1	3.008e-07	3.008e-07
eval25	1	3.008e-07	3.008e-07
excecute	1	3.008e-07	3.008e-07
excep	1	3.008e-07	3.008e-07
expression1	1	3.008e-07	3.008e-07
expression2	1	3.008e-07	3.008e-07
expression46	1	3.008e-07	3.008e-07
extdescr	1	3.008e-07	3.008e-07
fcontext	1	3.008e-07	3.008e-07
ffsim	1	3.008e-07	3.008e-07
finit	1	3.008e-07	3.008e-07
fmade	1	3.008e-07	3.008e-07
fmbox	1	3.008e-07	3.008e-07
formulae	1	3.008e-07	3.008e-07
free_state	1	3.008e-07	3.008e-07
ftmp	1	3.008e-07	3.008e-07
fuction	1	3.008e-07	3.008e-07
fuctions	1	3.008e-07	3.008e-07
functionp	1	3.008e-07	3.008e-07
g1color	1	3.008e-07	3.008e-07
g1name	1	3.008e-07	3.008e-07
g2color	1	3.008e-07	3.008e-07
g2name	1	3.008e-07	3.008e-07
get_down	1	3.008e-07	3.008e-07
getomplementary	1	3.008e-07	3.008e-07
ginm	1	3.008e-07	3.008e-07
go2action	1	3.008e-07	3.008e-07
go2next	1	3.008e-07	3.008e-07
grained	1	3.008e-07	3.008e-07
graph1name	1	3.008e-07	3.008e-07
graph2name	1	3.008e-07	3.008e-07
graphical	1	3.008e-07	3.008e-07
grapht	1	3.008e-07	3.008e-07
gs2cyt	1	3.008e-07	3.008e-07
gste	1	3.008e-07	3.008e-07
guihelpers	1	3.008e-07	3.008e-07
habilitations	1	3.008e-07	3.008e-07
hcur	1	3.008e-07	3.008e-07
hmin	1	3.008e-07	3.008e-07
hmodel	1	3.008e-07	3.008e-07
hrange	1	3.008e-07	3.008e-07
hs1	1	3.008e-07	3.008e-07
hs2	1	3.008e-07	3.008e-07
hstep	1	3.008e-07	3.008e-07
hues	1	3.008e-07	3.008e-07
iconditions	1	3.008e-07	3.008e-07
iconified	1	3.008e-07	3.008e-07
image0	1	3.008e-07	3.008e-07
ina	1	3.008e-07	3.008e-07
indexof	1	3.008e-07	3.008e-07
initialcircuitdesc	1	3.008e-07	3.008e-07
initoutput	1	3.008e-07	3.008e-07
inputi	1	3.008e-07	3.008e-07
insetsbottom	1	3.008e-07	3.008e-07
insetsleft	1	3.008e-07	3.008e-07
insetsright	1	3.008e-07	3.008e-07
insetstop	1	3.008e-07	3.008e-07
interv	1	3.008e-07	3.008e-07
intervention	1	3.008e-07	3.008e-07
inversed	1	3.008e-07	3.008e-07
ioracles	1	3.008e-07	3.008e-07
ipadx	1	3.008e-07	3.008e-07
ipady	1	3.008e-07	3.008e-07
ir	1	3.008e-07	3.008e-07
itno	1	3.008e-07	3.008e-07
jcontent	1	3.008e-07	3.008e-07
jcp	1	3.008e-07	3.008e-07
jfc	1	3.008e-07	3.008e-07
jgrapht	1	3.008e-07	3.008e-07
johnson	1	3.008e-07	3.008e-07
jta	1	3.008e-07	3.008e-07
la4	1	3.008e-07	3.008e-07
la4j	1	3.008e-07	3.008e-07
la5	1	3.008e-07	3.008e-07
lac	1	3.008e-07	3.008e-07
lastcol	1	3.008e-07	3.008e-07
layout3d	1	3.008e-07	3.008e-07
left2right	1	3.008e-07	3.008e-07
lfile	1	3.008e-07	3.008e-07
listerners	1	3.008e-07	3.008e-07
litmit	1	3.008e-07	3.008e-07
lize	1	3.008e-07	3.008e-07
lmargs	1	3.008e-07	3.008e-07
loop2	1	3.008e-07	3.008e-07
loop3	1	3.008e-07	3.008e-07
loop4	1	3.008e-07	3.008e-07
loop5	1	3.008e-07	3.008e-07
lp2	1	3.008e-07	3.008e-07
lrgcolorizer	1	3.008e-07	3.008e-07
macosx	1	3.008e-07	3.008e-07
manualomdd	1	3.008e-07	3.008e-07
manualp	1	3.008e-07	3.008e-07
manuals	1	3.008e-07	3.008e-07
matrix_inversion	1	3.008e-07	3.008e-07
mattrs	1	3.008e-07	3.008e-07
maxcols	1	3.008e-07	3.008e-07
maxlen	1	3.008e-07	3.008e-07
mcsim	1	3.008e-07	3.008e-07
mdd1	1	3.008e-07	3.008e-07
mdd2	1	3.008e-07	3.008e-07
mdds	1	3.008e-07	3.008e-07
mh	1	3.008e-07	3.008e-07
minlen	1	3.008e-07	3.008e-07
miriam	1	3.008e-07	3.008e-07
miterlimit	1	3.008e-07	3.008e-07
mlayout	1	3.008e-07	3.008e-07
mlines	1	3.008e-07	3.008e-07
model2regulatory	1	3.008e-07	3.008e-07
moderate	1	3.008e-07	3.008e-07
multidimention	1	3.008e-07	3.008e-07
multiplexed	1	3.008e-07	3.008e-07
mutantg	1	3.008e-07	3.008e-07
myid	1	3.008e-07	3.008e-07
name2node	1	3.008e-07	3.008e-07
nbarc	1	3.008e-07	3.008e-07
ncomponents	1	3.008e-07	3.008e-07
ncomps	1	3.008e-07	3.008e-07
neighbourhood	1	3.008e-07	3.008e-07
neihgbours	1	3.008e-07	3.008e-07
newdtd	1	3.008e-07	3.008e-07
newevsmap	1	3.008e-07	3.008e-07
newp	1	3.008e-07	3.008e-07
newt	1	3.008e-07	3.008e-07
nextid	1	3.008e-07	3.008e-07
nextp	1	3.008e-07	3.008e-07
nindex	1	3.008e-07	3.008e-07
nis	1	3.008e-07	3.008e-07
nmembers	1	3.008e-07	3.008e-07
node2node	1	3.008e-07	3.008e-07
node2state	1	3.008e-07	3.008e-07
node2sync	1	3.008e-07	3.008e-07
nodeinfos	1	3.008e-07	3.008e-07
nonfunctional	1	3.008e-07	3.008e-07
nonfunctionnal	1	3.008e-07	3.008e-07
northeast	1	3.008e-07	3.008e-07
northwest	1	3.008e-07	3.008e-07
nstyle	1	3.008e-07	3.008e-07
nstyles	1	3.008e-07	3.008e-07
num2name	1	3.008e-07	3.008e-07
num2pc	1	3.008e-07	3.008e-07
num2rank	1	3.008e-07	3.008e-07
num2sub	1	3.008e-07	3.008e-07
obsolete	1	3.008e-07	3.008e-07
okey	1	3.008e-07	3.008e-07
oldcontrib	1	3.008e-07	3.008e-07
omanager	1	3.008e-07	3.008e-07
onamestates	1	3.008e-07	3.008e-07
opencircuitdesc	1	3.008e-07	3.008e-07
orderer	1	3.008e-07	3.008e-07
oscillation	1	3.008e-07	3.008e-07
ostates	1	3.008e-07	3.008e-07
ours	1	3.008e-07	3.008e-07
ownership	1	3.008e-07	3.008e-07
p1e	1	3.008e-07	3.008e-07
p1x	1	3.008e-07	3.008e-07
p1y	1	3.008e-07	3.008e-07
p21cip	1	3.008e-07	3.008e-07
p2x	1	3.008e-07	3.008e-07
p2y	1	3.008e-07	3.008e-07
padx	1	3.008e-07	3.008e-07
pady	1	3.008e-07	3.008e-07
painting	1	3.008e-07	3.008e-07
palette2	1	3.008e-07	3.008e-07
palette3	1	3.008e-07	3.008e-07
paneoutput	1	3.008e-07	3.008e-07
param2function	1	3.008e-07	3.008e-07
parsingended	1	3.008e-07	3.008e-07
pert	1	3.008e-07	3.008e-07
petrinet	1	3.008e-07	3.008e-07
phase_space	1	3.008e-07	3.008e-07
plex	1	3.008e-07	3.008e-07
plots	1	3.008e-07	3.008e-07
pnew	1	3.008e-07	3.008e-07
pnml	1	3.008e-07	3.008e-07
pqnew	1	3.008e-07	3.008e-07
precval	1	3.008e-07	3.008e-07
probleft	1	3.008e-07	3.008e-07
propagaters	1	3.008e-07	3.008e-07
propagating	1	3.008e-07	3.008e-07
property2satisfied	1	3.008e-07	3.008e-07
providing	1	3.008e-07	3.008e-07
psave	1	3.008e-07	3.008e-07
ptg	1	3.008e-07	3.008e-07
ptsrc	1	3.008e-07	3.008e-07
pyargs	1	3.008e-07	3.008e-07
pygw	1	3.008e-07	3.008e-07
radio_button	1	3.008e-07	3.008e-07
reached2	1	3.008e-07	3.008e-07
ready2play	1	3.008e-07	3.008e-07
recents	1	3.008e-07	3.008e-07
redraw	1	3.008e-07	3.008e-07
reduc	1	3.008e-07	3.008e-07
referencer	1	3.008e-07	3.008e-07
reification	1	3.008e-07	3.008e-07
reimport	1	3.008e-07	3.008e-07
restr2sat	1	3.008e-07	3.008e-07
resultx	1	3.008e-07	3.008e-07
resulty	1	3.008e-07	3.008e-07
revert	1	3.008e-07	3.008e-07
rewires	1	3.008e-07	3.008e-07
rgraph	1	3.008e-07	3.008e-07
right2left	1	3.008e-07	3.008e-07
rules2nu	1	3.008e-07	3.008e-07
rules2prism	1	3.008e-07	3.008e-07
rvertex	1	3.008e-07	3.008e-07
sbar	1	3.008e-07	3.008e-07
scaleh	1	3.008e-07	3.008e-07
sccg	1	3.008e-07	3.008e-07
sccs1	1	3.008e-07	3.008e-07
scl	1	3.008e-07	3.008e-07
scols	1	3.008e-07	3.008e-07
scrollpane	1	3.008e-07	3.008e-07
scur	1	3.008e-07	3.008e-07
selidx	1	3.008e-07	3.008e-07
simple_connectivity	1	3.008e-07	3.008e-07
simulations	1	3.008e-07	3.008e-07
smenu	1	3.008e-07	3.008e-07
smodel	1	3.008e-07	3.008e-07
southeast	1	3.008e-07	3.008e-07
southwest	1	3.008e-07	3.008e-07
spane	1	3.008e-07	3.008e-07
spanel	1	3.008e-07	3.008e-07
specialised	1	3.008e-07	3.008e-07
state2htg	1	3.008e-07	3.008e-07
state2scc	1	3.008e-07	3.008e-07
state_pattern	1	3.008e-07	3.008e-07
stateinregulatorygraph	1	3.008e-07	3.008e-07
states2hnode	1	3.008e-07	3.008e-07
staticmyid	1	3.008e-07	3.008e-07
stroked	1	3.008e-07	3.008e-07
style2ginml	1	3.008e-07	3.008e-07
styles2ginml	1	3.008e-07	3.008e-07
subdocument	1	3.008e-07	3.008e-07
submenu	1	3.008e-07	3.008e-07
submenus	1	3.008e-07	3.008e-07
tagc	1	3.008e-07	3.008e-07
targetpos	1	3.008e-07	3.008e-07
tcc	1	3.008e-07	3.008e-07
teffects	1	3.008e-07	3.008e-07
textln	1	3.008e-07	3.008e-07
threshold2	1	3.008e-07	3.008e-07
thresold	1	3.008e-07	3.008e-07
tit	1	3.008e-07	3.008e-07
tmodel	1	3.008e-07	3.008e-07
tn1	1	3.008e-07	3.008e-07
tn2	1	3.008e-07	3.008e-07
toolkits	1	3.008e-07	3.008e-07
truly	1	3.008e-07	3.008e-07
tval	1	3.008e-07	3.008e-07
uncompatible	1	3.008e-07	3.008e-07
univmrs	1	3.008e-07	3.008e-07
updaters	1	3.008e-07	3.008e-07
updef	1	3.008e-07	3.008e-07
updt	1	3.008e-07	3.008e-07
vfalse	1	3.008e-07	3.008e-07
vmodel	1	3.008e-07	3.008e-07
vsign	1	3.008e-07	3.008e-07
vtrue	1	3.008e-07	3.008e-07
weightx	1	3.008e-07	3.008e-07
weighty	1	3.008e-07	3.008e-07
window2canvas	1	3.008e-07	3.008e-07
xdata	1	3.008e-07	3.008e-07
xpoints	1	3.008e-07	3.008e-07
y3	1	3.008e-07	3.008e-07
ypoints	1	3.008e-07	3.008e-07
yscale	1	3.008e-07	3.008e-07
zaroo	1	3.008e-07	3.008e-07
ordinals	8	3.008e-07	2.513e-07
layered	5	3.004e-07	2.740e-07
tst	5	3.004e-07	2.740e-07
3938	1	2.938e-07	2.938e-07
abuse	1	2.938e-07	2.938e-07
afk	1	2.938e-07	2.938e-07
alphas	1	2.938e-07	2.938e-07
alternatives	1	2.938e-07	2.938e-07
analogous	1	2.938e-07	2.938e-07
announcer	1	2.938e-07	2.938e-07
anticheat	1	2.938e-07	2.938e-07
antifall	1	2.938e-07	2.938e-07
appearance	1	2.938e-07	2.938e-07
armor1	1	2.938e-07	2.938e-07
armor2	1	2.938e-07	2.938e-07
back_out	1	2.938e-07	2.938e-07
beds	1	2.938e-07	2.938e-07
binded	1	2.938e-07	2.938e-07
biome	1	2.938e-07	2.938e-07
bl4	1	2.938e-07	2.938e-07
bl5	1	2.938e-07	2.938e-07
bl6	1	2.938e-07	2.938e-07
bl7	1	2.938e-07	2.938e-07
bl9	1	2.938e-07	2.938e-07
blurry	1	2.938e-07	2.938e-07
bold12	1	2.938e-07	2.938e-07
bold14	1	2.938e-07	2.938e-07
bold16	1	2.938e-07	2.938e-07
bold18	1	2.938e-07	2.938e-07
bold20	1	2.938e-07	2.938e-07
bold22	1	2.938e-07	2.938e-07
bold24	1	2.938e-07	2.938e-07
bold26	1	2.938e-07	2.938e-07
bold36	1	2.938e-07	2.938e-07
bold46	1	2.938e-07	2.938e-07
bomber	1	2.938e-07	2.938e-07
borders	1	2.938e-07	2.938e-07
boustrophedon	1	2.938e-07	2.938e-07
bps	1	2.938e-07	2.938e-07
brightened	1	2.938e-07	2.938e-07
brighter	1	2.938e-07	2.938e-07
burrow	1	2.938e-07	2.938e-07
c1base	1	2.938e-07	2.938e-07
c1x	1	2.938e-07	2.938e-07
c1y	1	2.938e-07	2.938e-07
c2base	1	2.938e-07	2.938e-07
c2y	1	2.938e-07	2.938e-07
capes	1	2.938e-07	2.938e-07
cardinal	1	2.938e-07	2.938e-07
chams	1	2.938e-07	2.938e-07
citied	1	2.938e-07	2.938e-07
city_block	1	2.938e-07	2.938e-07
collison	1	2.938e-07	2.938e-07
color1hsb	1	2.938e-07	2.938e-07
color2hsb	1	2.938e-07	2.938e-07
communicator	1	2.938e-07	2.938e-07
compass	1	2.938e-07	2.938e-07
criticals	1	2.938e-07	2.938e-07
crits	1	2.938e-07	2.938e-07
crops	1	2.938e-07	2.938e-07
crystal1	1	2.938e-07	2.938e-07
cubed	1	2.938e-07	2.938e-07
cursed	1	2.938e-07	2.938e-07
dbus	1	2.938e-07	2.938e-07
delta_time	1	2.938e-07	2.938e-07
desynced	1	2.938e-07	2.938e-07
devs	1	2.938e-07	2.938e-07
df1	1	2.938e-07	2.938e-07
direction1	1	2.938e-07	2.938e-07
directional	1	2.938e-07	2.938e-07
disabler	1	2.938e-07	2.938e-07
dithering	1	2.938e-07	2.938e-07
easebackin	1	2.938e-07	2.938e-07
easeinoutquad	1	2.938e-07	2.938e-07
easing	1	2.938e-07	2.938e-07
edmg	1	2.938e-07	2.938e-07
efficiency	1	2.938e-07	2.938e-07
elyra	1	2.938e-07	2.938e-07
emax	1	2.938e-07	2.938e-07
errored	1	2.938e-07	2.938e-07
expandable	1	2.938e-07	2.938e-07
fade_to_black	1	2.938e-07	2.938e-07
fail1	1	2.938e-07	2.938e-07
fail3	1	2.938e-07	2.938e-07
fail4	1	2.938e-07	2.938e-07
falsepositives1	1	2.938e-07	2.938e-07
fireworks	1	2.938e-07	2.938e-07
frame_time	1	2.938e-07	2.938e-07
freecam	1	2.938e-07	2.938e-07
frustum	1	2.938e-07	2.938e-07
get2d	1	2.938e-07	2.938e-07
get_off	1	2.938e-07	2.938e-07
glblcnt	1	2.938e-07	2.938e-07
glyph0	1	2.938e-07	2.938e-07
glyph1	1	2.938e-07	2.938e-07
glyphs1	1	2.938e-07	2.938e-07
has1	1	2.938e-07	2.938e-07
has2	1	2.938e-07	2.938e-07
hitter	1	2.938e-07	2.938e-07
hollow	1	2.938e-07	2.938e-07
horizontal_plane	1	2.938e-07	2.938e-07
hunger	1	2.938e-07	2.938e-07
imitate	1	2.938e-07	2.938e-07
in3d	1	2.938e-07	2.938e-07
inhibit	1	2.938e-07	2.938e-07
innit	1	2.938e-07	2.938e-07
inr	1	2.938e-07	2.938e-07
jna	1	2.938e-07	2.938e-07
jump2	1	2.938e-07	2.938e-07
kauri	1	2.938e-07	2.938e-07
kernel32	1	2.938e-07	2.938e-07
kharu	1	2.938e-07	2.938e-07
knob1color	1	2.938e-07	2.938e-07
knob1dragging	1	2.938e-07	2.938e-07
knob1hit	1	2.938e-07	2.938e-07
knob1hovered	1	2.938e-07	2.938e-07
knob2color	1	2.938e-07	2.938e-07
knob2dragging	1	2.938e-07	2.938e-07
knob2hit	1	2.938e-07	2.938e-07
knob2hovered	1	2.938e-07	2.938e-07
lpcb	1	2.938e-07	2.938e-07
lph	1	2.938e-07	2.938e-07
lpme	1	2.938e-07	2.938e-07
m1dev	1	2.938e-07	2.938e-07
m2dev	1	2.938e-07	2.938e-07
matrix4f2	1	2.938e-07	2.938e-07
media_player	1	2.938e-07	2.938e-07
memoize	1	2.938e-07	2.938e-07
module32next	1	2.938e-07	2.938e-07
moduleentry32w	1	2.938e-07	2.938e-07
mojang	1	2.938e-07	2.938e-07
mouse_button	1	2.938e-07	2.938e-07
mpris	1	2.938e-07	2.938e-07
multiplier2	1	2.938e-07	2.938e-07
nanovg	1	2.938e-07	2.938e-07
narrate	1	2.938e-07	2.938e-07
narration	1	2.938e-07	2.938e-07
nbands	1	2.938e-07	2.938e-07
neighbor1	1	2.938e-07	2.938e-07
note_value	1	2.938e-07	2.938e-07
numerals	1	2.938e-07	2.938e-07
offense	1	2.938e-07	2.938e-07
oh	1	2.938e-07	2.938e-07
outpost	1	2.938e-07	2.938e-07
outr	1	2.938e-07	2.938e-07
packet1	1	2.938e-07	2.938e-07
packet2	1	2.938e-07	2.938e-07
paint1	1	2.938e-07	2.938e-07
paint2	1	2.938e-07	2.938e-07
parse0	1	2.938e-07	2.938e-07
performing	1	2.938e-07	2.938e-07
phased	1	2.938e-07	2.938e-07
phasing	1	2.938e-07	2.938e-07
popped	1	2.938e-07	2.938e-07
pose2	1	2.938e-07	2.938e-07
proccnt	1	2.938e-07	2.938e-07
process32first	1	2.938e-07	2.938e-07
process32next	1	2.938e-07	2.938e-07
processentry32	1	2.938e-07	2.938e-07
psapi	1	2.938e-07	2.938e-07
pvp	1	2.938e-07	2.938e-07
quad_out	1	2.938e-07	2.938e-07
quaternion	1	2.938e-07	2.938e-07
quaternion2	1	2.938e-07	2.938e-07
r6death	1	2.938e-07	2.938e-07
radial	1	2.938e-07	2.938e-07
raided	1	2.938e-07	2.938e-07
randomize	1	2.938e-07	2.938e-07
regular12	1	2.938e-07	2.938e-07
regular14	1	2.938e-07	2.938e-07
regular16	1	2.938e-07	2.938e-07
regular18	1	2.938e-07	2.938e-07
regular20	1	2.938e-07	2.938e-07
regular22	1	2.938e-07	2.938e-07
regular24	1	2.938e-07	2.938e-07
relative_pitch	1	2.938e-07	2.938e-07
render1	1	2.938e-07	2.938e-07
resizing	1	2.938e-07	2.938e-07
retard	1	2.938e-07	2.938e-07
rigiht	1	2.938e-07	2.938e-07
roman	1	2.938e-07	2.938e-07
roman_numeral	1	2.938e-07	2.938e-07
rots	1	2.938e-07	2.938e-07
rubberbanded	1	2.938e-07	2.938e-07
scale_value	1	2.938e-07	2.938e-07
set_off	1	2.938e-07	2.938e-07
setback	1	2.938e-07	2.938e-07
shielding	1	2.938e-07	2.938e-07
sims	1	2.938e-07	2.938e-07
size2	1	2.938e-07	2.938e-07
slowed	1	2.938e-07	2.938e-07
sound_system	1	2.938e-07	2.938e-07
speeds	1	2.938e-07	2.938e-07
splash_screen	1	2.938e-07	2.938e-07
spoof	1	2.938e-07	2.938e-07
spoofing	1	2.938e-07	2.938e-07
stage1	1	2.938e-07	2.938e-07
stage2	1	2.938e-07	2.938e-07
strafing	1	2.938e-07	2.938e-07
subtle	1	2.938e-07	2.938e-07
subtracted	1	2.938e-07	2.938e-07
suggestor	1	2.938e-07	2.938e-07
suicide	1	2.938e-07	2.938e-07
synced	1	2.938e-07	2.938e-07
th32default	1	2.938e-07	2.938e-07
th32parent	1	2.938e-07	2.938e-07
third_person	1	2.938e-07	2.938e-07
tinted	1	2.938e-07	2.938e-07
tlhelp32	1	2.938e-07	2.938e-07
toggleable	1	2.938e-07	2.938e-07
toolhelp32snapshot	1	2.938e-07	2.938e-07
top3	1	2.938e-07	2.938e-07
totems	1	2.938e-07	2.938e-07
toxic	1	2.938e-07	2.938e-07
transformations	1	2.938e-07	2.938e-07
transparency	1	2.938e-07	2.938e-07
trident	1	2.938e-07	2.938e-07
true_color	1	2.938e-07	2.938e-07
uhs	1	2.938e-07	2.938e-07
unbreakable	1	2.938e-07	2.938e-07
unburn	1	2.938e-07	2.938e-07
unfocus	1	2.938e-07	2.938e-07
unpress	1	2.938e-07	2.938e-07
upon	1	2.938e-07	2.938e-07
vec3d4	1	2.938e-07	2.938e-07
vec3d5	1	2.938e-07	2.938e-07
vector2d	1	2.938e-07	2.938e-07
visuals	1	2.938e-07	2.938e-07
vulcan	1	2.938e-07	2.938e-07
wasp	1	2.938e-07	2.938e-07
watermark	1	2.938e-07	2.938e-07
widget2	1	2.938e-07	2.938e-07
wind	1	2.938e-07	2.938e-07
x32bit	1	2.938e-07	2.938e-07
x64bit	1	2.938e-07	2.938e-07
ydiff	1	2.938e-07	2.938e-07
tom	3	2.902e-07	2.265e-07
maint	2	2.900e-07	2.314e-07
map_out	2	2.900e-07	2.314e-07
covers	10	2.885e-07	2.505e-07
lex	10	2.885e-07	2.505e-07
double_quotes	9	2.882e-07	2.297e-07
elem1	9	2.882e-07	2.297e-07
idx1	9	2.882e-07	2.297e-07
mounts	6	2.872e-07	2.199e-07
fetchs	7	2.867e-07	2.867e-07
lat2	7	2.867e-07	2.867e-07
left_lateral	7	2.867e-07	2.867e-07
list2string	7	2.867e-07	2.867e-07
oscar	7	2.867e-07	2.867e-07
overleft	7	2.867e-07	2.867e-07
overright	7	2.867e-07	2.867e-07
postgis	7	2.867e-07	2.867e-07
right_lateral	7	2.867e-07	2.867e-07
pli	5	2.866e-07	2.197e-07
spc	5	2.866e-07	2.197e-07
ahas	1	2.853e-07	2.853e-07
bad3	1	2.853e-07	2.853e-07
bad4	1	2.853e-07	2.853e-07
bean2name	1	2.853e-07	2.853e-07
block_system	1	2.853e-07	2.853e-07
breakers1	1	2.853e-07	2.853e-07
breakers2	1	2.853e-07	2.853e-07
chain2	1	2.853e-07	2.853e-07
cmax	1	2.853e-07	2.853e-07
cmin	1	2.853e-07	2.853e-07
cn2	1	2.853e-07	2.853e-07
config3	1	2.853e-07	2.853e-07
current_ratio	1	2.853e-07	2.853e-07
current_unit	1	2.853e-07	2.853e-07
demo1	1	2.853e-07	2.853e-07
demo2	1	2.853e-07	2.853e-07
es1	1	2.853e-07	2.853e-07
es2	1	2.853e-07	2.853e-07
event_loop	1	2.853e-07	2.853e-07
exporters	1	2.853e-07	2.853e-07
fallback2	1	2.853e-07	2.853e-07
fastjson	1	2.853e-07	2.853e-07
funcs	1	2.853e-07	2.853e-07
good2	1	2.853e-07	2.853e-07
good3	1	2.853e-07	2.853e-07
inheritable	1	2.853e-07	2.853e-07
latter	1	2.853e-07	2.853e-07
live_time	1	2.853e-07	2.853e-07
matche	1	2.853e-07	2.853e-07
mb1	1	2.853e-07	2.853e-07
mb2	1	2.853e-07	2.853e-07
metric1	1	2.853e-07	2.853e-07
metric2	1	2.853e-07	2.853e-07
mqs	1	2.853e-07	2.853e-07
name2bean	1	2.853e-07	2.853e-07
namesrv	1	2.853e-07	2.853e-07
nodeselector	1	2.853e-07	2.853e-07
null1	1	2.853e-07	2.853e-07
null2	1	2.853e-07	2.853e-07
null3	1	2.853e-07	2.853e-07
oname	1	2.853e-07	2.853e-07
origin1	1	2.853e-07	2.853e-07
origin2	1	2.853e-07	2.853e-07
ostream	1	2.853e-07	2.853e-07
perception	1	2.853e-07	2.853e-07
port1	1	2.853e-07	2.853e-07
regularly	1	2.853e-07	2.853e-07
rule6	1	2.853e-07	2.853e-07
rule7	1	2.853e-07	2.853e-07
second_base	1	2.853e-07	2.853e-07
send100continue	1	2.853e-07	2.853e-07
servletcontext	1	2.853e-07	2.853e-07
servletmethod	1	2.853e-07	2.853e-07
shaping	1	2.853e-07	2.853e-07
simple_machine	1	2.853e-07	2.853e-07
slots1	1	2.853e-07	2.853e-07
slots2	1	2.853e-07	2.853e-07
spi1	1	2.853e-07	2.853e-07
spi2	1	2.853e-07	2.853e-07
switch_off	1	2.853e-07	2.853e-07
test2threads	1	2.853e-07	2.853e-07
test3threads	1	2.853e-07	2.853e-07
trimemd	1	2.853e-07	2.853e-07
tuple2	1	2.853e-07	2.853e-07
tuple2test	1	2.853e-07	2.853e-07
type_collection	1	2.853e-07	2.853e-07
unwatch	1	2.853e-07	2.853e-07
version020	1	2.853e-07	2.853e-07
version140	1	2.853e-07	2.853e-07
version160	1	2.853e-07	2.853e-07
version171	1	2.853e-07	2.853e-07
w4	1	2.853e-07	2.853e-07
warming	1	2.853e-07	2.853e-07
zc	1	2.853e-07	2.853e-07
zuul2constants	1	2.853e-07	2.853e-07
insecure	2	2.789e-07	2.207e-07
ctr	3	2.768e-07	2.280e-07
windowed	3	2.768e-07	2.280e-07
2012	10	2.750e-07	2.750e-07
cbt	10	2.750e-07	2.750e-07
contribution	10	2.750e-07	2.750e-07
deduplicates	10	2.750e-07	2.750e-07
dq	10	2.750e-07	2.750e-07
frame1	10	2.750e-07	2.750e-07
op4	10	2.750e-07	2.750e-07
pcv2	10	2.750e-07	2.750e-07
recalibration	10	2.750e-07	2.750e-07
template_method	10	2.750e-07	2.750e-07
transaction3	10	2.750e-07	2.750e-07
italic	7	2.733e-07	2.470e-07
calcs	4	2.729e-07	2.729e-07
change_order	4	2.729e-07	2.729e-07
clp	4	2.729e-07	2.729e-07
club	4	2.729e-07	2.729e-07
commerce	4	2.729e-07	2.729e-07
commitment	4	2.729e-07	2.729e-07
context2	4	2.729e-07	2.729e-07
contraints1	4	2.729e-07	2.729e-07
contraints2	4	2.729e-07	2.729e-07
decimal_point	4	2.729e-07	2.729e-07
discount_rate	4	2.729e-07	2.729e-07
ean	4	2.729e-07	2.729e-07
eeca	4	2.729e-07	2.729e-07
eomodeld	4	2.729e-07	2.729e-07
exchange_rate	4	2.729e-07	2.729e-07
featur	4	2.729e-07	2.729e-07
first2digs	4	2.729e-07	2.729e-07
funny	4	2.729e-07	2.729e-07
img1	4	2.729e-07	2.729e-07
indenting	4	2.729e-07	2.729e-07
initialed	4	2.729e-07	2.729e-07
jm	4	2.729e-07	2.729e-07
joson	4	2.729e-07	2.729e-07
logins	4	2.729e-07	2.729e-07
manufactured	4	2.729e-07	2.729e-07
mru	4	2.729e-07	2.729e-07
p6	4	2.729e-07	2.729e-07
prods	4	2.729e-07	2.729e-07
promos	4	2.729e-07	2.729e-07
prun	4	2.729e-07	2.729e-07
refub	4	2.729e-07	2.729e-07
reserv2nd	4	2.729e-07	2.729e-07
rollups	4	2.729e-07	2.729e-07
sales_tax	4	2.729e-07	2.729e-07
sev	4	2.729e-07	2.729e-07
slash2	4	2.729e-07	2.729e-07
string3	4	2.729e-07	2.729e-07
swiped	4	2.729e-07	2.729e-07
tarpitted	4	2.729e-07	2.729e-07
trav	4	2.729e-07	2.729e-07
unit_of_measurement	4	2.729e-07	2.729e-07
work_order	4	2.729e-07	2.729e-07
xsl	4	2.729e-07	2.729e-07
data_path	2	2.627e-07	2.251e-07
mr	2	2.627e-07	2.251e-07
wkt	9	2.610e-07	2.234e-07
klass	8	2.607e-07	2.036e-07
rome	8	2.607e-07	2.036e-07
bases	7	2.598e-07	2.115e-07
qeury	7	2.598e-07	2.115e-07
lets	5	2.597e-07	2.114e-07
410	2	2.493e-07	2.232e-07
420	2	2.493e-07	2.232e-07
430	2	2.493e-07	2.232e-07
440	2	2.493e-07	2.232e-07
460	2	2.493e-07	2.232e-07
470	2	2.493e-07	2.232e-07
471	2	2.493e-07	2.232e-07
472	2	2.493e-07	2.232e-07
480	2	2.493e-07	2.232e-07
482	2	2.493e-07	2.232e-07
483	2	2.493e-07	2.232e-07
484	2	2.493e-07	2.232e-07
491	2	2.493e-07	2.232e-07
492	2	2.493e-07	2.232e-07
510	2	2.493e-07	2.232e-07
520	2	2.493e-07	2.232e-07
521	2	2.493e-07	2.232e-07
522	2	2.493e-07	2.232e-07
530	2	2.493e-07	2.232e-07
531	2	2.493e-07	2.232e-07
540	2	2.493e-07	2.232e-07
550	2	2.493e-07	2.232e-07
560	2	2.493e-07	2.232e-07
570	2	2.493e-07	2.232e-07
590	2	2.493e-07	2.232e-07
aliasing	2	2.493e-07	2.232e-07
null_prefix	2	2.493e-07	2.232e-07
stubbed	2	2.493e-07	2.232e-07
succeeding	2	2.493e-07	2.232e-07
cgroup	9	2.475e-07	2.475e-07
coerces	9	2.475e-07	2.475e-07
degenerate	9	2.475e-07	2.475e-07
distinguishes	9	2.475e-07	2.475e-07
dpb	9	2.475e-07	2.475e-07
embeddeded	9	2.475e-07	2.475e-07
esk	9	2.475e-07	2.475e-07
exercises	9	2.475e-07	2.475e-07
externalizable	9	2.475e-07	2.475e-07
firs	9	2.475e-07	2.475e-07
infers	9	2.475e-07	2.475e-07
iterates	9	2.475e-07	2.475e-07
lightweight	9	2.475e-07	2.475e-07
massive	9	2.475e-07	2.475e-07
property4index	9	2.475e-07	2.475e-07
sequenece	9	2.475e-07	2.475e-07
skewed	9	2.475e-07	2.475e-07
specifier	9	2.475e-07	2.475e-07
supers	9	2.475e-07	2.475e-07
test_pattern	9	2.475e-07	2.475e-07
tpe	9	2.475e-07	2.475e-07
triple_equals	9	2.475e-07	2.475e-07
tx6	9	2.475e-07	2.475e-07
u3	9	2.475e-07	2.475e-07
udp	9	2.475e-07	2.475e-07
unnamed	9	2.475e-07	2.475e-07
zag	9	2.475e-07	2.475e-07
ee	8	2.469e-07	1.835e-07
aggregating	7	2.463e-07	1.827e-07
avgs	6	2.458e-07	2.458e-07
bold	6	2.458e-07	2.458e-07
brk	6	2.458e-07	2.458e-07
column2param	6	2.458e-07	2.458e-07
db4ai	6	2.458e-07	2.458e-07
faiss	6	2.458e-07	2.458e-07
highgo	6	2.458e-07	2.458e-07
informix	6	2.458e-07	2.458e-07
lancedb	6	2.458e-07	2.458e-07
lexize	6	2.458e-07	2.458e-07
line_segment	6	2.458e-07	2.458e-07
lng1	6	2.458e-07	2.458e-07
lng2	6	2.458e-07	2.458e-07
object2map	6	2.458e-07	2.458e-07
open_primary	6	2.458e-07	2.458e-07
range_out	6	2.458e-07	2.458e-07
rocks	6	2.458e-07	2.458e-07
sjis	6	2.458e-07	2.458e-07
subdiff	6	2.458e-07	2.458e-07
ucolumn	6	2.458e-07	2.458e-07
allocations	8	2.335e-07	1.964e-07
compares	8	2.335e-07	1.964e-07
geometries	8	2.335e-07	1.964e-07
cond1	7	2.332e-07	1.779e-07
cond2	7	2.332e-07	1.779e-07
ord	5	2.324e-07	1.517e-07
coerce	6	2.323e-07	2.064e-07
graphite	6	2.323e-07	2.064e-07
addr1	4	2.322e-07	2.062e-07
addr2	4	2.322e-07	2.062e-07
beginning	4	2.322e-07	2.062e-07
contiguous	4	2.322e-07	2.062e-07
distinguishing	4	2.322e-07	2.062e-07
ky	4	2.322e-07	2.062e-07
targeting	4	2.322e-07	2.062e-07
ot	5	2.321e-07	1.768e-07
rtn	5	2.321e-07	1.768e-07
050	1	2.218e-07	2.218e-07
060	1	2.218e-07	2.218e-07
10mb	1	2.218e-07	2.218e-07
124mb	1	2.218e-07	2.218e-07
12gb	1	2.218e-07	2.218e-07
5100	1	2.218e-07	2.218e-07
5110	1	2.218e-07	2.218e-07
5gb	1	2.218e-07	2.218e-07
5mb	1	2.218e-07	2.218e-07
ael	1	2.218e-07	2.218e-07
alias5and	1	2.218e-07	2.218e-07
alias6and	1	2.218e-07	2.218e-07
avroinput	1	2.218e-07	2.218e-07
bds	1	2.218e-07	2.218e-07
c2xlarge	1	2.218e-07	2.218e-07
c4x	1	2.218e-07	2.218e-07
c4xlarge	1	2.218e-07	2.218e-07
ccom	1	2.218e-07	2.218e-07
cdh	1	2.218e-07	2.218e-07
cluster_variable	1	2.218e-07	2.218e-07
cluter	1	2.218e-07	2.218e-07
column2	1	2.218e-07	2.218e-07
contents2	1	2.218e-07	2.218e-07
dataproc	1	2.218e-07	2.218e-07
dats	1	2.218e-07	2.218e-07
dbconn	1	2.218e-07	2.218e-07
decim	1	2.218e-07	2.218e-07
different1	1	2.218e-07	2.218e-07
different2	1	2.218e-07	2.218e-07
direc	1	2.218e-07	2.218e-07
dummynr	1	2.218e-07	2.218e-07
ec2instance	1	2.218e-07	2.218e-07
ec2profiles	1	2.218e-07	2.218e-07
efault	1	2.218e-07	2.218e-07
enrty	1	2.218e-07	2.218e-07
establish	1	2.218e-07	2.218e-07
familiy	1	2.218e-07	2.218e-07
family1	1	2.218e-07	2.218e-07
family2	1	2.218e-07	2.218e-07
fams	1	2.218e-07	2.218e-07
file4	1	2.218e-07	2.218e-07
fload	1	2.218e-07	2.218e-07
flows	1	2.218e-07	2.218e-07
fqdn	1	2.218e-07	2.218e-07
frankfurt	1	2.218e-07	2.218e-07
fsopts	1	2.218e-07	2.218e-07
gov	1	2.218e-07	2.218e-07
hadoopjobexecutor	1	2.218e-07	2.218e-07
handl	1	2.218e-07	2.218e-07
host1	1	2.218e-07	2.218e-07
hrow	1	2.218e-07	2.218e-07
hvm	1	2.218e-07	2.218e-07
hvmi	1	2.218e-07	2.218e-07
hvmiv	1	2.218e-07	2.218e-07
init199	1	2.218e-07	2.218e-07
init300	1	2.218e-07	2.218e-07
insights	1	2.218e-07	2.218e-07
intelligent	1	2.218e-07	2.218e-07
internet_address	1	2.218e-07	2.218e-07
interval1	1	2.218e-07	2.218e-07
intlen	1	2.218e-07	2.218e-07
ireland	1	2.218e-07	2.218e-07
jdom	1	2.218e-07	2.218e-07
je2	1	2.218e-07	2.218e-07
jnc	1	2.218e-07	2.218e-07
kar	1	2.218e-07	2.218e-07
kerb	1	2.218e-07	2.218e-07
keyvm	1	2.218e-07	2.218e-07
kurt	1	2.218e-07	2.218e-07
lhdfs	1	2.218e-07	2.218e-07
linenr	1	2.218e-07	2.218e-07
longd	1	2.218e-07	2.218e-07
lures	1	2.218e-07	2.218e-07
lzo	1	2.218e-07	2.218e-07
m2x	1	2.218e-07	2.218e-07
m4x	1	2.218e-07	2.218e-07
mains	1	2.218e-07	2.218e-07
malformed2	1	2.218e-07	2.218e-07
maping	1	2.218e-07	2.218e-07
maxnr	1	2.218e-07	2.218e-07
mech0	1	2.218e-07	2.218e-07
mech1	1	2.218e-07	2.218e-07
mech2	1	2.218e-07	2.218e-07
mech3	1	2.218e-07	2.218e-07
mumbai	1	2.218e-07	2.218e-07
name_change	1	2.218e-07	2.218e-07
nc2	1	2.218e-07	2.218e-07
nonblocking	1	2.218e-07	2.218e-07
o1id	1	2.218e-07	2.218e-07
o1module	1	2.218e-07	2.218e-07
o1order	1	2.218e-07	2.218e-07
o2id	1	2.218e-07	2.218e-07
o2module	1	2.218e-07	2.218e-07
o2order	1	2.218e-07	2.218e-07
parque	1	2.218e-07	2.218e-07
paulo	1	2.218e-07	2.218e-07
precis	1	2.218e-07	2.218e-07
qurl	1	2.218e-07	2.218e-07
readby	1	2.218e-07	2.218e-07
referrence	1	2.218e-07	2.218e-07
refix	1	2.218e-07	2.218e-07
resizer	1	2.218e-07	2.218e-07
rfs	1	2.218e-07	2.218e-07
ro1	1	2.218e-07	2.218e-07
ro2	1	2.218e-07	2.218e-07
s3async	1	2.218e-07	2.218e-07
s3conn	1	2.218e-07	2.218e-07
s3credentials	1	2.218e-07	2.218e-07
s3detail	1	2.218e-07	2.218e-07
s3is	1	2.218e-07	2.218e-07
s3jar	1	2.218e-07	2.218e-07
s3kettle	1	2.218e-07	2.218e-07
s3keys	1	2.218e-07	2.218e-07
s3meta	1	2.218e-07	2.218e-07
s3objects	1	2.218e-07	2.218e-07
s3output	1	2.218e-07	2.218e-07
s3path	1	2.218e-07	2.218e-07
s3protocol	1	2.218e-07	2.218e-07
s3provider	1	2.218e-07	2.218e-07
s3value	1	2.218e-07	2.218e-07
satisfy	1	2.218e-07	2.218e-07
sdir	1	2.218e-07	2.218e-07
seoul	1	2.218e-07	2.218e-07
sep2	1	2.218e-07	2.218e-07
set_design	1	2.218e-07	2.218e-07
singapore	1	2.218e-07	2.218e-07
smi	1	2.218e-07	2.218e-07
sorce	1	2.218e-07	2.218e-07
split_key	1	2.218e-07	2.218e-07
status1	1	2.218e-07	2.218e-07
status2	1	2.218e-07	2.218e-07
store2	1	2.218e-07	2.218e-07
strign	1	2.218e-07	2.218e-07
string2boolean	1	2.218e-07	2.218e-07
subfolder	1	2.218e-07	2.218e-07
substream	1	2.218e-07	2.218e-07
summary1	1	2.218e-07	2.218e-07
summary2	1	2.218e-07	2.218e-07
summary3	1	2.218e-07	2.218e-07
sus	1	2.218e-07	2.218e-07
switched	1	2.218e-07	2.218e-07
switcher	1	2.218e-07	2.218e-07
sydney	1	2.218e-07	2.218e-07
test3arg	1	2.218e-07	2.218e-07
test401	1	2.218e-07	2.218e-07
test403	1	2.218e-07	2.218e-07
test404	1	2.218e-07	2.218e-07
testvar	1	2.218e-07	2.218e-07
tfii	1	2.218e-07	2.218e-07
tos3a	1	2.218e-07	2.218e-07
troubleshooting	1	2.218e-07	2.218e-07
unqualified	1	2.218e-07	2.218e-07
unrdered	1	2.218e-07	2.218e-07
unsat	1	2.218e-07	2.218e-07
unsecure	1	2.218e-07	2.218e-07
unsecured	1	2.218e-07	2.218e-07
urlwasb	1	2.218e-07	2.218e-07
valus	1	2.218e-07	2.218e-07
variableized	1	2.218e-07	2.218e-07
vetoers	1	2.218e-07	2.218e-07
wfd	1	2.218e-07	2.218e-07
wj	1	2.218e-07	2.218e-07
zlib	1	2.218e-07	2.218e-07
zookeper	1	2.218e-07	2.218e-07
zookepers	1	2.218e-07	2.218e-07
and1	8	2.200e-07	2.200e-07
ansi	8	2.200e-07	2.200e-07
bucket2	8	2.200e-07	2.200e-07
bytes2int	8	2.200e-07	2.200e-07
bytes2long	8	2.200e-07	2.200e-07
canditate	8	2.200e-07	2.200e-07
captures	8	2.200e-07	2.200e-07
defragmentation	8	2.200e-07	2.200e-07
delta1	8	2.200e-07	2.200e-07
delta2	8	2.200e-07	2.200e-07
desc1	8	2.200e-07	2.200e-07
desc2	8	2.200e-07	2.200e-07
distincts	8	2.200e-07	2.200e-07
dub	8	2.200e-07	2.200e-07
e4	8	2.200e-07	2.200e-07
grandparent	8	2.200e-07	2.200e-07
gtq	8	2.200e-07	2.200e-07
gyro	8	2.200e-07	2.200e-07
hash3	8	2.200e-07	2.200e-07
honours	8	2.200e-07	2.200e-07
id10	8	2.200e-07	2.200e-07
identities	8	2.200e-07	2.200e-07
jack	8	2.200e-07	2.200e-07
long_integer	8	2.200e-07	2.200e-07
long_long	8	2.200e-07	2.200e-07
ltq	8	2.200e-07	2.200e-07
modifiable	8	2.200e-07	2.200e-07
murmur	8	2.200e-07	2.200e-07
nfl	8	2.200e-07	2.200e-07
ppos	8	2.200e-07	2.200e-07
prevents	8	2.200e-07	2.200e-07
recovers	8	2.200e-07	2.200e-07
reinsert	8	2.200e-07	2.200e-07
schedules	8	2.200e-07	2.200e-07
session3	8	2.200e-07	2.200e-07
shifts	8	2.200e-07	2.200e-07
surviving	8	2.200e-07	2.200e-07
survivors	8	2.200e-07	2.200e-07
v3set	8	2.200e-07	2.200e-07
zzz	8	2.200e-07	2.200e-07
invocable	5	2.190e-07	1.587e-07
qd	6	2.188e-07	1.723e-07
a10263	1	2.106e-07	2.106e-07
a10347	1	2.106e-07	2.106e-07
a11416	1	2.106e-07	2.106e-07
a11433	1	2.106e-07	2.106e-07
a11776	1	2.106e-07	2.106e-07
a1207	1	2.106e-07	2.106e-07
a12213	1	2.106e-07	2.106e-07
a1227	1	2.106e-07	2.106e-07
a12849	1	2.106e-07	2.106e-07
a13396	1	2.106e-07	2.106e-07
a14330	1	2.106e-07	2.106e-07
a14546	1	2.106e-07	2.106e-07
a14991	1	2.106e-07	2.106e-07
a1504	1	2.106e-07	2.106e-07
a15497	1	2.106e-07	2.106e-07
a15574	1	2.106e-07	2.106e-07
a15913	1	2.106e-07	2.106e-07
a16227	1	2.106e-07	2.106e-07
a16667	1	2.106e-07	2.106e-07
a16884	1	2.106e-07	2.106e-07
a17321	1	2.106e-07	2.106e-07
a17402	1	2.106e-07	2.106e-07
a17785	1	2.106e-07	2.106e-07
a17852	1	2.106e-07	2.106e-07
a17973	1	2.106e-07	2.106e-07
a17988	1	2.106e-07	2.106e-07
a18204	1	2.106e-07	2.106e-07
a18509	1	2.106e-07	2.106e-07
a18521	1	2.106e-07	2.106e-07
a18964	1	2.106e-07	2.106e-07
a19972	1	2.106e-07	2.106e-07
a20426	1	2.106e-07	2.106e-07
a20919	1	2.106e-07	2.106e-07
a21456	1	2.106e-07	2.106e-07
a21475	1	2.106e-07	2.106e-07
a2196	1	2.106e-07	2.106e-07
a22205	1	2.106e-07	2.106e-07
a22450	1	2.106e-07	2.106e-07
a2387	1	2.106e-07	2.106e-07
a23874	1	2.106e-07	2.106e-07
a24134	1	2.106e-07	2.106e-07
a24315	1	2.106e-07	2.106e-07
a24492	1	2.106e-07	2.106e-07
a25323	1	2.106e-07	2.106e-07
a25409	1	2.106e-07	2.106e-07
a25760	1	2.106e-07	2.106e-07
a25969	1	2.106e-07	2.106e-07
a26348	1	2.106e-07	2.106e-07
a26751	1	2.106e-07	2.106e-07
a27056	1	2.106e-07	2.106e-07
a28150	1	2.106e-07	2.106e-07
a28453	1	2.106e-07	2.106e-07
a28523	1	2.106e-07	2.106e-07
a28566	1	2.106e-07	2.106e-07
a29366	1	2.106e-07	2.106e-07
a3000	1	2.106e-07	2.106e-07
a30608	1	2.106e-07	2.106e-07
a30925	1	2.106e-07	2.106e-07
a31085	1	2.106e-07	2.106e-07
a31144	1	2.106e-07	2.106e-07
a31470	1	2.106e-07	2.106e-07
a32510	1	2.106e-07	2.106e-07
a32743	1	2.106e-07	2.106e-07
a32762	1	2.106e-07	2.106e-07
a33070	1	2.106e-07	2.106e-07
a33633	1	2.106e-07	2.106e-07
a34194	1	2.106e-07	2.106e-07
a34242	1	2.106e-07	2.106e-07
a34270	1	2.106e-07	2.106e-07
a34936	1	2.106e-07	2.106e-07
a3617	1	2.106e-07	2.106e-07
a36502	1	2.106e-07	2.106e-07
a36538	1	2.106e-07	2.106e-07
a37183	1	2.106e-07	2.106e-07
a37227	1	2.106e-07	2.106e-07
a37769	1	2.106e-07	2.106e-07
a39502	1	2.106e-07	2.106e-07
a40465	1	2.106e-07	2.106e-07
a40477	1	2.106e-07	2.106e-07
a40533	1	2.106e-07	2.106e-07
a40584	1	2.106e-07	2.106e-07
a40743	1	2.106e-07	2.106e-07
a4086	1	2.106e-07	2.106e-07
a41891	1	2.106e-07	2.106e-07
a41908	1	2.106e-07	2.106e-07
a43050	1	2.106e-07	2.106e-07
a43085	1	2.106e-07	2.106e-07
a43640	1	2.106e-07	2.106e-07
a43762	1	2.106e-07	2.106e-07
a43860	1	2.106e-07	2.106e-07
a44156	1	2.106e-07	2.106e-07
a45344	1	2.106e-07	2.106e-07
a47309	1	2.106e-07	2.106e-07
a48394	1	2.106e-07	2.106e-07
a48649	1	2.106e-07	2.106e-07
a49179	1	2.106e-07	2.106e-07
a49441	1	2.106e-07	2.106e-07
a50098	1	2.106e-07	2.106e-07
a50268	1	2.106e-07	2.106e-07
a50427	1	2.106e-07	2.106e-07
a51118	1	2.106e-07	2.106e-07
a51289	1	2.106e-07	2.106e-07
a52901	1	2.106e-07	2.106e-07
a53479	1	2.106e-07	2.106e-07
a53857	1	2.106e-07	2.106e-07
a54259	1	2.106e-07	2.106e-07
a54571	1	2.106e-07	2.106e-07
a55109	1	2.106e-07	2.106e-07
a5528	1	2.106e-07	2.106e-07
a55670	1	2.106e-07	2.106e-07
a55741	1	2.106e-07	2.106e-07
a55770	1	2.106e-07	2.106e-07
a55812	1	2.106e-07	2.106e-07
a55926	1	2.106e-07	2.106e-07
a57334	1	2.106e-07	2.106e-07
a57571	1	2.106e-07	2.106e-07
a57676	1	2.106e-07	2.106e-07
a58606	1	2.106e-07	2.106e-07
a58724	1	2.106e-07	2.106e-07
a59129	1	2.106e-07	2.106e-07
a60049	1	2.106e-07	2.106e-07
a60073	1	2.106e-07	2.106e-07
a60326	1	2.106e-07	2.106e-07
a60435	1	2.106e-07	2.106e-07
a60610	1	2.106e-07	2.106e-07
a60792	1	2.106e-07	2.106e-07
a60830	1	2.106e-07	2.106e-07
a60868	1	2.106e-07	2.106e-07
a61263	1	2.106e-07	2.106e-07
a61280	1	2.106e-07	2.106e-07
a62588	1	2.106e-07	2.106e-07
a64181	1	2.106e-07	2.106e-07
a64594	1	2.106e-07	2.106e-07
a66015	1	2.106e-07	2.106e-07
a66881	1	2.106e-07	2.106e-07
a67594	1	2.106e-07	2.106e-07
a6821	1	2.106e-07	2.106e-07
a69063	1	2.106e-07	2.106e-07
a69185	1	2.106e-07	2.106e-07
a69278	1	2.106e-07	2.106e-07
a69840	1	2.106e-07	2.106e-07
a70407	1	2.106e-07	2.106e-07
a70670	1	2.106e-07	2.106e-07
a71153	1	2.106e-07	2.106e-07
a71684	1	2.106e-07	2.106e-07
a72232	1	2.106e-07	2.106e-07
a72616	1	2.106e-07	2.106e-07
a72634	1	2.106e-07	2.106e-07
a73069	1	2.106e-07	2.106e-07
a73202	1	2.106e-07	2.106e-07
a73565	1	2.106e-07	2.106e-07
a74856	1	2.106e-07	2.106e-07
a75009	1	2.106e-07	2.106e-07
a75053	1	2.106e-07	2.106e-07
a75056	1	2.106e-07	2.106e-07
a75250	1	2.106e-07	2.106e-07
a75704	1	2.106e-07	2.106e-07
a75770	1	2.106e-07	2.106e-07
a76744	1	2.106e-07	2.106e-07
a76789	1	2.106e-07	2.106e-07
a78258	1	2.106e-07	2.106e-07
a78565	1	2.106e-07	2.106e-07
a78780	1	2.106e-07	2.106e-07
a79311	1	2.106e-07	2.106e-07
a80566	1	2.106e-07	2.106e-07
a80801	1	2.106e-07	2.106e-07
a81108	1	2.106e-07	2.106e-07
a8142	1	2.106e-07	2.106e-07
a81561	1	2.106e-07	2.106e-07
a81593	1	2.106e-07	2.106e-07
a82010	1	2.106e-07	2.106e-07
a82592	1	2.106e-07	2.106e-07
a83599	1	2.106e-07	2.106e-07
a83916	1	2.106e-07	2.106e-07
a84124	1	2.106e-07	2.106e-07
a84214	1	2.106e-07	2.106e-07
a85232	1	2.106e-07	2.106e-07
a85622	1	2.106e-07	2.106e-07
a85812	1	2.106e-07	2.106e-07
a86153	1	2.106e-07	2.106e-07
a87006	1	2.106e-07	2.106e-07
a87030	1	2.106e-07	2.106e-07
a87246	1	2.106e-07	2.106e-07
a87760	1	2.106e-07	2.106e-07
a87833	1	2.106e-07	2.106e-07
a8935	1	2.106e-07	2.106e-07
a89502	1	2.106e-07	2.106e-07
a90580	1	2.106e-07	2.106e-07
a91034	1	2.106e-07	2.106e-07
a91263	1	2.106e-07	2.106e-07
a91595	1	2.106e-07	2.106e-07
a92079	1	2.106e-07	2.106e-07
a92384	1	2.106e-07	2.106e-07
a92400	1	2.106e-07	2.106e-07
a9290	1	2.106e-07	2.106e-07
a93081	1	2.106e-07	2.106e-07
a9334	1	2.106e-07	2.106e-07
a94015	1	2.106e-07	2.106e-07
a95930	1	2.106e-07	2.106e-07
a96053	1	2.106e-07	2.106e-07
a96171	1	2.106e-07	2.106e-07
a96602	1	2.106e-07	2.106e-07
a97099	1	2.106e-07	2.106e-07
a97193	1	2.106e-07	2.106e-07
a97712	1	2.106e-07	2.106e-07
a97788	1	2.106e-07	2.106e-07
a9795	1	2.106e-07	2.106e-07
a9823	1	2.106e-07	2.106e-07
a98281	1	2.106e-07	2.106e-07
a98384	1	2.106e-07	2.106e-07
a98424	1	2.106e-07	2.106e-07
a98944	1	2.106e-07	2.106e-07
a99467	1	2.106e-07	2.106e-07
a99523	1	2.106e-07	2.106e-07
a99746	1	2.106e-07	2.106e-07
a99915	1	2.106e-07	2.106e-07
a99928	1	2.106e-07	2.106e-07
b10263	1	2.106e-07	2.106e-07
b10347	1	2.106e-07	2.106e-07
b11416	1	2.106e-07	2.106e-07
b11433	1	2.106e-07	2.106e-07
b11776	1	2.106e-07	2.106e-07
b1207	1	2.106e-07	2.106e-07
b12213	1	2.106e-07	2.106e-07
b1227	1	2.106e-07	2.106e-07
b12849	1	2.106e-07	2.106e-07
b13396	1	2.106e-07	2.106e-07
b14330	1	2.106e-07	2.106e-07
b14546	1	2.106e-07	2.106e-07
b14991	1	2.106e-07	2.106e-07
b1504	1	2.106e-07	2.106e-07
b15497	1	2.106e-07	2.106e-07
b15574	1	2.106e-07	2.106e-07
b15913	1	2.106e-07	2.106e-07
b16227	1	2.106e-07	2.106e-07
b16667	1	2.106e-07	2.106e-07
b16884	1	2.106e-07	2.106e-07
b17321	1	2.106e-07	2.106e-07
b17402	1	2.106e-07	2.106e-07
b17785	1	2.106e-07	2.106e-07
b17852	1	2.106e-07	2.106e-07
b17973	1	2.106e-07	2.106e-07
b17988	1	2.106e-07	2.106e-07
b18204	1	2.106e-07	2.106e-07
b18509	1	2.106e-07	2.106e-07
b18521	1	2.106e-07	2.106e-07
b18964	1	2.106e-07	2.106e-07
b19972	1	2.106e-07	2.106e-07
b20426	1	2.106e-07	2.106e-07
b20919	1	2.106e-07	2.106e-07
b21456	1	2.106e-07	2.106e-07
b21475	1	2.106e-07	2.106e-07
b2196	1	2.106e-07	2.106e-07
b22205	1	2.106e-07	2.106e-07
b22450	1	2.106e-07	2.106e-07
b2387	1	2.106e-07	2.106e-07
b23874	1	2.106e-07	2.106e-07
b24134	1	2.106e-07	2.106e-07
b24315	1	2.106e-07	2.106e-07
b24492	1	2.106e-07	2.106e-07
b25323	1	2.106e-07	2.106e-07
b25409	1	2.106e-07	2.106e-07
b25760	1	2.106e-07	2.106e-07
b25969	1	2.106e-07	2.106e-07
b26348	1	2.106e-07	2.106e-07
b26751	1	2.106e-07	2.106e-07
b27056	1	2.106e-07	2.106e-07
b28150	1	2.106e-07	2.106e-07
b28453	1	2.106e-07	2.106e-07
b28523	1	2.106e-07	2.106e-07
b28566	1	2.106e-07	2.106e-07
b29366	1	2.106e-07	2.106e-07
b3000	1	2.106e-07	2.106e-07
b30608	1	2.106e-07	2.106e-07
b30925	1	2.106e-07	2.106e-07
b31085	1	2.106e-07	2.106e-07
b31144	1	2.106e-07	2.106e-07
b31470	1	2.106e-07	2.106e-07
b32510	1	2.106e-07	2.106e-07
b32743	1	2.106e-07	2.106e-07
b32762	1	2.106e-07	2.106e-07
b33070	1	2.106e-07	2.106e-07
b33633	1	2.106e-07	2.106e-07
b34194	1	2.106e-07	2.106e-07
b34242	1	2.106e-07	2.106e-07
b34270	1	2.106e-07	2.106e-07
b34936	1	2.106e-07	2.106e-07
b3617	1	2.106e-07	2.106e-07
b36502	1	2.106e-07	2.106e-07
b36538	1	2.106e-07	2.106e-07
b37183	1	2.106e-07	2.106e-07
b37227	1	2.106e-07	2.106e-07
b37769	1	2.106e-07	2.106e-07
b39502	1	2.106e-07	2.106e-07
b40465	1	2.106e-07	2.106e-07
b40477	1	2.106e-07	2.106e-07
b40533	1	2.106e-07	2.106e-07
b40584	1	2.106e-07	2.106e-07
b40743	1	2.106e-07	2.106e-07
b4086	1	2.106e-07	2.106e-07
b41891	1	2.106e-07	2.106e-07
b41908	1	2.106e-07	2.106e-07
b43050	1	2.106e-07	2.106e-07
b43085	1	2.106e-07	2.106e-07
b43640	1	2.106e-07	2.106e-07
b43762	1	2.106e-07	2.106e-07
b43860	1	2.106e-07	2.106e-07
b44156	1	2.106e-07	2.106e-07
b45344	1	2.106e-07	2.106e-07
b47309	1	2.106e-07	2.106e-07
b48394	1	2.106e-07	2.106e-07
b48649	1	2.106e-07	2.106e-07
b49179	1	2.106e-07	2.106e-07
b49441	1	2.106e-07	2.106e-07
b50098	1	2.106e-07	2.106e-07
b50268	1	2.106e-07	2.106e-07
b50427	1	2.106e-07	2.106e-07
b51118	1	2.106e-07	2.106e-07
b51289	1	2.106e-07	2.106e-07
b52901	1	2.106e-07	2.106e-07
b53479	1	2.106e-07	2.106e-07
b53857	1	2.106e-07	2.106e-07
b54259	1	2.106e-07	2.106e-07
b54571	1	2.106e-07	2.106e-07
b55109	1	2.106e-07	2.106e-07
b5528	1	2.106e-07	2.106e-07
b55670	1	2.106e-07	2.106e-07
b55741	1	2.106e-07	2.106e-07
b55770	1	2.106e-07	2.106e-07
b55812	1	2.106e-07	2.106e-07
b55926	1	2.106e-07	2.106e-07
b57334	1	2.106e-07	2.106e-07
b57571	1	2.106e-07	2.106e-07
b57676	1	2.106e-07	2.106e-07
b58606	1	2.106e-07	2.106e-07
b58724	1	2.106e-07	2.106e-07
b59129	1	2.106e-07	2.106e-07
b60049	1	2.106e-07	2.106e-07
b60073	1	2.106e-07	2.106e-07
b60326	1	2.106e-07	2.106e-07
b60435	1	2.106e-07	2.106e-07
b60610	1	2.106e-07	2.106e-07
b60792	1	2.106e-07	2.106e-07
b60830	1	2.106e-07	2.106e-07
b60868	1	2.106e-07	2.106e-07
b61263	1	2.106e-07	2.106e-07
b61280	1	2.106e-07	2.106e-07
b62588	1	2.106e-07	2.106e-07
b64181	1	2.106e-07	2.106e-07
b64594	1	2.106e-07	2.106e-07
b66015	1	2.106e-07	2.106e-07
b66881	1	2.106e-07	2.106e-07
b67594	1	2.106e-07	2.106e-07
b6821	1	2.106e-07	2.106e-07
b69063	1	2.106e-07	2.106e-07
b69185	1	2.106e-07	2.106e-07
b69278	1	2.106e-07	2.106e-07
b69840	1	2.106e-07	2.106e-07
b70407	1	2.106e-07	2.106e-07
b70670	1	2.106e-07	2.106e-07
b71153	1	2.106e-07	2.106e-07
b71684	1	2.106e-07	2.106e-07
b72232	1	2.106e-07	2.106e-07
b72616	1	2.106e-07	2.106e-07
b72634	1	2.106e-07	2.106e-07
b73069	1	2.106e-07	2.106e-07
b73202	1	2.106e-07	2.106e-07
b73565	1	2.106e-07	2.106e-07
b74856	1	2.106e-07	2.106e-07
b75009	1	2.106e-07	2.106e-07
b75053	1	2.106e-07	2.106e-07
b75056	1	2.106e-07	2.106e-07
b75250	1	2.106e-07	2.106e-07
b75704	1	2.106e-07	2.106e-07
b75770	1	2.106e-07	2.106e-07
b76744	1	2.106e-07	2.106e-07
b76789	1	2.106e-07	2.106e-07
b78258	1	2.106e-07	2.106e-07
b78565	1	2.106e-07	2.106e-07
b78780	1	2.106e-07	2.106e-07
b79311	1	2.106e-07	2.106e-07
b80566	1	2.106e-07	2.106e-07
b80801	1	2.106e-07	2.106e-07
b81108	1	2.106e-07	2.106e-07
b8142	1	2.106e-07	2.106e-07
b81561	1	2.106e-07	2.106e-07
b81593	1	2.106e-07	2.106e-07
b82010	1	2.106e-07	2.106e-07
b82592	1	2.106e-07	2.106e-07
b83599	1	2.106e-07	2.106e-07
b83916	1	2.106e-07	2.106e-07
b84124	1	2.106e-07	2.106e-07
b84214	1	2.106e-07	2.106e-07
b85232	1	2.106e-07	2.106e-07
b85622	1	2.106e-07	2.106e-07
b85812	1	2.106e-07	2.106e-07
b86153	1	2.106e-07	2.106e-07
b87006	1	2.106e-07	2.106e-07
b87030	1	2.106e-07	2.106e-07
b87246	1	2.106e-07	2.106e-07
b87760	1	2.106e-07	2.106e-07
b87833	1	2.106e-07	2.106e-07
b8935	1	2.106e-07	2.106e-07
b89502	1	2.106e-07	2.106e-07
b90580	1	2.106e-07	2.106e-07
b91034	1	2.106e-07	2.106e-07
b91263	1	2.106e-07	2.106e-07
b91595	1	2.106e-07	2.106e-07
b92079	1	2.106e-07	2.106e-07
b92384	1	2.106e-07	2.106e-07
b92400	1	2.106e-07	2.106e-07
b9290	1	2.106e-07	2.106e-07
b93081	1	2.106e-07	2.106e-07
b9334	1	2.106e-07	2.106e-07
b94015	1	2.106e-07	2.106e-07
b95930	1	2.106e-07	2.106e-07
b96053	1	2.106e-07	2.106e-07
b96171	1	2.106e-07	2.106e-07
b96602	1	2.106e-07	2.106e-07
b97099	1	2.106e-07	2.106e-07
b97193	1	2.106e-07	2.106e-07
b97712	1	2.106e-07	2.106e-07
b97788	1	2.106e-07	2.106e-07
b9795	1	2.106e-07	2.106e-07
b9823	1	2.106e-07	2.106e-07
b98281	1	2.106e-07	2.106e-07
b98384	1	2.106e-07	2.106e-07
b98424	1	2.106e-07	2.106e-07
b98944	1	2.106e-07	2.106e-07
b99467	1	2.106e-07	2.106e-07
b99523	1	2.106e-07	2.106e-07
b99746	1	2.106e-07	2.106e-07
b99915	1	2.106e-07	2.106e-07
b99928	1	2.106e-07	2.106e-07
c10263	1	2.106e-07	2.106e-07
c10347	1	2.106e-07	2.106e-07
c11416	1	2.106e-07	2.106e-07
c11433	1	2.106e-07	2.106e-07
c11776	1	2.106e-07	2.106e-07
c1207	1	2.106e-07	2.106e-07
c12213	1	2.106e-07	2.106e-07
c1227	1	2.106e-07	2.106e-07
c12849	1	2.106e-07	2.106e-07
c13396	1	2.106e-07	2.106e-07
c14330	1	2.106e-07	2.106e-07
c14546	1	2.106e-07	2.106e-07
c14991	1	2.106e-07	2.106e-07
c1504	1	2.106e-07	2.106e-07
c15497	1	2.106e-07	2.106e-07
c15574	1	2.106e-07	2.106e-07
c15913	1	2.106e-07	2.106e-07
c16227	1	2.106e-07	2.106e-07
c16667	1	2.106e-07	2.106e-07
c16884	1	2.106e-07	2.106e-07
c17321	1	2.106e-07	2.106e-07
c17402	1	2.106e-07	2.106e-07
c17785	1	2.106e-07	2.106e-07
c17852	1	2.106e-07	2.106e-07
c17973	1	2.106e-07	2.106e-07
c17988	1	2.106e-07	2.106e-07
c18204	1	2.106e-07	2.106e-07
c18509	1	2.106e-07	2.106e-07
c18521	1	2.106e-07	2.106e-07
c18964	1	2.106e-07	2.106e-07
c19972	1	2.106e-07	2.106e-07
c20426	1	2.106e-07	2.106e-07
c20919	1	2.106e-07	2.106e-07
c21456	1	2.106e-07	2.106e-07
c21475	1	2.106e-07	2.106e-07
c2196	1	2.106e-07	2.106e-07
c22205	1	2.106e-07	2.106e-07
c22450	1	2.106e-07	2.106e-07
c2387	1	2.106e-07	2.106e-07
c23874	1	2.106e-07	2.106e-07
c24134	1	2.106e-07	2.106e-07
c24315	1	2.106e-07	2.106e-07
c24492	1	2.106e-07	2.106e-07
c25323	1	2.106e-07	2.106e-07
c25409	1	2.106e-07	2.106e-07
c25760	1	2.106e-07	2.106e-07
c25969	1	2.106e-07	2.106e-07
c26348	1	2.106e-07	2.106e-07
c26751	1	2.106e-07	2.106e-07
c27056	1	2.106e-07	2.106e-07
c28150	1	2.106e-07	2.106e-07
c28453	1	2.106e-07	2.106e-07
c28523	1	2.106e-07	2.106e-07
c28566	1	2.106e-07	2.106e-07
c29366	1	2.106e-07	2.106e-07
c3000	1	2.106e-07	2.106e-07
c30608	1	2.106e-07	2.106e-07
c30925	1	2.106e-07	2.106e-07
c31085	1	2.106e-07	2.106e-07
c31144	1	2.106e-07	2.106e-07
c31470	1	2.106e-07	2.106e-07
c32510	1	2.106e-07	2.106e-07
c32743	1	2.106e-07	2.106e-07
c32762	1	2.106e-07	2.106e-07
c33070	1	2.106e-07	2.106e-07
c33633	1	2.106e-07	2.106e-07
c34194	1	2.106e-07	2.106e-07
c34242	1	2.106e-07	2.106e-07
c34270	1	2.106e-07	2.106e-07
c34936	1	2.106e-07	2.106e-07
c3617	1	2.106e-07	2.106e-07
c36502	1	2.106e-07	2.106e-07
c36538	1	2.106e-07	2.106e-07
c37183	1	2.106e-07	2.106e-07
c37227	1	2.106e-07	2.106e-07
c37769	1	2.106e-07	2.106e-07
c39502	1	2.106e-07	2.106e-07
c40465	1	2.106e-07	2.106e-07
c40477	1	2.106e-07	2.106e-07
c40533	1	2.106e-07	2.106e-07
c40584	1	2.106e-07	2.106e-07
c40743	1	2.106e-07	2.106e-07
c4086	1	2.106e-07	2.106e-07
c41891	1	2.106e-07	2.106e-07
c41908	1	2.106e-07	2.106e-07
c43050	1	2.106e-07	2.106e-07
c43085	1	2.106e-07	2.106e-07
c43640	1	2.106e-07	2.106e-07
c43762	1	2.106e-07	2.106e-07
c43860	1	2.106e-07	2.106e-07
c44156	1	2.106e-07	2.106e-07
c45344	1	2.106e-07	2.106e-07
c47309	1	2.106e-07	2.106e-07
c48394	1	2.106e-07	2.106e-07
c48649	1	2.106e-07	2.106e-07
c49179	1	2.106e-07	2.106e-07
c49441	1	2.106e-07	2.106e-07
c50098	1	2.106e-07	2.106e-07
c50268	1	2.106e-07	2.106e-07
c50427	1	2.106e-07	2.106e-07
c51118	1	2.106e-07	2.106e-07
c51289	1	2.106e-07	2.106e-07
c52901	1	2.106e-07	2.106e-07
c53479	1	2.106e-07	2.106e-07
c53857	1	2.106e-07	2.106e-07
c54259	1	2.106e-07	2.106e-07
c54571	1	2.106e-07	2.106e-07
c55109	1	2.106e-07	2.106e-07
c5528	1	2.106e-07	2.106e-07
c55670	1	2.106e-07	2.106e-07
c55741	1	2.106e-07	2.106e-07
c55770	1	2.106e-07	2.106e-07
c55812	1	2.106e-07	2.106e-07
c55926	1	2.106e-07	2.106e-07
c57334	1	2.106e-07	2.106e-07
c57571	1	2.106e-07	2.106e-07
c57676	1	2.106e-07	2.106e-07
c58606	1	2.106e-07	2.106e-07
c58724	1	2.106e-07	2.106e-07
c59129	1	2.106e-07	2.106e-07
c60049	1	2.106e-07	2.106e-07
c60073	1	2.106e-07	2.106e-07
c60326	1	2.106e-07	2.106e-07
c60435	1	2.106e-07	2.106e-07
c60610	1	2.106e-07	2.106e-07
c60792	1	2.106e-07	2.106e-07
c60830	1	2.106e-07	2.106e-07
c60868	1	2.106e-07	2.106e-07
c61263	1	2.106e-07	2.106e-07
c61280	1	2.106e-07	2.106e-07
c62588	1	2.106e-07	2.106e-07
c64181	1	2.106e-07	2.106e-07
c64594	1	2.106e-07	2.106e-07
c66015	1	2.106e-07	2.106e-07
c66881	1	2.106e-07	2.106e-07
c67594	1	2.106e-07	2.106e-07
c6821	1	2.106e-07	2.106e-07
c69063	1	2.106e-07	2.106e-07
c69185	1	2.106e-07	2.106e-07
c69278	1	2.106e-07	2.106e-07
c69840	1	2.106e-07	2.106e-07
c70407	1	2.106e-07	2.106e-07
c70670	1	2.106e-07	2.106e-07
c71153	1	2.106e-07	2.106e-07
c71684	1	2.106e-07	2.106e-07
c72232	1	2.106e-07	2.106e-07
c72616	1	2.106e-07	2.106e-07
c72634	1	2.106e-07	2.106e-07
c73069	1	2.106e-07	2.106e-07
c73202	1	2.106e-07	2.106e-07
c73565	1	2.106e-07	2.106e-07
c74856	1	2.106e-07	2.106e-07
c75009	1	2.106e-07	2.106e-07
c75053	1	2.106e-07	2.106e-07
c75056	1	2.106e-07	2.106e-07
c75250	1	2.106e-07	2.106e-07
c75704	1	2.106e-07	2.106e-07
c75770	1	2.106e-07	2.106e-07
c76744	1	2.106e-07	2.106e-07
c76789	1	2.106e-07	2.106e-07
c78258	1	2.106e-07	2.106e-07
c78565	1	2.106e-07	2.106e-07
c78780	1	2.106e-07	2.106e-07
c79311	1	2.106e-07	2.106e-07
c80566	1	2.106e-07	2.106e-07
c80801	1	2.106e-07	2.106e-07
c81108	1	2.106e-07	2.106e-07
c8142	1	2.106e-07	2.106e-07
c81561	1	2.106e-07	2.106e-07
c81593	1	2.106e-07	2.106e-07
c82010	1	2.106e-07	2.106e-07
c82592	1	2.106e-07	2.106e-07
c83599	1	2.106e-07	2.106e-07
c83916	1	2.106e-07	2.106e-07
c84124	1	2.106e-07	2.106e-07
c84214	1	2.106e-07	2.106e-07
c85232	1	2.106e-07	2.106e-07
c85622	1	2.106e-07	2.106e-07
c85812	1	2.106e-07	2.106e-07
c86153	1	2.106e-07	2.106e-07
c87006	1	2.106e-07	2.106e-07
c87030	1	2.106e-07	2.106e-07
c87246	1	2.106e-07	2.106e-07
c87760	1	2.106e-07	2.106e-07
c87833	1	2.106e-07	2.106e-07
c8935	1	2.106e-07	2.106e-07
c89502	1	2.106e-07	2.106e-07
c90580	1	2.106e-07	2.106e-07
c91034	1	2.106e-07	2.106e-07
c91263	1	2.106e-07	2.106e-07
c91595	1	2.106e-07	2.106e-07
c92079	1	2.106e-07	2.106e-07
c92384	1	2.106e-07	2.106e-07
c92400	1	2.106e-07	2.106e-07
c9290	1	2.106e-07	2.106e-07
c93081	1	2.106e-07	2.106e-07
c9334	1	2.106e-07	2.106e-07
c94015	1	2.106e-07	2.106e-07
c95930	1	2.106e-07	2.106e-07
c96053	1	2.106e-07	2.106e-07
c96171	1	2.106e-07	2.106e-07
c96602	1	2.106e-07	2.106e-07
c97099	1	2.106e-07	2.106e-07
c97193	1	2.106e-07	2.106e-07
c97712	1	2.106e-07	2.106e-07
c97788	1	2.106e-07	2.106e-07
c9795	1	2.106e-07	2.106e-07
c9823	1	2.106e-07	2.106e-07
c98281	1	2.106e-07	2.106e-07
c98384	1	2.106e-07	2.106e-07
c98424	1	2.106e-07	2.106e-07
c98944	1	2.106e-07	2.106e-07
c99467	1	2.106e-07	2.106e-07
c99523	1	2.106e-07	2.106e-07
c99746	1	2.106e-07	2.106e-07
c99915	1	2.106e-07	2.106e-07
c99928	1	2.106e-07	2.106e-07
ctemplate	1	2.106e-07	2.106e-07
d10263	1	2.106e-07	2.106e-07
d10347	1	2.106e-07	2.106e-07
d11416	1	2.106e-07	2.106e-07
d11433	1	2.106e-07	2.106e-07
d11776	1	2.106e-07	2.106e-07
d1207	1	2.106e-07	2.106e-07
d12213	1	2.106e-07	2.106e-07
d1227	1	2.106e-07	2.106e-07
d12849	1	2.106e-07	2.106e-07
d13396	1	2.106e-07	2.106e-07
d14330	1	2.106e-07	2.106e-07
d14546	1	2.106e-07	2.106e-07
d14991	1	2.106e-07	2.106e-07
d1504	1	2.106e-07	2.106e-07
d15497	1	2.106e-07	2.106e-07
d15574	1	2.106e-07	2.106e-07
d15913	1	2.106e-07	2.106e-07
d16227	1	2.106e-07	2.106e-07
d16667	1	2.106e-07	2.106e-07
d16884	1	2.106e-07	2.106e-07
d17321	1	2.106e-07	2.106e-07
d17402	1	2.106e-07	2.106e-07
d17785	1	2.106e-07	2.106e-07
d17852	1	2.106e-07	2.106e-07
d17973	1	2.106e-07	2.106e-07
d17988	1	2.106e-07	2.106e-07
d18204	1	2.106e-07	2.106e-07
d18509	1	2.106e-07	2.106e-07
d18521	1	2.106e-07	2.106e-07
d18964	1	2.106e-07	2.106e-07
d19972	1	2.106e-07	2.106e-07
d20426	1	2.106e-07	2.106e-07
d20919	1	2.106e-07	2.106e-07
d21456	1	2.106e-07	2.106e-07
d21475	1	2.106e-07	2.106e-07
d2196	1	2.106e-07	2.106e-07
d22205	1	2.106e-07	2.106e-07
d22450	1	2.106e-07	2.106e-07
d2387	1	2.106e-07	2.106e-07
d23874	1	2.106e-07	2.106e-07
d24134	1	2.106e-07	2.106e-07
d24315	1	2.106e-07	2.106e-07
d24492	1	2.106e-07	2.106e-07
d25323	1	2.106e-07	2.106e-07
d25409	1	2.106e-07	2.106e-07
d25760	1	2.106e-07	2.106e-07
d25969	1	2.106e-07	2.106e-07
d26348	1	2.106e-07	2.106e-07
d26751	1	2.106e-07	2.106e-07
d27056	1	2.106e-07	2.106e-07
d28150	1	2.106e-07	2.106e-07
d28453	1	2.106e-07	2.106e-07
d28523	1	2.106e-07	2.106e-07
d28566	1	2.106e-07	2.106e-07
d29366	1	2.106e-07	2.106e-07
d3000	1	2.106e-07	2.106e-07
d30608	1	2.106e-07	2.106e-07
d30925	1	2.106e-07	2.106e-07
d31085	1	2.106e-07	2.106e-07
d31144	1	2.106e-07	2.106e-07
d31470	1	2.106e-07	2.106e-07
d32510	1	2.106e-07	2.106e-07
d32743	1	2.106e-07	2.106e-07
d32762	1	2.106e-07	2.106e-07
d33070	1	2.106e-07	2.106e-07
d33633	1	2.106e-07	2.106e-07
d34194	1	2.106e-07	2.106e-07
d34242	1	2.106e-07	2.106e-07
d34270	1	2.106e-07	2.106e-07
d34936	1	2.106e-07	2.106e-07
d3617	1	2.106e-07	2.106e-07
d36502	1	2.106e-07	2.106e-07
d36538	1	2.106e-07	2.106e-07
d37183	1	2.106e-07	2.106e-07
d37227	1	2.106e-07	2.106e-07
d37769	1	2.106e-07	2.106e-07
d39502	1	2.106e-07	2.106e-07
d40465	1	2.106e-07	2.106e-07
d40477	1	2.106e-07	2.106e-07
d40533	1	2.106e-07	2.106e-07
d40584	1	2.106e-07	2.106e-07
d40743	1	2.106e-07	2.106e-07
d4086	1	2.106e-07	2.106e-07
d41891	1	2.106e-07	2.106e-07
d41908	1	2.106e-07	2.106e-07
d43050	1	2.106e-07	2.106e-07
d43085	1	2.106e-07	2.106e-07
d43640	1	2.106e-07	2.106e-07
d43762	1	2.106e-07	2.106e-07
d43860	1	2.106e-07	2.106e-07
d44156	1	2.106e-07	2.106e-07
d45344	1	2.106e-07	2.106e-07
d47309	1	2.106e-07	2.106e-07
d48394	1	2.106e-07	2.106e-07
d48649	1	2.106e-07	2.106e-07
d49179	1	2.106e-07	2.106e-07
d49441	1	2.106e-07	2.106e-07
d50098	1	2.106e-07	2.106e-07
d50268	1	2.106e-07	2.106e-07
d50427	1	2.106e-07	2.106e-07
d51118	1	2.106e-07	2.106e-07
d51289	1	2.106e-07	2.106e-07
d52901	1	2.106e-07	2.106e-07
d53479	1	2.106e-07	2.106e-07
d53857	1	2.106e-07	2.106e-07
d54259	1	2.106e-07	2.106e-07
d54571	1	2.106e-07	2.106e-07
d55109	1	2.106e-07	2.106e-07
d5528	1	2.106e-07	2.106e-07
d55670	1	2.106e-07	2.106e-07
d55741	1	2.106e-07	2.106e-07
d55770	1	2.106e-07	2.106e-07
d55812	1	2.106e-07	2.106e-07
d55926	1	2.106e-07	2.106e-07
d57334	1	2.106e-07	2.106e-07
d57571	1	2.106e-07	2.106e-07
d57676	1	2.106e-07	2.106e-07
d58606	1	2.106e-07	2.106e-07
d58724	1	2.106e-07	2.106e-07
d59129	1	2.106e-07	2.106e-07
d60049	1	2.106e-07	2.106e-07
d60073	1	2.106e-07	2.106e-07
d60326	1	2.106e-07	2.106e-07
d60435	1	2.106e-07	2.106e-07
d60610	1	2.106e-07	2.106e-07
d60792	1	2.106e-07	2.106e-07
d60830	1	2.106e-07	2.106e-07
d60868	1	2.106e-07	2.106e-07
d61263	1	2.106e-07	2.106e-07
d61280	1	2.106e-07	2.106e-07
d62588	1	2.106e-07	2.106e-07
d64181	1	2.106e-07	2.106e-07
d64594	1	2.106e-07	2.106e-07
d66015	1	2.106e-07	2.106e-07
d66881	1	2.106e-07	2.106e-07
d67594	1	2.106e-07	2.106e-07
d6821	1	2.106e-07	2.106e-07
d69063	1	2.106e-07	2.106e-07
d69185	1	2.106e-07	2.106e-07
d69278	1	2.106e-07	2.106e-07
d69840	1	2.106e-07	2.106e-07
d70407	1	2.106e-07	2.106e-07
d70670	1	2.106e-07	2.106e-07
d71153	1	2.106e-07	2.106e-07
d71684	1	2.106e-07	2.106e-07
d72232	1	2.106e-07	2.106e-07
d72616	1	2.106e-07	2.106e-07
d72634	1	2.106e-07	2.106e-07
d73069	1	2.106e-07	2.106e-07
d73202	1	2.106e-07	2.106e-07
d73565	1	2.106e-07	2.106e-07
d74856	1	2.106e-07	2.106e-07
d75009	1	2.106e-07	2.106e-07
d75053	1	2.106e-07	2.106e-07
d75056	1	2.106e-07	2.106e-07
d75250	1	2.106e-07	2.106e-07
d75704	1	2.106e-07	2.106e-07
d75770	1	2.106e-07	2.106e-07
d76744	1	2.106e-07	2.106e-07
d76789	1	2.106e-07	2.106e-07
d78258	1	2.106e-07	2.106e-07
d78565	1	2.106e-07	2.106e-07
d78780	1	2.106e-07	2.106e-07
d79311	1	2.106e-07	2.106e-07
d80566	1	2.106e-07	2.106e-07
d80801	1	2.106e-07	2.106e-07
d81108	1	2.106e-07	2.106e-07
d8142	1	2.106e-07	2.106e-07
d81561	1	2.106e-07	2.106e-07
d81593	1	2.106e-07	2.106e-07
d82010	1	2.106e-07	2.106e-07
d82592	1	2.106e-07	2.106e-07
d83599	1	2.106e-07	2.106e-07
d83916	1	2.106e-07	2.106e-07
d84124	1	2.106e-07	2.106e-07
d84214	1	2.106e-07	2.106e-07
d85232	1	2.106e-07	2.106e-07
d85622	1	2.106e-07	2.106e-07
d85812	1	2.106e-07	2.106e-07
d86153	1	2.106e-07	2.106e-07
d87006	1	2.106e-07	2.106e-07
d87030	1	2.106e-07	2.106e-07
d87246	1	2.106e-07	2.106e-07
d87760	1	2.106e-07	2.106e-07
d87833	1	2.106e-07	2.106e-07
d8935	1	2.106e-07	2.106e-07
d89502	1	2.106e-07	2.106e-07
d90580	1	2.106e-07	2.106e-07
d91034	1	2.106e-07	2.106e-07
d91263	1	2.106e-07	2.106e-07
d91595	1	2.106e-07	2.106e-07
d92079	1	2.106e-07	2.106e-07
d92384	1	2.106e-07	2.106e-07
d92400	1	2.106e-07	2.106e-07
d9290	1	2.106e-07	2.106e-07
d93081	1	2.106e-07	2.106e-07
d9334	1	2.106e-07	2.106e-07
d94015	1	2.106e-07	2.106e-07
d95930	1	2.106e-07	2.106e-07
d96053	1	2.106e-07	2.106e-07
d96171	1	2.106e-07	2.106e-07
d96602	1	2.106e-07	2.106e-07
d97099	1	2.106e-07	2.106e-07
d97193	1	2.106e-07	2.106e-07
d97712	1	2.106e-07	2.106e-07
d97788	1	2.106e-07	2.106e-07
d9795	1	2.106e-07	2.106e-07
d9823	1	2.106e-07	2.106e-07
d98281	1	2.106e-07	2.106e-07
d98384	1	2.106e-07	2.106e-07
d98424	1	2.106e-07	2.106e-07
d98944	1	2.106e-07	2.106e-07
d99467	1	2.106e-07	2.106e-07
d99523	1	2.106e-07	2.106e-07
d99746	1	2.106e-07	2.106e-07
d99915	1	2.106e-07	2.106e-07
d99928	1	2.106e-07	2.106e-07
e10263	1	2.106e-07	2.106e-07
e10347	1	2.106e-07	2.106e-07
e11416	1	2.106e-07	2.106e-07
e11433	1	2.106e-07	2.106e-07
e11776	1	2.106e-07	2.106e-07
e1207	1	2.106e-07	2.106e-07
e12213	1	2.106e-07	2.106e-07
e1227	1	2.106e-07	2.106e-07
e12849	1	2.106e-07	2.106e-07
e13396	1	2.106e-07	2.106e-07
e14330	1	2.106e-07	2.106e-07
e14546	1	2.106e-07	2.106e-07
e14991	1	2.106e-07	2.106e-07
e1504	1	2.106e-07	2.106e-07
e15497	1	2.106e-07	2.106e-07
e15574	1	2.106e-07	2.106e-07
e15913	1	2.106e-07	2.106e-07
e16227	1	2.106e-07	2.106e-07
e16667	1	2.106e-07	2.106e-07
e16884	1	2.106e-07	2.106e-07
e17321	1	2.106e-07	2.106e-07
e17402	1	2.106e-07	2.106e-07
e17785	1	2.106e-07	2.106e-07
e17852	1	2.106e-07	2.106e-07
e17973	1	2.106e-07	2.106e-07
e17988	1	2.106e-07	2.106e-07
e18204	1	2.106e-07	2.106e-07
e18509	1	2.106e-07	2.106e-07
e18521	1	2.106e-07	2.106e-07
e18964	1	2.106e-07	2.106e-07
e19972	1	2.106e-07	2.106e-07
e20426	1	2.106e-07	2.106e-07
e20919	1	2.106e-07	2.106e-07
e21456	1	2.106e-07	2.106e-07
e21475	1	2.106e-07	2.106e-07
e2196	1	2.106e-07	2.106e-07
e22205	1	2.106e-07	2.106e-07
e22450	1	2.106e-07	2.106e-07
e2387	1	2.106e-07	2.106e-07
e23874	1	2.106e-07	2.106e-07
e24134	1	2.106e-07	2.106e-07
e24315	1	2.106e-07	2.106e-07
e24492	1	2.106e-07	2.106e-07
e25323	1	2.106e-07	2.106e-07
e25409	1	2.106e-07	2.106e-07
e25760	1	2.106e-07	2.106e-07
e25969	1	2.106e-07	2.106e-07
e26348	1	2.106e-07	2.106e-07
e26751	1	2.106e-07	2.106e-07
e27056	1	2.106e-07	2.106e-07
e28150	1	2.106e-07	2.106e-07
e28453	1	2.106e-07	2.106e-07
e28523	1	2.106e-07	2.106e-07
e28566	1	2.106e-07	2.106e-07
e29366	1	2.106e-07	2.106e-07
e3000	1	2.106e-07	2.106e-07
e30608	1	2.106e-07	2.106e-07
e30925	1	2.106e-07	2.106e-07
e31085	1	2.106e-07	2.106e-07
e31144	1	2.106e-07	2.106e-07
e31470	1	2.106e-07	2.106e-07
e32510	1	2.106e-07	2.106e-07
e32743	1	2.106e-07	2.106e-07
e32762	1	2.106e-07	2.106e-07
e33070	1	2.106e-07	2.106e-07
e33633	1	2.106e-07	2.106e-07
e34194	1	2.106e-07	2.106e-07
e34242	1	2.106e-07	2.106e-07
e34270	1	2.106e-07	2.106e-07
e34936	1	2.106e-07	2.106e-07
e3617	1	2.106e-07	2.106e-07
e36502	1	2.106e-07	2.106e-07
e36538	1	2.106e-07	2.106e-07
e37183	1	2.106e-07	2.106e-07
e37227	1	2.106e-07	2.106e-07
e37769	1	2.106e-07	2.106e-07
e39502	1	2.106e-07	2.106e-07
e40465	1	2.106e-07	2.106e-07
e40477	1	2.106e-07	2.106e-07
e40533	1	2.106e-07	2.106e-07
e40584	1	2.106e-07	2.106e-07
e40743	1	2.106e-07	2.106e-07
e4086	1	2.106e-07	2.106e-07
e41891	1	2.106e-07	2.106e-07
e41908	1	2.106e-07	2.106e-07
e43050	1	2.106e-07	2.106e-07
e43085	1	2.106e-07	2.106e-07
e43640	1	2.106e-07	2.106e-07
e43762	1	2.106e-07	2.106e-07
e43860	1	2.106e-07	2.106e-07
e44156	1	2.106e-07	2.106e-07
e45344	1	2.106e-07	2.106e-07
e47309	1	2.106e-07	2.106e-07
e48394	1	2.106e-07	2.106e-07
e48649	1	2.106e-07	2.106e-07
e49179	1	2.106e-07	2.106e-07
e49441	1	2.106e-07	2.106e-07
e50098	1	2.106e-07	2.106e-07
e50268	1	2.106e-07	2.106e-07
e50427	1	2.106e-07	2.106e-07
e51118	1	2.106e-07	2.106e-07
e51289	1	2.106e-07	2.106e-07
e52901	1	2.106e-07	2.106e-07
e53479	1	2.106e-07	2.106e-07
e53857	1	2.106e-07	2.106e-07
e54259	1	2.106e-07	2.106e-07
e54571	1	2.106e-07	2.106e-07
e55109	1	2.106e-07	2.106e-07
e5528	1	2.106e-07	2.106e-07
e55670	1	2.106e-07	2.106e-07
e55741	1	2.106e-07	2.106e-07
e55770	1	2.106e-07	2.106e-07
e55812	1	2.106e-07	2.106e-07
e55926	1	2.106e-07	2.106e-07
e57334	1	2.106e-07	2.106e-07
e57571	1	2.106e-07	2.106e-07
e57676	1	2.106e-07	2.106e-07
e58606	1	2.106e-07	2.106e-07
e58724	1	2.106e-07	2.106e-07
e59129	1	2.106e-07	2.106e-07
e60049	1	2.106e-07	2.106e-07
e60073	1	2.106e-07	2.106e-07
e60326	1	2.106e-07	2.106e-07
e60435	1	2.106e-07	2.106e-07
e60610	1	2.106e-07	2.106e-07
e60792	1	2.106e-07	2.106e-07
e60830	1	2.106e-07	2.106e-07
e60868	1	2.106e-07	2.106e-07
e61263	1	2.106e-07	2.106e-07
e61280	1	2.106e-07	2.106e-07
e62588	1	2.106e-07	2.106e-07
e64181	1	2.106e-07	2.106e-07
e64594	1	2.106e-07	2.106e-07
e66015	1	2.106e-07	2.106e-07
e66881	1	2.106e-07	2.106e-07
e67594	1	2.106e-07	2.106e-07
e6821	1	2.106e-07	2.106e-07
e69063	1	2.106e-07	2.106e-07
e69185	1	2.106e-07	2.106e-07
e69278	1	2.106e-07	2.106e-07
e69840	1	2.106e-07	2.106e-07
e70407	1	2.106e-07	2.106e-07
e70670	1	2.106e-07	2.106e-07
e71153	1	2.106e-07	2.106e-07
e71684	1	2.106e-07	2.106e-07
e72232	1	2.106e-07	2.106e-07
e72616	1	2.106e-07	2.106e-07
e72634	1	2.106e-07	2.106e-07
e73069	1	2.106e-07	2.106e-07
e73202	1	2.106e-07	2.106e-07
e73565	1	2.106e-07	2.106e-07
e74856	1	2.106e-07	2.106e-07
e75009	1	2.106e-07	2.106e-07
e75053	1	2.106e-07	2.106e-07
e75056	1	2.106e-07	2.106e-07
e75250	1	2.106e-07	2.106e-07
e75704	1	2.106e-07	2.106e-07
e75770	1	2.106e-07	2.106e-07
e76744	1	2.106e-07	2.106e-07
e76789	1	2.106e-07	2.106e-07
e78258	1	2.106e-07	2.106e-07
e78565	1	2.106e-07	2.106e-07
e78780	1	2.106e-07	2.106e-07
e79311	1	2.106e-07	2.106e-07
e80566	1	2.106e-07	2.106e-07
e80801	1	2.106e-07	2.106e-07
e81108	1	2.106e-07	2.106e-07
e8142	1	2.106e-07	2.106e-07
e81561	1	2.106e-07	2.106e-07
e81593	1	2.106e-07	2.106e-07
e82010	1	2.106e-07	2.106e-07
e82592	1	2.106e-07	2.106e-07
e83599	1	2.106e-07	2.106e-07
e83916	1	2.106e-07	2.106e-07
e84124	1	2.106e-07	2.106e-07
e84214	1	2.106e-07	2.106e-07
e85232	1	2.106e-07	2.106e-07
e85622	1	2.106e-07	2.106e-07
e85812	1	2.106e-07	2.106e-07
e86153	1	2.106e-07	2.106e-07
e87006	1	2.106e-07	2.106e-07
e87030	1	2.106e-07	2.106e-07
e87246	1	2.106e-07	2.106e-07
e87760	1	2.106e-07	2.106e-07
e87833	1	2.106e-07	2.106e-07
e8935	1	2.106e-07	2.106e-07
e89502	1	2.106e-07	2.106e-07
e90580	1	2.106e-07	2.106e-07
e91034	1	2.106e-07	2.106e-07
e91263	1	2.106e-07	2.106e-07
e91595	1	2.106e-07	2.106e-07
e92079	1	2.106e-07	2.106e-07
e92384	1	2.106e-07	2.106e-07
e92400	1	2.106e-07	2.106e-07
e9290	1	2.106e-07	2.106e-07
e93081	1	2.106e-07	2.106e-07
e9334	1	2.106e-07	2.106e-07
e94015	1	2.106e-07	2.106e-07
e95930	1	2.106e-07	2.106e-07
e96053	1	2.106e-07	2.106e-07
e96171	1	2.106e-07	2.106e-07
e96602	1	2.106e-07	2.106e-07
e97099	1	2.106e-07	2.106e-07
e97193	1	2.106e-07	2.106e-07
e97712	1	2.106e-07	2.106e-07
e97788	1	2.106e-07	2.106e-07
e9795	1	2.106e-07	2.106e-07
e9823	1	2.106e-07	2.106e-07
e98281	1	2.106e-07	2.106e-07
e98384	1	2.106e-07	2.106e-07
e98424	1	2.106e-07	2.106e-07
e98944	1	2.106e-07	2.106e-07
e99467	1	2.106e-07	2.106e-07
e99523	1	2.106e-07	2.106e-07
e99746	1	2.106e-07	2.106e-07
e99915	1	2.106e-07	2.106e-07
e99928	1	2.106e-07	2.106e-07
emd	1	2.106e-07	2.106e-07
esapi	1	2.106e-07	2.106e-07
f10263	1	2.106e-07	2.106e-07
f10347	1	2.106e-07	2.106e-07
f11416	1	2.106e-07	2.106e-07
f11433	1	2.106e-07	2.106e-07
f11776	1	2.106e-07	2.106e-07
f1207	1	2.106e-07	2.106e-07
f12213	1	2.106e-07	2.106e-07
f1227	1	2.106e-07	2.106e-07
f12849	1	2.106e-07	2.106e-07
f13396	1	2.106e-07	2.106e-07
f14330	1	2.106e-07	2.106e-07
f14546	1	2.106e-07	2.106e-07
f14991	1	2.106e-07	2.106e-07
f1504	1	2.106e-07	2.106e-07
f15497	1	2.106e-07	2.106e-07
f15574	1	2.106e-07	2.106e-07
f15913	1	2.106e-07	2.106e-07
f16227	1	2.106e-07	2.106e-07
f16667	1	2.106e-07	2.106e-07
f16884	1	2.106e-07	2.106e-07
f17321	1	2.106e-07	2.106e-07
f17402	1	2.106e-07	2.106e-07
f17785	1	2.106e-07	2.106e-07
f17852	1	2.106e-07	2.106e-07
f17973	1	2.106e-07	2.106e-07
f17988	1	2.106e-07	2.106e-07
f18204	1	2.106e-07	2.106e-07
f18509	1	2.106e-07	2.106e-07
f18521	1	2.106e-07	2.106e-07
f18964	1	2.106e-07	2.106e-07
f19972	1	2.106e-07	2.106e-07
f20426	1	2.106e-07	2.106e-07
f20919	1	2.106e-07	2.106e-07
f21456	1	2.106e-07	2.106e-07
f21475	1	2.106e-07	2.106e-07
f2196	1	2.106e-07	2.106e-07
f22205	1	2.106e-07	2.106e-07
f22450	1	2.106e-07	2.106e-07
f2387	1	2.106e-07	2.106e-07
f23874	1	2.106e-07	2.106e-07
f24134	1	2.106e-07	2.106e-07
f24315	1	2.106e-07	2.106e-07
f24492	1	2.106e-07	2.106e-07
f25323	1	2.106e-07	2.106e-07
f25409	1	2.106e-07	2.106e-07
f25760	1	2.106e-07	2.106e-07
f25969	1	2.106e-07	2.106e-07
f26348	1	2.106e-07	2.106e-07
f26751	1	2.106e-07	2.106e-07
f27056	1	2.106e-07	2.106e-07
f28150	1	2.106e-07	2.106e-07
f28453	1	2.106e-07	2.106e-07
f28523	1	2.106e-07	2.106e-07
f28566	1	2.106e-07	2.106e-07
f29366	1	2.106e-07	2.106e-07
f3000	1	2.106e-07	2.106e-07
f30608	1	2.106e-07	2.106e-07
f30925	1	2.106e-07	2.106e-07
f31085	1	2.106e-07	2.106e-07
f31144	1	2.106e-07	2.106e-07
f31470	1	2.106e-07	2.106e-07
f32510	1	2.106e-07	2.106e-07
f32743	1	2.106e-07	2.106e-07
f32762	1	2.106e-07	2.106e-07
f33070	1	2.106e-07	2.106e-07
f33633	1	2.106e-07	2.106e-07
f34194	1	2.106e-07	2.106e-07
f34242	1	2.106e-07	2.106e-07
f34270	1	2.106e-07	2.106e-07
f34936	1	2.106e-07	2.106e-07
f3617	1	2.106e-07	2.106e-07
f36502	1	2.106e-07	2.106e-07
f36538	1	2.106e-07	2.106e-07
f37183	1	2.106e-07	2.106e-07
f37227	1	2.106e-07	2.106e-07
f37769	1	2.106e-07	2.106e-07
f39502	1	2.106e-07	2.106e-07
f40465	1	2.106e-07	2.106e-07
f40477	1	2.106e-07	2.106e-07
f40533	1	2.106e-07	2.106e-07
f40584	1	2.106e-07	2.106e-07
f40743	1	2.106e-07	2.106e-07
f4086	1	2.106e-07	2.106e-07
f41891	1	2.106e-07	2.106e-07
f41908	1	2.106e-07	2.106e-07
f43050	1	2.106e-07	2.106e-07
f43085	1	2.106e-07	2.106e-07
f43640	1	2.106e-07	2.106e-07
f43762	1	2.106e-07	2.106e-07
f43860	1	2.106e-07	2.106e-07
f44156	1	2.106e-07	2.106e-07
f45344	1	2.106e-07	2.106e-07
f47309	1	2.106e-07	2.106e-07
f48394	1	2.106e-07	2.106e-07
f48649	1	2.106e-07	2.106e-07
f49179	1	2.106e-07	2.106e-07
f49441	1	2.106e-07	2.106e-07
f50098	1	2.106e-07	2.106e-07
f50268	1	2.106e-07	2.106e-07
f50427	1	2.106e-07	2.106e-07
f51118	1	2.106e-07	2.106e-07
f51289	1	2.106e-07	2.106e-07
f52901	1	2.106e-07	2.106e-07
f53479	1	2.106e-07	2.106e-07
f53857	1	2.106e-07	2.106e-07
f54259	1	2.106e-07	2.106e-07
f54571	1	2.106e-07	2.106e-07
f55109	1	2.106e-07	2.106e-07
f5528	1	2.106e-07	2.106e-07
f55670	1	2.106e-07	2.106e-07
f55741	1	2.106e-07	2.106e-07
f55770	1	2.106e-07	2.106e-07
f55812	1	2.106e-07	2.106e-07
f55926	1	2.106e-07	2.106e-07
f57334	1	2.106e-07	2.106e-07
f57571	1	2.106e-07	2.106e-07
f57676	1	2.106e-07	2.106e-07
f58606	1	2.106e-07	2.106e-07
f58724	1	2.106e-07	2.106e-07
f59129	1	2.106e-07	2.106e-07
f60049	1	2.106e-07	2.106e-07
f60073	1	2.106e-07	2.106e-07
f60326	1	2.106e-07	2.106e-07
f60435	1	2.106e-07	2.106e-07
f60610	1	2.106e-07	2.106e-07
f60792	1	2.106e-07	2.106e-07
f60830	1	2.106e-07	2.106e-07
f60868	1	2.106e-07	2.106e-07
f61263	1	2.106e-07	2.106e-07
f61280	1	2.106e-07	2.106e-07
f62588	1	2.106e-07	2.106e-07
f64181	1	2.106e-07	2.106e-07
f64594	1	2.106e-07	2.106e-07
f66015	1	2.106e-07	2.106e-07
f66881	1	2.106e-07	2.106e-07
f67594	1	2.106e-07	2.106e-07
f6821	1	2.106e-07	2.106e-07
f69063	1	2.106e-07	2.106e-07
f69185	1	2.106e-07	2.106e-07
f69278	1	2.106e-07	2.106e-07
f69840	1	2.106e-07	2.106e-07
f70407	1	2.106e-07	2.106e-07
f70670	1	2.106e-07	2.106e-07
f71153	1	2.106e-07	2.106e-07
f71684	1	2.106e-07	2.106e-07
f72232	1	2.106e-07	2.106e-07
f72616	1	2.106e-07	2.106e-07
f72634	1	2.106e-07	2.106e-07
f73069	1	2.106e-07	2.106e-07
f73202	1	2.106e-07	2.106e-07
f73565	1	2.106e-07	2.106e-07
f74856	1	2.106e-07	2.106e-07
f75009	1	2.106e-07	2.106e-07
f75053	1	2.106e-07	2.106e-07
f75056	1	2.106e-07	2.106e-07
f75250	1	2.106e-07	2.106e-07
f75704	1	2.106e-07	2.106e-07
f75770	1	2.106e-07	2.106e-07
f76744	1	2.106e-07	2.106e-07
f76789	1	2.106e-07	2.106e-07
f78258	1	2.106e-07	2.106e-07
f78565	1	2.106e-07	2.106e-07
f78780	1	2.106e-07	2.106e-07
f79311	1	2.106e-07	2.106e-07
f80566	1	2.106e-07	2.106e-07
f80801	1	2.106e-07	2.106e-07
f81108	1	2.106e-07	2.106e-07
f8142	1	2.106e-07	2.106e-07
f81561	1	2.106e-07	2.106e-07
f81593	1	2.106e-07	2.106e-07
f82010	1	2.106e-07	2.106e-07
f82592	1	2.106e-07	2.106e-07
f83599	1	2.106e-07	2.106e-07
f83916	1	2.106e-07	2.106e-07
f84124	1	2.106e-07	2.106e-07
f84214	1	2.106e-07	2.106e-07
f85232	1	2.106e-07	2.106e-07
f85622	1	2.106e-07	2.106e-07
f85812	1	2.106e-07	2.106e-07
f86153	1	2.106e-07	2.106e-07
f87006	1	2.106e-07	2.106e-07
f87030	1	2.106e-07	2.106e-07
f87246	1	2.106e-07	2.106e-07
f87760	1	2.106e-07	2.106e-07
f87833	1	2.106e-07	2.106e-07
f8935	1	2.106e-07	2.106e-07
f89502	1	2.106e-07	2.106e-07
f90580	1	2.106e-07	2.106e-07
f91034	1	2.106e-07	2.106e-07
f91263	1	2.106e-07	2.106e-07
f91595	1	2.106e-07	2.106e-07
f92079	1	2.106e-07	2.106e-07
f92384	1	2.106e-07	2.106e-07
f92400	1	2.106e-07	2.106e-07
f9290	1	2.106e-07	2.106e-07
f93081	1	2.106e-07	2.106e-07
f9334	1	2.106e-07	2.106e-07
f94015	1	2.106e-07	2.106e-07
f95930	1	2.106e-07	2.106e-07
f96053	1	2.106e-07	2.106e-07
f96171	1	2.106e-07	2.106e-07
f96602	1	2.106e-07	2.106e-07
f97099	1	2.106e-07	2.106e-07
f97193	1	2.106e-07	2.106e-07
f97712	1	2.106e-07	2.106e-07
f97788	1	2.106e-07	2.106e-07
f9795	1	2.106e-07	2.106e-07
f9823	1	2.106e-07	2.106e-07
f98281	1	2.106e-07	2.106e-07
f98384	1	2.106e-07	2.106e-07
f98424	1	2.106e-07	2.106e-07
f98944	1	2.106e-07	2.106e-07
f99467	1	2.106e-07	2.106e-07
f99523	1	2.106e-07	2.106e-07
f99746	1	2.106e-07	2.106e-07
f99915	1	2.106e-07	2.106e-07
f99928	1	2.106e-07	2.106e-07
g10263	1	2.106e-07	2.106e-07
g10347	1	2.106e-07	2.106e-07
g11416	1	2.106e-07	2.106e-07
g11433	1	2.106e-07	2.106e-07
g11776	1	2.106e-07	2.106e-07
g1207	1	2.106e-07	2.106e-07
g12213	1	2.106e-07	2.106e-07
g12849	1	2.106e-07	2.106e-07
g13396	1	2.106e-07	2.106e-07
g14330	1	2.106e-07	2.106e-07
g14546	1	2.106e-07	2.106e-07
g1504	1	2.106e-07	2.106e-07
g15497	1	2.106e-07	2.106e-07
g15913	1	2.106e-07	2.106e-07
g16227	1	2.106e-07	2.106e-07
g16667	1	2.106e-07	2.106e-07
g16884	1	2.106e-07	2.106e-07
g17321	1	2.106e-07	2.106e-07
g17402	1	2.106e-07	2.106e-07
g17852	1	2.106e-07	2.106e-07
g17973	1	2.106e-07	2.106e-07
g17988	1	2.106e-07	2.106e-07
g18204	1	2.106e-07	2.106e-07
g18509	1	2.106e-07	2.106e-07
g18521	1	2.106e-07	2.106e-07
g20426	1	2.106e-07	2.106e-07
g20919	1	2.106e-07	2.106e-07
g21456	1	2.106e-07	2.106e-07
g22205	1	2.106e-07	2.106e-07
g2387	1	2.106e-07	2.106e-07
g24315	1	2.106e-07	2.106e-07
g24492	1	2.106e-07	2.106e-07
g25323	1	2.106e-07	2.106e-07
g25760	1	2.106e-07	2.106e-07
g25969	1	2.106e-07	2.106e-07
g26348	1	2.106e-07	2.106e-07
g26751	1	2.106e-07	2.106e-07
g27056	1	2.106e-07	2.106e-07
g28150	1	2.106e-07	2.106e-07
g28453	1	2.106e-07	2.106e-07
g28523	1	2.106e-07	2.106e-07
g28566	1	2.106e-07	2.106e-07
g29366	1	2.106e-07	2.106e-07
g3000	1	2.106e-07	2.106e-07
g30608	1	2.106e-07	2.106e-07
g30925	1	2.106e-07	2.106e-07
g31085	1	2.106e-07	2.106e-07
g31144	1	2.106e-07	2.106e-07
g31470	1	2.106e-07	2.106e-07
g33633	1	2.106e-07	2.106e-07
g34242	1	2.106e-07	2.106e-07
g36502	1	2.106e-07	2.106e-07
g37183	1	2.106e-07	2.106e-07
g37227	1	2.106e-07	2.106e-07
g37769	1	2.106e-07	2.106e-07
g39502	1	2.106e-07	2.106e-07
g40477	1	2.106e-07	2.106e-07
g40533	1	2.106e-07	2.106e-07
g40743	1	2.106e-07	2.106e-07
g4086	1	2.106e-07	2.106e-07
g41891	1	2.106e-07	2.106e-07
g41908	1	2.106e-07	2.106e-07
g43050	1	2.106e-07	2.106e-07
g43085	1	2.106e-07	2.106e-07
g43640	1	2.106e-07	2.106e-07
g43762	1	2.106e-07	2.106e-07
g45344	1	2.106e-07	2.106e-07
g47309	1	2.106e-07	2.106e-07
g48394	1	2.106e-07	2.106e-07
g48649	1	2.106e-07	2.106e-07
g50098	1	2.106e-07	2.106e-07
g50427	1	2.106e-07	2.106e-07
g51289	1	2.106e-07	2.106e-07
g52901	1	2.106e-07	2.106e-07
g54259	1	2.106e-07	2.106e-07
g54571	1	2.106e-07	2.106e-07
g55109	1	2.106e-07	2.106e-07
g5528	1	2.106e-07	2.106e-07
g55812	1	2.106e-07	2.106e-07
g55926	1	2.106e-07	2.106e-07
g57571	1	2.106e-07	2.106e-07
g57676	1	2.106e-07	2.106e-07
g58606	1	2.106e-07	2.106e-07
g59129	1	2.106e-07	2.106e-07
g60049	1	2.106e-07	2.106e-07
g60073	1	2.106e-07	2.106e-07
g60326	1	2.106e-07	2.106e-07
g60435	1	2.106e-07	2.106e-07
g60610	1	2.106e-07	2.106e-07
g60830	1	2.106e-07	2.106e-07
g60868	1	2.106e-07	2.106e-07
g61280	1	2.106e-07	2.106e-07
g62588	1	2.106e-07	2.106e-07
g64594	1	2.106e-07	2.106e-07
g66881	1	2.106e-07	2.106e-07
g67594	1	2.106e-07	2.106e-07
g6821	1	2.106e-07	2.106e-07
g69185	1	2.106e-07	2.106e-07
g69278	1	2.106e-07	2.106e-07
g69840	1	2.106e-07	2.106e-07
g70407	1	2.106e-07	2.106e-07
g71153	1	2.106e-07	2.106e-07
g72232	1	2.106e-07	2.106e-07
g72634	1	2.106e-07	2.106e-07
g73069	1	2.106e-07	2.106e-07
g73202	1	2.106e-07	2.106e-07
g73565	1	2.106e-07	2.106e-07
g74856	1	2.106e-07	2.106e-07
g75056	1	2.106e-07	2.106e-07
g75250	1	2.106e-07	2.106e-07
g75704	1	2.106e-07	2.106e-07
g76789	1	2.106e-07	2.106e-07
g78258	1	2.106e-07	2.106e-07
g78565	1	2.106e-07	2.106e-07
g79311	1	2.106e-07	2.106e-07
g80566	1	2.106e-07	2.106e-07
g81108	1	2.106e-07	2.106e-07
g81593	1	2.106e-07	2.106e-07
g82592	1	2.106e-07	2.106e-07
g83916	1	2.106e-07	2.106e-07
g84124	1	2.106e-07	2.106e-07
g84214	1	2.106e-07	2.106e-07
g85232	1	2.106e-07	2.106e-07
g87030	1	2.106e-07	2.106e-07
g87760	1	2.106e-07	2.106e-07
g87833	1	2.106e-07	2.106e-07
g8935	1	2.106e-07	2.106e-07
g89502	1	2.106e-07	2.106e-07
g90580	1	2.106e-07	2.106e-07
g91034	1	2.106e-07	2.106e-07
g91263	1	2.106e-07	2.106e-07
g91595	1	2.106e-07	2.106e-07
g9290	1	2.106e-07	2.106e-07
g9334	1	2.106e-07	2.106e-07
g95930	1	2.106e-07	2.106e-07
g96053	1	2.106e-07	2.106e-07
g97099	1	2.106e-07	2.106e-07
g97193	1	2.106e-07	2.106e-07
g97712	1	2.106e-07	2.106e-07
g9823	1	2.106e-07	2.106e-07
g98281	1	2.106e-07	2.106e-07
g99467	1	2.106e-07	2.106e-07
g99523	1	2.106e-07	2.106e-07
g99746	1	2.106e-07	2.106e-07
g99928	1	2.106e-07	2.106e-07
ini	1	2.106e-07	2.106e-07
jdb	1	2.106e-07	2.106e-07
map10086	1	2.106e-07	2.106e-07
map10106	1	2.106e-07	2.106e-07
map10263	1	2.106e-07	2.106e-07
map10271	1	2.106e-07	2.106e-07
map10347	1	2.106e-07	2.106e-07
map10732	1	2.106e-07	2.106e-07
map11026	1	2.106e-07	2.106e-07
map11351	1	2.106e-07	2.106e-07
map11407	1	2.106e-07	2.106e-07
map11416	1	2.106e-07	2.106e-07
map11433	1	2.106e-07	2.106e-07
map11607	1	2.106e-07	2.106e-07
map11776	1	2.106e-07	2.106e-07
map11821	1	2.106e-07	2.106e-07
map11928	1	2.106e-07	2.106e-07
map1195	1	2.106e-07	2.106e-07
map1207	1	2.106e-07	2.106e-07
map12212	1	2.106e-07	2.106e-07
map12213	1	2.106e-07	2.106e-07
map1227	1	2.106e-07	2.106e-07
map12535	1	2.106e-07	2.106e-07
map12849	1	2.106e-07	2.106e-07
map12983	1	2.106e-07	2.106e-07
map12987	1	2.106e-07	2.106e-07
map13001	1	2.106e-07	2.106e-07
map13101	1	2.106e-07	2.106e-07
map13396	1	2.106e-07	2.106e-07
map13742	1	2.106e-07	2.106e-07
map13848	1	2.106e-07	2.106e-07
map13886	1	2.106e-07	2.106e-07
map14330	1	2.106e-07	2.106e-07
map14411	1	2.106e-07	2.106e-07
map14546	1	2.106e-07	2.106e-07
map14991	1	2.106e-07	2.106e-07
map1504	1	2.106e-07	2.106e-07
map15481	1	2.106e-07	2.106e-07
map15497	1	2.106e-07	2.106e-07
map15574	1	2.106e-07	2.106e-07
map15760	1	2.106e-07	2.106e-07
map15850	1	2.106e-07	2.106e-07
map15913	1	2.106e-07	2.106e-07
map16074	1	2.106e-07	2.106e-07
map16227	1	2.106e-07	2.106e-07
map16429	1	2.106e-07	2.106e-07
map16616	1	2.106e-07	2.106e-07
map16667	1	2.106e-07	2.106e-07
map16884	1	2.106e-07	2.106e-07
map17321	1	2.106e-07	2.106e-07
map17367	1	2.106e-07	2.106e-07
map17402	1	2.106e-07	2.106e-07
map17589	1	2.106e-07	2.106e-07
map17785	1	2.106e-07	2.106e-07
map17852	1	2.106e-07	2.106e-07
map17973	1	2.106e-07	2.106e-07
map17988	1	2.106e-07	2.106e-07
map18142	1	2.106e-07	2.106e-07
map18204	1	2.106e-07	2.106e-07
map18384	1	2.106e-07	2.106e-07
map18509	1	2.106e-07	2.106e-07
map18521	1	2.106e-07	2.106e-07
map18915	1	2.106e-07	2.106e-07
map18964	1	2.106e-07	2.106e-07
map19180	1	2.106e-07	2.106e-07
map19712	1	2.106e-07	2.106e-07
map19941	1	2.106e-07	2.106e-07
map19964	1	2.106e-07	2.106e-07
map19972	1	2.106e-07	2.106e-07
map20027	1	2.106e-07	2.106e-07
map20081	1	2.106e-07	2.106e-07
map20426	1	2.106e-07	2.106e-07
map20521	1	2.106e-07	2.106e-07
map20550	1	2.106e-07	2.106e-07
map20581	1	2.106e-07	2.106e-07
map20703	1	2.106e-07	2.106e-07
map20875	1	2.106e-07	2.106e-07
map20919	1	2.106e-07	2.106e-07
map21456	1	2.106e-07	2.106e-07
map21475	1	2.106e-07	2.106e-07
map21609	1	2.106e-07	2.106e-07
map21657	1	2.106e-07	2.106e-07
map2196	1	2.106e-07	2.106e-07
map22205	1	2.106e-07	2.106e-07
map22450	1	2.106e-07	2.106e-07
map22488	1	2.106e-07	2.106e-07
map2299	1	2.106e-07	2.106e-07
map23020	1	2.106e-07	2.106e-07
map23263	1	2.106e-07	2.106e-07
map23653	1	2.106e-07	2.106e-07
map2387	1	2.106e-07	2.106e-07
map23874	1	2.106e-07	2.106e-07
map24134	1	2.106e-07	2.106e-07
map24315	1	2.106e-07	2.106e-07
map24492	1	2.106e-07	2.106e-07
map24596	1	2.106e-07	2.106e-07
map24774	1	2.106e-07	2.106e-07
map25323	1	2.106e-07	2.106e-07
map25409	1	2.106e-07	2.106e-07
map25458	1	2.106e-07	2.106e-07
map25738	1	2.106e-07	2.106e-07
map25760	1	2.106e-07	2.106e-07
map25864	1	2.106e-07	2.106e-07
map25969	1	2.106e-07	2.106e-07
map26093	1	2.106e-07	2.106e-07
map26348	1	2.106e-07	2.106e-07
map26388	1	2.106e-07	2.106e-07
map26751	1	2.106e-07	2.106e-07
map26903	1	2.106e-07	2.106e-07
map27056	1	2.106e-07	2.106e-07
map27260	1	2.106e-07	2.106e-07
map27963	1	2.106e-07	2.106e-07
map28150	1	2.106e-07	2.106e-07
map28453	1	2.106e-07	2.106e-07
map28523	1	2.106e-07	2.106e-07
map28566	1	2.106e-07	2.106e-07
map28714	1	2.106e-07	2.106e-07
map28743	1	2.106e-07	2.106e-07
map29056	1	2.106e-07	2.106e-07
map29173	1	2.106e-07	2.106e-07
map29366	1	2.106e-07	2.106e-07
map29572	1	2.106e-07	2.106e-07
map29737	1	2.106e-07	2.106e-07
map29916	1	2.106e-07	2.106e-07
map29957	1	2.106e-07	2.106e-07
map3000	1	2.106e-07	2.106e-07
map30190	1	2.106e-07	2.106e-07
map30608	1	2.106e-07	2.106e-07
map30744	1	2.106e-07	2.106e-07
map30748	1	2.106e-07	2.106e-07
map3083	1	2.106e-07	2.106e-07
map30925	1	2.106e-07	2.106e-07
map31047	1	2.106e-07	2.106e-07
map31085	1	2.106e-07	2.106e-07
map31144	1	2.106e-07	2.106e-07
map3141	1	2.106e-07	2.106e-07
map31470	1	2.106e-07	2.106e-07
map31481	1	2.106e-07	2.106e-07
map31651	1	2.106e-07	2.106e-07
map32022	1	2.106e-07	2.106e-07
map32510	1	2.106e-07	2.106e-07
map32515	1	2.106e-07	2.106e-07
map32743	1	2.106e-07	2.106e-07
map32762	1	2.106e-07	2.106e-07
map33070	1	2.106e-07	2.106e-07
map33422	1	2.106e-07	2.106e-07
map33558	1	2.106e-07	2.106e-07
map33587	1	2.106e-07	2.106e-07
map33633	1	2.106e-07	2.106e-07
map34194	1	2.106e-07	2.106e-07
map34242	1	2.106e-07	2.106e-07
map34260	1	2.106e-07	2.106e-07
map34270	1	2.106e-07	2.106e-07
map34285	1	2.106e-07	2.106e-07
map3451	1	2.106e-07	2.106e-07
map34856	1	2.106e-07	2.106e-07
map34936	1	2.106e-07	2.106e-07
map35084	1	2.106e-07	2.106e-07
map3531	1	2.106e-07	2.106e-07
map3545	1	2.106e-07	2.106e-07
map35520	1	2.106e-07	2.106e-07
map35717	1	2.106e-07	2.106e-07
map35951	1	2.106e-07	2.106e-07
map35995	1	2.106e-07	2.106e-07
map36088	1	2.106e-07	2.106e-07
map3617	1	2.106e-07	2.106e-07
map36421	1	2.106e-07	2.106e-07
map36502	1	2.106e-07	2.106e-07
map36538	1	2.106e-07	2.106e-07
map36601	1	2.106e-07	2.106e-07
map36618	1	2.106e-07	2.106e-07
map36950	1	2.106e-07	2.106e-07
map37053	1	2.106e-07	2.106e-07
map37065	1	2.106e-07	2.106e-07
map37183	1	2.106e-07	2.106e-07
map37227	1	2.106e-07	2.106e-07
map37769	1	2.106e-07	2.106e-07
map38026	1	2.106e-07	2.106e-07
map38098	1	2.106e-07	2.106e-07
map38565	1	2.106e-07	2.106e-07
map38775	1	2.106e-07	2.106e-07
map39183	1	2.106e-07	2.106e-07
map39502	1	2.106e-07	2.106e-07
map39726	1	2.106e-07	2.106e-07
map40465	1	2.106e-07	2.106e-07
map40477	1	2.106e-07	2.106e-07
map40533	1	2.106e-07	2.106e-07
map40534	1	2.106e-07	2.106e-07
map40584	1	2.106e-07	2.106e-07
map40743	1	2.106e-07	2.106e-07
map4086	1	2.106e-07	2.106e-07
map4095	1	2.106e-07	2.106e-07
map4123	1	2.106e-07	2.106e-07
map41804	1	2.106e-07	2.106e-07
map41891	1	2.106e-07	2.106e-07
map41908	1	2.106e-07	2.106e-07
map42157	1	2.106e-07	2.106e-07
map42712	1	2.106e-07	2.106e-07
map43050	1	2.106e-07	2.106e-07
map43085	1	2.106e-07	2.106e-07
map43631	1	2.106e-07	2.106e-07
map43640	1	2.106e-07	2.106e-07
map43762	1	2.106e-07	2.106e-07
map43776	1	2.106e-07	2.106e-07
map43860	1	2.106e-07	2.106e-07
map43923	1	2.106e-07	2.106e-07
map43974	1	2.106e-07	2.106e-07
map44	1	2.106e-07	2.106e-07
map44156	1	2.106e-07	2.106e-07
map44210	1	2.106e-07	2.106e-07
map44255	1	2.106e-07	2.106e-07
map44285	1	2.106e-07	2.106e-07
map44465	1	2.106e-07	2.106e-07
map44642	1	2.106e-07	2.106e-07
map45268	1	2.106e-07	2.106e-07
map45344	1	2.106e-07	2.106e-07
map45376	1	2.106e-07	2.106e-07
map4544	1	2.106e-07	2.106e-07
map46344	1	2.106e-07	2.106e-07
map46743	1	2.106e-07	2.106e-07
map47189	1	2.106e-07	2.106e-07
map4720	1	2.106e-07	2.106e-07
map47309	1	2.106e-07	2.106e-07
map47458	1	2.106e-07	2.106e-07
map47722	1	2.106e-07	2.106e-07
map48244	1	2.106e-07	2.106e-07
map48394	1	2.106e-07	2.106e-07
map48519	1	2.106e-07	2.106e-07
map48532	1	2.106e-07	2.106e-07
map48649	1	2.106e-07	2.106e-07
map49179	1	2.106e-07	2.106e-07
map49381	1	2.106e-07	2.106e-07
map49441	1	2.106e-07	2.106e-07
map49442	1	2.106e-07	2.106e-07
map49960	1	2.106e-07	2.106e-07
map50098	1	2.106e-07	2.106e-07
map50268	1	2.106e-07	2.106e-07
map50379	1	2.106e-07	2.106e-07
map50384	1	2.106e-07	2.106e-07
map50427	1	2.106e-07	2.106e-07
map50591	1	2.106e-07	2.106e-07
map51005	1	2.106e-07	2.106e-07
map51118	1	2.106e-07	2.106e-07
map51289	1	2.106e-07	2.106e-07
map51742	1	2.106e-07	2.106e-07
map52182	1	2.106e-07	2.106e-07
map52216	1	2.106e-07	2.106e-07
map52815	1	2.106e-07	2.106e-07
map52901	1	2.106e-07	2.106e-07
map52993	1	2.106e-07	2.106e-07
map53005	1	2.106e-07	2.106e-07
map53101	1	2.106e-07	2.106e-07
map53210	1	2.106e-07	2.106e-07
map53289	1	2.106e-07	2.106e-07
map53479	1	2.106e-07	2.106e-07
map53518	1	2.106e-07	2.106e-07
map53857	1	2.106e-07	2.106e-07
map54259	1	2.106e-07	2.106e-07
map54571	1	2.106e-07	2.106e-07
map55109	1	2.106e-07	2.106e-07
map55235	1	2.106e-07	2.106e-07
map5528	1	2.106e-07	2.106e-07
map55396	1	2.106e-07	2.106e-07
map55476	1	2.106e-07	2.106e-07
map55670	1	2.106e-07	2.106e-07
map55741	1	2.106e-07	2.106e-07
map55770	1	2.106e-07	2.106e-07
map55812	1	2.106e-07	2.106e-07
map55872	1	2.106e-07	2.106e-07
map55926	1	2.106e-07	2.106e-07
map56316	1	2.106e-07	2.106e-07
map5640	1	2.106e-07	2.106e-07
map56716	1	2.106e-07	2.106e-07
map56839	1	2.106e-07	2.106e-07
map56895	1	2.106e-07	2.106e-07
map57334	1	2.106e-07	2.106e-07
map57450	1	2.106e-07	2.106e-07
map57571	1	2.106e-07	2.106e-07
map57676	1	2.106e-07	2.106e-07
map58007	1	2.106e-07	2.106e-07
map58318	1	2.106e-07	2.106e-07
map58491	1	2.106e-07	2.106e-07
map58555	1	2.106e-07	2.106e-07
map58606	1	2.106e-07	2.106e-07
map58724	1	2.106e-07	2.106e-07
map5880	1	2.106e-07	2.106e-07
map58847	1	2.106e-07	2.106e-07
map58886	1	2.106e-07	2.106e-07
map58889	1	2.106e-07	2.106e-07
map59129	1	2.106e-07	2.106e-07
map59148	1	2.106e-07	2.106e-07
map5936	1	2.106e-07	2.106e-07
map59408	1	2.106e-07	2.106e-07
map59480	1	2.106e-07	2.106e-07
map59585	1	2.106e-07	2.106e-07
map59781	1	2.106e-07	2.106e-07
map60049	1	2.106e-07	2.106e-07
map60073	1	2.106e-07	2.106e-07
map60326	1	2.106e-07	2.106e-07
map60435	1	2.106e-07	2.106e-07
map60514	1	2.106e-07	2.106e-07
map60610	1	2.106e-07	2.106e-07
map60659	1	2.106e-07	2.106e-07
map60792	1	2.106e-07	2.106e-07
map60830	1	2.106e-07	2.106e-07
map60868	1	2.106e-07	2.106e-07
map61263	1	2.106e-07	2.106e-07
map61280	1	2.106e-07	2.106e-07
map61654	1	2.106e-07	2.106e-07
map61765	1	2.106e-07	2.106e-07
map62111	1	2.106e-07	2.106e-07
map62435	1	2.106e-07	2.106e-07
map62588	1	2.106e-07	2.106e-07
map6261	1	2.106e-07	2.106e-07
map63597	1	2.106e-07	2.106e-07
map63904	1	2.106e-07	2.106e-07
map63945	1	2.106e-07	2.106e-07
map64181	1	2.106e-07	2.106e-07
map6425	1	2.106e-07	2.106e-07
map64594	1	2.106e-07	2.106e-07
map64759	1	2.106e-07	2.106e-07
map66015	1	2.106e-07	2.106e-07
map66881	1	2.106e-07	2.106e-07
map67409	1	2.106e-07	2.106e-07
map6751	1	2.106e-07	2.106e-07
map67527	1	2.106e-07	2.106e-07
map67557	1	2.106e-07	2.106e-07
map67594	1	2.106e-07	2.106e-07
map67704	1	2.106e-07	2.106e-07
map67948	1	2.106e-07	2.106e-07
map68097	1	2.106e-07	2.106e-07
map6821	1	2.106e-07	2.106e-07
map68280	1	2.106e-07	2.106e-07
map69063	1	2.106e-07	2.106e-07
map69185	1	2.106e-07	2.106e-07
map69278	1	2.106e-07	2.106e-07
map69587	1	2.106e-07	2.106e-07
map69635	1	2.106e-07	2.106e-07
map69840	1	2.106e-07	2.106e-07
map70096	1	2.106e-07	2.106e-07
map70399	1	2.106e-07	2.106e-07
map70407	1	2.106e-07	2.106e-07
map70586	1	2.106e-07	2.106e-07
map70670	1	2.106e-07	2.106e-07
map71009	1	2.106e-07	2.106e-07
map71153	1	2.106e-07	2.106e-07
map71551	1	2.106e-07	2.106e-07
map71684	1	2.106e-07	2.106e-07
map72098	1	2.106e-07	2.106e-07
map72162	1	2.106e-07	2.106e-07
map72213	1	2.106e-07	2.106e-07
map72232	1	2.106e-07	2.106e-07
map72344	1	2.106e-07	2.106e-07
map72345	1	2.106e-07	2.106e-07
map72463	1	2.106e-07	2.106e-07
map72608	1	2.106e-07	2.106e-07
map72616	1	2.106e-07	2.106e-07
map72634	1	2.106e-07	2.106e-07
map72700	1	2.106e-07	2.106e-07
map72704	1	2.106e-07	2.106e-07
map73069	1	2.106e-07	2.106e-07
map73202	1	2.106e-07	2.106e-07
map73565	1	2.106e-07	2.106e-07
map73877	1	2.106e-07	2.106e-07
map73885	1	2.106e-07	2.106e-07
map74702	1	2.106e-07	2.106e-07
map7472	1	2.106e-07	2.106e-07
map74796	1	2.106e-07	2.106e-07
map74856	1	2.106e-07	2.106e-07
map75009	1	2.106e-07	2.106e-07
map75053	1	2.106e-07	2.106e-07
map75056	1	2.106e-07	2.106e-07
map75250	1	2.106e-07	2.106e-07
map75503	1	2.106e-07	2.106e-07
map75704	1	2.106e-07	2.106e-07
map75770	1	2.106e-07	2.106e-07
map75774	1	2.106e-07	2.106e-07
map75877	1	2.106e-07	2.106e-07
map76744	1	2.106e-07	2.106e-07
map76789	1	2.106e-07	2.106e-07
map77232	1	2.106e-07	2.106e-07
map77851	1	2.106e-07	2.106e-07
map78258	1	2.106e-07	2.106e-07
map78565	1	2.106e-07	2.106e-07
map78614	1	2.106e-07	2.106e-07
map78713	1	2.106e-07	2.106e-07
map78780	1	2.106e-07	2.106e-07
map79311	1	2.106e-07	2.106e-07
map7984	1	2.106e-07	2.106e-07
map80566	1	2.106e-07	2.106e-07
map8057	1	2.106e-07	2.106e-07
map80775	1	2.106e-07	2.106e-07
map80801	1	2.106e-07	2.106e-07
map81108	1	2.106e-07	2.106e-07
map8142	1	2.106e-07	2.106e-07
map81510	1	2.106e-07	2.106e-07
map81561	1	2.106e-07	2.106e-07
map81593	1	2.106e-07	2.106e-07
map82010	1	2.106e-07	2.106e-07
map82391	1	2.106e-07	2.106e-07
map82396	1	2.106e-07	2.106e-07
map82592	1	2.106e-07	2.106e-07
map83181	1	2.106e-07	2.106e-07
map83331	1	2.106e-07	2.106e-07
map83599	1	2.106e-07	2.106e-07
map8361	1	2.106e-07	2.106e-07
map83916	1	2.106e-07	2.106e-07
map83939	1	2.106e-07	2.106e-07
map84124	1	2.106e-07	2.106e-07
map84140	1	2.106e-07	2.106e-07
map84214	1	2.106e-07	2.106e-07
map84260	1	2.106e-07	2.106e-07
map8487	1	2.106e-07	2.106e-07
map85191	1	2.106e-07	2.106e-07
map85232	1	2.106e-07	2.106e-07
map85251	1	2.106e-07	2.106e-07
map85341	1	2.106e-07	2.106e-07
map85622	1	2.106e-07	2.106e-07
map85812	1	2.106e-07	2.106e-07
map86025	1	2.106e-07	2.106e-07
map86153	1	2.106e-07	2.106e-07
map86576	1	2.106e-07	2.106e-07
map86691	1	2.106e-07	2.106e-07
map87005	1	2.106e-07	2.106e-07
map87006	1	2.106e-07	2.106e-07
map87030	1	2.106e-07	2.106e-07
map87246	1	2.106e-07	2.106e-07
map87432	1	2.106e-07	2.106e-07
map87594	1	2.106e-07	2.106e-07
map87760	1	2.106e-07	2.106e-07
map87833	1	2.106e-07	2.106e-07
map88136	1	2.106e-07	2.106e-07
map88820	1	2.106e-07	2.106e-07
map89109	1	2.106e-07	2.106e-07
map8935	1	2.106e-07	2.106e-07
map8943	1	2.106e-07	2.106e-07
map89502	1	2.106e-07	2.106e-07
map90580	1	2.106e-07	2.106e-07
map90655	1	2.106e-07	2.106e-07
map91034	1	2.106e-07	2.106e-07
map91263	1	2.106e-07	2.106e-07
map91488	1	2.106e-07	2.106e-07
map91595	1	2.106e-07	2.106e-07
map91760	1	2.106e-07	2.106e-07
map91865	1	2.106e-07	2.106e-07
map91880	1	2.106e-07	2.106e-07
map92079	1	2.106e-07	2.106e-07
map92384	1	2.106e-07	2.106e-07
map92400	1	2.106e-07	2.106e-07
map92785	1	2.106e-07	2.106e-07
map9290	1	2.106e-07	2.106e-07
map93081	1	2.106e-07	2.106e-07
map9325	1	2.106e-07	2.106e-07
map9334	1	2.106e-07	2.106e-07
map9400	1	2.106e-07	2.106e-07
map94176	1	2.106e-07	2.106e-07
map94322	1	2.106e-07	2.106e-07
map94533	1	2.106e-07	2.106e-07
map94841	1	2.106e-07	2.106e-07
map94915	1	2.106e-07	2.106e-07
map94996	1	2.106e-07	2.106e-07
map95052	1	2.106e-07	2.106e-07
map95233	1	2.106e-07	2.106e-07
map95438	1	2.106e-07	2.106e-07
map95440	1	2.106e-07	2.106e-07
map95590	1	2.106e-07	2.106e-07
map95803	1	2.106e-07	2.106e-07
map95902	1	2.106e-07	2.106e-07
map95930	1	2.106e-07	2.106e-07
map96050	1	2.106e-07	2.106e-07
map96053	1	2.106e-07	2.106e-07
map96171	1	2.106e-07	2.106e-07
map96401	1	2.106e-07	2.106e-07
map96496	1	2.106e-07	2.106e-07
map96602	1	2.106e-07	2.106e-07
map96688	1	2.106e-07	2.106e-07
map96698	1	2.106e-07	2.106e-07
map96771	1	2.106e-07	2.106e-07
map97099	1	2.106e-07	2.106e-07
map97193	1	2.106e-07	2.106e-07
map9728	1	2.106e-07	2.106e-07
map9749	1	2.106e-07	2.106e-07
map97712	1	2.106e-07	2.106e-07
map97788	1	2.106e-07	2.106e-07
map97880	1	2.106e-07	2.106e-07
map97890	1	2.106e-07	2.106e-07
map9795	1	2.106e-07	2.106e-07
map9823	1	2.106e-07	2.106e-07
map98281	1	2.106e-07	2.106e-07
map98384	1	2.106e-07	2.106e-07
map98424	1	2.106e-07	2.106e-07
map98601	1	2.106e-07	2.106e-07
map98790	1	2.106e-07	2.106e-07
map98944	1	2.106e-07	2.106e-07
map99153	1	2.106e-07	2.106e-07
map99333	1	2.106e-07	2.106e-07
map99467	1	2.106e-07	2.106e-07
map99501	1	2.106e-07	2.106e-07
map99523	1	2.106e-07	2.106e-07
map99746	1	2.106e-07	2.106e-07
map99915	1	2.106e-07	2.106e-07
map99928	1	2.106e-07	2.106e-07
qube	1	2.106e-07	2.106e-07
sbxyz10228	1	2.106e-07	2.106e-07
sbxyz10446	1	2.106e-07	2.106e-07
sbxyz11630	1	2.106e-07	2.106e-07
sbxyz11795	1	2.106e-07	2.106e-07
sbxyz12198	1	2.106e-07	2.106e-07
sbxyz12557	1	2.106e-07	2.106e-07
sbxyz12823	1	2.106e-07	2.106e-07
sbxyz14220	1	2.106e-07	2.106e-07
sbxyz14623	1	2.106e-07	2.106e-07
sbxyz15026	1	2.106e-07	2.106e-07
sbxyz15757	1	2.106e-07	2.106e-07
sbxyz15959	1	2.106e-07	2.106e-07
sbxyz1658	1	2.106e-07	2.106e-07
sbxyz18041	1	2.106e-07	2.106e-07
sbxyz18070	1	2.106e-07	2.106e-07
sbxyz18731	1	2.106e-07	2.106e-07
sbxyz18866	1	2.106e-07	2.106e-07
sbxyz19132	1	2.106e-07	2.106e-07
sbxyz19197	1	2.106e-07	2.106e-07
sbxyz19350	1	2.106e-07	2.106e-07
sbxyz2192	1	2.106e-07	2.106e-07
sbxyz22532	1	2.106e-07	2.106e-07
sbxyz22801	1	2.106e-07	2.106e-07
sbxyz24804	1	2.106e-07	2.106e-07
sbxyz25489	1	2.106e-07	2.106e-07
sbxyz27989	1	2.106e-07	2.106e-07
sbxyz28240	1	2.106e-07	2.106e-07
sbxyz28389	1	2.106e-07	2.106e-07
sbxyz28895	1	2.106e-07	2.106e-07
sbxyz2940	1	2.106e-07	2.106e-07
sbxyz30382	1	2.106e-07	2.106e-07
sbxyz31207	1	2.106e-07	2.106e-07
sbxyz33222	1	2.106e-07	2.106e-07
sbxyz33448	1	2.106e-07	2.106e-07
sbxyz36210	1	2.106e-07	2.106e-07
sbxyz36624	1	2.106e-07	2.106e-07
sbxyz37461	1	2.106e-07	2.106e-07
sbxyz3774	1	2.106e-07	2.106e-07
sbxyz38384	1	2.106e-07	2.106e-07
sbxyz39187	1	2.106e-07	2.106e-07
sbxyz39213	1	2.106e-07	2.106e-07
sbxyz40853	1	2.106e-07	2.106e-07
sbxyz40917	1	2.106e-07	2.106e-07
sbxyz41282	1	2.106e-07	2.106e-07
sbxyz41549	1	2.106e-07	2.106e-07
sbxyz41882	1	2.106e-07	2.106e-07
sbxyz42704	1	2.106e-07	2.106e-07
sbxyz42950	1	2.106e-07	2.106e-07
sbxyz43235	1	2.106e-07	2.106e-07
sbxyz43527	1	2.106e-07	2.106e-07
sbxyz43804	1	2.106e-07	2.106e-07
sbxyz44058	1	2.106e-07	2.106e-07
sbxyz45958	1	2.106e-07	2.106e-07
sbxyz47256	1	2.106e-07	2.106e-07
sbxyz47470	1	2.106e-07	2.106e-07
sbxyz47784	1	2.106e-07	2.106e-07
sbxyz49441	1	2.106e-07	2.106e-07
sbxyz50196	1	2.106e-07	2.106e-07
sbxyz50709	1	2.106e-07	2.106e-07
sbxyz51151	1	2.106e-07	2.106e-07
sbxyz51154	1	2.106e-07	2.106e-07
sbxyz51189	1	2.106e-07	2.106e-07
sbxyz52006	1	2.106e-07	2.106e-07
sbxyz52014	1	2.106e-07	2.106e-07
sbxyz52473	1	2.106e-07	2.106e-07
sbxyz54686	1	2.106e-07	2.106e-07
sbxyz55141	1	2.106e-07	2.106e-07
sbxyz55941	1	2.106e-07	2.106e-07
sbxyz56505	1	2.106e-07	2.106e-07
sbxyz57328	1	2.106e-07	2.106e-07
sbxyz57919	1	2.106e-07	2.106e-07
sbxyz58438	1	2.106e-07	2.106e-07
sbxyz58640	1	2.106e-07	2.106e-07
sbxyz60073	1	2.106e-07	2.106e-07
sbxyz60124	1	2.106e-07	2.106e-07
sbxyz60224	1	2.106e-07	2.106e-07
sbxyz60534	1	2.106e-07	2.106e-07
sbxyz60568	1	2.106e-07	2.106e-07
sbxyz6066	1	2.106e-07	2.106e-07
sbxyz61588	1	2.106e-07	2.106e-07
sbxyz62502	1	2.106e-07	2.106e-07
sbxyz63030	1	2.106e-07	2.106e-07
sbxyz64726	1	2.106e-07	2.106e-07
sbxyz65591	1	2.106e-07	2.106e-07
sbxyz6576	1	2.106e-07	2.106e-07
sbxyz6675	1	2.106e-07	2.106e-07
sbxyz66849	1	2.106e-07	2.106e-07
sbxyz67327	1	2.106e-07	2.106e-07
sbxyz67457	1	2.106e-07	2.106e-07
sbxyz68516	1	2.106e-07	2.106e-07
sbxyz68995	1	2.106e-07	2.106e-07
sbxyz69250	1	2.106e-07	2.106e-07
sbxyz69308	1	2.106e-07	2.106e-07
sbxyz69428	1	2.106e-07	2.106e-07
sbxyz69687	1	2.106e-07	2.106e-07
sbxyz70712	1	2.106e-07	2.106e-07
sbxyz71288	1	2.106e-07	2.106e-07
sbxyz71523	1	2.106e-07	2.106e-07
sbxyz73567	1	2.106e-07	2.106e-07
sbxyz75490	1	2.106e-07	2.106e-07
sbxyz75528	1	2.106e-07	2.106e-07
sbxyz76583	1	2.106e-07	2.106e-07
sbxyz76680	1	2.106e-07	2.106e-07
sbxyz77085	1	2.106e-07	2.106e-07
sbxyz77558	1	2.106e-07	2.106e-07
sbxyz81751	1	2.106e-07	2.106e-07
sbxyz82048	1	2.106e-07	2.106e-07
sbxyz82472	1	2.106e-07	2.106e-07
sbxyz82559	1	2.106e-07	2.106e-07
sbxyz8314	1	2.106e-07	2.106e-07
sbxyz83647	1	2.106e-07	2.106e-07
sbxyz83803	1	2.106e-07	2.106e-07
sbxyz84277	1	2.106e-07	2.106e-07
sbxyz84406	1	2.106e-07	2.106e-07
sbxyz85125	1	2.106e-07	2.106e-07
sbxyz85369	1	2.106e-07	2.106e-07
sbxyz85952	1	2.106e-07	2.106e-07
sbxyz86132	1	2.106e-07	2.106e-07
sbxyz8662	1	2.106e-07	2.106e-07
sbxyz86795	1	2.106e-07	2.106e-07
sbxyz89305	1	2.106e-07	2.106e-07
sbxyz89642	1	2.106e-07	2.106e-07
sbxyz90035	1	2.106e-07	2.106e-07
sbxyz90224	1	2.106e-07	2.106e-07
sbxyz90777	1	2.106e-07	2.106e-07
sbxyz92030	1	2.106e-07	2.106e-07
sbxyz93549	1	2.106e-07	2.106e-07
sbxyz94097	1	2.106e-07	2.106e-07
sbxyz96551	1	2.106e-07	2.106e-07
sbxyz9692	1	2.106e-07	2.106e-07
sbxyz97281	1	2.106e-07	2.106e-07
sbxyz97831	1	2.106e-07	2.106e-07
sbxyz9811	1	2.106e-07	2.106e-07
sbxyz98255	1	2.106e-07	2.106e-07
secre	1	2.106e-07	2.106e-07
test00001	1	2.106e-07	2.106e-07
test00002	1	2.106e-07	2.106e-07
test00003	1	2.106e-07	2.106e-07
test00004	1	2.106e-07	2.106e-07
test00005	1	2.106e-07	2.106e-07
test00006	1	2.106e-07	2.106e-07
test00007	1	2.106e-07	2.106e-07
test00008	1	2.106e-07	2.106e-07
test00009	1	2.106e-07	2.106e-07
test00010	1	2.106e-07	2.106e-07
test00011	1	2.106e-07	2.106e-07
test00012	1	2.106e-07	2.106e-07
test00013	1	2.106e-07	2.106e-07
test00014	1	2.106e-07	2.106e-07
test00015	1	2.106e-07	2.106e-07
test00016	1	2.106e-07	2.106e-07
test00017	1	2.106e-07	2.106e-07
test00018	1	2.106e-07	2.106e-07
test00019	1	2.106e-07	2.106e-07
test00020	1	2.106e-07	2.106e-07
test00021	1	2.106e-07	2.106e-07
test00022	1	2.106e-07	2.106e-07
test00023	1	2.106e-07	2.106e-07
test00024	1	2.106e-07	2.106e-07
test00025	1	2.106e-07	2.106e-07
test00026	1	2.106e-07	2.106e-07
test00027	1	2.106e-07	2.106e-07
test00028	1	2.106e-07	2.106e-07
test00029	1	2.106e-07	2.106e-07
test00030	1	2.106e-07	2.106e-07
test00031	1	2.106e-07	2.106e-07
test00032	1	2.106e-07	2.106e-07
test00033	1	2.106e-07	2.106e-07
test00034	1	2.106e-07	2.106e-07
test00035	1	2.106e-07	2.106e-07
test00036	1	2.106e-07	2.106e-07
test00037	1	2.106e-07	2.106e-07
test00038	1	2.106e-07	2.106e-07
test00039	1	2.106e-07	2.106e-07
test00040	1	2.106e-07	2.106e-07
test00041	1	2.106e-07	2.106e-07
test00042	1	2.106e-07	2.106e-07
test00043	1	2.106e-07	2.106e-07
test00044	1	2.106e-07	2.106e-07
test00045	1	2.106e-07	2.106e-07
test00046	1	2.106e-07	2.106e-07
test00047	1	2.106e-07	2.106e-07
test00048	1	2.106e-07	2.106e-07
test00049	1	2.106e-07	2.106e-07
test00050	1	2.106e-07	2.106e-07
test00051	1	2.106e-07	2.106e-07
test00052	1	2.106e-07	2.106e-07
test00053	1	2.106e-07	2.106e-07
test00054	1	2.106e-07	2.106e-07
test00055	1	2.106e-07	2.106e-07
test00056	1	2.106e-07	2.106e-07
test00057	1	2.106e-07	2.106e-07
test00058	1	2.106e-07	2.106e-07
test00059	1	2.106e-07	2.106e-07
test00060	1	2.106e-07	2.106e-07
test00061	1	2.106e-07	2.106e-07
test00062	1	2.106e-07	2.106e-07
test00063	1	2.106e-07	2.106e-07
test00064	1	2.106e-07	2.106e-07
test00065	1	2.106e-07	2.106e-07
test00066	1	2.106e-07	2.106e-07
test00067	1	2.106e-07	2.106e-07
test00068	1	2.106e-07	2.106e-07
test00069	1	2.106e-07	2.106e-07
test00070	1	2.106e-07	2.106e-07
test00071	1	2.106e-07	2.106e-07
test00072	1	2.106e-07	2.106e-07
test00073	1	2.106e-07	2.106e-07
test00074	1	2.106e-07	2.106e-07
test00075	1	2.106e-07	2.106e-07
test00076	1	2.106e-07	2.106e-07
test00077	1	2.106e-07	2.106e-07
test00078	1	2.106e-07	2.106e-07
test00079	1	2.106e-07	2.106e-07
test00080	1	2.106e-07	2.106e-07
test00081	1	2.106e-07	2.106e-07
test00082	1	2.106e-07	2.106e-07
test00083	1	2.106e-07	2.106e-07
test00084	1	2.106e-07	2.106e-07
test00085	1	2.106e-07	2.106e-07
test00086	1	2.106e-07	2.106e-07
test00087	1	2.106e-07	2.106e-07
test00088	1	2.106e-07	2.106e-07
test00089	1	2.106e-07	2.106e-07
test00090	1	2.106e-07	2.106e-07
test00091	1	2.106e-07	2.106e-07
test00092	1	2.106e-07	2.106e-07
test00093	1	2.106e-07	2.106e-07
test00094	1	2.106e-07	2.106e-07
test00095	1	2.106e-07	2.106e-07
test00096	1	2.106e-07	2.106e-07
test00097	1	2.106e-07	2.106e-07
test00098	1	2.106e-07	2.106e-07
test00099	1	2.106e-07	2.106e-07
test00100	1	2.106e-07	2.106e-07
test00101	1	2.106e-07	2.106e-07
test00102	1	2.106e-07	2.106e-07
test00103	1	2.106e-07	2.106e-07
test00104	1	2.106e-07	2.106e-07
test00105	1	2.106e-07	2.106e-07
test00106	1	2.106e-07	2.106e-07
test00107	1	2.106e-07	2.106e-07
test00108	1	2.106e-07	2.106e-07
test00109	1	2.106e-07	2.106e-07
test00110	1	2.106e-07	2.106e-07
test00111	1	2.106e-07	2.106e-07
test00112	1	2.106e-07	2.106e-07
test00113	1	2.106e-07	2.106e-07
test00114	1	2.106e-07	2.106e-07
test00115	1	2.106e-07	2.106e-07
test00116	1	2.106e-07	2.106e-07
test00117	1	2.106e-07	2.106e-07
test00118	1	2.106e-07	2.106e-07
test00119	1	2.106e-07	2.106e-07
test00120	1	2.106e-07	2.106e-07
test00121	1	2.106e-07	2.106e-07
test00122	1	2.106e-07	2.106e-07
test00123	1	2.106e-07	2.106e-07
test00124	1	2.106e-07	2.106e-07
test00125	1	2.106e-07	2.106e-07
test00126	1	2.106e-07	2.106e-07
test00127	1	2.106e-07	2.106e-07
test00128	1	2.106e-07	2.106e-07
test00129	1	2.106e-07	2.106e-07
test00130	1	2.106e-07	2.106e-07
test00131	1	2.106e-07	2.106e-07
test00132	1	2.106e-07	2.106e-07
test00133	1	2.106e-07	2.106e-07
test00134	1	2.106e-07	2.106e-07
test00135	1	2.106e-07	2.106e-07
test00136	1	2.106e-07	2.106e-07
test00137	1	2.106e-07	2.106e-07
test00138	1	2.106e-07	2.106e-07
test00139	1	2.106e-07	2.106e-07
test00140	1	2.106e-07	2.106e-07
test00141	1	2.106e-07	2.106e-07
test00142	1	2.106e-07	2.106e-07
test00143	1	2.106e-07	2.106e-07
test00144	1	2.106e-07	2.106e-07
test00145	1	2.106e-07	2.106e-07
test00146	1	2.106e-07	2.106e-07
test00147	1	2.106e-07	2.106e-07
test00148	1	2.106e-07	2.106e-07
test00149	1	2.106e-07	2.106e-07
test00150	1	2.106e-07	2.106e-07
test00151	1	2.106e-07	2.106e-07
test00152	1	2.106e-07	2.106e-07
test00153	1	2.106e-07	2.106e-07
test00154	1	2.106e-07	2.106e-07
test00155	1	2.106e-07	2.106e-07
test00156	1	2.106e-07	2.106e-07
test00157	1	2.106e-07	2.106e-07
test00158	1	2.106e-07	2.106e-07
test00159	1	2.106e-07	2.106e-07
test00160	1	2.106e-07	2.106e-07
test00161	1	2.106e-07	2.106e-07
test00162	1	2.106e-07	2.106e-07
test00163	1	2.106e-07	2.106e-07
test00164	1	2.106e-07	2.106e-07
test00165	1	2.106e-07	2.106e-07
test00166	1	2.106e-07	2.106e-07
test00167	1	2.106e-07	2.106e-07
test00168	1	2.106e-07	2.106e-07
test00169	1	2.106e-07	2.106e-07
test00170	1	2.106e-07	2.106e-07
test00171	1	2.106e-07	2.106e-07
test00172	1	2.106e-07	2.106e-07
test00173	1	2.106e-07	2.106e-07
test00174	1	2.106e-07	2.106e-07
test00175	1	2.106e-07	2.106e-07
test00176	1	2.106e-07	2.106e-07
test00177	1	2.106e-07	2.106e-07
test00178	1	2.106e-07	2.106e-07
test00179	1	2.106e-07	2.106e-07
test00180	1	2.106e-07	2.106e-07
test00181	1	2.106e-07	2.106e-07
test00182	1	2.106e-07	2.106e-07
test00183	1	2.106e-07	2.106e-07
test00184	1	2.106e-07	2.106e-07
test00185	1	2.106e-07	2.106e-07
test00186	1	2.106e-07	2.106e-07
test00187	1	2.106e-07	2.106e-07
test00188	1	2.106e-07	2.106e-07
test00189	1	2.106e-07	2.106e-07
test00190	1	2.106e-07	2.106e-07
test00191	1	2.106e-07	2.106e-07
test00192	1	2.106e-07	2.106e-07
test00193	1	2.106e-07	2.106e-07
test00194	1	2.106e-07	2.106e-07
test00195	1	2.106e-07	2.106e-07
test00196	1	2.106e-07	2.106e-07
test00197	1	2.106e-07	2.106e-07
test00198	1	2.106e-07	2.106e-07
test00199	1	2.106e-07	2.106e-07
test00200	1	2.106e-07	2.106e-07
test00201	1	2.106e-07	2.106e-07
test00202	1	2.106e-07	2.106e-07
test00203	1	2.106e-07	2.106e-07
test00204	1	2.106e-07	2.106e-07
test00205	1	2.106e-07	2.106e-07
test00206	1	2.106e-07	2.106e-07
test00207	1	2.106e-07	2.106e-07
test00208	1	2.106e-07	2.106e-07
test00209	1	2.106e-07	2.106e-07
test00210	1	2.106e-07	2.106e-07
test00211	1	2.106e-07	2.106e-07
test00212	1	2.106e-07	2.106e-07
test00213	1	2.106e-07	2.106e-07
test00214	1	2.106e-07	2.106e-07
test00215	1	2.106e-07	2.106e-07
test00216	1	2.106e-07	2.106e-07
test00217	1	2.106e-07	2.106e-07
test00218	1	2.106e-07	2.106e-07
test00219	1	2.106e-07	2.106e-07
test00220	1	2.106e-07	2.106e-07
test00221	1	2.106e-07	2.106e-07
test00222	1	2.106e-07	2.106e-07
test00223	1	2.106e-07	2.106e-07
test00224	1	2.106e-07	2.106e-07
test00225	1	2.106e-07	2.106e-07
test00226	1	2.106e-07	2.106e-07
test00227	1	2.106e-07	2.106e-07
test00228	1	2.106e-07	2.106e-07
test00229	1	2.106e-07	2.106e-07
test00230	1	2.106e-07	2.106e-07
test00231	1	2.106e-07	2.106e-07
test00232	1	2.106e-07	2.106e-07
test00233	1	2.106e-07	2.106e-07
test00234	1	2.106e-07	2.106e-07
test00235	1	2.106e-07	2.106e-07
test00236	1	2.106e-07	2.106e-07
test00237	1	2.106e-07	2.106e-07
test00238	1	2.106e-07	2.106e-07
test00239	1	2.106e-07	2.106e-07
test00240	1	2.106e-07	2.106e-07
test00241	1	2.106e-07	2.106e-07
test00242	1	2.106e-07	2.106e-07
test00243	1	2.106e-07	2.106e-07
test00244	1	2.106e-07	2.106e-07
test00245	1	2.106e-07	2.106e-07
test00246	1	2.106e-07	2.106e-07
test00247	1	2.106e-07	2.106e-07
test00248	1	2.106e-07	2.106e-07
test00249	1	2.106e-07	2.106e-07
test00250	1	2.106e-07	2.106e-07
test00251	1	2.106e-07	2.106e-07
test00252	1	2.106e-07	2.106e-07
test00253	1	2.106e-07	2.106e-07
test00254	1	2.106e-07	2.106e-07
test00255	1	2.106e-07	2.106e-07
test00256	1	2.106e-07	2.106e-07
test00257	1	2.106e-07	2.106e-07
test00258	1	2.106e-07	2.106e-07
test00259	1	2.106e-07	2.106e-07
test00260	1	2.106e-07	2.106e-07
test00261	1	2.106e-07	2.106e-07
test00262	1	2.106e-07	2.106e-07
test00263	1	2.106e-07	2.106e-07
test00264	1	2.106e-07	2.106e-07
test00265	1	2.106e-07	2.106e-07
test00266	1	2.106e-07	2.106e-07
test00267	1	2.106e-07	2.106e-07
test00268	1	2.106e-07	2.106e-07
test00269	1	2.106e-07	2.106e-07
test00270	1	2.106e-07	2.106e-07
test00271	1	2.106e-07	2.106e-07
test00272	1	2.106e-07	2.106e-07
test00273	1	2.106e-07	2.106e-07
test00274	1	2.106e-07	2.106e-07
test00275	1	2.106e-07	2.106e-07
test00276	1	2.106e-07	2.106e-07
test00277	1	2.106e-07	2.106e-07
test00278	1	2.106e-07	2.106e-07
test00279	1	2.106e-07	2.106e-07
test00280	1	2.106e-07	2.106e-07
test00281	1	2.106e-07	2.106e-07
test00282	1	2.106e-07	2.106e-07
test00283	1	2.106e-07	2.106e-07
test00284	1	2.106e-07	2.106e-07
test00285	1	2.106e-07	2.106e-07
test00286	1	2.106e-07	2.106e-07
test00287	1	2.106e-07	2.106e-07
test00288	1	2.106e-07	2.106e-07
test00289	1	2.106e-07	2.106e-07
test00290	1	2.106e-07	2.106e-07
test00291	1	2.106e-07	2.106e-07
test00292	1	2.106e-07	2.106e-07
test00293	1	2.106e-07	2.106e-07
test00294	1	2.106e-07	2.106e-07
test00295	1	2.106e-07	2.106e-07
test00296	1	2.106e-07	2.106e-07
test00297	1	2.106e-07	2.106e-07
test00298	1	2.106e-07	2.106e-07
test00299	1	2.106e-07	2.106e-07
test00300	1	2.106e-07	2.106e-07
test00301	1	2.106e-07	2.106e-07
test00302	1	2.106e-07	2.106e-07
test00303	1	2.106e-07	2.106e-07
test00304	1	2.106e-07	2.106e-07
test00305	1	2.106e-07	2.106e-07
test00306	1	2.106e-07	2.106e-07
test00307	1	2.106e-07	2.106e-07
test00308	1	2.106e-07	2.106e-07
test00309	1	2.106e-07	2.106e-07
test00310	1	2.106e-07	2.106e-07
test00311	1	2.106e-07	2.106e-07
test00312	1	2.106e-07	2.106e-07
test00313	1	2.106e-07	2.106e-07
test00314	1	2.106e-07	2.106e-07
test00315	1	2.106e-07	2.106e-07
test00316	1	2.106e-07	2.106e-07
test00317	1	2.106e-07	2.106e-07
test00318	1	2.106e-07	2.106e-07
test00319	1	2.106e-07	2.106e-07
test00320	1	2.106e-07	2.106e-07
test00321	1	2.106e-07	2.106e-07
test00322	1	2.106e-07	2.106e-07
test00323	1	2.106e-07	2.106e-07
test00324	1	2.106e-07	2.106e-07
test00325	1	2.106e-07	2.106e-07
test00326	1	2.106e-07	2.106e-07
test00327	1	2.106e-07	2.106e-07
test00328	1	2.106e-07	2.106e-07
test00329	1	2.106e-07	2.106e-07
test00330	1	2.106e-07	2.106e-07
test00331	1	2.106e-07	2.106e-07
test00332	1	2.106e-07	2.106e-07
test00333	1	2.106e-07	2.106e-07
test00334	1	2.106e-07	2.106e-07
test00335	1	2.106e-07	2.106e-07
test00336	1	2.106e-07	2.106e-07
test00337	1	2.106e-07	2.106e-07
test00338	1	2.106e-07	2.106e-07
test00339	1	2.106e-07	2.106e-07
test00340	1	2.106e-07	2.106e-07
test00341	1	2.106e-07	2.106e-07
test00342	1	2.106e-07	2.106e-07
test00343	1	2.106e-07	2.106e-07
test00344	1	2.106e-07	2.106e-07
test00345	1	2.106e-07	2.106e-07
test00346	1	2.106e-07	2.106e-07
test00347	1	2.106e-07	2.106e-07
test00348	1	2.106e-07	2.106e-07
test00349	1	2.106e-07	2.106e-07
test00350	1	2.106e-07	2.106e-07
test00351	1	2.106e-07	2.106e-07
test00352	1	2.106e-07	2.106e-07
test00353	1	2.106e-07	2.106e-07
test00354	1	2.106e-07	2.106e-07
test00355	1	2.106e-07	2.106e-07
test00356	1	2.106e-07	2.106e-07
test00357	1	2.106e-07	2.106e-07
test00358	1	2.106e-07	2.106e-07
test00359	1	2.106e-07	2.106e-07
test00360	1	2.106e-07	2.106e-07
test00361	1	2.106e-07	2.106e-07
test00362	1	2.106e-07	2.106e-07
test00363	1	2.106e-07	2.106e-07
test00364	1	2.106e-07	2.106e-07
test00365	1	2.106e-07	2.106e-07
test00366	1	2.106e-07	2.106e-07
test00367	1	2.106e-07	2.106e-07
test00368	1	2.106e-07	2.106e-07
test00369	1	2.106e-07	2.106e-07
test00370	1	2.106e-07	2.106e-07
test00371	1	2.106e-07	2.106e-07
test00372	1	2.106e-07	2.106e-07
test00373	1	2.106e-07	2.106e-07
test00374	1	2.106e-07	2.106e-07
test00375	1	2.106e-07	2.106e-07
test00376	1	2.106e-07	2.106e-07
test00377	1	2.106e-07	2.106e-07
test00378	1	2.106e-07	2.106e-07
test00379	1	2.106e-07	2.106e-07
test00380	1	2.106e-07	2.106e-07
test00381	1	2.106e-07	2.106e-07
test00382	1	2.106e-07	2.106e-07
test00383	1	2.106e-07	2.106e-07
test00384	1	2.106e-07	2.106e-07
test00385	1	2.106e-07	2.106e-07
test00386	1	2.106e-07	2.106e-07
test00387	1	2.106e-07	2.106e-07
test00388	1	2.106e-07	2.106e-07
test00389	1	2.106e-07	2.106e-07
test00390	1	2.106e-07	2.106e-07
test00391	1	2.106e-07	2.106e-07
test00392	1	2.106e-07	2.106e-07
test00393	1	2.106e-07	2.106e-07
test00394	1	2.106e-07	2.106e-07
test00395	1	2.106e-07	2.106e-07
test00396	1	2.106e-07	2.106e-07
test00397	1	2.106e-07	2.106e-07
test00398	1	2.106e-07	2.106e-07
test00399	1	2.106e-07	2.106e-07
test00400	1	2.106e-07	2.106e-07
test00401	1	2.106e-07	2.106e-07
test00402	1	2.106e-07	2.106e-07
test00403	1	2.106e-07	2.106e-07
test00404	1	2.106e-07	2.106e-07
test00405	1	2.106e-07	2.106e-07
test00406	1	2.106e-07	2.106e-07
test00407	1	2.106e-07	2.106e-07
test00408	1	2.106e-07	2.106e-07
test00409	1	2.106e-07	2.106e-07
test00410	1	2.106e-07	2.106e-07
test00411	1	2.106e-07	2.106e-07
test00412	1	2.106e-07	2.106e-07
test00413	1	2.106e-07	2.106e-07
test00414	1	2.106e-07	2.106e-07
test00415	1	2.106e-07	2.106e-07
test00416	1	2.106e-07	2.106e-07
test00417	1	2.106e-07	2.106e-07
test00418	1	2.106e-07	2.106e-07
test00419	1	2.106e-07	2.106e-07
test00420	1	2.106e-07	2.106e-07
test00421	1	2.106e-07	2.106e-07
test00422	1	2.106e-07	2.106e-07
test00423	1	2.106e-07	2.106e-07
test00424	1	2.106e-07	2.106e-07
test00425	1	2.106e-07	2.106e-07
test00426	1	2.106e-07	2.106e-07
test00427	1	2.106e-07	2.106e-07
test00428	1	2.106e-07	2.106e-07
test00429	1	2.106e-07	2.106e-07
test00430	1	2.106e-07	2.106e-07
test00431	1	2.106e-07	2.106e-07
test00432	1	2.106e-07	2.106e-07
test00433	1	2.106e-07	2.106e-07
test00434	1	2.106e-07	2.106e-07
test00435	1	2.106e-07	2.106e-07
test00436	1	2.106e-07	2.106e-07
test00437	1	2.106e-07	2.106e-07
test00438	1	2.106e-07	2.106e-07
test00439	1	2.106e-07	2.106e-07
test00440	1	2.106e-07	2.106e-07
test00441	1	2.106e-07	2.106e-07
test00442	1	2.106e-07	2.106e-07
test00443	1	2.106e-07	2.106e-07
test00444	1	2.106e-07	2.106e-07
test00445	1	2.106e-07	2.106e-07
test00446	1	2.106e-07	2.106e-07
test00447	1	2.106e-07	2.106e-07
test00448	1	2.106e-07	2.106e-07
test00449	1	2.106e-07	2.106e-07
test00450	1	2.106e-07	2.106e-07
test00451	1	2.106e-07	2.106e-07
test00452	1	2.106e-07	2.106e-07
test00453	1	2.106e-07	2.106e-07
test00454	1	2.106e-07	2.106e-07
test00455	1	2.106e-07	2.106e-07
test00456	1	2.106e-07	2.106e-07
test00457	1	2.106e-07	2.106e-07
test00458	1	2.106e-07	2.106e-07
test00459	1	2.106e-07	2.106e-07
test00460	1	2.106e-07	2.106e-07
test00461	1	2.106e-07	2.106e-07
test00462	1	2.106e-07	2.106e-07
test00463	1	2.106e-07	2.106e-07
test00464	1	2.106e-07	2.106e-07
test00465	1	2.106e-07	2.106e-07
test00466	1	2.106e-07	2.106e-07
test00467	1	2.106e-07	2.106e-07
test00468	1	2.106e-07	2.106e-07
test00469	1	2.106e-07	2.106e-07
test00470	1	2.106e-07	2.106e-07
test00471	1	2.106e-07	2.106e-07
test00472	1	2.106e-07	2.106e-07
test00473	1	2.106e-07	2.106e-07
test00474	1	2.106e-07	2.106e-07
test00475	1	2.106e-07	2.106e-07
test00476	1	2.106e-07	2.106e-07
test00477	1	2.106e-07	2.106e-07
test00478	1	2.106e-07	2.106e-07
test00479	1	2.106e-07	2.106e-07
test00480	1	2.106e-07	2.106e-07
test00481	1	2.106e-07	2.106e-07
test00482	1	2.106e-07	2.106e-07
test00483	1	2.106e-07	2.106e-07
test00484	1	2.106e-07	2.106e-07
test00485	1	2.106e-07	2.106e-07
test00486	1	2.106e-07	2.106e-07
test00487	1	2.106e-07	2.106e-07
test00488	1	2.106e-07	2.106e-07
test00489	1	2.106e-07	2.106e-07
test00490	1	2.106e-07	2.106e-07
test00491	1	2.106e-07	2.106e-07
test00492	1	2.106e-07	2.106e-07
test00493	1	2.106e-07	2.106e-07
test00494	1	2.106e-07	2.106e-07
test00495	1	2.106e-07	2.106e-07
test00496	1	2.106e-07	2.106e-07
test00497	1	2.106e-07	2.106e-07
test00498	1	2.106e-07	2.106e-07
test00499	1	2.106e-07	2.106e-07
test00500	1	2.106e-07	2.106e-07
test00501	1	2.106e-07	2.106e-07
test00502	1	2.106e-07	2.106e-07
test00503	1	2.106e-07	2.106e-07
test00504	1	2.106e-07	2.106e-07
test00505	1	2.106e-07	2.106e-07
test00506	1	2.106e-07	2.106e-07
test00507	1	2.106e-07	2.106e-07
test00508	1	2.106e-07	2.106e-07
test00509	1	2.106e-07	2.106e-07
test00510	1	2.106e-07	2.106e-07
test00511	1	2.106e-07	2.106e-07
test00512	1	2.106e-07	2.106e-07
test00513	1	2.106e-07	2.106e-07
test00514	1	2.106e-07	2.106e-07
test00515	1	2.106e-07	2.106e-07
test00516	1	2.106e-07	2.106e-07
test00517	1	2.106e-07	2.106e-07
test00518	1	2.106e-07	2.106e-07
test00519	1	2.106e-07	2.106e-07
test00520	1	2.106e-07	2.106e-07
test00521	1	2.106e-07	2.106e-07
test00522	1	2.106e-07	2.106e-07
test00523	1	2.106e-07	2.106e-07
test00524	1	2.106e-07	2.106e-07
test00525	1	2.106e-07	2.106e-07
test00526	1	2.106e-07	2.106e-07
test00527	1	2.106e-07	2.106e-07
test00528	1	2.106e-07	2.106e-07
test00529	1	2.106e-07	2.106e-07
test00530	1	2.106e-07	2.106e-07
test00531	1	2.106e-07	2.106e-07
test00532	1	2.106e-07	2.106e-07
test00533	1	2.106e-07	2.106e-07
test00534	1	2.106e-07	2.106e-07
test00535	1	2.106e-07	2.106e-07
test00536	1	2.106e-07	2.106e-07
test00537	1	2.106e-07	2.106e-07
test00538	1	2.106e-07	2.106e-07
test00539	1	2.106e-07	2.106e-07
test00540	1	2.106e-07	2.106e-07
test00541	1	2.106e-07	2.106e-07
test00542	1	2.106e-07	2.106e-07
test00543	1	2.106e-07	2.106e-07
test00544	1	2.106e-07	2.106e-07
test00545	1	2.106e-07	2.106e-07
test00546	1	2.106e-07	2.106e-07
test00547	1	2.106e-07	2.106e-07
test00548	1	2.106e-07	2.106e-07
test00549	1	2.106e-07	2.106e-07
test00550	1	2.106e-07	2.106e-07
test00551	1	2.106e-07	2.106e-07
test00552	1	2.106e-07	2.106e-07
test00553	1	2.106e-07	2.106e-07
test00554	1	2.106e-07	2.106e-07
test00555	1	2.106e-07	2.106e-07
test00556	1	2.106e-07	2.106e-07
test00557	1	2.106e-07	2.106e-07
test00558	1	2.106e-07	2.106e-07
test00559	1	2.106e-07	2.106e-07
test00560	1	2.106e-07	2.106e-07
test00561	1	2.106e-07	2.106e-07
test00562	1	2.106e-07	2.106e-07
test00563	1	2.106e-07	2.106e-07
test00564	1	2.106e-07	2.106e-07
test00565	1	2.106e-07	2.106e-07
test00566	1	2.106e-07	2.106e-07
test00567	1	2.106e-07	2.106e-07
test00568	1	2.106e-07	2.106e-07
test00569	1	2.106e-07	2.106e-07
test00570	1	2.106e-07	2.106e-07
test00571	1	2.106e-07	2.106e-07
test00572	1	2.106e-07	2.106e-07
test00573	1	2.106e-07	2.106e-07
test00574	1	2.106e-07	2.106e-07
test00575	1	2.106e-07	2.106e-07
test00576	1	2.106e-07	2.106e-07
test00577	1	2.106e-07	2.106e-07
test00578	1	2.106e-07	2.106e-07
test00579	1	2.106e-07	2.106e-07
test00580	1	2.106e-07	2.106e-07
test00581	1	2.106e-07	2.106e-07
test00582	1	2.106e-07	2.106e-07
test00583	1	2.106e-07	2.106e-07
test00584	1	2.106e-07	2.106e-07
test00585	1	2.106e-07	2.106e-07
test00586	1	2.106e-07	2.106e-07
test00587	1	2.106e-07	2.106e-07
test00588	1	2.106e-07	2.106e-07
test00589	1	2.106e-07	2.106e-07
test00590	1	2.106e-07	2.106e-07
test00591	1	2.106e-07	2.106e-07
test00592	1	2.106e-07	2.106e-07
test00593	1	2.106e-07	2.106e-07
test00594	1	2.106e-07	2.106e-07
test00595	1	2.106e-07	2.106e-07
test00596	1	2.106e-07	2.106e-07
test00597	1	2.106e-07	2.106e-07
test00598	1	2.106e-07	2.106e-07
test00599	1	2.106e-07	2.106e-07
test00600	1	2.106e-07	2.106e-07
test00601	1	2.106e-07	2.106e-07
test00602	1	2.106e-07	2.106e-07
test00603	1	2.106e-07	2.106e-07
test00604	1	2.106e-07	2.106e-07
test00605	1	2.106e-07	2.106e-07
test00606	1	2.106e-07	2.106e-07
test00607	1	2.106e-07	2.106e-07
test00608	1	2.106e-07	2.106e-07
test00609	1	2.106e-07	2.106e-07
test00610	1	2.106e-07	2.106e-07
test00611	1	2.106e-07	2.106e-07
test00612	1	2.106e-07	2.106e-07
test00613	1	2.106e-07	2.106e-07
test00614	1	2.106e-07	2.106e-07
test00615	1	2.106e-07	2.106e-07
test00616	1	2.106e-07	2.106e-07
test00617	1	2.106e-07	2.106e-07
test00618	1	2.106e-07	2.106e-07
test00619	1	2.106e-07	2.106e-07
test00620	1	2.106e-07	2.106e-07
test00621	1	2.106e-07	2.106e-07
test00622	1	2.106e-07	2.106e-07
test00623	1	2.106e-07	2.106e-07
test00624	1	2.106e-07	2.106e-07
test00625	1	2.106e-07	2.106e-07
test00626	1	2.106e-07	2.106e-07
test00627	1	2.106e-07	2.106e-07
test00628	1	2.106e-07	2.106e-07
test00629	1	2.106e-07	2.106e-07
test00630	1	2.106e-07	2.106e-07
test00631	1	2.106e-07	2.106e-07
test00632	1	2.106e-07	2.106e-07
test00633	1	2.106e-07	2.106e-07
test00634	1	2.106e-07	2.106e-07
test00635	1	2.106e-07	2.106e-07
test00636	1	2.106e-07	2.106e-07
test00637	1	2.106e-07	2.106e-07
test00638	1	2.106e-07	2.106e-07
test00639	1	2.106e-07	2.106e-07
test00640	1	2.106e-07	2.106e-07
test00641	1	2.106e-07	2.106e-07
test00642	1	2.106e-07	2.106e-07
test00643	1	2.106e-07	2.106e-07
test00644	1	2.106e-07	2.106e-07
test00645	1	2.106e-07	2.106e-07
test00646	1	2.106e-07	2.106e-07
test00647	1	2.106e-07	2.106e-07
test00648	1	2.106e-07	2.106e-07
test00649	1	2.106e-07	2.106e-07
test00650	1	2.106e-07	2.106e-07
test00651	1	2.106e-07	2.106e-07
test00652	1	2.106e-07	2.106e-07
test00653	1	2.106e-07	2.106e-07
test00654	1	2.106e-07	2.106e-07
test00655	1	2.106e-07	2.106e-07
test00656	1	2.106e-07	2.106e-07
test00657	1	2.106e-07	2.106e-07
test00658	1	2.106e-07	2.106e-07
test00659	1	2.106e-07	2.106e-07
test00660	1	2.106e-07	2.106e-07
test00661	1	2.106e-07	2.106e-07
test00662	1	2.106e-07	2.106e-07
test00663	1	2.106e-07	2.106e-07
test00664	1	2.106e-07	2.106e-07
test00665	1	2.106e-07	2.106e-07
test00666	1	2.106e-07	2.106e-07
test00667	1	2.106e-07	2.106e-07
test00668	1	2.106e-07	2.106e-07
test00669	1	2.106e-07	2.106e-07
test00670	1	2.106e-07	2.106e-07
test00671	1	2.106e-07	2.106e-07
test00672	1	2.106e-07	2.106e-07
test00673	1	2.106e-07	2.106e-07
test00674	1	2.106e-07	2.106e-07
test00675	1	2.106e-07	2.106e-07
test00676	1	2.106e-07	2.106e-07
test00677	1	2.106e-07	2.106e-07
test00678	1	2.106e-07	2.106e-07
test00679	1	2.106e-07	2.106e-07
test00680	1	2.106e-07	2.106e-07
test00681	1	2.106e-07	2.106e-07
test00682	1	2.106e-07	2.106e-07
test00683	1	2.106e-07	2.106e-07
test00684	1	2.106e-07	2.106e-07
test00685	1	2.106e-07	2.106e-07
test00686	1	2.106e-07	2.106e-07
test00687	1	2.106e-07	2.106e-07
test00688	1	2.106e-07	2.106e-07
test00689	1	2.106e-07	2.106e-07
test00690	1	2.106e-07	2.106e-07
test00691	1	2.106e-07	2.106e-07
test00692	1	2.106e-07	2.106e-07
test00693	1	2.106e-07	2.106e-07
test00694	1	2.106e-07	2.106e-07
test00695	1	2.106e-07	2.106e-07
test00696	1	2.106e-07	2.106e-07
test00697	1	2.106e-07	2.106e-07
test00698	1	2.106e-07	2.106e-07
test00699	1	2.106e-07	2.106e-07
test00700	1	2.106e-07	2.106e-07
test00701	1	2.106e-07	2.106e-07
test00702	1	2.106e-07	2.106e-07
test00703	1	2.106e-07	2.106e-07
test00704	1	2.106e-07	2.106e-07
test00705	1	2.106e-07	2.106e-07
test00706	1	2.106e-07	2.106e-07
test00707	1	2.106e-07	2.106e-07
test00708	1	2.106e-07	2.106e-07
test00709	1	2.106e-07	2.106e-07
test00710	1	2.106e-07	2.106e-07
test00711	1	2.106e-07	2.106e-07
test00712	1	2.106e-07	2.106e-07
test00713	1	2.106e-07	2.106e-07
test00714	1	2.106e-07	2.106e-07
test00715	1	2.106e-07	2.106e-07
test00716	1	2.106e-07	2.106e-07
test00717	1	2.106e-07	2.106e-07
test00718	1	2.106e-07	2.106e-07
test00719	1	2.106e-07	2.106e-07
test00720	1	2.106e-07	2.106e-07
test00721	1	2.106e-07	2.106e-07
test00722	1	2.106e-07	2.106e-07
test00723	1	2.106e-07	2.106e-07
test00724	1	2.106e-07	2.106e-07
test00725	1	2.106e-07	2.106e-07
test00726	1	2.106e-07	2.106e-07
test00727	1	2.106e-07	2.106e-07
test00728	1	2.106e-07	2.106e-07
test00729	1	2.106e-07	2.106e-07
test00730	1	2.106e-07	2.106e-07
test00731	1	2.106e-07	2.106e-07
test00732	1	2.106e-07	2.106e-07
test00733	1	2.106e-07	2.106e-07
test00734	1	2.106e-07	2.106e-07
test00735	1	2.106e-07	2.106e-07
test00736	1	2.106e-07	2.106e-07
test00737	1	2.106e-07	2.106e-07
test00738	1	2.106e-07	2.106e-07
test00739	1	2.106e-07	2.106e-07
test00740	1	2.106e-07	2.106e-07
test00741	1	2.106e-07	2.106e-07
test00742	1	2.106e-07	2.106e-07
test00743	1	2.106e-07	2.106e-07
test00744	1	2.106e-07	2.106e-07
test00745	1	2.106e-07	2.106e-07
test00746	1	2.106e-07	2.106e-07
test00747	1	2.106e-07	2.106e-07
test00748	1	2.106e-07	2.106e-07
test00749	1	2.106e-07	2.106e-07
test00750	1	2.106e-07	2.106e-07
test00751	1	2.106e-07	2.106e-07
test00752	1	2.106e-07	2.106e-07
test00753	1	2.106e-07	2.106e-07
test00754	1	2.106e-07	2.106e-07
test00755	1	2.106e-07	2.106e-07
test00756	1	2.106e-07	2.106e-07
test00757	1	2.106e-07	2.106e-07
test00758	1	2.106e-07	2.106e-07
test00759	1	2.106e-07	2.106e-07
test00760	1	2.106e-07	2.106e-07
test00761	1	2.106e-07	2.106e-07
test00762	1	2.106e-07	2.106e-07
test00763	1	2.106e-07	2.106e-07
test00764	1	2.106e-07	2.106e-07
test00765	1	2.106e-07	2.106e-07
test00766	1	2.106e-07	2.106e-07
test00767	1	2.106e-07	2.106e-07
test00768	1	2.106e-07	2.106e-07
test00769	1	2.106e-07	2.106e-07
test00770	1	2.106e-07	2.106e-07
test00771	1	2.106e-07	2.106e-07
test00772	1	2.106e-07	2.106e-07
test00773	1	2.106e-07	2.106e-07
test00774	1	2.106e-07	2.106e-07
test00775	1	2.106e-07	2.106e-07
test00776	1	2.106e-07	2.106e-07
test00777	1	2.106e-07	2.106e-07
test00778	1	2.106e-07	2.106e-07
test00779	1	2.106e-07	2.106e-07
test00780	1	2.106e-07	2.106e-07
test00781	1	2.106e-07	2.106e-07
test00782	1	2.106e-07	2.106e-07
test00783	1	2.106e-07	2.106e-07
test00784	1	2.106e-07	2.106e-07
test00785	1	2.106e-07	2.106e-07
test00786	1	2.106e-07	2.106e-07
test00787	1	2.106e-07	2.106e-07
test00788	1	2.106e-07	2.106e-07
test00789	1	2.106e-07	2.106e-07
test00790	1	2.106e-07	2.106e-07
test00791	1	2.106e-07	2.106e-07
test00792	1	2.106e-07	2.106e-07
test00793	1	2.106e-07	2.106e-07
test00794	1	2.106e-07	2.106e-07
test00795	1	2.106e-07	2.106e-07
test00796	1	2.106e-07	2.106e-07
test00797	1	2.106e-07	2.106e-07
test00798	1	2.106e-07	2.106e-07
test00799	1	2.106e-07	2.106e-07
test00800	1	2.106e-07	2.106e-07
test00801	1	2.106e-07	2.106e-07
test00802	1	2.106e-07	2.106e-07
test00803	1	2.106e-07	2.106e-07
test00804	1	2.106e-07	2.106e-07
test00805	1	2.106e-07	2.106e-07
test00806	1	2.106e-07	2.106e-07
test00807	1	2.106e-07	2.106e-07
test00808	1	2.106e-07	2.106e-07
test00809	1	2.106e-07	2.106e-07
test00810	1	2.106e-07	2.106e-07
test00811	1	2.106e-07	2.106e-07
test00812	1	2.106e-07	2.106e-07
test00813	1	2.106e-07	2.106e-07
test00814	1	2.106e-07	2.106e-07
test00815	1	2.106e-07	2.106e-07
test00816	1	2.106e-07	2.106e-07
test00817	1	2.106e-07	2.106e-07
test00818	1	2.106e-07	2.106e-07
test00819	1	2.106e-07	2.106e-07
test00820	1	2.106e-07	2.106e-07
test00821	1	2.106e-07	2.106e-07
test00822	1	2.106e-07	2.106e-07
test00823	1	2.106e-07	2.106e-07
test00824	1	2.106e-07	2.106e-07
test00825	1	2.106e-07	2.106e-07
test00826	1	2.106e-07	2.106e-07
test00827	1	2.106e-07	2.106e-07
test00828	1	2.106e-07	2.106e-07
test00829	1	2.106e-07	2.106e-07
test00830	1	2.106e-07	2.106e-07
test00831	1	2.106e-07	2.106e-07
test00832	1	2.106e-07	2.106e-07
test00833	1	2.106e-07	2.106e-07
test00834	1	2.106e-07	2.106e-07
test00835	1	2.106e-07	2.106e-07
test00836	1	2.106e-07	2.106e-07
test00837	1	2.106e-07	2.106e-07
test00838	1	2.106e-07	2.106e-07
test00839	1	2.106e-07	2.106e-07
test00840	1	2.106e-07	2.106e-07
test00841	1	2.106e-07	2.106e-07
test00842	1	2.106e-07	2.106e-07
test00843	1	2.106e-07	2.106e-07
test00844	1	2.106e-07	2.106e-07
test00845	1	2.106e-07	2.106e-07
test00846	1	2.106e-07	2.106e-07
test00847	1	2.106e-07	2.106e-07
test00848	1	2.106e-07	2.106e-07
test00849	1	2.106e-07	2.106e-07
test00850	1	2.106e-07	2.106e-07
test00851	1	2.106e-07	2.106e-07
test00852	1	2.106e-07	2.106e-07
test00853	1	2.106e-07	2.106e-07
test00854	1	2.106e-07	2.106e-07
test00855	1	2.106e-07	2.106e-07
test00856	1	2.106e-07	2.106e-07
test00857	1	2.106e-07	2.106e-07
test00858	1	2.106e-07	2.106e-07
test00859	1	2.106e-07	2.106e-07
test00860	1	2.106e-07	2.106e-07
test00861	1	2.106e-07	2.106e-07
test00862	1	2.106e-07	2.106e-07
test00863	1	2.106e-07	2.106e-07
test00864	1	2.106e-07	2.106e-07
test00865	1	2.106e-07	2.106e-07
test00866	1	2.106e-07	2.106e-07
test00867	1	2.106e-07	2.106e-07
test00868	1	2.106e-07	2.106e-07
test00869	1	2.106e-07	2.106e-07
test00870	1	2.106e-07	2.106e-07
test00871	1	2.106e-07	2.106e-07
test00872	1	2.106e-07	2.106e-07
test00873	1	2.106e-07	2.106e-07
test00874	1	2.106e-07	2.106e-07
test00875	1	2.106e-07	2.106e-07
test00876	1	2.106e-07	2.106e-07
test00877	1	2.106e-07	2.106e-07
test00878	1	2.106e-07	2.106e-07
test00879	1	2.106e-07	2.106e-07
test00880	1	2.106e-07	2.106e-07
test00881	1	2.106e-07	2.106e-07
test00882	1	2.106e-07	2.106e-07
test00883	1	2.106e-07	2.106e-07
test00884	1	2.106e-07	2.106e-07
test00885	1	2.106e-07	2.106e-07
test00886	1	2.106e-07	2.106e-07
test00887	1	2.106e-07	2.106e-07
test00888	1	2.106e-07	2.106e-07
test00889	1	2.106e-07	2.106e-07
test00890	1	2.106e-07	2.106e-07
test00891	1	2.106e-07	2.106e-07
test00892	1	2.106e-07	2.106e-07
test00893	1	2.106e-07	2.106e-07
test00894	1	2.106e-07	2.106e-07
test00895	1	2.106e-07	2.106e-07
test00896	1	2.106e-07	2.106e-07
test00897	1	2.106e-07	2.106e-07
test00898	1	2.106e-07	2.106e-07
test00899	1	2.106e-07	2.106e-07
test00900	1	2.106e-07	2.106e-07
test00901	1	2.106e-07	2.106e-07
test00902	1	2.106e-07	2.106e-07
test00903	1	2.106e-07	2.106e-07
test00904	1	2.106e-07	2.106e-07
test00905	1	2.106e-07	2.106e-07
test00906	1	2.106e-07	2.106e-07
test00907	1	2.106e-07	2.106e-07
test00908	1	2.106e-07	2.106e-07
test00909	1	2.106e-07	2.106e-07
test00910	1	2.106e-07	2.106e-07
test00911	1	2.106e-07	2.106e-07
test00912	1	2.106e-07	2.106e-07
test00913	1	2.106e-07	2.106e-07
test00914	1	2.106e-07	2.106e-07
test00915	1	2.106e-07	2.106e-07
test00916	1	2.106e-07	2.106e-07
test00917	1	2.106e-07	2.106e-07
test00918	1	2.106e-07	2.106e-07
test00919	1	2.106e-07	2.106e-07
test00920	1	2.106e-07	2.106e-07
test00921	1	2.106e-07	2.106e-07
test00922	1	2.106e-07	2.106e-07
test00923	1	2.106e-07	2.106e-07
test00924	1	2.106e-07	2.106e-07
test00925	1	2.106e-07	2.106e-07
test00926	1	2.106e-07	2.106e-07
test00927	1	2.106e-07	2.106e-07
test00928	1	2.106e-07	2.106e-07
test00929	1	2.106e-07	2.106e-07
test00930	1	2.106e-07	2.106e-07
test00931	1	2.106e-07	2.106e-07
test00932	1	2.106e-07	2.106e-07
test00933	1	2.106e-07	2.106e-07
test00934	1	2.106e-07	2.106e-07
test00935	1	2.106e-07	2.106e-07
test00936	1	2.106e-07	2.106e-07
test00937	1	2.106e-07	2.106e-07
test00938	1	2.106e-07	2.106e-07
test00939	1	2.106e-07	2.106e-07
test00940	1	2.106e-07	2.106e-07
test00941	1	2.106e-07	2.106e-07
test00942	1	2.106e-07	2.106e-07
test00943	1	2.106e-07	2.106e-07
test00944	1	2.106e-07	2.106e-07
test00945	1	2.106e-07	2.106e-07
test00946	1	2.106e-07	2.106e-07
test00947	1	2.106e-07	2.106e-07
test00948	1	2.106e-07	2.106e-07
test00949	1	2.106e-07	2.106e-07
test00950	1	2.106e-07	2.106e-07
test00951	1	2.106e-07	2.106e-07
test00952	1	2.106e-07	2.106e-07
test00953	1	2.106e-07	2.106e-07
test00954	1	2.106e-07	2.106e-07
test00955	1	2.106e-07	2.106e-07
test00956	1	2.106e-07	2.106e-07
test00957	1	2.106e-07	2.106e-07
test00958	1	2.106e-07	2.106e-07
test00959	1	2.106e-07	2.106e-07
test00960	1	2.106e-07	2.106e-07
test00961	1	2.106e-07	2.106e-07
test00962	1	2.106e-07	2.106e-07
test00963	1	2.106e-07	2.106e-07
test00964	1	2.106e-07	2.106e-07
test00965	1	2.106e-07	2.106e-07
test00966	1	2.106e-07	2.106e-07
test00967	1	2.106e-07	2.106e-07
test00968	1	2.106e-07	2.106e-07
test00969	1	2.106e-07	2.106e-07
test00970	1	2.106e-07	2.106e-07
test00971	1	2.106e-07	2.106e-07
test00972	1	2.106e-07	2.106e-07
test00973	1	2.106e-07	2.106e-07
test00974	1	2.106e-07	2.106e-07
test00975	1	2.106e-07	2.106e-07
test00976	1	2.106e-07	2.106e-07
test00977	1	2.106e-07	2.106e-07
test00978	1	2.106e-07	2.106e-07
test00979	1	2.106e-07	2.106e-07
test00980	1	2.106e-07	2.106e-07
test00981	1	2.106e-07	2.106e-07
test00982	1	2.106e-07	2.106e-07
test00983	1	2.106e-07	2.106e-07
test00984	1	2.106e-07	2.106e-07
test00985	1	2.106e-07	2.106e-07
test00986	1	2.106e-07	2.106e-07
test00987	1	2.106e-07	2.106e-07
test00988	1	2.106e-07	2.106e-07
test00989	1	2.106e-07	2.106e-07
test00990	1	2.106e-07	2.106e-07
test00991	1	2.106e-07	2.106e-07
test00992	1	2.106e-07	2.106e-07
test00993	1	2.106e-07	2.106e-07
test00994	1	2.106e-07	2.106e-07
test00995	1	2.106e-07	2.106e-07
test00996	1	2.106e-07	2.106e-07
test00997	1	2.106e-07	2.106e-07
test00998	1	2.106e-07	2.106e-07
test00999	1	2.106e-07	2.106e-07
test01000	1	2.106e-07	2.106e-07
test01001	1	2.106e-07	2.106e-07
test01002	1	2.106e-07	2.106e-07
test01003	1	2.106e-07	2.106e-07
test01004	1	2.106e-07	2.106e-07
test01005	1	2.106e-07	2.106e-07
test01006	1	2.106e-07	2.106e-07
test01007	1	2.106e-07	2.106e-07
test01008	1	2.106e-07	2.106e-07
test01009	1	2.106e-07	2.106e-07
test01010	1	2.106e-07	2.106e-07
test01011	1	2.106e-07	2.106e-07
test01012	1	2.106e-07	2.106e-07
test01013	1	2.106e-07	2.106e-07
test01014	1	2.106e-07	2.106e-07
test01015	1	2.106e-07	2.106e-07
test01016	1	2.106e-07	2.106e-07
test01017	1	2.106e-07	2.106e-07
test01018	1	2.106e-07	2.106e-07
test01019	1	2.106e-07	2.106e-07
test01020	1	2.106e-07	2.106e-07
test01021	1	2.106e-07	2.106e-07
test01022	1	2.106e-07	2.106e-07
test01023	1	2.106e-07	2.106e-07
test01024	1	2.106e-07	2.106e-07
test01025	1	2.106e-07	2.106e-07
test01026	1	2.106e-07	2.106e-07
test01027	1	2.106e-07	2.106e-07
test01028	1	2.106e-07	2.106e-07
test01029	1	2.106e-07	2.106e-07
test01030	1	2.106e-07	2.106e-07
test01031	1	2.106e-07	2.106e-07
test01032	1	2.106e-07	2.106e-07
test01033	1	2.106e-07	2.106e-07
test01034	1	2.106e-07	2.106e-07
test01035	1	2.106e-07	2.106e-07
test01036	1	2.106e-07	2.106e-07
test01037	1	2.106e-07	2.106e-07
test01038	1	2.106e-07	2.106e-07
test01039	1	2.106e-07	2.106e-07
test01040	1	2.106e-07	2.106e-07
test01041	1	2.106e-07	2.106e-07
test01042	1	2.106e-07	2.106e-07
test01043	1	2.106e-07	2.106e-07
test01044	1	2.106e-07	2.106e-07
test01045	1	2.106e-07	2.106e-07
test01046	1	2.106e-07	2.106e-07
test01047	1	2.106e-07	2.106e-07
test01048	1	2.106e-07	2.106e-07
test01049	1	2.106e-07	2.106e-07
test01050	1	2.106e-07	2.106e-07
test01051	1	2.106e-07	2.106e-07
test01052	1	2.106e-07	2.106e-07
test01053	1	2.106e-07	2.106e-07
test01054	1	2.106e-07	2.106e-07
test01055	1	2.106e-07	2.106e-07
test01056	1	2.106e-07	2.106e-07
test01057	1	2.106e-07	2.106e-07
test01058	1	2.106e-07	2.106e-07
test01059	1	2.106e-07	2.106e-07
test01060	1	2.106e-07	2.106e-07
test01061	1	2.106e-07	2.106e-07
test01062	1	2.106e-07	2.106e-07
test01063	1	2.106e-07	2.106e-07
test01064	1	2.106e-07	2.106e-07
test01065	1	2.106e-07	2.106e-07
test01066	1	2.106e-07	2.106e-07
test01067	1	2.106e-07	2.106e-07
test01068	1	2.106e-07	2.106e-07
test01069	1	2.106e-07	2.106e-07
test01070	1	2.106e-07	2.106e-07
test01071	1	2.106e-07	2.106e-07
test01072	1	2.106e-07	2.106e-07
test01073	1	2.106e-07	2.106e-07
test01074	1	2.106e-07	2.106e-07
test01075	1	2.106e-07	2.106e-07
test01076	1	2.106e-07	2.106e-07
test01077	1	2.106e-07	2.106e-07
test01078	1	2.106e-07	2.106e-07
test01079	1	2.106e-07	2.106e-07
test01080	1	2.106e-07	2.106e-07
test01081	1	2.106e-07	2.106e-07
test01082	1	2.106e-07	2.106e-07
test01083	1	2.106e-07	2.106e-07
test01084	1	2.106e-07	2.106e-07
test01085	1	2.106e-07	2.106e-07
test01086	1	2.106e-07	2.106e-07
test01087	1	2.106e-07	2.106e-07
test01088	1	2.106e-07	2.106e-07
test01089	1	2.106e-07	2.106e-07
test01090	1	2.106e-07	2.106e-07
test01091	1	2.106e-07	2.106e-07
test01092	1	2.106e-07	2.106e-07
test01093	1	2.106e-07	2.106e-07
test01094	1	2.106e-07	2.106e-07
test01095	1	2.106e-07	2.106e-07
test01096	1	2.106e-07	2.106e-07
test01097	1	2.106e-07	2.106e-07
test01098	1	2.106e-07	2.106e-07
test01099	1	2.106e-07	2.106e-07
test01100	1	2.106e-07	2.106e-07
test01101	1	2.106e-07	2.106e-07
test01102	1	2.106e-07	2.106e-07
test01103	1	2.106e-07	2.106e-07
test01104	1	2.106e-07	2.106e-07
test01105	1	2.106e-07	2.106e-07
test01106	1	2.106e-07	2.106e-07
test01107	1	2.106e-07	2.106e-07
test01108	1	2.106e-07	2.106e-07
test01109	1	2.106e-07	2.106e-07
test01110	1	2.106e-07	2.106e-07
test01111	1	2.106e-07	2.106e-07
test01112	1	2.106e-07	2.106e-07
test01113	1	2.106e-07	2.106e-07
test01114	1	2.106e-07	2.106e-07
test01115	1	2.106e-07	2.106e-07
test01116	1	2.106e-07	2.106e-07
test01117	1	2.106e-07	2.106e-07
test01118	1	2.106e-07	2.106e-07
test01119	1	2.106e-07	2.106e-07
test01120	1	2.106e-07	2.106e-07
test01121	1	2.106e-07	2.106e-07
test01122	1	2.106e-07	2.106e-07
test01123	1	2.106e-07	2.106e-07
test01124	1	2.106e-07	2.106e-07
test01125	1	2.106e-07	2.106e-07
test01126	1	2.106e-07	2.106e-07
test01127	1	2.106e-07	2.106e-07
test01128	1	2.106e-07	2.106e-07
test01129	1	2.106e-07	2.106e-07
test01130	1	2.106e-07	2.106e-07
test01131	1	2.106e-07	2.106e-07
test01132	1	2.106e-07	2.106e-07
test01133	1	2.106e-07	2.106e-07
test01134	1	2.106e-07	2.106e-07
test01135	1	2.106e-07	2.106e-07
test01136	1	2.106e-07	2.106e-07
test01137	1	2.106e-07	2.106e-07
test01138	1	2.106e-07	2.106e-07
test01139	1	2.106e-07	2.106e-07
test01140	1	2.106e-07	2.106e-07
test01141	1	2.106e-07	2.106e-07
test01142	1	2.106e-07	2.106e-07
test01143	1	2.106e-07	2.106e-07
test01144	1	2.106e-07	2.106e-07
test01145	1	2.106e-07	2.106e-07
test01146	1	2.106e-07	2.106e-07
test01147	1	2.106e-07	2.106e-07
test01148	1	2.106e-07	2.106e-07
test01149	1	2.106e-07	2.106e-07
test01150	1	2.106e-07	2.106e-07
test01151	1	2.106e-07	2.106e-07
test01152	1	2.106e-07	2.106e-07
test01153	1	2.106e-07	2.106e-07
test01154	1	2.106e-07	2.106e-07
test01155	1	2.106e-07	2.106e-07
test01156	1	2.106e-07	2.106e-07
test01157	1	2.106e-07	2.106e-07
test01158	1	2.106e-07	2.106e-07
test01159	1	2.106e-07	2.106e-07
test01160	1	2.106e-07	2.106e-07
test01161	1	2.106e-07	2.106e-07
test01162	1	2.106e-07	2.106e-07
test01163	1	2.106e-07	2.106e-07
test01164	1	2.106e-07	2.106e-07
test01165	1	2.106e-07	2.106e-07
test01166	1	2.106e-07	2.106e-07
test01167	1	2.106e-07	2.106e-07
test01168	1	2.106e-07	2.106e-07
test01169	1	2.106e-07	2.106e-07
test01170	1	2.106e-07	2.106e-07
test01171	1	2.106e-07	2.106e-07
test01172	1	2.106e-07	2.106e-07
test01173	1	2.106e-07	2.106e-07
test01174	1	2.106e-07	2.106e-07
test01175	1	2.106e-07	2.106e-07
test01176	1	2.106e-07	2.106e-07
test01177	1	2.106e-07	2.106e-07
test01178	1	2.106e-07	2.106e-07
test01179	1	2.106e-07	2.106e-07
test01180	1	2.106e-07	2.106e-07
test01181	1	2.106e-07	2.106e-07
test01182	1	2.106e-07	2.106e-07
test01183	1	2.106e-07	2.106e-07
test01184	1	2.106e-07	2.106e-07
test01185	1	2.106e-07	2.106e-07
test01186	1	2.106e-07	2.106e-07
test01187	1	2.106e-07	2.106e-07
test01188	1	2.106e-07	2.106e-07
test01189	1	2.106e-07	2.106e-07
test01190	1	2.106e-07	2.106e-07
test01191	1	2.106e-07	2.106e-07
test01192	1	2.106e-07	2.106e-07
test01193	1	2.106e-07	2.106e-07
test01194	1	2.106e-07	2.106e-07
test01195	1	2.106e-07	2.106e-07
test01196	1	2.106e-07	2.106e-07
test01197	1	2.106e-07	2.106e-07
test01198	1	2.106e-07	2.106e-07
test01199	1	2.106e-07	2.106e-07
test01200	1	2.106e-07	2.106e-07
test01201	1	2.106e-07	2.106e-07
test01202	1	2.106e-07	2.106e-07
test01203	1	2.106e-07	2.106e-07
test01204	1	2.106e-07	2.106e-07
test01205	1	2.106e-07	2.106e-07
test01206	1	2.106e-07	2.106e-07
test01207	1	2.106e-07	2.106e-07
test01208	1	2.106e-07	2.106e-07
test01209	1	2.106e-07	2.106e-07
test01210	1	2.106e-07	2.106e-07
test01211	1	2.106e-07	2.106e-07
test01212	1	2.106e-07	2.106e-07
test01213	1	2.106e-07	2.106e-07
test01214	1	2.106e-07	2.106e-07
test01215	1	2.106e-07	2.106e-07
test01216	1	2.106e-07	2.106e-07
test01217	1	2.106e-07	2.106e-07
test01218	1	2.106e-07	2.106e-07
test01219	1	2.106e-07	2.106e-07
test01220	1	2.106e-07	2.106e-07
test01221	1	2.106e-07	2.106e-07
test01222	1	2.106e-07	2.106e-07
test01223	1	2.106e-07	2.106e-07
test01224	1	2.106e-07	2.106e-07
test01225	1	2.106e-07	2.106e-07
test01226	1	2.106e-07	2.106e-07
test01227	1	2.106e-07	2.106e-07
test01228	1	2.106e-07	2.106e-07
test01229	1	2.106e-07	2.106e-07
test01230	1	2.106e-07	2.106e-07
test01231	1	2.106e-07	2.106e-07
test01232	1	2.106e-07	2.106e-07
test01233	1	2.106e-07	2.106e-07
test01234	1	2.106e-07	2.106e-07
test01235	1	2.106e-07	2.106e-07
test01236	1	2.106e-07	2.106e-07
test01237	1	2.106e-07	2.106e-07
test01238	1	2.106e-07	2.106e-07
test01239	1	2.106e-07	2.106e-07
test01240	1	2.106e-07	2.106e-07
test01241	1	2.106e-07	2.106e-07
test01242	1	2.106e-07	2.106e-07
test01243	1	2.106e-07	2.106e-07
test01244	1	2.106e-07	2.106e-07
test01245	1	2.106e-07	2.106e-07
test01246	1	2.106e-07	2.106e-07
test01247	1	2.106e-07	2.106e-07
test01248	1	2.106e-07	2.106e-07
test01249	1	2.106e-07	2.106e-07
test01250	1	2.106e-07	2.106e-07
test01251	1	2.106e-07	2.106e-07
test01252	1	2.106e-07	2.106e-07
test01253	1	2.106e-07	2.106e-07
test01254	1	2.106e-07	2.106e-07
test01255	1	2.106e-07	2.106e-07
test01256	1	2.106e-07	2.106e-07
test01257	1	2.106e-07	2.106e-07
test01258	1	2.106e-07	2.106e-07
test01259	1	2.106e-07	2.106e-07
test01260	1	2.106e-07	2.106e-07
test01261	1	2.106e-07	2.106e-07
test01262	1	2.106e-07	2.106e-07
test01263	1	2.106e-07	2.106e-07
test01264	1	2.106e-07	2.106e-07
test01265	1	2.106e-07	2.106e-07
test01266	1	2.106e-07	2.106e-07
test01267	1	2.106e-07	2.106e-07
test01268	1	2.106e-07	2.106e-07
test01269	1	2.106e-07	2.106e-07
test01270	1	2.106e-07	2.106e-07
test01271	1	2.106e-07	2.106e-07
test01272	1	2.106e-07	2.106e-07
test01273	1	2.106e-07	2.106e-07
test01274	1	2.106e-07	2.106e-07
test01275	1	2.106e-07	2.106e-07
test01276	1	2.106e-07	2.106e-07
test01277	1	2.106e-07	2.106e-07
test01278	1	2.106e-07	2.106e-07
test01279	1	2.106e-07	2.106e-07
test01280	1	2.106e-07	2.106e-07
test01281	1	2.106e-07	2.106e-07
test01282	1	2.106e-07	2.106e-07
test01283	1	2.106e-07	2.106e-07
test01284	1	2.106e-07	2.106e-07
test01285	1	2.106e-07	2.106e-07
test01286	1	2.106e-07	2.106e-07
test01287	1	2.106e-07	2.106e-07
test01288	1	2.106e-07	2.106e-07
test01289	1	2.106e-07	2.106e-07
test01290	1	2.106e-07	2.106e-07
test01291	1	2.106e-07	2.106e-07
test01292	1	2.106e-07	2.106e-07
test01293	1	2.106e-07	2.106e-07
test01294	1	2.106e-07	2.106e-07
test01295	1	2.106e-07	2.106e-07
test01296	1	2.106e-07	2.106e-07
test01297	1	2.106e-07	2.106e-07
test01298	1	2.106e-07	2.106e-07
test01299	1	2.106e-07	2.106e-07
test01300	1	2.106e-07	2.106e-07
test01301	1	2.106e-07	2.106e-07
test01302	1	2.106e-07	2.106e-07
test01303	1	2.106e-07	2.106e-07
test01304	1	2.106e-07	2.106e-07
test01305	1	2.106e-07	2.106e-07
test01306	1	2.106e-07	2.106e-07
test01307	1	2.106e-07	2.106e-07
test01308	1	2.106e-07	2.106e-07
test01309	1	2.106e-07	2.106e-07
test01310	1	2.106e-07	2.106e-07
test01311	1	2.106e-07	2.106e-07
test01312	1	2.106e-07	2.106e-07
test01313	1	2.106e-07	2.106e-07
test01314	1	2.106e-07	2.106e-07
test01315	1	2.106e-07	2.106e-07
test01316	1	2.106e-07	2.106e-07
test01317	1	2.106e-07	2.106e-07
test01318	1	2.106e-07	2.106e-07
test01319	1	2.106e-07	2.106e-07
test01320	1	2.106e-07	2.106e-07
test01321	1	2.106e-07	2.106e-07
test01322	1	2.106e-07	2.106e-07
test01323	1	2.106e-07	2.106e-07
test01324	1	2.106e-07	2.106e-07
test01325	1	2.106e-07	2.106e-07
test01326	1	2.106e-07	2.106e-07
test01327	1	2.106e-07	2.106e-07
test01328	1	2.106e-07	2.106e-07
test01329	1	2.106e-07	2.106e-07
test01330	1	2.106e-07	2.106e-07
test01331	1	2.106e-07	2.106e-07
test01332	1	2.106e-07	2.106e-07
test01333	1	2.106e-07	2.106e-07
test01334	1	2.106e-07	2.106e-07
test01335	1	2.106e-07	2.106e-07
test01336	1	2.106e-07	2.106e-07
test01337	1	2.106e-07	2.106e-07
test01338	1	2.106e-07	2.106e-07
test01339	1	2.106e-07	2.106e-07
test01340	1	2.106e-07	2.106e-07
test01341	1	2.106e-07	2.106e-07
test01342	1	2.106e-07	2.106e-07
test01343	1	2.106e-07	2.106e-07
test01344	1	2.106e-07	2.106e-07
test01345	1	2.106e-07	2.106e-07
test01346	1	2.106e-07	2.106e-07
test01347	1	2.106e-07	2.106e-07
test01348	1	2.106e-07	2.106e-07
test01349	1	2.106e-07	2.106e-07
test01350	1	2.106e-07	2.106e-07
test01351	1	2.106e-07	2.106e-07
test01352	1	2.106e-07	2.106e-07
test01353	1	2.106e-07	2.106e-07
test01354	1	2.106e-07	2.106e-07
test01355	1	2.106e-07	2.106e-07
test01356	1	2.106e-07	2.106e-07
test01357	1	2.106e-07	2.106e-07
test01358	1	2.106e-07	2.106e-07
test01359	1	2.106e-07	2.106e-07
test01360	1	2.106e-07	2.106e-07
test01361	1	2.106e-07	2.106e-07
test01362	1	2.106e-07	2.106e-07
test01363	1	2.106e-07	2.106e-07
test01364	1	2.106e-07	2.106e-07
test01365	1	2.106e-07	2.106e-07
test01366	1	2.106e-07	2.106e-07
test01367	1	2.106e-07	2.106e-07
test01368	1	2.106e-07	2.106e-07
test01369	1	2.106e-07	2.106e-07
test01370	1	2.106e-07	2.106e-07
test01371	1	2.106e-07	2.106e-07
test01372	1	2.106e-07	2.106e-07
test01373	1	2.106e-07	2.106e-07
test01374	1	2.106e-07	2.106e-07
test01375	1	2.106e-07	2.106e-07
test01376	1	2.106e-07	2.106e-07
test01377	1	2.106e-07	2.106e-07
test01378	1	2.106e-07	2.106e-07
test01379	1	2.106e-07	2.106e-07
test01380	1	2.106e-07	2.106e-07
test01381	1	2.106e-07	2.106e-07
test01382	1	2.106e-07	2.106e-07
test01383	1	2.106e-07	2.106e-07
test01384	1	2.106e-07	2.106e-07
test01385	1	2.106e-07	2.106e-07
test01386	1	2.106e-07	2.106e-07
test01387	1	2.106e-07	2.106e-07
test01388	1	2.106e-07	2.106e-07
test01389	1	2.106e-07	2.106e-07
test01390	1	2.106e-07	2.106e-07
test01391	1	2.106e-07	2.106e-07
test01392	1	2.106e-07	2.106e-07
test01393	1	2.106e-07	2.106e-07
test01394	1	2.106e-07	2.106e-07
test01395	1	2.106e-07	2.106e-07
test01396	1	2.106e-07	2.106e-07
test01397	1	2.106e-07	2.106e-07
test01398	1	2.106e-07	2.106e-07
test01399	1	2.106e-07	2.106e-07
test01400	1	2.106e-07	2.106e-07
test01401	1	2.106e-07	2.106e-07
test01402	1	2.106e-07	2.106e-07
test01403	1	2.106e-07	2.106e-07
test01404	1	2.106e-07	2.106e-07
test01405	1	2.106e-07	2.106e-07
test01406	1	2.106e-07	2.106e-07
test01407	1	2.106e-07	2.106e-07
test01408	1	2.106e-07	2.106e-07
test01409	1	2.106e-07	2.106e-07
test01410	1	2.106e-07	2.106e-07
test01411	1	2.106e-07	2.106e-07
test01412	1	2.106e-07	2.106e-07
test01413	1	2.106e-07	2.106e-07
test01414	1	2.106e-07	2.106e-07
test01415	1	2.106e-07	2.106e-07
test01416	1	2.106e-07	2.106e-07
test01417	1	2.106e-07	2.106e-07
test01418	1	2.106e-07	2.106e-07
test01419	1	2.106e-07	2.106e-07
test01420	1	2.106e-07	2.106e-07
test01421	1	2.106e-07	2.106e-07
test01422	1	2.106e-07	2.106e-07
test01423	1	2.106e-07	2.106e-07
test01424	1	2.106e-07	2.106e-07
test01425	1	2.106e-07	2.106e-07
test01426	1	2.106e-07	2.106e-07
test01427	1	2.106e-07	2.106e-07
test01428	1	2.106e-07	2.106e-07
test01429	1	2.106e-07	2.106e-07
test01430	1	2.106e-07	2.106e-07
test01431	1	2.106e-07	2.106e-07
test01432	1	2.106e-07	2.106e-07
test01433	1	2.106e-07	2.106e-07
test01434	1	2.106e-07	2.106e-07
test01435	1	2.106e-07	2.106e-07
test01436	1	2.106e-07	2.106e-07
test01437	1	2.106e-07	2.106e-07
test01438	1	2.106e-07	2.106e-07
test01439	1	2.106e-07	2.106e-07
test01440	1	2.106e-07	2.106e-07
test01441	1	2.106e-07	2.106e-07
test01442	1	2.106e-07	2.106e-07
test01443	1	2.106e-07	2.106e-07
test01444	1	2.106e-07	2.106e-07
test01445	1	2.106e-07	2.106e-07
test01446	1	2.106e-07	2.106e-07
test01447	1	2.106e-07	2.106e-07
test01448	1	2.106e-07	2.106e-07
test01449	1	2.106e-07	2.106e-07
test01450	1	2.106e-07	2.106e-07
test01451	1	2.106e-07	2.106e-07
test01452	1	2.106e-07	2.106e-07
test01453	1	2.106e-07	2.106e-07
test01454	1	2.106e-07	2.106e-07
test01455	1	2.106e-07	2.106e-07
test01456	1	2.106e-07	2.106e-07
test01457	1	2.106e-07	2.106e-07
test01458	1	2.106e-07	2.106e-07
test01459	1	2.106e-07	2.106e-07
test01460	1	2.106e-07	2.106e-07
test01461	1	2.106e-07	2.106e-07
test01462	1	2.106e-07	2.106e-07
test01463	1	2.106e-07	2.106e-07
test01464	1	2.106e-07	2.106e-07
test01465	1	2.106e-07	2.106e-07
test01466	1	2.106e-07	2.106e-07
test01467	1	2.106e-07	2.106e-07
test01468	1	2.106e-07	2.106e-07
test01469	1	2.106e-07	2.106e-07
test01470	1	2.106e-07	2.106e-07
test01471	1	2.106e-07	2.106e-07
test01472	1	2.106e-07	2.106e-07
test01473	1	2.106e-07	2.106e-07
test01474	1	2.106e-07	2.106e-07
test01475	1	2.106e-07	2.106e-07
test01476	1	2.106e-07	2.106e-07
test01477	1	2.106e-07	2.106e-07
test01478	1	2.106e-07	2.106e-07
test01479	1	2.106e-07	2.106e-07
test01480	1	2.106e-07	2.106e-07
test01481	1	2.106e-07	2.106e-07
test01482	1	2.106e-07	2.106e-07
test01483	1	2.106e-07	2.106e-07
test01484	1	2.106e-07	2.106e-07
test01485	1	2.106e-07	2.106e-07
test01486	1	2.106e-07	2.106e-07
test01487	1	2.106e-07	2.106e-07
test01488	1	2.106e-07	2.106e-07
test01489	1	2.106e-07	2.106e-07
test01490	1	2.106e-07	2.106e-07
test01491	1	2.106e-07	2.106e-07
test01492	1	2.106e-07	2.106e-07
test01493	1	2.106e-07	2.106e-07
test01494	1	2.106e-07	2.106e-07
test01495	1	2.106e-07	2.106e-07
test01496	1	2.106e-07	2.106e-07
test01497	1	2.106e-07	2.106e-07
test01498	1	2.106e-07	2.106e-07
test01499	1	2.106e-07	2.106e-07
test01500	1	2.106e-07	2.106e-07
test01501	1	2.106e-07	2.106e-07
test01502	1	2.106e-07	2.106e-07
test01503	1	2.106e-07	2.106e-07
test01504	1	2.106e-07	2.106e-07
test01505	1	2.106e-07	2.106e-07
test01506	1	2.106e-07	2.106e-07
test01507	1	2.106e-07	2.106e-07
test01508	1	2.106e-07	2.106e-07
test01509	1	2.106e-07	2.106e-07
test01510	1	2.106e-07	2.106e-07
test01511	1	2.106e-07	2.106e-07
test01512	1	2.106e-07	2.106e-07
test01513	1	2.106e-07	2.106e-07
test01514	1	2.106e-07	2.106e-07
test01515	1	2.106e-07	2.106e-07
test01516	1	2.106e-07	2.106e-07
test01517	1	2.106e-07	2.106e-07
test01518	1	2.106e-07	2.106e-07
test01519	1	2.106e-07	2.106e-07
test01520	1	2.106e-07	2.106e-07
test01521	1	2.106e-07	2.106e-07
test01522	1	2.106e-07	2.106e-07
test01523	1	2.106e-07	2.106e-07
test01524	1	2.106e-07	2.106e-07
test01525	1	2.106e-07	2.106e-07
test01526	1	2.106e-07	2.106e-07
test01527	1	2.106e-07	2.106e-07
test01528	1	2.106e-07	2.106e-07
test01529	1	2.106e-07	2.106e-07
test01530	1	2.106e-07	2.106e-07
test01531	1	2.106e-07	2.106e-07
test01532	1	2.106e-07	2.106e-07
test01533	1	2.106e-07	2.106e-07
test01534	1	2.106e-07	2.106e-07
test01535	1	2.106e-07	2.106e-07
test01536	1	2.106e-07	2.106e-07
test01537	1	2.106e-07	2.106e-07
test01538	1	2.106e-07	2.106e-07
test01539	1	2.106e-07	2.106e-07
test01540	1	2.106e-07	2.106e-07
test01541	1	2.106e-07	2.106e-07
test01542	1	2.106e-07	2.106e-07
test01543	1	2.106e-07	2.106e-07
test01544	1	2.106e-07	2.106e-07
test01545	1	2.106e-07	2.106e-07
test01546	1	2.106e-07	2.106e-07
test01547	1	2.106e-07	2.106e-07
test01548	1	2.106e-07	2.106e-07
test01549	1	2.106e-07	2.106e-07
test01550	1	2.106e-07	2.106e-07
test01551	1	2.106e-07	2.106e-07
test01552	1	2.106e-07	2.106e-07
test01553	1	2.106e-07	2.106e-07
test01554	1	2.106e-07	2.106e-07
test01555	1	2.106e-07	2.106e-07
test01556	1	2.106e-07	2.106e-07
test01557	1	2.106e-07	2.106e-07
test01558	1	2.106e-07	2.106e-07
test01559	1	2.106e-07	2.106e-07
test01560	1	2.106e-07	2.106e-07
test01561	1	2.106e-07	2.106e-07
test01562	1	2.106e-07	2.106e-07
test01563	1	2.106e-07	2.106e-07
test01564	1	2.106e-07	2.106e-07
test01565	1	2.106e-07	2.106e-07
test01566	1	2.106e-07	2.106e-07
test01567	1	2.106e-07	2.106e-07
test01568	1	2.106e-07	2.106e-07
test01569	1	2.106e-07	2.106e-07
test01570	1	2.106e-07	2.106e-07
test01571	1	2.106e-07	2.106e-07
test01572	1	2.106e-07	2.106e-07
test01573	1	2.106e-07	2.106e-07
test01574	1	2.106e-07	2.106e-07
test01575	1	2.106e-07	2.106e-07
test01576	1	2.106e-07	2.106e-07
test01577	1	2.106e-07	2.106e-07
test01578	1	2.106e-07	2.106e-07
test01579	1	2.106e-07	2.106e-07
test01580	1	2.106e-07	2.106e-07
test01581	1	2.106e-07	2.106e-07
test01582	1	2.106e-07	2.106e-07
test01583	1	2.106e-07	2.106e-07
test01584	1	2.106e-07	2.106e-07
test01585	1	2.106e-07	2.106e-07
test01586	1	2.106e-07	2.106e-07
test01587	1	2.106e-07	2.106e-07
test01588	1	2.106e-07	2.106e-07
test01589	1	2.106e-07	2.106e-07
test01590	1	2.106e-07	2.106e-07
test01591	1	2.106e-07	2.106e-07
test01592	1	2.106e-07	2.106e-07
test01593	1	2.106e-07	2.106e-07
test01594	1	2.106e-07	2.106e-07
test01595	1	2.106e-07	2.106e-07
test01596	1	2.106e-07	2.106e-07
test01597	1	2.106e-07	2.106e-07
test01598	1	2.106e-07	2.106e-07
test01599	1	2.106e-07	2.106e-07
test01600	1	2.106e-07	2.106e-07
test01601	1	2.106e-07	2.106e-07
test01602	1	2.106e-07	2.106e-07
test01603	1	2.106e-07	2.106e-07
test01604	1	2.106e-07	2.106e-07
test01605	1	2.106e-07	2.106e-07
test01606	1	2.106e-07	2.106e-07
test01607	1	2.106e-07	2.106e-07
test01608	1	2.106e-07	2.106e-07
test01609	1	2.106e-07	2.106e-07
test01610	1	2.106e-07	2.106e-07
test01611	1	2.106e-07	2.106e-07
test01612	1	2.106e-07	2.106e-07
test01613	1	2.106e-07	2.106e-07
test01614	1	2.106e-07	2.106e-07
test01615	1	2.106e-07	2.106e-07
test01616	1	2.106e-07	2.106e-07
test01617	1	2.106e-07	2.106e-07
test01618	1	2.106e-07	2.106e-07
test01619	1	2.106e-07	2.106e-07
test01620	1	2.106e-07	2.106e-07
test01621	1	2.106e-07	2.106e-07
test01622	1	2.106e-07	2.106e-07
test01623	1	2.106e-07	2.106e-07
test01624	1	2.106e-07	2.106e-07
test01625	1	2.106e-07	2.106e-07
test01626	1	2.106e-07	2.106e-07
test01627	1	2.106e-07	2.106e-07
test01628	1	2.106e-07	2.106e-07
test01629	1	2.106e-07	2.106e-07
test01630	1	2.106e-07	2.106e-07
test01631	1	2.106e-07	2.106e-07
test01632	1	2.106e-07	2.106e-07
test01633	1	2.106e-07	2.106e-07
test01634	1	2.106e-07	2.106e-07
test01635	1	2.106e-07	2.106e-07
test01636	1	2.106e-07	2.106e-07
test01637	1	2.106e-07	2.106e-07
test01638	1	2.106e-07	2.106e-07
test01639	1	2.106e-07	2.106e-07
test01640	1	2.106e-07	2.106e-07
test01641	1	2.106e-07	2.106e-07
test01642	1	2.106e-07	2.106e-07
test01643	1	2.106e-07	2.106e-07
test01644	1	2.106e-07	2.106e-07
test01645	1	2.106e-07	2.106e-07
test01646	1	2.106e-07	2.106e-07
test01647	1	2.106e-07	2.106e-07
test01648	1	2.106e-07	2.106e-07
test01649	1	2.106e-07	2.106e-07
test01650	1	2.106e-07	2.106e-07
test01651	1	2.106e-07	2.106e-07
test01652	1	2.106e-07	2.106e-07
test01653	1	2.106e-07	2.106e-07
test01654	1	2.106e-07	2.106e-07
test01655	1	2.106e-07	2.106e-07
test01656	1	2.106e-07	2.106e-07
test01657	1	2.106e-07	2.106e-07
test01658	1	2.106e-07	2.106e-07
test01659	1	2.106e-07	2.106e-07
test01660	1	2.106e-07	2.106e-07
test01661	1	2.106e-07	2.106e-07
test01662	1	2.106e-07	2.106e-07
test01663	1	2.106e-07	2.106e-07
test01664	1	2.106e-07	2.106e-07
test01665	1	2.106e-07	2.106e-07
test01666	1	2.106e-07	2.106e-07
test01667	1	2.106e-07	2.106e-07
test01668	1	2.106e-07	2.106e-07
test01669	1	2.106e-07	2.106e-07
test01670	1	2.106e-07	2.106e-07
test01671	1	2.106e-07	2.106e-07
test01672	1	2.106e-07	2.106e-07
test01673	1	2.106e-07	2.106e-07
test01674	1	2.106e-07	2.106e-07
test01675	1	2.106e-07	2.106e-07
test01676	1	2.106e-07	2.106e-07
test01677	1	2.106e-07	2.106e-07
test01678	1	2.106e-07	2.106e-07
test01679	1	2.106e-07	2.106e-07
test01680	1	2.106e-07	2.106e-07
test01681	1	2.106e-07	2.106e-07
test01682	1	2.106e-07	2.106e-07
test01683	1	2.106e-07	2.106e-07
test01684	1	2.106e-07	2.106e-07
test01685	1	2.106e-07	2.106e-07
test01686	1	2.106e-07	2.106e-07
test01687	1	2.106e-07	2.106e-07
test01688	1	2.106e-07	2.106e-07
test01689	1	2.106e-07	2.106e-07
test01690	1	2.106e-07	2.106e-07
test01691	1	2.106e-07	2.106e-07
test01692	1	2.106e-07	2.106e-07
test01693	1	2.106e-07	2.106e-07
test01694	1	2.106e-07	2.106e-07
test01695	1	2.106e-07	2.106e-07
test01696	1	2.106e-07	2.106e-07
test01697	1	2.106e-07	2.106e-07
test01698	1	2.106e-07	2.106e-07
test01699	1	2.106e-07	2.106e-07
test01700	1	2.106e-07	2.106e-07
test01701	1	2.106e-07	2.106e-07
test01702	1	2.106e-07	2.106e-07
test01703	1	2.106e-07	2.106e-07
test01704	1	2.106e-07	2.106e-07
test01705	1	2.106e-07	2.106e-07
test01706	1	2.106e-07	2.106e-07
test01707	1	2.106e-07	2.106e-07
test01708	1	2.106e-07	2.106e-07
test01709	1	2.106e-07	2.106e-07
test01710	1	2.106e-07	2.106e-07
test01711	1	2.106e-07	2.106e-07
test01712	1	2.106e-07	2.106e-07
test01713	1	2.106e-07	2.106e-07
test01714	1	2.106e-07	2.106e-07
test01715	1	2.106e-07	2.106e-07
test01716	1	2.106e-07	2.106e-07
test01717	1	2.106e-07	2.106e-07
test01718	1	2.106e-07	2.106e-07
test01719	1	2.106e-07	2.106e-07
test01720	1	2.106e-07	2.106e-07
test01721	1	2.106e-07	2.106e-07
test01722	1	2.106e-07	2.106e-07
test01723	1	2.106e-07	2.106e-07
test01724	1	2.106e-07	2.106e-07
test01725	1	2.106e-07	2.106e-07
test01726	1	2.106e-07	2.106e-07
test01727	1	2.106e-07	2.106e-07
test01728	1	2.106e-07	2.106e-07
test01729	1	2.106e-07	2.106e-07
test01730	1	2.106e-07	2.106e-07
test01731	1	2.106e-07	2.106e-07
test01732	1	2.106e-07	2.106e-07
test01733	1	2.106e-07	2.106e-07
test01734	1	2.106e-07	2.106e-07
test01735	1	2.106e-07	2.106e-07
test01736	1	2.106e-07	2.106e-07
test01737	1	2.106e-07	2.106e-07
test01738	1	2.106e-07	2.106e-07
test01739	1	2.106e-07	2.106e-07
test01740	1	2.106e-07	2.106e-07
test01741	1	2.106e-07	2.106e-07
test01742	1	2.106e-07	2.106e-07
test01743	1	2.106e-07	2.106e-07
test01744	1	2.106e-07	2.106e-07
test01745	1	2.106e-07	2.106e-07
test01746	1	2.106e-07	2.106e-07
test01747	1	2.106e-07	2.106e-07
test01748	1	2.106e-07	2.106e-07
test01749	1	2.106e-07	2.106e-07
test01750	1	2.106e-07	2.106e-07
test01751	1	2.106e-07	2.106e-07
test01752	1	2.106e-07	2.106e-07
test01753	1	2.106e-07	2.106e-07
test01754	1	2.106e-07	2.106e-07
test01755	1	2.106e-07	2.106e-07
test01756	1	2.106e-07	2.106e-07
test01757	1	2.106e-07	2.106e-07
test01758	1	2.106e-07	2.106e-07
test01759	1	2.106e-07	2.106e-07
test01760	1	2.106e-07	2.106e-07
test01761	1	2.106e-07	2.106e-07
test01762	1	2.106e-07	2.106e-07
test01763	1	2.106e-07	2.106e-07
test01764	1	2.106e-07	2.106e-07
test01765	1	2.106e-07	2.106e-07
test01766	1	2.106e-07	2.106e-07
test01767	1	2.106e-07	2.106e-07
test01768	1	2.106e-07	2.106e-07
test01769	1	2.106e-07	2.106e-07
test01770	1	2.106e-07	2.106e-07
test01771	1	2.106e-07	2.106e-07
test01772	1	2.106e-07	2.106e-07
test01773	1	2.106e-07	2.106e-07
test01774	1	2.106e-07	2.106e-07
test01775	1	2.106e-07	2.106e-07
test01776	1	2.106e-07	2.106e-07
test01777	1	2.106e-07	2.106e-07
test01778	1	2.106e-07	2.106e-07
test01779	1	2.106e-07	2.106e-07
test01780	1	2.106e-07	2.106e-07
test01781	1	2.106e-07	2.106e-07
test01782	1	2.106e-07	2.106e-07
test01783	1	2.106e-07	2.106e-07
test01784	1	2.106e-07	2.106e-07
test01785	1	2.106e-07	2.106e-07
test01786	1	2.106e-07	2.106e-07
test01787	1	2.106e-07	2.106e-07
test01788	1	2.106e-07	2.106e-07
test01789	1	2.106e-07	2.106e-07
test01790	1	2.106e-07	2.106e-07
test01791	1	2.106e-07	2.106e-07
test01792	1	2.106e-07	2.106e-07
test01793	1	2.106e-07	2.106e-07
test01794	1	2.106e-07	2.106e-07
test01795	1	2.106e-07	2.106e-07
test01796	1	2.106e-07	2.106e-07
test01797	1	2.106e-07	2.106e-07
test01798	1	2.106e-07	2.106e-07
test01799	1	2.106e-07	2.106e-07
test01800	1	2.106e-07	2.106e-07
test01801	1	2.106e-07	2.106e-07
test01802	1	2.106e-07	2.106e-07
test01803	1	2.106e-07	2.106e-07
test01804	1	2.106e-07	2.106e-07
test01805	1	2.106e-07	2.106e-07
test01806	1	2.106e-07	2.106e-07
test01807	1	2.106e-07	2.106e-07
test01808	1	2.106e-07	2.106e-07
test01809	1	2.106e-07	2.106e-07
test01810	1	2.106e-07	2.106e-07
test01811	1	2.106e-07	2.106e-07
test01812	1	2.106e-07	2.106e-07
test01813	1	2.106e-07	2.106e-07
test01814	1	2.106e-07	2.106e-07
test01815	1	2.106e-07	2.106e-07
test01816	1	2.106e-07	2.106e-07
test01817	1	2.106e-07	2.106e-07
test01818	1	2.106e-07	2.106e-07
test01819	1	2.106e-07	2.106e-07
test01820	1	2.106e-07	2.106e-07
test01821	1	2.106e-07	2.106e-07
test01822	1	2.106e-07	2.106e-07
test01823	1	2.106e-07	2.106e-07
test01824	1	2.106e-07	2.106e-07
test01825	1	2.106e-07	2.106e-07
test01826	1	2.106e-07	2.106e-07
test01827	1	2.106e-07	2.106e-07
test01828	1	2.106e-07	2.106e-07
test01829	1	2.106e-07	2.106e-07
test01830	1	2.106e-07	2.106e-07
test01831	1	2.106e-07	2.106e-07
test01832	1	2.106e-07	2.106e-07
test01833	1	2.106e-07	2.106e-07
test01834	1	2.106e-07	2.106e-07
test01835	1	2.106e-07	2.106e-07
test01836	1	2.106e-07	2.106e-07
test01837	1	2.106e-07	2.106e-07
test01838	1	2.106e-07	2.106e-07
test01839	1	2.106e-07	2.106e-07
test01840	1	2.106e-07	2.106e-07
test01841	1	2.106e-07	2.106e-07
test01842	1	2.106e-07	2.106e-07
test01843	1	2.106e-07	2.106e-07
test01844	1	2.106e-07	2.106e-07
test01845	1	2.106e-07	2.106e-07
test01846	1	2.106e-07	2.106e-07
test01847	1	2.106e-07	2.106e-07
test01848	1	2.106e-07	2.106e-07
test01849	1	2.106e-07	2.106e-07
test01850	1	2.106e-07	2.106e-07
test01851	1	2.106e-07	2.106e-07
test01852	1	2.106e-07	2.106e-07
test01853	1	2.106e-07	2.106e-07
test01854	1	2.106e-07	2.106e-07
test01855	1	2.106e-07	2.106e-07
test01856	1	2.106e-07	2.106e-07
test01857	1	2.106e-07	2.106e-07
test01858	1	2.106e-07	2.106e-07
test01859	1	2.106e-07	2.106e-07
test01860	1	2.106e-07	2.106e-07
test01861	1	2.106e-07	2.106e-07
test01862	1	2.106e-07	2.106e-07
test01863	1	2.106e-07	2.106e-07
test01864	1	2.106e-07	2.106e-07
test01865	1	2.106e-07	2.106e-07
test01866	1	2.106e-07	2.106e-07
test01867	1	2.106e-07	2.106e-07
test01868	1	2.106e-07	2.106e-07
test01869	1	2.106e-07	2.106e-07
test01870	1	2.106e-07	2.106e-07
test01871	1	2.106e-07	2.106e-07
test01872	1	2.106e-07	2.106e-07
test01873	1	2.106e-07	2.106e-07
test01874	1	2.106e-07	2.106e-07
test01875	1	2.106e-07	2.106e-07
test01876	1	2.106e-07	2.106e-07
test01877	1	2.106e-07	2.106e-07
test01878	1	2.106e-07	2.106e-07
test01879	1	2.106e-07	2.106e-07
test01880	1	2.106e-07	2.106e-07
test01881	1	2.106e-07	2.106e-07
test01882	1	2.106e-07	2.106e-07
test01883	1	2.106e-07	2.106e-07
test01884	1	2.106e-07	2.106e-07
test01885	1	2.106e-07	2.106e-07
test01886	1	2.106e-07	2.106e-07
test01887	1	2.106e-07	2.106e-07
test01888	1	2.106e-07	2.106e-07
test01889	1	2.106e-07	2.106e-07
test01890	1	2.106e-07	2.106e-07
test01891	1	2.106e-07	2.106e-07
test01892	1	2.106e-07	2.106e-07
test01893	1	2.106e-07	2.106e-07
test01894	1	2.106e-07	2.106e-07
test01895	1	2.106e-07	2.106e-07
test01896	1	2.106e-07	2.106e-07
test01897	1	2.106e-07	2.106e-07
test01898	1	2.106e-07	2.106e-07
test01899	1	2.106e-07	2.106e-07
test01900	1	2.106e-07	2.106e-07
test01901	1	2.106e-07	2.106e-07
test01902	1	2.106e-07	2.106e-07
test01903	1	2.106e-07	2.106e-07
test01904	1	2.106e-07	2.106e-07
test01905	1	2.106e-07	2.106e-07
test01906	1	2.106e-07	2.106e-07
test01907	1	2.106e-07	2.106e-07
test01908	1	2.106e-07	2.106e-07
test01909	1	2.106e-07	2.106e-07
test01910	1	2.106e-07	2.106e-07
test01911	1	2.106e-07	2.106e-07
test01912	1	2.106e-07	2.106e-07
test01913	1	2.106e-07	2.106e-07
test01914	1	2.106e-07	2.106e-07
test01915	1	2.106e-07	2.106e-07
test01916	1	2.106e-07	2.106e-07
test01917	1	2.106e-07	2.106e-07
test01918	1	2.106e-07	2.106e-07
test01919	1	2.106e-07	2.106e-07
test01920	1	2.106e-07	2.106e-07
test01921	1	2.106e-07	2.106e-07
test01922	1	2.106e-07	2.106e-07
test01923	1	2.106e-07	2.106e-07
test01924	1	2.106e-07	2.106e-07
test01925	1	2.106e-07	2.106e-07
test01926	1	2.106e-07	2.106e-07
test01927	1	2.106e-07	2.106e-07
test01928	1	2.106e-07	2.106e-07
test01929	1	2.106e-07	2.106e-07
test01930	1	2.106e-07	2.106e-07
test01931	1	2.106e-07	2.106e-07
test01932	1	2.106e-07	2.106e-07
test01933	1	2.106e-07	2.106e-07
test01934	1	2.106e-07	2.106e-07
test01935	1	2.106e-07	2.106e-07
test01936	1	2.106e-07	2.106e-07
test01937	1	2.106e-07	2.106e-07
test01938	1	2.106e-07	2.106e-07
test01939	1	2.106e-07	2.106e-07
test01940	1	2.106e-07	2.106e-07
test01941	1	2.106e-07	2.106e-07
test01942	1	2.106e-07	2.106e-07
test01943	1	2.106e-07	2.106e-07
test01944	1	2.106e-07	2.106e-07
test01945	1	2.106e-07	2.106e-07
test01946	1	2.106e-07	2.106e-07
test01947	1	2.106e-07	2.106e-07
test01948	1	2.106e-07	2.106e-07
test01949	1	2.106e-07	2.106e-07
test01950	1	2.106e-07	2.106e-07
test01951	1	2.106e-07	2.106e-07
test01952	1	2.106e-07	2.106e-07
test01953	1	2.106e-07	2.106e-07
test01954	1	2.106e-07	2.106e-07
test01955	1	2.106e-07	2.106e-07
test01956	1	2.106e-07	2.106e-07
test01957	1	2.106e-07	2.106e-07
test01958	1	2.106e-07	2.106e-07
test01959	1	2.106e-07	2.106e-07
test01960	1	2.106e-07	2.106e-07
test01961	1	2.106e-07	2.106e-07
test01962	1	2.106e-07	2.106e-07
test01963	1	2.106e-07	2.106e-07
test01964	1	2.106e-07	2.106e-07
test01965	1	2.106e-07	2.106e-07
test01966	1	2.106e-07	2.106e-07
test01967	1	2.106e-07	2.106e-07
test01968	1	2.106e-07	2.106e-07
test01969	1	2.106e-07	2.106e-07
test01970	1	2.106e-07	2.106e-07
test01971	1	2.106e-07	2.106e-07
test01972	1	2.106e-07	2.106e-07
test01973	1	2.106e-07	2.106e-07
test01974	1	2.106e-07	2.106e-07
test01975	1	2.106e-07	2.106e-07
test01976	1	2.106e-07	2.106e-07
test01977	1	2.106e-07	2.106e-07
test01978	1	2.106e-07	2.106e-07
test01979	1	2.106e-07	2.106e-07
test01980	1	2.106e-07	2.106e-07
test01981	1	2.106e-07	2.106e-07
test01982	1	2.106e-07	2.106e-07
test01983	1	2.106e-07	2.106e-07
test01984	1	2.106e-07	2.106e-07
test01985	1	2.106e-07	2.106e-07
test01986	1	2.106e-07	2.106e-07
test01987	1	2.106e-07	2.106e-07
test01988	1	2.106e-07	2.106e-07
test01989	1	2.106e-07	2.106e-07
test01990	1	2.106e-07	2.106e-07
test01991	1	2.106e-07	2.106e-07
test01992	1	2.106e-07	2.106e-07
test01993	1	2.106e-07	2.106e-07
test01994	1	2.106e-07	2.106e-07
test01995	1	2.106e-07	2.106e-07
test01996	1	2.106e-07	2.106e-07
test01997	1	2.106e-07	2.106e-07
test01998	1	2.106e-07	2.106e-07
test01999	1	2.106e-07	2.106e-07
test02000	1	2.106e-07	2.106e-07
test02001	1	2.106e-07	2.106e-07
test02002	1	2.106e-07	2.106e-07
test02003	1	2.106e-07	2.106e-07
test02004	1	2.106e-07	2.106e-07
test02005	1	2.106e-07	2.106e-07
test02006	1	2.106e-07	2.106e-07
test02007	1	2.106e-07	2.106e-07
test02008	1	2.106e-07	2.106e-07
test02009	1	2.106e-07	2.106e-07
test02010	1	2.106e-07	2.106e-07
test02011	1	2.106e-07	2.106e-07
test02012	1	2.106e-07	2.106e-07
test02013	1	2.106e-07	2.106e-07
test02014	1	2.106e-07	2.106e-07
test02015	1	2.106e-07	2.106e-07
test02016	1	2.106e-07	2.106e-07
test02017	1	2.106e-07	2.106e-07
test02018	1	2.106e-07	2.106e-07
test02019	1	2.106e-07	2.106e-07
test02020	1	2.106e-07	2.106e-07
test02021	1	2.106e-07	2.106e-07
test02022	1	2.106e-07	2.106e-07
test02023	1	2.106e-07	2.106e-07
test02024	1	2.106e-07	2.106e-07
test02025	1	2.106e-07	2.106e-07
test02026	1	2.106e-07	2.106e-07
test02027	1	2.106e-07	2.106e-07
test02028	1	2.106e-07	2.106e-07
test02029	1	2.106e-07	2.106e-07
test02030	1	2.106e-07	2.106e-07
test02031	1	2.106e-07	2.106e-07
test02032	1	2.106e-07	2.106e-07
test02033	1	2.106e-07	2.106e-07
test02034	1	2.106e-07	2.106e-07
test02035	1	2.106e-07	2.106e-07
test02036	1	2.106e-07	2.106e-07
test02037	1	2.106e-07	2.106e-07
test02038	1	2.106e-07	2.106e-07
test02039	1	2.106e-07	2.106e-07
test02040	1	2.106e-07	2.106e-07
test02041	1	2.106e-07	2.106e-07
test02042	1	2.106e-07	2.106e-07
test02043	1	2.106e-07	2.106e-07
test02044	1	2.106e-07	2.106e-07
test02045	1	2.106e-07	2.106e-07
test02046	1	2.106e-07	2.106e-07
test02047	1	2.106e-07	2.106e-07
test02048	1	2.106e-07	2.106e-07
test02049	1	2.106e-07	2.106e-07
test02050	1	2.106e-07	2.106e-07
test02051	1	2.106e-07	2.106e-07
test02052	1	2.106e-07	2.106e-07
test02053	1	2.106e-07	2.106e-07
test02054	1	2.106e-07	2.106e-07
test02055	1	2.106e-07	2.106e-07
test02056	1	2.106e-07	2.106e-07
test02057	1	2.106e-07	2.106e-07
test02058	1	2.106e-07	2.106e-07
test02059	1	2.106e-07	2.106e-07
test02060	1	2.106e-07	2.106e-07
test02061	1	2.106e-07	2.106e-07
test02062	1	2.106e-07	2.106e-07
test02063	1	2.106e-07	2.106e-07
test02064	1	2.106e-07	2.106e-07
test02065	1	2.106e-07	2.106e-07
test02066	1	2.106e-07	2.106e-07
test02067	1	2.106e-07	2.106e-07
test02068	1	2.106e-07	2.106e-07
test02069	1	2.106e-07	2.106e-07
test02070	1	2.106e-07	2.106e-07
test02071	1	2.106e-07	2.106e-07
test02072	1	2.106e-07	2.106e-07
test02073	1	2.106e-07	2.106e-07
test02074	1	2.106e-07	2.106e-07
test02075	1	2.106e-07	2.106e-07
test02076	1	2.106e-07	2.106e-07
test02077	1	2.106e-07	2.106e-07
test02078	1	2.106e-07	2.106e-07
test02079	1	2.106e-07	2.106e-07
test02080	1	2.106e-07	2.106e-07
test02081	1	2.106e-07	2.106e-07
test02082	1	2.106e-07	2.106e-07
test02083	1	2.106e-07	2.106e-07
test02084	1	2.106e-07	2.106e-07
test02085	1	2.106e-07	2.106e-07
test02086	1	2.106e-07	2.106e-07
test02087	1	2.106e-07	2.106e-07
test02088	1	2.106e-07	2.106e-07
test02089	1	2.106e-07	2.106e-07
test02090	1	2.106e-07	2.106e-07
test02091	1	2.106e-07	2.106e-07
test02092	1	2.106e-07	2.106e-07
test02093	1	2.106e-07	2.106e-07
test02094	1	2.106e-07	2.106e-07
test02095	1	2.106e-07	2.106e-07
test02096	1	2.106e-07	2.106e-07
test02097	1	2.106e-07	2.106e-07
test02098	1	2.106e-07	2.106e-07
test02099	1	2.106e-07	2.106e-07
test02100	1	2.106e-07	2.106e-07
test02101	1	2.106e-07	2.106e-07
test02102	1	2.106e-07	2.106e-07
test02103	1	2.106e-07	2.106e-07
test02104	1	2.106e-07	2.106e-07
test02105	1	2.106e-07	2.106e-07
test02106	1	2.106e-07	2.106e-07
test02107	1	2.106e-07	2.106e-07
test02108	1	2.106e-07	2.106e-07
test02109	1	2.106e-07	2.106e-07
test02110	1	2.106e-07	2.106e-07
test02111	1	2.106e-07	2.106e-07
test02112	1	2.106e-07	2.106e-07
test02113	1	2.106e-07	2.106e-07
test02114	1	2.106e-07	2.106e-07
test02115	1	2.106e-07	2.106e-07
test02116	1	2.106e-07	2.106e-07
test02117	1	2.106e-07	2.106e-07
test02118	1	2.106e-07	2.106e-07
test02119	1	2.106e-07	2.106e-07
test02120	1	2.106e-07	2.106e-07
test02121	1	2.106e-07	2.106e-07
test02122	1	2.106e-07	2.106e-07
test02123	1	2.106e-07	2.106e-07
test02124	1	2.106e-07	2.106e-07
test02125	1	2.106e-07	2.106e-07
test02126	1	2.106e-07	2.106e-07
test02127	1	2.106e-07	2.106e-07
test02128	1	2.106e-07	2.106e-07
test02129	1	2.106e-07	2.106e-07
test02130	1	2.106e-07	2.106e-07
test02131	1	2.106e-07	2.106e-07
test02132	1	2.106e-07	2.106e-07
test02133	1	2.106e-07	2.106e-07
test02134	1	2.106e-07	2.106e-07
test02135	1	2.106e-07	2.106e-07
test02136	1	2.106e-07	2.106e-07
test02137	1	2.106e-07	2.106e-07
test02138	1	2.106e-07	2.106e-07
test02139	1	2.106e-07	2.106e-07
test02140	1	2.106e-07	2.106e-07
test02141	1	2.106e-07	2.106e-07
test02142	1	2.106e-07	2.106e-07
test02143	1	2.106e-07	2.106e-07
test02144	1	2.106e-07	2.106e-07
test02145	1	2.106e-07	2.106e-07
test02146	1	2.106e-07	2.106e-07
test02147	1	2.106e-07	2.106e-07
test02148	1	2.106e-07	2.106e-07
test02149	1	2.106e-07	2.106e-07
test02150	1	2.106e-07	2.106e-07
test02151	1	2.106e-07	2.106e-07
test02152	1	2.106e-07	2.106e-07
test02153	1	2.106e-07	2.106e-07
test02154	1	2.106e-07	2.106e-07
test02155	1	2.106e-07	2.106e-07
test02156	1	2.106e-07	2.106e-07
test02157	1	2.106e-07	2.106e-07
test02158	1	2.106e-07	2.106e-07
test02159	1	2.106e-07	2.106e-07
test02160	1	2.106e-07	2.106e-07
test02161	1	2.106e-07	2.106e-07
test02162	1	2.106e-07	2.106e-07
test02163	1	2.106e-07	2.106e-07
test02164	1	2.106e-07	2.106e-07
test02165	1	2.106e-07	2.106e-07
test02166	1	2.106e-07	2.106e-07
test02167	1	2.106e-07	2.106e-07
test02168	1	2.106e-07	2.106e-07
test02169	1	2.106e-07	2.106e-07
test02170	1	2.106e-07	2.106e-07
test02171	1	2.106e-07	2.106e-07
test02172	1	2.106e-07	2.106e-07
test02173	1	2.106e-07	2.106e-07
test02174	1	2.106e-07	2.106e-07
test02175	1	2.106e-07	2.106e-07
test02176	1	2.106e-07	2.106e-07
test02177	1	2.106e-07	2.106e-07
test02178	1	2.106e-07	2.106e-07
test02179	1	2.106e-07	2.106e-07
test02180	1	2.106e-07	2.106e-07
test02181	1	2.106e-07	2.106e-07
test02182	1	2.106e-07	2.106e-07
test02183	1	2.106e-07	2.106e-07
test02184	1	2.106e-07	2.106e-07
test02185	1	2.106e-07	2.106e-07
test02186	1	2.106e-07	2.106e-07
test02187	1	2.106e-07	2.106e-07
test02188	1	2.106e-07	2.106e-07
test02189	1	2.106e-07	2.106e-07
test02190	1	2.106e-07	2.106e-07
test02191	1	2.106e-07	2.106e-07
test02192	1	2.106e-07	2.106e-07
test02193	1	2.106e-07	2.106e-07
test02194	1	2.106e-07	2.106e-07
test02195	1	2.106e-07	2.106e-07
test02196	1	2.106e-07	2.106e-07
test02197	1	2.106e-07	2.106e-07
test02198	1	2.106e-07	2.106e-07
test02199	1	2.106e-07	2.106e-07
test02200	1	2.106e-07	2.106e-07
test02201	1	2.106e-07	2.106e-07
test02202	1	2.106e-07	2.106e-07
test02203	1	2.106e-07	2.106e-07
test02204	1	2.106e-07	2.106e-07
test02205	1	2.106e-07	2.106e-07
test02206	1	2.106e-07	2.106e-07
test02207	1	2.106e-07	2.106e-07
test02208	1	2.106e-07	2.106e-07
test02209	1	2.106e-07	2.106e-07
test02210	1	2.106e-07	2.106e-07
test02211	1	2.106e-07	2.106e-07
test02212	1	2.106e-07	2.106e-07
test02213	1	2.106e-07	2.106e-07
test02214	1	2.106e-07	2.106e-07
test02215	1	2.106e-07	2.106e-07
test02216	1	2.106e-07	2.106e-07
test02217	1	2.106e-07	2.106e-07
test02218	1	2.106e-07	2.106e-07
test02219	1	2.106e-07	2.106e-07
test02220	1	2.106e-07	2.106e-07
test02221	1	2.106e-07	2.106e-07
test02222	1	2.106e-07	2.106e-07
test02223	1	2.106e-07	2.106e-07
test02224	1	2.106e-07	2.106e-07
test02225	1	2.106e-07	2.106e-07
test02226	1	2.106e-07	2.106e-07
test02227	1	2.106e-07	2.106e-07
test02228	1	2.106e-07	2.106e-07
test02229	1	2.106e-07	2.106e-07
test02230	1	2.106e-07	2.106e-07
test02231	1	2.106e-07	2.106e-07
test02232	1	2.106e-07	2.106e-07
test02233	1	2.106e-07	2.106e-07
test02234	1	2.106e-07	2.106e-07
test02235	1	2.106e-07	2.106e-07
test02236	1	2.106e-07	2.106e-07
test02237	1	2.106e-07	2.106e-07
test02238	1	2.106e-07	2.106e-07
test02239	1	2.106e-07	2.106e-07
test02240	1	2.106e-07	2.106e-07
test02241	1	2.106e-07	2.106e-07
test02242	1	2.106e-07	2.106e-07
test02243	1	2.106e-07	2.106e-07
test02244	1	2.106e-07	2.106e-07
test02245	1	2.106e-07	2.106e-07
test02246	1	2.106e-07	2.106e-07
test02247	1	2.106e-07	2.106e-07
test02248	1	2.106e-07	2.106e-07
test02249	1	2.106e-07	2.106e-07
test02250	1	2.106e-07	2.106e-07
test02251	1	2.106e-07	2.106e-07
test02252	1	2.106e-07	2.106e-07
test02253	1	2.106e-07	2.106e-07
test02254	1	2.106e-07	2.106e-07
test02255	1	2.106e-07	2.106e-07
test02256	1	2.106e-07	2.106e-07
test02257	1	2.106e-07	2.106e-07
test02258	1	2.106e-07	2.106e-07
test02259	1	2.106e-07	2.106e-07
test02260	1	2.106e-07	2.106e-07
test02261	1	2.106e-07	2.106e-07
test02262	1	2.106e-07	2.106e-07
test02263	1	2.106e-07	2.106e-07
test02264	1	2.106e-07	2.106e-07
test02265	1	2.106e-07	2.106e-07
test02266	1	2.106e-07	2.106e-07
test02267	1	2.106e-07	2.106e-07
test02268	1	2.106e-07	2.106e-07
test02269	1	2.106e-07	2.106e-07
test02270	1	2.106e-07	2.106e-07
test02271	1	2.106e-07	2.106e-07
test02272	1	2.106e-07	2.106e-07
test02273	1	2.106e-07	2.106e-07
test02274	1	2.106e-07	2.106e-07
test02275	1	2.106e-07	2.106e-07
test02276	1	2.106e-07	2.106e-07
test02277	1	2.106e-07	2.106e-07
test02278	1	2.106e-07	2.106e-07
test02279	1	2.106e-07	2.106e-07
test02280	1	2.106e-07	2.106e-07
test02281	1	2.106e-07	2.106e-07
test02282	1	2.106e-07	2.106e-07
test02283	1	2.106e-07	2.106e-07
test02284	1	2.106e-07	2.106e-07
test02285	1	2.106e-07	2.106e-07
test02286	1	2.106e-07	2.106e-07
test02287	1	2.106e-07	2.106e-07
test02288	1	2.106e-07	2.106e-07
test02289	1	2.106e-07	2.106e-07
test02290	1	2.106e-07	2.106e-07
test02291	1	2.106e-07	2.106e-07
test02292	1	2.106e-07	2.106e-07
test02293	1	2.106e-07	2.106e-07
test02294	1	2.106e-07	2.106e-07
test02295	1	2.106e-07	2.106e-07
test02296	1	2.106e-07	2.106e-07
test02297	1	2.106e-07	2.106e-07
test02298	1	2.106e-07	2.106e-07
test02299	1	2.106e-07	2.106e-07
test02300	1	2.106e-07	2.106e-07
test02301	1	2.106e-07	2.106e-07
test02302	1	2.106e-07	2.106e-07
test02303	1	2.106e-07	2.106e-07
test02304	1	2.106e-07	2.106e-07
test02305	1	2.106e-07	2.106e-07
test02306	1	2.106e-07	2.106e-07
test02307	1	2.106e-07	2.106e-07
test02308	1	2.106e-07	2.106e-07
test02309	1	2.106e-07	2.106e-07
test02310	1	2.106e-07	2.106e-07
test02311	1	2.106e-07	2.106e-07
test02312	1	2.106e-07	2.106e-07
test02313	1	2.106e-07	2.106e-07
test02314	1	2.106e-07	2.106e-07
test02315	1	2.106e-07	2.106e-07
test02316	1	2.106e-07	2.106e-07
test02317	1	2.106e-07	2.106e-07
test02318	1	2.106e-07	2.106e-07
test02319	1	2.106e-07	2.106e-07
test02320	1	2.106e-07	2.106e-07
test02321	1	2.106e-07	2.106e-07
test02322	1	2.106e-07	2.106e-07
test02323	1	2.106e-07	2.106e-07
test02324	1	2.106e-07	2.106e-07
test02325	1	2.106e-07	2.106e-07
test02326	1	2.106e-07	2.106e-07
test02327	1	2.106e-07	2.106e-07
test02328	1	2.106e-07	2.106e-07
test02329	1	2.106e-07	2.106e-07
test02330	1	2.106e-07	2.106e-07
test02331	1	2.106e-07	2.106e-07
test02332	1	2.106e-07	2.106e-07
test02333	1	2.106e-07	2.106e-07
test02334	1	2.106e-07	2.106e-07
test02335	1	2.106e-07	2.106e-07
test02336	1	2.106e-07	2.106e-07
test02337	1	2.106e-07	2.106e-07
test02338	1	2.106e-07	2.106e-07
test02339	1	2.106e-07	2.106e-07
test02340	1	2.106e-07	2.106e-07
test02341	1	2.106e-07	2.106e-07
test02342	1	2.106e-07	2.106e-07
test02343	1	2.106e-07	2.106e-07
test02344	1	2.106e-07	2.106e-07
test02345	1	2.106e-07	2.106e-07
test02346	1	2.106e-07	2.106e-07
test02347	1	2.106e-07	2.106e-07
test02348	1	2.106e-07	2.106e-07
test02349	1	2.106e-07	2.106e-07
test02350	1	2.106e-07	2.106e-07
test02351	1	2.106e-07	2.106e-07
test02352	1	2.106e-07	2.106e-07
test02353	1	2.106e-07	2.106e-07
test02354	1	2.106e-07	2.106e-07
test02355	1	2.106e-07	2.106e-07
test02356	1	2.106e-07	2.106e-07
test02357	1	2.106e-07	2.106e-07
test02358	1	2.106e-07	2.106e-07
test02359	1	2.106e-07	2.106e-07
test02360	1	2.106e-07	2.106e-07
test02361	1	2.106e-07	2.106e-07
test02362	1	2.106e-07	2.106e-07
test02363	1	2.106e-07	2.106e-07
test02364	1	2.106e-07	2.106e-07
test02365	1	2.106e-07	2.106e-07
test02366	1	2.106e-07	2.106e-07
test02367	1	2.106e-07	2.106e-07
test02368	1	2.106e-07	2.106e-07
test02369	1	2.106e-07	2.106e-07
test02370	1	2.106e-07	2.106e-07
test02371	1	2.106e-07	2.106e-07
test02372	1	2.106e-07	2.106e-07
test02373	1	2.106e-07	2.106e-07
test02374	1	2.106e-07	2.106e-07
test02375	1	2.106e-07	2.106e-07
test02376	1	2.106e-07	2.106e-07
test02377	1	2.106e-07	2.106e-07
test02378	1	2.106e-07	2.106e-07
test02379	1	2.106e-07	2.106e-07
test02380	1	2.106e-07	2.106e-07
test02381	1	2.106e-07	2.106e-07
test02382	1	2.106e-07	2.106e-07
test02383	1	2.106e-07	2.106e-07
test02384	1	2.106e-07	2.106e-07
test02385	1	2.106e-07	2.106e-07
test02386	1	2.106e-07	2.106e-07
test02387	1	2.106e-07	2.106e-07
test02388	1	2.106e-07	2.106e-07
test02389	1	2.106e-07	2.106e-07
test02390	1	2.106e-07	2.106e-07
test02391	1	2.106e-07	2.106e-07
test02392	1	2.106e-07	2.106e-07
test02393	1	2.106e-07	2.106e-07
test02394	1	2.106e-07	2.106e-07
test02395	1	2.106e-07	2.106e-07
test02396	1	2.106e-07	2.106e-07
test02397	1	2.106e-07	2.106e-07
test02398	1	2.106e-07	2.106e-07
test02399	1	2.106e-07	2.106e-07
test02400	1	2.106e-07	2.106e-07
test02401	1	2.106e-07	2.106e-07
test02402	1	2.106e-07	2.106e-07
test02403	1	2.106e-07	2.106e-07
test02404	1	2.106e-07	2.106e-07
test02405	1	2.106e-07	2.106e-07
test02406	1	2.106e-07	2.106e-07
test02407	1	2.106e-07	2.106e-07
test02408	1	2.106e-07	2.106e-07
test02409	1	2.106e-07	2.106e-07
test02410	1	2.106e-07	2.106e-07
test02411	1	2.106e-07	2.106e-07
test02412	1	2.106e-07	2.106e-07
test02413	1	2.106e-07	2.106e-07
test02414	1	2.106e-07	2.106e-07
test02415	1	2.106e-07	2.106e-07
test02416	1	2.106e-07	2.106e-07
test02417	1	2.106e-07	2.106e-07
test02418	1	2.106e-07	2.106e-07
test02419	1	2.106e-07	2.106e-07
test02420	1	2.106e-07	2.106e-07
test02421	1	2.106e-07	2.106e-07
test02422	1	2.106e-07	2.106e-07
test02423	1	2.106e-07	2.106e-07
test02424	1	2.106e-07	2.106e-07
test02425	1	2.106e-07	2.106e-07
test02426	1	2.106e-07	2.106e-07
test02427	1	2.106e-07	2.106e-07
test02428	1	2.106e-07	2.106e-07
test02429	1	2.106e-07	2.106e-07
test02430	1	2.106e-07	2.106e-07
test02431	1	2.106e-07	2.106e-07
test02432	1	2.106e-07	2.106e-07
test02433	1	2.106e-07	2.106e-07
test02434	1	2.106e-07	2.106e-07
test02435	1	2.106e-07	2.106e-07
test02436	1	2.106e-07	2.106e-07
test02437	1	2.106e-07	2.106e-07
test02438	1	2.106e-07	2.106e-07
test02439	1	2.106e-07	2.106e-07
test02440	1	2.106e-07	2.106e-07
test02441	1	2.106e-07	2.106e-07
test02442	1	2.106e-07	2.106e-07
test02443	1	2.106e-07	2.106e-07
test02444	1	2.106e-07	2.106e-07
test02445	1	2.106e-07	2.106e-07
test02446	1	2.106e-07	2.106e-07
test02447	1	2.106e-07	2.106e-07
test02448	1	2.106e-07	2.106e-07
test02449	1	2.106e-07	2.106e-07
test02450	1	2.106e-07	2.106e-07
test02451	1	2.106e-07	2.106e-07
test02452	1	2.106e-07	2.106e-07
test02453	1	2.106e-07	2.106e-07
test02454	1	2.106e-07	2.106e-07
test02455	1	2.106e-07	2.106e-07
test02456	1	2.106e-07	2.106e-07
test02457	1	2.106e-07	2.106e-07
test02458	1	2.106e-07	2.106e-07
test02459	1	2.106e-07	2.106e-07
test02460	1	2.106e-07	2.106e-07
test02461	1	2.106e-07	2.106e-07
test02462	1	2.106e-07	2.106e-07
test02463	1	2.106e-07	2.106e-07
test02464	1	2.106e-07	2.106e-07
test02465	1	2.106e-07	2.106e-07
test02466	1	2.106e-07	2.106e-07
test02467	1	2.106e-07	2.106e-07
test02468	1	2.106e-07	2.106e-07
test02469	1	2.106e-07	2.106e-07
test02470	1	2.106e-07	2.106e-07
test02471	1	2.106e-07	2.106e-07
test02472	1	2.106e-07	2.106e-07
test02473	1	2.106e-07	2.106e-07
test02474	1	2.106e-07	2.106e-07
test02475	1	2.106e-07	2.106e-07
test02476	1	2.106e-07	2.106e-07
test02477	1	2.106e-07	2.106e-07
test02478	1	2.106e-07	2.106e-07
test02479	1	2.106e-07	2.106e-07
test02480	1	2.106e-07	2.106e-07
test02481	1	2.106e-07	2.106e-07
test02482	1	2.106e-07	2.106e-07
test02483	1	2.106e-07	2.106e-07
test02484	1	2.106e-07	2.106e-07
test02485	1	2.106e-07	2.106e-07
test02486	1	2.106e-07	2.106e-07
test02487	1	2.106e-07	2.106e-07
test02488	1	2.106e-07	2.106e-07
test02489	1	2.106e-07	2.106e-07
test02490	1	2.106e-07	2.106e-07
test02491	1	2.106e-07	2.106e-07
test02492	1	2.106e-07	2.106e-07
test02493	1	2.106e-07	2.106e-07
test02494	1	2.106e-07	2.106e-07
test02495	1	2.106e-07	2.106e-07
test02496	1	2.106e-07	2.106e-07
test02497	1	2.106e-07	2.106e-07
test02498	1	2.106e-07	2.106e-07
test02499	1	2.106e-07	2.106e-07
test02500	1	2.106e-07	2.106e-07
test02501	1	2.106e-07	2.106e-07
test02502	1	2.106e-07	2.106e-07
test02503	1	2.106e-07	2.106e-07
test02504	1	2.106e-07	2.106e-07
test02505	1	2.106e-07	2.106e-07
test02506	1	2.106e-07	2.106e-07
test02507	1	2.106e-07	2.106e-07
test02508	1	2.106e-07	2.106e-07
test02509	1	2.106e-07	2.106e-07
test02510	1	2.106e-07	2.106e-07
test02511	1	2.106e-07	2.106e-07
test02512	1	2.106e-07	2.106e-07
test02513	1	2.106e-07	2.106e-07
test02514	1	2.106e-07	2.106e-07
test02515	1	2.106e-07	2.106e-07
test02516	1	2.106e-07	2.106e-07
test02517	1	2.106e-07	2.106e-07
test02518	1	2.106e-07	2.106e-07
test02519	1	2.106e-07	2.106e-07
test02520	1	2.106e-07	2.106e-07
test02521	1	2.106e-07	2.106e-07
test02522	1	2.106e-07	2.106e-07
test02523	1	2.106e-07	2.106e-07
test02524	1	2.106e-07	2.106e-07
test02525	1	2.106e-07	2.106e-07
test02526	1	2.106e-07	2.106e-07
test02527	1	2.106e-07	2.106e-07
test02528	1	2.106e-07	2.106e-07
test02529	1	2.106e-07	2.106e-07
test02530	1	2.106e-07	2.106e-07
test02531	1	2.106e-07	2.106e-07
test02532	1	2.106e-07	2.106e-07
test02533	1	2.106e-07	2.106e-07
test02534	1	2.106e-07	2.106e-07
test02535	1	2.106e-07	2.106e-07
test02536	1	2.106e-07	2.106e-07
test02537	1	2.106e-07	2.106e-07
test02538	1	2.106e-07	2.106e-07
test02539	1	2.106e-07	2.106e-07
test02540	1	2.106e-07	2.106e-07
test02541	1	2.106e-07	2.106e-07
test02542	1	2.106e-07	2.106e-07
test02543	1	2.106e-07	2.106e-07
test02544	1	2.106e-07	2.106e-07
test02545	1	2.106e-07	2.106e-07
test02546	1	2.106e-07	2.106e-07
test02547	1	2.106e-07	2.106e-07
test02548	1	2.106e-07	2.106e-07
test02549	1	2.106e-07	2.106e-07
test02550	1	2.106e-07	2.106e-07
test02551	1	2.106e-07	2.106e-07
test02552	1	2.106e-07	2.106e-07
test02553	1	2.106e-07	2.106e-07
test02554	1	2.106e-07	2.106e-07
test02555	1	2.106e-07	2.106e-07
test02556	1	2.106e-07	2.106e-07
test02557	1	2.106e-07	2.106e-07
test02558	1	2.106e-07	2.106e-07
test02559	1	2.106e-07	2.106e-07
test02560	1	2.106e-07	2.106e-07
test02561	1	2.106e-07	2.106e-07
test02562	1	2.106e-07	2.106e-07
test02563	1	2.106e-07	2.106e-07
test02564	1	2.106e-07	2.106e-07
test02565	1	2.106e-07	2.106e-07
test02566	1	2.106e-07	2.106e-07
test02567	1	2.106e-07	2.106e-07
test02568	1	2.106e-07	2.106e-07
test02569	1	2.106e-07	2.106e-07
test02570	1	2.106e-07	2.106e-07
test02571	1	2.106e-07	2.106e-07
test02572	1	2.106e-07	2.106e-07
test02573	1	2.106e-07	2.106e-07
test02574	1	2.106e-07	2.106e-07
test02575	1	2.106e-07	2.106e-07
test02576	1	2.106e-07	2.106e-07
test02577	1	2.106e-07	2.106e-07
test02578	1	2.106e-07	2.106e-07
test02579	1	2.106e-07	2.106e-07
test02580	1	2.106e-07	2.106e-07
test02581	1	2.106e-07	2.106e-07
test02582	1	2.106e-07	2.106e-07
test02583	1	2.106e-07	2.106e-07
test02584	1	2.106e-07	2.106e-07
test02585	1	2.106e-07	2.106e-07
test02586	1	2.106e-07	2.106e-07
test02587	1	2.106e-07	2.106e-07
test02588	1	2.106e-07	2.106e-07
test02589	1	2.106e-07	2.106e-07
test02590	1	2.106e-07	2.106e-07
test02591	1	2.106e-07	2.106e-07
test02592	1	2.106e-07	2.106e-07
test02593	1	2.106e-07	2.106e-07
test02594	1	2.106e-07	2.106e-07
test02595	1	2.106e-07	2.106e-07
test02596	1	2.106e-07	2.106e-07
test02597	1	2.106e-07	2.106e-07
test02598	1	2.106e-07	2.106e-07
test02599	1	2.106e-07	2.106e-07
test02600	1	2.106e-07	2.106e-07
test02601	1	2.106e-07	2.106e-07
test02602	1	2.106e-07	2.106e-07
test02603	1	2.106e-07	2.106e-07
test02604	1	2.106e-07	2.106e-07
test02605	1	2.106e-07	2.106e-07
test02606	1	2.106e-07	2.106e-07
test02607	1	2.106e-07	2.106e-07
test02608	1	2.106e-07	2.106e-07
test02609	1	2.106e-07	2.106e-07
test02610	1	2.106e-07	2.106e-07
test02611	1	2.106e-07	2.106e-07
test02612	1	2.106e-07	2.106e-07
test02613	1	2.106e-07	2.106e-07
test02614	1	2.106e-07	2.106e-07
test02615	1	2.106e-07	2.106e-07
test02616	1	2.106e-07	2.106e-07
test02617	1	2.106e-07	2.106e-07
test02618	1	2.106e-07	2.106e-07
test02619	1	2.106e-07	2.106e-07
test02620	1	2.106e-07	2.106e-07
test02621	1	2.106e-07	2.106e-07
test02622	1	2.106e-07	2.106e-07
test02623	1	2.106e-07	2.106e-07
test02624	1	2.106e-07	2.106e-07
test02625	1	2.106e-07	2.106e-07
test02626	1	2.106e-07	2.106e-07
test02627	1	2.106e-07	2.106e-07
test02628	1	2.106e-07	2.106e-07
test02629	1	2.106e-07	2.106e-07
test02630	1	2.106e-07	2.106e-07
test02631	1	2.106e-07	2.106e-07
test02632	1	2.106e-07	2.106e-07
test02633	1	2.106e-07	2.106e-07
test02634	1	2.106e-07	2.106e-07
test02635	1	2.106e-07	2.106e-07
test02636	1	2.106e-07	2.106e-07
test02637	1	2.106e-07	2.106e-07
test02638	1	2.106e-07	2.106e-07
test02639	1	2.106e-07	2.106e-07
test02640	1	2.106e-07	2.106e-07
test02641	1	2.106e-07	2.106e-07
test02642	1	2.106e-07	2.106e-07
test02643	1	2.106e-07	2.106e-07
test02644	1	2.106e-07	2.106e-07
test02645	1	2.106e-07	2.106e-07
test02646	1	2.106e-07	2.106e-07
test02647	1	2.106e-07	2.106e-07
test02648	1	2.106e-07	2.106e-07
test02649	1	2.106e-07	2.106e-07
test02650	1	2.106e-07	2.106e-07
test02651	1	2.106e-07	2.106e-07
test02652	1	2.106e-07	2.106e-07
test02653	1	2.106e-07	2.106e-07
test02654	1	2.106e-07	2.106e-07
test02655	1	2.106e-07	2.106e-07
test02656	1	2.106e-07	2.106e-07
test02657	1	2.106e-07	2.106e-07
test02658	1	2.106e-07	2.106e-07
test02659	1	2.106e-07	2.106e-07
test02660	1	2.106e-07	2.106e-07
test02661	1	2.106e-07	2.106e-07
test02662	1	2.106e-07	2.106e-07
test02663	1	2.106e-07	2.106e-07
test02664	1	2.106e-07	2.106e-07
test02665	1	2.106e-07	2.106e-07
test02666	1	2.106e-07	2.106e-07
test02667	1	2.106e-07	2.106e-07
test02668	1	2.106e-07	2.106e-07
test02669	1	2.106e-07	2.106e-07
test02670	1	2.106e-07	2.106e-07
test02671	1	2.106e-07	2.106e-07
test02672	1	2.106e-07	2.106e-07
test02673	1	2.106e-07	2.106e-07
test02674	1	2.106e-07	2.106e-07
test02675	1	2.106e-07	2.106e-07
test02676	1	2.106e-07	2.106e-07
test02677	1	2.106e-07	2.106e-07
test02678	1	2.106e-07	2.106e-07
test02679	1	2.106e-07	2.106e-07
test02680	1	2.106e-07	2.106e-07
test02681	1	2.106e-07	2.106e-07
test02682	1	2.106e-07	2.106e-07
test02683	1	2.106e-07	2.106e-07
test02684	1	2.106e-07	2.106e-07
test02685	1	2.106e-07	2.106e-07
test02686	1	2.106e-07	2.106e-07
test02687	1	2.106e-07	2.106e-07
test02688	1	2.106e-07	2.106e-07
test02689	1	2.106e-07	2.106e-07
test02690	1	2.106e-07	2.106e-07
test02691	1	2.106e-07	2.106e-07
test02692	1	2.106e-07	2.106e-07
test02693	1	2.106e-07	2.106e-07
test02694	1	2.106e-07	2.106e-07
test02695	1	2.106e-07	2.106e-07
test02696	1	2.106e-07	2.106e-07
test02697	1	2.106e-07	2.106e-07
test02698	1	2.106e-07	2.106e-07
test02699	1	2.106e-07	2.106e-07
test02700	1	2.106e-07	2.106e-07
test02701	1	2.106e-07	2.106e-07
test02702	1	2.106e-07	2.106e-07
test02703	1	2.106e-07	2.106e-07
test02704	1	2.106e-07	2.106e-07
test02705	1	2.106e-07	2.106e-07
test02706	1	2.106e-07	2.106e-07
test02707	1	2.106e-07	2.106e-07
test02708	1	2.106e-07	2.106e-07
test02709	1	2.106e-07	2.106e-07
test02710	1	2.106e-07	2.106e-07
test02711	1	2.106e-07	2.106e-07
test02712	1	2.106e-07	2.106e-07
test02713	1	2.106e-07	2.106e-07
test02714	1	2.106e-07	2.106e-07
test02715	1	2.106e-07	2.106e-07
test02716	1	2.106e-07	2.106e-07
test02717	1	2.106e-07	2.106e-07
test02718	1	2.106e-07	2.106e-07
test02719	1	2.106e-07	2.106e-07
test02720	1	2.106e-07	2.106e-07
test02721	1	2.106e-07	2.106e-07
test02722	1	2.106e-07	2.106e-07
test02723	1	2.106e-07	2.106e-07
test02724	1	2.106e-07	2.106e-07
test02725	1	2.106e-07	2.106e-07
test02726	1	2.106e-07	2.106e-07
test02727	1	2.106e-07	2.106e-07
test02728	1	2.106e-07	2.106e-07
test02729	1	2.106e-07	2.106e-07
test02730	1	2.106e-07	2.106e-07
test02731	1	2.106e-07	2.106e-07
test02732	1	2.106e-07	2.106e-07
test02733	1	2.106e-07	2.106e-07
test02734	1	2.106e-07	2.106e-07
test02735	1	2.106e-07	2.106e-07
test02736	1	2.106e-07	2.106e-07
test02737	1	2.106e-07	2.106e-07
test02738	1	2.106e-07	2.106e-07
test02739	1	2.106e-07	2.106e-07
test02740	1	2.106e-07	2.106e-07
thing1	1	2.106e-07	2.106e-07
thing2	1	2.106e-07	2.106e-07
userdir	1	2.106e-07	2.106e-07
char2bytes	7	2.060e-07	1.696e-07
buffer2	6	2.057e-07	1.529e-07
content2	6	2.057e-07	1.529e-07
left_field	6	2.057e-07	1.529e-07
negate	6	2.057e-07	1.529e-07
ois	6	2.057e-07	1.529e-07
removable	6	2.057e-07	1.529e-07
right_field	6	2.057e-07	1.529e-07
actuators	5	2.048e-07	2.048e-07
apart	5	2.048e-07	2.048e-07
chrs	5	2.048e-07	2.048e-07
doris	5	2.048e-07	2.048e-07
dremio	5	2.048e-07	2.048e-07
great	5	2.048e-07	2.048e-07
hana	5	2.048e-07	2.048e-07
norms	5	2.048e-07	2.048e-07
olds	5	2.048e-07	2.048e-07
phrases	5	2.048e-07	2.048e-07
platforms	5	2.048e-07	2.048e-07
prsd	5	2.048e-07	2.048e-07
pvs	5	2.048e-07	2.048e-07
rdm	5	2.048e-07	2.048e-07
redshift	5	2.048e-07	2.048e-07
replica	5	2.048e-07	2.048e-07
sadas	5	2.048e-07	2.048e-07
sbc2dbc	5	2.048e-07	2.048e-07
sequens	5	2.048e-07	2.048e-07
solon	5	2.048e-07	2.048e-07
stdev	5	2.048e-07	2.048e-07
stdeva	5	2.048e-07	2.048e-07
stdevp	5	2.048e-07	2.048e-07
synapse	5	2.048e-07	2.048e-07
udef	5	2.048e-07	2.048e-07
vara	5	2.048e-07	2.048e-07
varp	5	2.048e-07	2.048e-07
varpa	5	2.048e-07	2.048e-07
vfirst	5	2.048e-07	2.048e-07
vitess	5	2.048e-07	2.048e-07
warp	5	2.048e-07	2.048e-07
ymd	5	2.048e-07	2.048e-07
a0	3	2.047e-07	2.047e-07
adaptee	3	2.047e-07	2.047e-07
alarms	3	2.047e-07	2.047e-07
authorisation	3	2.047e-07	2.047e-07
average_cost	3	2.047e-07	2.047e-07
canonicalized	3	2.047e-07	2.047e-07
cdyne	3	2.047e-07	2.047e-07
city_state	3	2.047e-07	2.047e-07
clojure	3	2.047e-07	2.047e-07
comparison_operator	3	2.047e-07	2.047e-07
contact_number	3	2.047e-07	2.047e-07
conversion_rate	3	2.047e-07	2.047e-07
credit_account	3	2.047e-07	2.047e-07
cyber	3	2.047e-07	2.047e-07
dav	3	2.047e-07	2.047e-07
decline	3	2.047e-07	2.047e-07
desede	3	2.047e-07	2.047e-07
domain_name	3	2.047e-07	2.047e-07
eepk	3	2.047e-07	2.047e-07
eeval	3	2.047e-07	2.047e-07
encry	3	2.047e-07	2.047e-07
ftls	3	2.047e-07	2.047e-07
fulfill	3	2.047e-07	2.047e-07
grabber	3	2.047e-07	2.047e-07
hgt	3	2.047e-07	2.047e-07
hostcert	3	2.047e-07	2.047e-07
hq	3	2.047e-07	2.047e-07
ign	3	2.047e-07	2.047e-07
introduction	3	2.047e-07	2.047e-07
jquery	3	2.047e-07	2.047e-07
ke	3	2.047e-07	2.047e-07
mve	3	2.047e-07	2.047e-07
nbr	3	2.047e-07	2.047e-07
nonpk	3	2.047e-07	2.047e-07
nopk	3	2.047e-07	2.047e-07
oisga	3	2.047e-07	2.047e-07
out_of_stock	3	2.047e-07	2.047e-07
ovrd	3	2.047e-07	2.047e-07
p7	3	2.047e-07	2.047e-07
parametric	3	2.047e-07	2.047e-07
passoc	3	2.047e-07	2.047e-07
pcc	3	2.047e-07	2.047e-07
periods	3	2.047e-07	2.047e-07
pmatcher	3	2.047e-07	2.047e-07
postcode	3	2.047e-07	2.047e-07
prorate	3	2.047e-07	2.047e-07
psc	3	2.047e-07	2.047e-07
rbm	3	2.047e-07	2.047e-07
recon	3	2.047e-07	2.047e-07
reses	3	2.047e-07	2.047e-07
retreived	3	2.047e-07	2.047e-07
retrywait	3	2.047e-07	2.047e-07
rolllup	3	2.047e-07	2.047e-07
sqlp	3	2.047e-07	2.047e-07
sso	3	2.047e-07	2.047e-07
stls	3	2.047e-07	2.047e-07
testdo	3	2.047e-07	2.047e-07
time_limit	3	2.047e-07	2.047e-07
touse	3	2.047e-07	2.047e-07
tyrex	3	2.047e-07	2.047e-07
value2inline	3	2.047e-07	2.047e-07
vat	3	2.047e-07	2.047e-07
voidable	3	2.047e-07	2.047e-07
wholesale	3	2.047e-07	2.047e-07
adam	7	1.925e-07	1.925e-07
ally	7	1.925e-07	1.925e-07
analyzed	7	1.925e-07	1.925e-07
bag1	7	1.925e-07	1.925e-07
booleans	7	1.925e-07	1.925e-07
cancels	7	1.925e-07	1.925e-07
cersei	7	1.925e-07	1.925e-07
chaining	7	1.925e-07	1.925e-07
cought	7	1.925e-07	1.925e-07
cresult	7	1.925e-07	1.925e-07
dbm	7	1.925e-07	1.925e-07
doc4	7	1.925e-07	1.925e-07
eve	7	1.925e-07	1.925e-07
evictor	7	1.925e-07	1.925e-07
filter2	7	1.925e-07	1.925e-07
fof	7	1.925e-07	1.925e-07
followers	7	1.925e-07	1.925e-07
ic3	7	1.925e-07	1.925e-07
ic4	7	1.925e-07	1.925e-07
ic5	7	1.925e-07	1.925e-07
id4	7	1.925e-07	1.925e-07
id6	7	1.925e-07	1.925e-07
identifiable3	7	1.925e-07	1.925e-07
intention	7	1.925e-07	1.925e-07
interpret	7	1.925e-07	1.925e-07
iterating	7	1.925e-07	1.925e-07
mentioning	7	1.925e-07	1.925e-07
mirrors	7	1.925e-07	1.925e-07
narrow	7	1.925e-07	1.925e-07
orid	7	1.925e-07	1.925e-07
plan1	7	1.925e-07	1.925e-07
plan2	7	1.925e-07	1.925e-07
prefilter	7	1.925e-07	1.925e-07
primer	7	1.925e-07	1.925e-07
promoted	7	1.925e-07	1.925e-07
pulls	7	1.925e-07	1.925e-07
rebalances	7	1.925e-07	1.925e-07
shadows	7	1.925e-07	1.925e-07
stm2	7	1.925e-07	1.925e-07
swallowed	7	1.925e-07	1.925e-07
tolerates	7	1.925e-07	1.925e-07
traced	7	1.925e-07	1.925e-07
tx7	7	1.925e-07	1.925e-07
used3	7	1.925e-07	1.925e-07
v10	7	1.925e-07	1.925e-07
v1rid	7	1.925e-07	1.925e-07
v2add	7	1.925e-07	1.925e-07
v2remove	7	1.925e-07	1.925e-07
flagged	4	1.915e-07	1.466e-07
select2	4	1.915e-07	1.466e-07
sql2	4	1.915e-07	1.466e-07
ssf	4	1.915e-07	1.466e-07
ad	5	1.913e-07	1.659e-07
crate	5	1.913e-07	1.659e-07
tinker	6	1.785e-07	1.431e-07
buffer1	5	1.782e-07	1.289e-07
elem2	5	1.782e-07	1.289e-07
maintenance	5	1.782e-07	1.289e-07
set_over	5	1.779e-07	1.341e-07
decompose	3	1.774e-07	1.421e-07
ll	3	1.774e-07	1.421e-07
2010	6	1.650e-07	1.650e-07
active0	6	1.650e-07	1.650e-07
arithmetic	6	1.650e-07	1.650e-07
astar	6	1.650e-07	1.650e-07
backups	6	1.650e-07	1.650e-07
base64key	6	1.650e-07	1.650e-07
binary_search	6	1.650e-07	1.650e-07
buggy	6	1.650e-07	1.650e-07
cheaper	6	1.650e-07	1.650e-07
clist	6	1.650e-07	1.650e-07
couple	6	1.650e-07	1.650e-07
deqidx	6	1.650e-07	1.650e-07
downscale	6	1.650e-07	1.650e-07
enqidx	6	1.650e-07	1.650e-07
entity4	6	1.650e-07	1.650e-07
equalities	6	1.650e-07	1.650e-07
esk1	6	1.650e-07	1.650e-07
esk2	6	1.650e-07	1.650e-07
friend3	6	1.650e-07	1.650e-07
glist	6	1.650e-07	1.650e-07
graal	6	1.650e-07	1.650e-07
i4sentinel	6	1.650e-07	1.650e-07
inferred	6	1.650e-07	1.650e-07
interpolates	6	1.650e-07	1.650e-07
kim	6	1.650e-07	1.650e-07
leaked	6	1.650e-07	1.650e-07
mor	6	1.650e-07	1.650e-07
oud	6	1.650e-07	1.650e-07
page1op	6	1.650e-07	1.650e-07
person4	6	1.650e-07	1.650e-07
portable	6	1.650e-07	1.650e-07
pushes	6	1.650e-07	1.650e-07
put_over	6	1.650e-07	1.650e-07
record1	6	1.650e-07	1.650e-07
relative_error	6	1.650e-07	1.650e-07
separation	6	1.650e-07	1.650e-07
shaded	6	1.650e-07	1.650e-07
sk2	6	1.650e-07	1.650e-07
slist	6	1.650e-07	1.650e-07
sole	6	1.650e-07	1.650e-07
stopwatch	6	1.650e-07	1.650e-07
trp	6	1.650e-07	1.650e-07
utf8four	6	1.650e-07	1.650e-07
utf8two	6	1.650e-07	1.650e-07
outs	5	1.644e-07	1.157e-07
asynch	3	1.640e-07	1.389e-07
dumper	3	1.640e-07	1.389e-07
fixup	3	1.640e-07	1.389e-07
preloaded	3	1.640e-07	1.389e-07
trackable	3	1.640e-07	1.389e-07
bd2gcj	4	1.638e-07	1.638e-07
bd2wgs	4	1.638e-07	1.638e-07
byte2int	4	1.638e-07	1.638e-07
charsets	4	1.638e-07	1.638e-07
chs	4	1.638e-07	1.638e-07
citus	4	1.638e-07	1.638e-07
confgis	4	1.638e-07	1.638e-07
corr	4	1.638e-07	1.638e-07
covar	4	1.638e-07	1.638e-07
datafld	4	1.638e-07	1.638e-07
datasrc	4	1.638e-07	1.638e-07
echange	4	1.638e-07	1.638e-07
edb	4	1.638e-07	1.638e-07
era	4	1.638e-07	1.638e-07
federated	4	1.638e-07	1.638e-07
fragmenter	4	1.638e-07	1.638e-07
gcj2bd	4	1.638e-07	1.638e-07
gcj2wgs	4	1.638e-07	1.638e-07
ggeometry	4	1.638e-07	1.638e-07
gps	4	1.638e-07	1.638e-07
gu	4	1.638e-07	1.638e-07
inceptor	4	1.638e-07	1.638e-07
inno	4	1.638e-07	1.638e-07
isam	4	1.638e-07	1.638e-07
iso8859	4	1.638e-07	1.638e-07
isolate	4	1.638e-07	1.638e-07
jion	4	1.638e-07	1.638e-07
jis	4	1.638e-07	1.638e-07
jn	4	1.638e-07	1.638e-07
kr	4	1.638e-07	1.638e-07
latin2	4	1.638e-07	1.638e-07
lats	4	1.638e-07	1.638e-07
lfirst	4	1.638e-07	1.638e-07
lngs	4	1.638e-07	1.638e-07
mbeans	4	1.638e-07	1.638e-07
ndb	4	1.638e-07	1.638e-07
ndistinct	4	1.638e-07	1.638e-07
ocean	4	1.638e-07	1.638e-07
onafterupdate	4	1.638e-07	1.638e-07
onbeforeactivate	4	1.638e-07	1.638e-07
onbeforecut	4	1.638e-07	1.638e-07
onbeforedeactivate	4	1.638e-07	1.638e-07
onbeforeeditfocus	4	1.638e-07	1.638e-07
onbeforepaste	4	1.638e-07	1.638e-07
onbeforeupdate	4	1.638e-07	1.638e-07
oncontextmenu	4	1.638e-07	1.638e-07
oncut	4	1.638e-07	1.638e-07
ondblclick	4	1.638e-07	1.638e-07
ondeactivate	4	1.638e-07	1.638e-07
ondragend	4	1.638e-07	1.638e-07
ondragenter	4	1.638e-07	1.638e-07
ondragleave	4	1.638e-07	1.638e-07
ondragover	4	1.638e-07	1.638e-07
ondragstart	4	1.638e-07	1.638e-07
onerrorupdate	4	1.638e-07	1.638e-07
onfilterchange	4	1.638e-07	1.638e-07
onfocusin	4	1.638e-07	1.638e-07
onfocusout	4	1.638e-07	1.638e-07
onkeydown	4	1.638e-07	1.638e-07
onkeypress	4	1.638e-07	1.638e-07
onkeyup	4	1.638e-07	1.638e-07
onlosecapture	4	1.638e-07	1.638e-07
onmousedown	4	1.638e-07	1.638e-07
onmouseenter	4	1.638e-07	1.638e-07
onmouseleave	4	1.638e-07	1.638e-07
onmousemove	4	1.638e-07	1.638e-07
onmouseup	4	1.638e-07	1.638e-07
onmousewheel	4	1.638e-07	1.638e-07
onmoveend	4	1.638e-07	1.638e-07
onmovestart	4	1.638e-07	1.638e-07
onpropertychange	4	1.638e-07	1.638e-07
onresize	4	1.638e-07	1.638e-07
onresizeend	4	1.638e-07	1.638e-07
onresizestart	4	1.638e-07	1.638e-07
onselectstart	4	1.638e-07	1.638e-07
ontimeerror	4	1.638e-07	1.638e-07
opc	4	1.638e-07	1.638e-07
pois	4	1.638e-07	1.638e-07
polar	4	1.638e-07	1.638e-07
rant	4	1.638e-07	1.638e-07
reffer	4	1.638e-07	1.638e-07
reliability	4	1.638e-07	1.638e-07
rvs	4	1.638e-07	1.638e-07
safari	4	1.638e-07	1.638e-07
secret3	4	1.638e-07	1.638e-07
sfirst	4	1.638e-07	1.638e-07
shift_jis	4	1.638e-07	1.638e-07
stdevpa	4	1.638e-07	1.638e-07
systemoverduborsubtitle	4	1.638e-07	1.638e-07
tdsql	4	1.638e-07	1.638e-07
time_scale	4	1.638e-07	1.638e-07
trouble	4	1.638e-07	1.638e-07
typeof	4	1.638e-07	1.638e-07
ucomment	4	1.638e-07	1.638e-07
unix_time	4	1.638e-07	1.638e-07
unselectable	4	1.638e-07	1.638e-07
utype	4	1.638e-07	1.638e-07
uxdb	4	1.638e-07	1.638e-07
vald	4	1.638e-07	1.638e-07
vast	4	1.638e-07	1.638e-07
vespa	4	1.638e-07	1.638e-07
volt	4	1.638e-07	1.638e-07
weaviate	4	1.638e-07	1.638e-07
wgs2bd	4	1.638e-07	1.638e-07
wgs2gcj	4	1.638e-07	1.638e-07
win1250	4	1.638e-07	1.638e-07
xu	4	1.638e-07	1.638e-07
yugabyte	4	1.638e-07	1.638e-07
yukon	4	1.638e-07	1.638e-07
yyy	4	1.638e-07	1.638e-07
dba	5	1.510e-07	1.170e-07
drill	5	1.510e-07	1.170e-07
analytic	3	1.501e-07	1.061e-07
htmls	3	1.501e-07	1.061e-07
43	5	1.375e-07	1.375e-07
59	5	1.375e-07	1.375e-07
66	5	1.375e-07	1.375e-07
68	5	1.375e-07	1.375e-07
69	5	1.375e-07	1.375e-07
amortized	5	1.375e-07	1.375e-07
aobt	5	1.375e-07	1.375e-07
bac	5	1.375e-07	1.375e-07
bag2	5	1.375e-07	1.375e-07
booked1	5	1.375e-07	1.375e-07
booked2	5	1.375e-07	1.375e-07
bypasses	5	1.375e-07	1.375e-07
bytes2short	5	1.375e-07	1.375e-07
classifies	5	1.375e-07	1.375e-07
cls2	5	1.375e-07	1.375e-07
constructs	5	1.375e-07	1.375e-07
curated	5	1.375e-07	1.375e-07
database_engine	5	1.375e-07	1.375e-07
deduplicated	5	1.375e-07	1.375e-07
defensive	5	1.375e-07	1.375e-07
differences	5	1.375e-07	1.375e-07
disables	5	1.375e-07	1.375e-07
entity5	5	1.375e-07	1.375e-07
entity6	5	1.375e-07	1.375e-07
entity7	5	1.375e-07	1.375e-07
expects	5	1.375e-07	1.375e-07
filter1	5	1.375e-07	1.375e-07
fqn	5	1.375e-07	1.375e-07
freezer	5	1.375e-07	1.375e-07
geometry1	5	1.375e-07	1.375e-07
gigabytes	5	1.375e-07	1.375e-07
grb	5	1.375e-07	1.375e-07
ic1	5	1.375e-07	1.375e-07
ic11	5	1.375e-07	1.375e-07
ic12	5	1.375e-07	1.375e-07
ic13	5	1.375e-07	1.375e-07
ic2	5	1.375e-07	1.375e-07
ic6	5	1.375e-07	1.375e-07
ic9	5	1.375e-07	1.375e-07
idempotency	5	1.375e-07	1.375e-07
inclusivity	5	1.375e-07	1.375e-07
interpretation	5	1.375e-07	1.375e-07
is6	5	1.375e-07	1.375e-07
italy	5	1.375e-07	1.375e-07
jane	5	1.375e-07	1.375e-07
kilobytes	5	1.375e-07	1.375e-07
kryo	5	1.375e-07	1.375e-07
lon	5	1.375e-07	1.375e-07
manhattan	5	1.375e-07	1.375e-07
marko	5	1.375e-07	1.375e-07
mvp	5	1.375e-07	1.375e-07
nd2	5	1.375e-07	1.375e-07
nnc	5	1.375e-07	1.375e-07
npes	5	1.375e-07	1.375e-07
oos	5	1.375e-07	1.375e-07
page1flag	5	1.375e-07	1.375e-07
parent2	5	1.375e-07	1.375e-07
phantoms	5	1.375e-07	1.375e-07
preprocessed	5	1.375e-07	1.375e-07
producing	5	1.375e-07	1.375e-07
raf	5	1.375e-07	1.375e-07
rebuilds	5	1.375e-07	1.375e-07
rejecting	5	1.375e-07	1.375e-07
replayed	5	1.375e-07	1.375e-07
retrievable	5	1.375e-07	1.375e-07
return_path	5	1.375e-07	1.375e-07
rs1	5	1.375e-07	1.375e-07
scales	5	1.375e-07	1.375e-07
seed_phrase	5	1.375e-07	1.375e-07
singe	5	1.375e-07	1.375e-07
sk1	5	1.375e-07	1.375e-07
sliced	5	1.375e-07	1.375e-07
stamp1	5	1.375e-07	1.375e-07
stamp2	5	1.375e-07	1.375e-07
surrogate_pair	5	1.375e-07	1.375e-07
teri	5	1.375e-07	1.375e-07
traverses	5	1.375e-07	1.375e-07
tx8	5	1.375e-07	1.375e-07
unescapes	5	1.375e-07	1.375e-07
unit5test	5	1.375e-07	1.375e-07
v2e	5	1.375e-07	1.375e-07
v2init	5	1.375e-07	1.375e-07
v2test	5	1.375e-07	1.375e-07
widening	5	1.375e-07	1.375e-07
bts	4	1.369e-07	9.821e-08
ordered_set	4	1.369e-07	9.821e-08
ajustment	2	1.365e-07	1.365e-07
alw	2	1.365e-07	1.365e-07
ampm	2	1.365e-07	1.365e-07
ass	2	1.365e-07	1.365e-07
assembled	2	1.365e-07	1.365e-07
attbss	2	1.365e-07	1.365e-07
attendee	2	1.365e-07	1.365e-07
aut	2	1.365e-07	1.365e-07
authorise	2	1.365e-07	1.365e-07
auths	2	1.365e-07	1.365e-07
aval	2	1.365e-07	1.365e-07
axis2repo	2	1.365e-07	1.365e-07
axis2xml	2	1.365e-07	1.365e-07
bfr	2	1.365e-07	1.365e-07
cardholder	2	1.365e-07	1.365e-07
catalina	2	1.365e-07	1.365e-07
colon1	2	1.365e-07	1.365e-07
colon2	2	1.365e-07	1.365e-07
commissions	2	1.365e-07	1.365e-07
competitive	2	1.365e-07	1.365e-07
compilable	2	1.365e-07	1.365e-07
coms	2	1.365e-07	1.365e-07
contentch	2	1.365e-07	1.365e-07
conts	2	1.365e-07	1.365e-07
cops	2	1.365e-07	1.365e-07
cost_center	2	1.365e-07	1.365e-07
csf	2	1.365e-07	1.365e-07
ctxs	2	1.365e-07	1.365e-07
cvs	2	1.365e-07	1.365e-07
cvv	2	1.365e-07	1.365e-07
deleg	2	1.365e-07	1.365e-07
des2	2	1.365e-07	1.365e-07
disclaimer	2	1.365e-07	1.365e-07
displaying	2	1.365e-07	1.365e-07
econd	2	1.365e-07	1.365e-07
emlpfill	2	1.365e-07	1.365e-07
enclose	2	1.365e-07	1.365e-07
encrypting	2	1.365e-07	1.365e-07
entry_date	2	1.365e-07	1.365e-07
esh	2	1.365e-07	1.365e-07
fatp	2	1.365e-07	1.365e-07
first6digs	2	1.365e-07	1.365e-07
firstdig	2	1.365e-07	1.365e-07
floz	2	1.365e-07	1.365e-07
form_class	2	1.365e-07	1.365e-07
fqoh	2	1.365e-07	1.365e-07
fsa	2	1.365e-07	1.365e-07
fsppas	2	1.365e-07	1.365e-07
ftype	2	1.365e-07	1.365e-07
funds	2	1.365e-07	1.365e-07
fval	2	1.365e-07	1.365e-07
gatherer	2	1.365e-07	1.365e-07
get_even	2	1.365e-07	1.365e-07
html4	2	1.365e-07	1.365e-07
identification_number	2	1.365e-07	1.365e-07
ifs	2	1.365e-07	1.365e-07
incompatibility	2	1.365e-07	1.365e-07
inform	2	1.365e-07	1.365e-07
input_method	2	1.365e-07	1.365e-07
insured	2	1.365e-07	1.365e-07
jsse	2	1.365e-07	1.365e-07
kmap	2	1.365e-07	1.365e-07
krih	2	1.365e-07	1.365e-07
licence	2	1.365e-07	1.365e-07
lkup	2	1.365e-07	1.365e-07
luhn	2	1.365e-07	1.365e-07
market	2	1.365e-07	1.365e-07
memb	2	1.365e-07	1.365e-07
membs	2	1.365e-07	1.365e-07
merch	2	1.365e-07	1.365e-07
mgrs	2	1.365e-07	1.365e-07
mname	2	1.365e-07	1.365e-07
mockups	2	1.365e-07	1.365e-07
nrkm	2	1.365e-07	1.365e-07
ntwt	2	1.365e-07	1.365e-07
occs	2	1.365e-07	1.365e-07
occurances	2	1.365e-07	1.365e-07
oib	2	1.365e-07	1.365e-07
onsite	2	1.365e-07	1.365e-07
opps	2	1.365e-07	1.365e-07
p8	2	1.365e-07	1.365e-07
pacm	2	1.365e-07	1.365e-07
participation	2	1.365e-07	1.365e-07
peers	2	1.365e-07	1.365e-07
perl	2	1.365e-07	1.365e-07
permanents	2	1.365e-07	1.365e-07
permissive	2	1.365e-07	1.365e-07
pkey	2	1.365e-07	1.365e-07
pmt	2	1.365e-07	1.365e-07
pra	2	1.365e-07	1.365e-07
prepaid	2	1.365e-07	1.365e-07
preprocessor	2	1.365e-07	1.365e-07
prod1	2	1.365e-07	1.365e-07
prod2	2	1.365e-07	1.365e-07
proportion	2	1.365e-07	1.365e-07
pti	2	1.365e-07	1.365e-07
reconciled	2	1.365e-07	1.365e-07
reencrypt	2	1.365e-07	1.365e-07
referred	2	1.365e-07	1.365e-07
refurb	2	1.365e-07	1.365e-07
reminders	2	1.365e-07	1.365e-07
reorders	2	1.365e-07	1.365e-07
reps	2	1.365e-07	1.365e-07
reques	2	1.365e-07	1.365e-07
resequence	2	1.365e-07	1.365e-07
restimated	2	1.365e-07	1.365e-07
reversal	2	1.365e-07	1.365e-07
rip	2	1.365e-07	1.365e-07
rita	2	1.365e-07	1.365e-07
rli	2	1.365e-07	1.365e-07
rme	2	1.365e-07	1.365e-07
rtr	2	1.365e-07	1.365e-07
seconddig	2	1.365e-07	1.365e-07
securityext	2	1.365e-07	1.365e-07
select2locale	2	1.365e-07	1.365e-07
shipto	2	1.365e-07	1.365e-07
sli	2	1.365e-07	1.365e-07
soup	2	1.365e-07	1.365e-07
spec1	2	1.365e-07	1.365e-07
spelled	2	1.365e-07	1.365e-07
spreadsheet	2	1.365e-07	1.365e-07
substitutions	2	1.365e-07	1.365e-07
subtotal	2	1.365e-07	1.365e-07
sufix	2	1.365e-07	1.365e-07
svcs	2	1.365e-07	1.365e-07
taglibs	2	1.365e-07	1.365e-07
tarpit	2	1.365e-07	1.365e-07
taxes	2	1.365e-07	1.365e-07
temporaries	2	1.365e-07	1.365e-07
test0	2	1.365e-07	1.365e-07
total_running_time	2	1.365e-07	1.365e-07
type10	2	1.365e-07	1.365e-07
type11	2	1.365e-07	1.365e-07
type12	2	1.365e-07	1.365e-07
type13	2	1.365e-07	1.365e-07
type14	2	1.365e-07	1.365e-07
type15	2	1.365e-07	1.365e-07
type16	2	1.365e-07	1.365e-07
type17	2	1.365e-07	1.365e-07
type18	2	1.365e-07	1.365e-07
type19	2	1.365e-07	1.365e-07
type20	2	1.365e-07	1.365e-07
type21	2	1.365e-07	1.365e-07
type22	2	1.365e-07	1.365e-07
type23	2	1.365e-07	1.365e-07
type24	2	1.365e-07	1.365e-07
type25	2	1.365e-07	1.365e-07
type26	2	1.365e-07	1.365e-07
type4	2	1.365e-07	1.365e-07
type5	2	1.365e-07	1.365e-07
type6	2	1.365e-07	1.365e-07
type7	2	1.365e-07	1.365e-07
type8	2	1.365e-07	1.365e-07
type9	2	1.365e-07	1.365e-07
uel	2	1.365e-07	1.365e-07
unwanted	2	1.365e-07	1.365e-07
utl	2	1.365e-07	1.365e-07
valves	2	1.365e-07	1.365e-07
virtuals	2	1.365e-07	1.365e-07
visa	2	1.365e-07	1.365e-07
wgt	2	1.365e-07	1.365e-07
xads	2	1.365e-07	1.365e-07
xfer	2	1.365e-07	1.365e-07
xmln	2	1.365e-07	1.365e-07
xsi	2	1.365e-07	1.365e-07
y2d	2	1.365e-07	1.365e-07
zip5	2	1.365e-07	1.365e-07
zug	2	1.365e-07	1.365e-07
in2	4	1.235e-07	9.174e-08
sam	4	1.235e-07	9.174e-08
bails	3	1.232e-07	8.720e-08
dispatchers	3	1.232e-07	8.720e-08
lifo	3	1.232e-07	8.720e-08
lm	3	1.232e-07	8.720e-08
miles	3	1.232e-07	8.720e-08
recs	3	1.232e-07	8.720e-08
unassigned	3	1.232e-07	8.720e-08
aiss	3	1.229e-07	1.229e-07
arcade	3	1.229e-07	1.229e-07
bai	3	1.229e-07	1.229e-07
bak	3	1.229e-07	1.229e-07
base64img	3	1.229e-07	1.229e-07
byte2short	3	1.229e-07	1.229e-07
compartment	3	1.229e-07	1.229e-07
dengine	3	1.229e-07	1.229e-07
dmdb	3	1.229e-07	1.229e-07
dts	3	1.229e-07	1.229e-07
ecf	3	1.229e-07	1.229e-07
flt4	3	1.229e-07	1.229e-07
flt8	3	1.229e-07	1.229e-07
fmgr	3	1.229e-07	1.229e-07
formed	3	1.229e-07	1.229e-07
gaiadb	3	1.229e-07	1.229e-07
goldendb	3	1.229e-07	1.229e-07
gtid	3	1.229e-07	1.229e-07
idxs	3	1.229e-07	1.229e-07
initcap	3	1.229e-07	1.229e-07
int8inc	3	1.229e-07	1.229e-07
justify	3	1.229e-07	1.229e-07
ldb	3	1.229e-07	1.229e-07
loc1	3	1.229e-07	1.229e-07
loc2	3	1.229e-07	1.229e-07
many2many	3	1.229e-07	1.229e-07
map2string	3	1.229e-07	1.229e-07
mogdb	3	1.229e-07	1.229e-07
npoints	3	1.229e-07	1.229e-07
one2many	3	1.229e-07	1.229e-07
overabove	3	1.229e-07	1.229e-07
overbelow	3	1.229e-07	1.229e-07
param2map	3	1.229e-07	1.229e-07
plpgsql	3	1.229e-07	1.229e-07
primarys	3	1.229e-07	1.229e-07
protobuf	3	1.229e-07	1.229e-07
rsm	3	1.229e-07	1.229e-07
sino	3	1.229e-07	1.229e-07
spell	3	1.229e-07	1.229e-07
spells	3	1.229e-07	1.229e-07
statisticsobjdef	3	1.229e-07	1.229e-07
subscript	3	1.229e-07	1.229e-07
substr	3	1.229e-07	1.229e-07
suser	3	1.229e-07	1.229e-07
tab_control	3	1.229e-07	1.229e-07
tso	3	1.229e-07	1.229e-07
ucolumns	3	1.229e-07	1.229e-07
unullable	3	1.229e-07	1.229e-07
vmap	3	1.229e-07	1.229e-07
xip	3	1.229e-07	1.229e-07
xmax	3	1.229e-07	1.229e-07
xmin	3	1.229e-07	1.229e-07
xtreme	3	1.229e-07	1.229e-07
xugu	3	1.229e-07	1.229e-07
yashan	3	1.229e-07	1.229e-07
ymatrix	3	1.229e-07	1.229e-07
ytm	3	1.229e-07	1.229e-07
101	4	1.100e-07	1.100e-07
2011	4	1.100e-07	1.100e-07
49	4	1.100e-07	1.100e-07
57	4	1.100e-07	1.100e-07
63	4	1.100e-07	1.100e-07
70	4	1.100e-07	1.100e-07
76	4	1.100e-07	1.100e-07
84	4	1.100e-07	1.100e-07
absolute_value	4	1.100e-07	1.100e-07
acceleration	4	1.100e-07	1.100e-07
adopts	4	1.100e-07	1.100e-07
agendas	4	1.100e-07	1.100e-07
ages	4	1.100e-07	1.100e-07
aggretate	4	1.100e-07	1.100e-07
aioobe	4	1.100e-07	1.100e-07
assigend	4	1.100e-07	1.100e-07
attaches	4	1.100e-07	1.100e-07
behaviour	4	1.100e-07	1.100e-07
boosts	4	1.100e-07	1.100e-07
bucket1	4	1.100e-07	1.100e-07
calculable	4	1.100e-07	1.100e-07
catch_out	4	1.100e-07	1.100e-07
child3	4	1.100e-07	1.100e-07
cip	4	1.100e-07	1.100e-07
cls1	4	1.100e-07	1.100e-07
clt	4	1.100e-07	1.100e-07
completition	4	1.100e-07	1.100e-07
crashes	4	1.100e-07	1.100e-07
data128buckets	4	1.100e-07	1.100e-07
deallocate	4	1.100e-07	1.100e-07
demoted	4	1.100e-07	1.100e-07
deserialise	4	1.100e-07	1.100e-07
deserialized2	4	1.100e-07	1.100e-07
drill_down	4	1.100e-07	1.100e-07
e5	4	1.100e-07	1.100e-07
employees	4	1.100e-07	1.100e-07
entity10	4	1.100e-07	1.100e-07
entity11	4	1.100e-07	1.100e-07
entity8	4	1.100e-07	1.100e-07
entity9	4	1.100e-07	1.100e-07
equi	4	1.100e-07	1.100e-07
ewc	4	1.100e-07	1.100e-07
exact20	4	1.100e-07	1.100e-07
fabricator	4	1.100e-07	1.100e-07
fdn	4	1.100e-07	1.100e-07
finalization	4	1.100e-07	1.100e-07
first_class	4	1.100e-07	1.100e-07
fitted	4	1.100e-07	1.100e-07
forces	4	1.100e-07	1.100e-07
friends2	4	1.100e-07	1.100e-07
friends2arrows	4	1.100e-07	1.100e-07
fruit	4	1.100e-07	1.100e-07
function2	4	1.100e-07	1.100e-07
garbage	4	1.100e-07	1.100e-07
germany	4	1.100e-07	1.100e-07
high_surrogate	4	1.100e-07	1.100e-07
histograms	4	1.100e-07	1.100e-07
hybrid	4	1.100e-07	1.100e-07
ic10	4	1.100e-07	1.100e-07
ic10person	4	1.100e-07	1.100e-07
ic11person	4	1.100e-07	1.100e-07
ic13person	4	1.100e-07	1.100e-07
ic5person	4	1.100e-07	1.100e-07
ic7	4	1.100e-07	1.100e-07
ic7person	4	1.100e-07	1.100e-07
ic8person	4	1.100e-07	1.100e-07
identifiables	4	1.100e-07	1.100e-07
increasing	4	1.100e-07	1.100e-07
initialises	4	1.100e-07	1.100e-07
installers	4	1.100e-07	1.100e-07
interned	4	1.100e-07	1.100e-07
is5	4	1.100e-07	1.100e-07
is7	4	1.100e-07	1.100e-07
itty	4	1.100e-07	1.100e-07
java2unicode	4	1.100e-07	1.100e-07
jgen	4	1.100e-07	1.100e-07
jjto	4	1.100e-07	1.100e-07
latches	4	1.100e-07	1.100e-07
latent	4	1.100e-07	1.100e-07
lsn1	4	1.100e-07	1.100e-07
mentions	4	1.100e-07	1.100e-07
merging	4	1.100e-07	1.100e-07
met	4	1.100e-07	1.100e-07
modifications	4	1.100e-07	1.100e-07
multiplies	4	1.100e-07	1.100e-07
nd1	4	1.100e-07	1.100e-07
negatives	4	1.100e-07	1.100e-07
network_socket	4	1.100e-07	1.100e-07
overflown	4	1.100e-07	1.100e-07
parent1	4	1.100e-07	1.100e-07
parity	4	1.100e-07	1.100e-07
partitioned	4	1.100e-07	1.100e-07
pointer3	4	1.100e-07	1.100e-07
pointer4	4	1.100e-07	1.100e-07
position1	4	1.100e-07	1.100e-07
position2	4	1.100e-07	1.100e-07
position3	4	1.100e-07	1.100e-07
preload	4	1.100e-07	1.100e-07
preserving	4	1.100e-07	1.100e-07
progressive	4	1.100e-07	1.100e-07
ptr2	4	1.100e-07	1.100e-07
query1	4	1.100e-07	1.100e-07
rec2	4	1.100e-07	1.100e-07
recalibrates	4	1.100e-07	1.100e-07
reclaims	4	1.100e-07	1.100e-07
repeat128	4	1.100e-07	1.100e-07
replies	4	1.100e-07	1.100e-07
rids1	4	1.100e-07	1.100e-07
rids2	4	1.100e-07	1.100e-07
rpb	4	1.100e-07	1.100e-07
scientific	4	1.100e-07	1.100e-07
searh	4	1.100e-07	1.100e-07
shrunk	4	1.100e-07	1.100e-07
single1	4	1.100e-07	1.100e-07
snap3	4	1.100e-07	1.100e-07
standard_deviation	4	1.100e-07	1.100e-07
stm1	4	1.100e-07	1.100e-07
string2number	4	1.100e-07	1.100e-07
structural	4	1.100e-07	1.100e-07
subqueries	4	1.100e-07	1.100e-07
supp	4	1.100e-07	1.100e-07
suppresses	4	1.100e-07	1.100e-07
swapped	4	1.100e-07	1.100e-07
tonic	4	1.100e-07	1.100e-07
tx1started	4	1.100e-07	1.100e-07
types2	4	1.100e-07	1.100e-07
unestimable	4	1.100e-07	1.100e-07
unmark	4	1.100e-07	1.100e-07
unregisters	4	1.100e-07	1.100e-07
used33	4	1.100e-07	1.100e-07
utf8three	4	1.100e-07	1.100e-07
v2rid	4	1.100e-07	1.100e-07
vrt	4	1.100e-07	1.100e-07
walked	4	1.100e-07	1.100e-07
whiz	4	1.100e-07	1.100e-07
within1percent	4	1.100e-07	1.100e-07
writer1	4	1.100e-07	1.100e-07
writer2	4	1.100e-07	1.100e-07
zeroed	4	1.100e-07	1.100e-07
zipfian	4	1.100e-07	1.100e-07
zipfianconstant	4	1.100e-07	1.100e-07
asia	3	1.094e-07	8.615e-08
exterior	3	1.094e-07	8.615e-08
data_store	2	1.092e-07	7.922e-08
fu	2	1.092e-07	7.922e-08
hv	2	1.092e-07	7.922e-08
oii	2	1.092e-07	7.922e-08
qv	2	1.092e-07	7.922e-08
sha384	2	1.092e-07	7.922e-08
tell	2	1.092e-07	7.922e-08
balancing	3	9.596e-08	6.824e-08
crosses	3	9.596e-08	6.824e-08
han	3	9.596e-08	6.824e-08
inds	3	9.596e-08	6.824e-08
length4	3	9.596e-08	6.824e-08
blow	2	9.573e-08	7.330e-08
cal1	2	9.573e-08	7.330e-08
con1	2	9.573e-08	7.330e-08
creater	2	9.573e-08	7.330e-08
cvt	2	9.573e-08	7.330e-08
data_model	2	9.573e-08	7.330e-08
dave	2	9.573e-08	7.330e-08
getx	2	9.573e-08	7.330e-08
metadata1	2	9.573e-08	7.330e-08
pbkdf2hash	2	9.573e-08	7.330e-08
rname	2	9.573e-08	7.330e-08
spam	2	9.573e-08	7.330e-08
supposed	2	9.573e-08	7.330e-08
time_test	2	9.573e-08	7.330e-08
102	3	8.250e-08	8.250e-08
103	3	8.250e-08	8.250e-08
104	3	8.250e-08	8.250e-08
105	3	8.250e-08	8.250e-08
106	3	8.250e-08	8.250e-08
107	3	8.250e-08	8.250e-08
108	3	8.250e-08	8.250e-08
109	3	8.250e-08	8.250e-08
110	3	8.250e-08	8.250e-08
111	3	8.250e-08	8.250e-08
112	3	8.250e-08	8.250e-08
113	3	8.250e-08	8.250e-08
114	3	8.250e-08	8.250e-08
115	3	8.250e-08	8.250e-08
116	3	8.250e-08	8.250e-08
117	3	8.250e-08	8.250e-08
118	3	8.250e-08	8.250e-08
119	3	8.250e-08	8.250e-08
1198	3	8.250e-08	8.250e-08
121	3	8.250e-08	8.250e-08
122	3	8.250e-08	8.250e-08
1229	3	8.250e-08	8.250e-08
124	3	8.250e-08	8.250e-08
125	3	8.250e-08	8.250e-08
126	3	8.250e-08	8.250e-08
127	3	8.250e-08	8.250e-08
128	3	8.250e-08	8.250e-08
129	3	8.250e-08	8.250e-08
130	3	8.250e-08	8.250e-08
131	3	8.250e-08	8.250e-08
132	3	8.250e-08	8.250e-08
133	3	8.250e-08	8.250e-08
134	3	8.250e-08	8.250e-08
135	3	8.250e-08	8.250e-08
136	3	8.250e-08	8.250e-08
137	3	8.250e-08	8.250e-08
138	3	8.250e-08	8.250e-08
139	3	8.250e-08	8.250e-08
140	3	8.250e-08	8.250e-08
141	3	8.250e-08	8.250e-08
142	3	8.250e-08	8.250e-08
143	3	8.250e-08	8.250e-08
144	3	8.250e-08	8.250e-08
146	3	8.250e-08	8.250e-08
147	3	8.250e-08	8.250e-08
148	3	8.250e-08	8.250e-08
149	3	8.250e-08	8.250e-08
151	3	8.250e-08	8.250e-08
1520	3	8.250e-08	8.250e-08
3083	3	8.250e-08	8.250e-08
3105	3	8.250e-08	8.250e-08
3130	3	8.250e-08	8.250e-08
3152	3	8.250e-08	8.250e-08
42	3	8.250e-08	8.250e-08
44	3	8.250e-08	8.250e-08
4513	3	8.250e-08	8.250e-08
4517	3	8.250e-08	8.250e-08
46	3	8.250e-08	8.250e-08
47	3	8.250e-08	8.250e-08
50	3	8.250e-08	8.250e-08
51	3	8.250e-08	8.250e-08
52	3	8.250e-08	8.250e-08
53	3	8.250e-08	8.250e-08
54	3	8.250e-08	8.250e-08
55	3	8.250e-08	8.250e-08
56	3	8.250e-08	8.250e-08
58	3	8.250e-08	8.250e-08
61	3	8.250e-08	8.250e-08
62	3	8.250e-08	8.250e-08
65	3	8.250e-08	8.250e-08
67	3	8.250e-08	8.250e-08
71	3	8.250e-08	8.250e-08
72	3	8.250e-08	8.250e-08
73	3	8.250e-08	8.250e-08
74	3	8.250e-08	8.250e-08
75	3	8.250e-08	8.250e-08
77	3	8.250e-08	8.250e-08
78	3	8.250e-08	8.250e-08
79	3	8.250e-08	8.250e-08
81	3	8.250e-08	8.250e-08
82	3	8.250e-08	8.250e-08
83	3	8.250e-08	8.250e-08
85	3	8.250e-08	8.250e-08
86	3	8.250e-08	8.250e-08
87	3	8.250e-08	8.250e-08
88	3	8.250e-08	8.250e-08
89	3	8.250e-08	8.250e-08
91	3	8.250e-08	8.250e-08
92	3	8.250e-08	8.250e-08
94	3	8.250e-08	8.250e-08
95	3	8.250e-08	8.250e-08
96	3	8.250e-08	8.250e-08
97	3	8.250e-08	8.250e-08
98	3	8.250e-08	8.250e-08
99	3	8.250e-08	8.250e-08
admin1	3	8.250e-08	8.250e-08
admin2	3	8.250e-08	8.250e-08
approximates	3	8.250e-08	8.250e-08
arbitrary	3	8.250e-08	8.250e-08
assure	3	8.250e-08	8.250e-08
asymmetry	3	8.250e-08	8.250e-08
atoms	3	8.250e-08	8.250e-08
aud	3	8.250e-08	8.250e-08
backslashes	3	8.250e-08	8.250e-08
base64decodes	3	8.250e-08	8.250e-08
bdv	3	8.250e-08	8.250e-08
beaten	3	8.250e-08	8.250e-08
bfs	3	8.250e-08	8.250e-08
browsed	3	8.250e-08	8.250e-08
by2	3	8.250e-08	8.250e-08
carol	3	8.250e-08	8.250e-08
cdf	3	8.250e-08	8.250e-08
chooses	3	8.250e-08	8.250e-08
clas1	3	8.250e-08	8.250e-08
classed	3	8.250e-08	8.250e-08
close_order	3	8.250e-08	8.250e-08
closed_file	3	8.250e-08	8.250e-08
collated	3	8.250e-08	8.250e-08
comparables	3	8.250e-08	8.250e-08
consulted	3	8.250e-08	8.250e-08
contended	3	8.250e-08	8.250e-08
cross_product	3	8.250e-08	8.250e-08
deadlocked	3	8.250e-08	8.250e-08
dec10	3	8.250e-08	8.250e-08
decorates	3	8.250e-08	8.250e-08
decreases	3	8.250e-08	8.250e-08
deinit	3	8.250e-08	8.250e-08
dfa0	3	8.250e-08	8.250e-08
dfa1	3	8.250e-08	8.250e-08
diacritics	3	8.250e-08	8.250e-08
diverged	3	8.250e-08	8.250e-08
divided	3	8.250e-08	8.250e-08
doc2id	3	8.250e-08	8.250e-08
eagerly	3	8.250e-08	8.250e-08
eclazz	3	8.250e-08	8.250e-08
edge1rid	3	8.250e-08	8.250e-08
edge2rid	3	8.250e-08	8.250e-08
elem3	3	8.250e-08	8.250e-08
emission	3	8.250e-08	8.250e-08
ex2	3	8.250e-08	8.250e-08
exponent	3	8.250e-08	8.250e-08
fofof	3	8.250e-08	8.250e-08
followings	3	8.250e-08	8.250e-08
forums	3	8.250e-08	8.250e-08
frame3	3	8.250e-08	8.250e-08
freshly	3	8.250e-08	8.250e-08
gives	3	8.250e-08	8.250e-08
goes	3	8.250e-08	8.250e-08
grateful	3	8.250e-08	8.250e-08
gremlintest	3	8.250e-08	8.250e-08
h3	3	8.250e-08	8.250e-08
hung	3	8.250e-08	8.250e-08
ic11country	3	8.250e-08	8.250e-08
ic8	3	8.250e-08	8.250e-08
id30	3	8.250e-08	8.250e-08
idx0	3	8.250e-08	8.250e-08
if2	3	8.250e-08	8.250e-08
if3	3	8.250e-08	8.250e-08
ihm	3	8.250e-08	8.250e-08
indexes2	3	8.250e-08	8.250e-08
john	3	8.250e-08	8.250e-08
json2	3	8.250e-08	8.250e-08
klasses	3	8.250e-08	8.250e-08
krb5	3	8.250e-08	8.250e-08
lcks	3	8.250e-08	8.250e-08
liker	3	8.250e-08	8.250e-08
likers	3	8.250e-08	8.250e-08
limit1	3	8.250e-08	8.250e-08
limit2	3	8.250e-08	8.250e-08
limit3	3	8.250e-08	8.250e-08
link2	3	8.250e-08	8.250e-08
list_system	3	8.250e-08	8.250e-08
loaded2	3	8.250e-08	8.250e-08
lowercased	3	8.250e-08	8.250e-08
lparse	3	8.250e-08	8.250e-08
lsn2	3	8.250e-08	8.250e-08
maintains	3	8.250e-08	8.250e-08
manhatan	3	8.250e-08	8.250e-08
millisec	3	8.250e-08	8.250e-08
millisecs	3	8.250e-08	8.250e-08
mlt	3	8.250e-08	8.250e-08
mpsc	3	8.250e-08	8.250e-08
ndvs	3	8.250e-08	8.250e-08
ne2	3	8.250e-08	8.250e-08
neighboring	3	8.250e-08	8.250e-08
nfa	3	8.250e-08	8.250e-08
nkb	3	8.250e-08	8.250e-08
normalizers	3	8.250e-08	8.250e-08
obama	3	8.250e-08	8.250e-08
oclass	3	8.250e-08	8.250e-08
officers	3	8.250e-08	8.250e-08
onto	3	8.250e-08	8.250e-08
opposed	3	8.250e-08	8.250e-08
optimizations	3	8.250e-08	8.250e-08
orphaned	3	8.250e-08	8.250e-08
page1entry	3	8.250e-08	8.250e-08
page1is	3	8.250e-08	8.250e-08
polygon1	3	8.250e-08	8.250e-08
pool1	3	8.250e-08	8.250e-08
pool2	3	8.250e-08	8.250e-08
prepopulation	3	8.250e-08	8.250e-08
primary1	3	8.250e-08	8.250e-08
primary2	3	8.250e-08	8.250e-08
quartile	3	8.250e-08	8.250e-08
quotes2	3	8.250e-08	8.250e-08
quotes3	3	8.250e-08	8.250e-08
racer	3	8.250e-08	8.250e-08
referrers	3	8.250e-08	8.250e-08
reinsertion	3	8.250e-08	8.250e-08
reloads	3	8.250e-08	8.250e-08
remembering	3	8.250e-08	8.250e-08
repaired	3	8.250e-08	8.250e-08
restricts	3	8.250e-08	8.250e-08
result4	3	8.250e-08	8.250e-08
result5	3	8.250e-08	8.250e-08
resulting	3	8.250e-08	8.250e-08
results1	3	8.250e-08	8.250e-08
resurrection	3	8.250e-08	8.250e-08
retired	3	8.250e-08	8.250e-08
reverts	3	8.250e-08	8.250e-08
rhino	3	8.250e-08	8.250e-08
rid4	3	8.250e-08	8.250e-08
right1	3	8.250e-08	8.250e-08
rps	3	8.250e-08	8.250e-08
rth	3	8.250e-08	8.250e-08
salary1	3	8.250e-08	8.250e-08
schm	3	8.250e-08	8.250e-08
secondary1	3	8.250e-08	8.250e-08
secondary2	3	8.250e-08	8.250e-08
seg1file	3	8.250e-08	8.250e-08
sel1	3	8.250e-08	8.250e-08
sel2	3	8.250e-08	8.250e-08
selectivities	3	8.250e-08	8.250e-08
seto	3	8.250e-08	8.250e-08
side_effect	3	8.250e-08	8.250e-08
singleton_set	3	8.250e-08	8.250e-08
sks	3	8.250e-08	8.250e-08
spaced	3	8.250e-08	8.250e-08
spanning	3	8.250e-08	8.250e-08
specifiers	3	8.250e-08	8.250e-08
spills	3	8.250e-08	8.250e-08
stale_read	3	8.250e-08	8.250e-08
stateless	3	8.250e-08	8.250e-08
stile	3	8.250e-08	8.250e-08
strcmpci	3	8.250e-08	8.250e-08
sua	3	8.250e-08	8.250e-08
sub1	3	8.250e-08	8.250e-08
synthesises	3	8.250e-08	8.250e-08
tail1	3	8.250e-08	8.250e-08
test50th	3	8.250e-08	8.250e-08
test_depth	3	8.250e-08	8.250e-08
thirty	3	8.250e-08	8.250e-08
tombstoned	3	8.250e-08	8.250e-08
traversal1	3	8.250e-08	8.250e-08
trial	3	8.250e-08	8.250e-08
trimming	3	8.250e-08	8.250e-08
tx0	3	8.250e-08	8.250e-08
unbox	3	8.250e-08	8.250e-08
unconverted	3	8.250e-08	8.250e-08
unmarshalled	3	8.250e-08	8.250e-08
unrecognised	3	8.250e-08	8.250e-08
unreleased	3	8.250e-08	8.250e-08
unroll	3	8.250e-08	8.250e-08
unrolls	3	8.250e-08	8.250e-08
unsub	3	8.250e-08	8.250e-08
uoe	3	8.250e-08	8.250e-08
utf8mixed	3	8.250e-08	8.250e-08
v1id	3	8.250e-08	8.250e-08
v1index	3	8.250e-08	8.250e-08
v1test	3	8.250e-08	8.250e-08
v2entry	3	8.250e-08	8.250e-08
v2id	3	8.250e-08	8.250e-08
v2op	3	8.250e-08	8.250e-08
v2shrink	3	8.250e-08	8.250e-08
v30	3	8.250e-08	8.250e-08
v3add	3	8.250e-08	8.250e-08
v3id	3	8.250e-08	8.250e-08
v3init	3	8.250e-08	8.250e-08
v3remove	3	8.250e-08	8.250e-08
v3test	3	8.250e-08	8.250e-08
valu	3	8.250e-08	8.250e-08
variadic	3	8.250e-08	8.250e-08
vclazz1	3	8.250e-08	8.250e-08
vclazz2	3	8.250e-08	8.250e-08
version1	3	8.250e-08	8.250e-08
version2	3	8.250e-08	8.250e-08
wraparound	3	8.250e-08	8.250e-08
x64	3	8.250e-08	8.250e-08
zags	3	8.250e-08	8.250e-08
zetan	3	8.250e-08	8.250e-08
ziphian	3	8.250e-08	8.250e-08
abbrev	2	8.192e-08	8.192e-08
aes128	2	8.192e-08	8.192e-08
aggs	2	8.192e-08	8.192e-08
amap	2	8.192e-08	8.192e-08
antdb	2	8.192e-08	8.192e-08
anyenum	2	8.192e-08	8.192e-08
arcadedb	2	8.192e-08	8.192e-08
argo	2	8.192e-08	8.192e-08
argodb	2	8.192e-08	8.192e-08
ascii2string	2	8.192e-08	8.192e-08
avga	2	8.192e-08	8.192e-08
avgx	2	8.192e-08	8.192e-08
avgy	2	8.192e-08	8.192e-08
badger	2	8.192e-08	8.192e-08
base8s	2	8.192e-08	8.192e-08
bit_shift	2	8.192e-08	8.192e-08
blk	2	8.192e-08	8.192e-08
bson	2	8.192e-08	8.192e-08
btbpchar	2	8.192e-08	8.192e-08
btch	2	8.192e-08	8.192e-08
byt	2	8.192e-08	8.192e-08
c16	2	8.192e-08	8.192e-08
calzz	2	8.192e-08	8.192e-08
cks	2	8.192e-08	8.192e-08
cmdb	2	8.192e-08	8.192e-08
cmts	2	8.192e-08	8.192e-08
cockroach	2	8.192e-08	8.192e-08
cockroachdb	2	8.192e-08	8.192e-08
collection2array	2	8.192e-08	8.192e-08
confnigs	2	8.192e-08	8.192e-08
constraintdef	2	8.192e-08	8.192e-08
control_system	2	8.192e-08	8.192e-08
crypto2	2	8.192e-08	8.192e-08
cume	2	8.192e-08	8.192e-08
data_mining	2	8.192e-08	8.192e-08
dbid	2	8.192e-08	8.192e-08
ddd	2	8.192e-08	8.192e-08
dec2hex	2	8.192e-08	8.192e-08
dependencys	2	8.192e-08	8.192e-08
descartes	2	8.192e-08	8.192e-08
dlat	2	8.192e-08	8.192e-08
dlng	2	8.192e-08	8.192e-08
double2bytes	2	8.192e-08	8.192e-08
double2double	2	8.192e-08	8.192e-08
dsimple	2	8.192e-08	8.192e-08
dsnowball	2	8.192e-08	8.192e-08
dsynonym	2	8.192e-08	8.192e-08
duckdb	2	8.192e-08	8.192e-08
easemob	2	8.192e-08	8.192e-08
entryiterator	2	8.192e-08	8.192e-08
exam	2	8.192e-08	8.192e-08
faircom	2	8.192e-08	8.192e-08
ff1	2	8.192e-08	8.192e-08
ff2	2	8.192e-08	8.192e-08
ff3	2	8.192e-08	8.192e-08
ff4	2	8.192e-08	8.192e-08
ff5	2	8.192e-08	8.192e-08
ff6	2	8.192e-08	8.192e-08
float2float	2	8.192e-08	8.192e-08
forest	2	8.192e-08	8.192e-08
fors	2	8.192e-08	8.192e-08
frs	2	8.192e-08	8.192e-08
gaussdb	2	8.192e-08	8.192e-08
gb18030	2	8.192e-08	8.192e-08
gbox2d	2	8.192e-08	8.192e-08
gbox3d	2	8.192e-08	8.192e-08
gem	2	8.192e-08	8.192e-08
gemini	2	8.192e-08	8.192e-08
gis	2	8.192e-08	8.192e-08
greatdb	2	8.192e-08	8.192e-08
hex2dec	2	8.192e-08	8.192e-08
hex2string	2	8.192e-08	8.192e-08
hh12	2	8.192e-08	8.192e-08
hh24	2	8.192e-08	8.192e-08
hotdb	2	8.192e-08	8.192e-08
hull	2	8.192e-08	8.192e-08
icu	2	8.192e-08	8.192e-08
iddd	2	8.192e-08	8.192e-08
idmap	2	8.192e-08	8.192e-08
illegals	2	8.192e-08	8.192e-08
inetmi	2	8.192e-08	8.192e-08
insight	2	8.192e-08	8.192e-08
int8dec	2	8.192e-08	8.192e-08
int8pl	2	8.192e-08	8.192e-08
intents	2	8.192e-08	8.192e-08
interpt	2	8.192e-08	8.192e-08
iotdb	2	8.192e-08	8.192e-08
iyy	2	8.192e-08	8.192e-08
iyyy	2	8.192e-08	8.192e-08
jit	2	8.192e-08	8.192e-08
johab	2	8.192e-08	8.192e-08
json2oject	2	8.192e-08	8.192e-08
koi8u	2	8.192e-08	8.192e-08
kun	2	8.192e-08	8.192e-08
kundb	2	8.192e-08	8.192e-08
lake	2	8.192e-08	8.192e-08
latin1	2	8.192e-08	8.192e-08
latin3	2	8.192e-08	8.192e-08
latin4	2	8.192e-08	8.192e-08
lightdb	2	8.192e-08	8.192e-08
ling	2	8.192e-08	8.192e-08
long2long	2	8.192e-08	8.192e-08
lpad	2	8.192e-08	8.192e-08
map2field	2	8.192e-08	8.192e-08
map2json	2	8.192e-08	8.192e-08
maps2object	2	8.192e-08	8.192e-08
mariadb	2	8.192e-08	8.192e-08
masklen	2	8.192e-08	8.192e-08
maxdb	2	8.192e-08	8.192e-08
memfiredb	2	8.192e-08	8.192e-08
mglat	2	8.192e-08	8.192e-08
mglng	2	8.192e-08	8.192e-08
mudb	2	8.192e-08	8.192e-08
multis	2	8.192e-08	8.192e-08
nms	2	8.192e-08	8.192e-08
object2json	2	8.192e-08	8.192e-08
objects2maps	2	8.192e-08	8.192e-08
ods	2	8.192e-08	8.192e-08
oitem	2	8.192e-08	8.192e-08
ojoin	2	8.192e-08	8.192e-08
oncontrolquery	2	8.192e-08	8.192e-08
oncontrolselect	2	8.192e-08	8.192e-08
opengauss	2	8.192e-08	8.192e-08
opr	2	8.192e-08	8.192e-08
pcs	2	8.192e-08	8.192e-08
percona	2	8.192e-08	8.192e-08
pinyin	2	8.192e-08	8.192e-08
polardb	2	8.192e-08	8.192e-08
postmaster	2	8.192e-08	8.192e-08
ppath	2	8.192e-08	8.192e-08
promote	2	8.192e-08	8.192e-08
qian	2	8.192e-08	8.192e-08
questdb	2	8.192e-08	8.192e-08
radlat	2	8.192e-08	8.192e-08
reflush	2	8.192e-08	8.192e-08
regexps	2	8.192e-08	8.192e-08
rethink	2	8.192e-08	8.192e-08
rethinkdb	2	8.192e-08	8.192e-08
riak	2	8.192e-08	8.192e-08
rpad	2	8.192e-08	8.192e-08
rsize	2	8.192e-08	8.192e-08
scn	2	8.192e-08	8.192e-08
selectdb	2	8.192e-08	8.192e-08
seqs	2	8.192e-08	8.192e-08
sequoia	2	8.192e-08	8.192e-08
sequoiadb	2	8.192e-08	8.192e-08
shi	2	8.192e-08	8.192e-08
sinodb	2	8.192e-08	8.192e-08
slru	2	8.192e-08	8.192e-08
sqrtmagic	2	8.192e-08	8.192e-08
srcs	2	8.192e-08	8.192e-08
ssss	2	8.192e-08	8.192e-08
sssss	2	8.192e-08	8.192e-08
stardb	2	8.192e-08	8.192e-08
statefunc	2	8.192e-08	8.192e-08
stds	2	8.192e-08	8.192e-08
string2ascii	2	8.192e-08	8.192e-08
string2bytes	2	8.192e-08	8.192e-08
string2hex	2	8.192e-08	8.192e-08
string2list	2	8.192e-08	8.192e-08
string2object	2	8.192e-08	8.192e-08
sxx	2	8.192e-08	8.192e-08
sxy	2	8.192e-08	8.192e-08
syy	2	8.192e-08	8.192e-08
tbls	2	8.192e-08	8.192e-08
tdes	2	8.192e-08	8.192e-08
texticlike	2	8.192e-08	8.192e-08
texticregexeq	2	8.192e-08	8.192e-08
textregexeq	2	8.192e-08	8.192e-08
timestampdiff	2	8.192e-08	8.192e-08
trefer	2	8.192e-08	8.192e-08
tsdb	2	8.192e-08	8.192e-08
tsm	2	8.192e-08	8.192e-08
tsq	2	8.192e-08	8.192e-08
tzh	2	8.192e-08	8.192e-08
tzm	2	8.192e-08	8.192e-08
ubi	2	8.192e-08	8.192e-08
ubisql	2	8.192e-08	8.192e-08
uhc	2	8.192e-08	8.192e-08
uminus	2	8.192e-08	8.192e-08
unicode2string	2	8.192e-08	8.192e-08
unicom	2	8.192e-08	8.192e-08
utag	2	8.192e-08	8.192e-08
vnd	2	8.192e-08	8.192e-08
voltdb	2	8.192e-08	8.192e-08
wac	2	8.192e-08	8.192e-08
xigema	2	8.192e-08	8.192e-08
xigemadb	2	8.192e-08	8.192e-08
xl	2	8.192e-08	8.192e-08
yashandb	2	8.192e-08	8.192e-08
yidb	2	8.192e-08	8.192e-08
coherence	2	6.846e-08	4.910e-08
covered	2	6.846e-08	4.910e-08
deadlocks	2	6.846e-08	4.910e-08
earth_radius	2	6.846e-08	4.910e-08
escape2	2	6.846e-08	4.910e-08
graphml	2	6.846e-08	4.910e-08
id17	2	6.846e-08	4.910e-08
log10	2	6.846e-08	4.910e-08
obi	2	6.846e-08	4.910e-08
phy	2	6.846e-08	4.910e-08
relational	2	6.846e-08	4.910e-08
satisfies	2	6.846e-08	4.910e-08
sesion	2	6.846e-08	4.910e-08
staleness	2	6.846e-08	4.910e-08
wan	2	6.846e-08	4.910e-08
wk	2	6.846e-08	4.910e-08
acces	1	6.823e-08	6.823e-08
account1	1	6.823e-08	6.823e-08
account2	1	6.823e-08	6.823e-08
acm	1	6.823e-08	6.823e-08
activation	1	6.823e-08	6.823e-08
acyclic	1	6.823e-08	6.823e-08
addr1source	1	6.823e-08	6.823e-08
addr1target	1	6.823e-08	6.823e-08
addr2source	1	6.823e-08	6.823e-08
addr2target	1	6.823e-08	6.823e-08
addtl	1	6.823e-08	6.823e-08
adjustement	1	6.823e-08	6.823e-08
adustment	1	6.823e-08	6.823e-08
aif	1	6.823e-08	6.823e-08
aisga	1	6.823e-08	6.823e-08
allowstringconcatenationinuploadedfiles	1	6.823e-08	6.823e-08
american	1	6.823e-08	6.823e-08
amf	1	6.823e-08	6.823e-08
amnts	1	6.823e-08	6.823e-08
amp2loc	1	6.823e-08	6.823e-08
amts	1	6.823e-08	6.823e-08
andl	1	6.823e-08	6.823e-08
apache2header	1	6.823e-08	6.823e-08
attbs	1	6.823e-08	6.823e-08
attendees	1	6.823e-08	6.823e-08
attn	1	6.823e-08	6.823e-08
atttr	1	6.823e-08	6.823e-08
authentification	1	6.823e-08	6.823e-08
authorizedotnet	1	6.823e-08	6.823e-08
aux	1	6.823e-08	6.823e-08
bail	1	6.823e-08	6.823e-08
base64storage	1	6.823e-08	6.823e-08
birt	1	6.823e-08	6.823e-08
blanche	1	6.823e-08	6.823e-08
bounced	1	6.823e-08	6.823e-08
byte1	1	6.823e-08	6.823e-08
byte2	1	6.823e-08	6.823e-08
byte3	1	6.823e-08	6.823e-08
cal2	1	6.823e-08	6.823e-08
calced	1	6.823e-08	6.823e-08
calendar_day	1	6.823e-08	6.823e-08
call_graph	1	6.823e-08	6.823e-08
callops	1	6.823e-08	6.823e-08
canned	1	6.823e-08	6.823e-08
capactity	1	6.823e-08	6.823e-08
capt	1	6.823e-08	6.823e-08
card1	1	6.823e-08	6.823e-08
card2	1	6.823e-08	6.823e-08
card3	1	6.823e-08	6.823e-08
carte	1	6.823e-08	6.823e-08
cartiter	1	6.823e-08	6.823e-08
cell5	1	6.823e-08	6.823e-08
centers	1	6.823e-08	6.823e-08
certificates21	1	6.823e-08	6.823e-08
certificates22	1	6.823e-08	6.823e-08
certified_check	1	6.823e-08	6.823e-08
charater	1	6.823e-08	6.823e-08
check509cert	1	6.823e-08	6.823e-08
child_category	1	6.823e-08	6.823e-08
children2	1	6.823e-08	6.823e-08
cho	1	6.823e-08	6.823e-08
cindex	1	6.823e-08	6.823e-08
circles	1	6.823e-08	6.823e-08
cmpnt	1	6.823e-08	6.823e-08
coefficients	1	6.823e-08	6.823e-08
comp1	1	6.823e-08	6.823e-08
comps	1	6.823e-08	6.823e-08
con2	1	6.823e-08	6.823e-08
con3	1	6.823e-08	6.823e-08
con4	1	6.823e-08	6.823e-08
context3	1	6.823e-08	6.823e-08
contraints3	1	6.823e-08	6.823e-08
contraints4	1	6.823e-08	6.823e-08
controllerxmlfilename	1	6.823e-08	6.823e-08
convertors	1	6.823e-08	6.823e-08
costraint	1	6.823e-08	6.823e-08
cpl	1	6.823e-08	6.823e-08
cpp	1	6.823e-08	6.823e-08
csi	1	6.823e-08	6.823e-08
curkm	1	6.823e-08	6.823e-08
customs	1	6.823e-08	6.823e-08
cv2	1	6.823e-08	6.823e-08
cva	1	6.823e-08	6.823e-08
cvm	1	6.823e-08	6.823e-08
cvv2check	1	6.823e-08	6.823e-08
cwq	1	6.823e-08	6.823e-08
cxt	1	6.823e-08	6.823e-08
dateqbe	1	6.823e-08	6.823e-08
dcc	1	6.823e-08	6.823e-08
dcml	1	6.823e-08	6.823e-08
dctc	1	6.823e-08	6.823e-08
debit_account	1	6.823e-08	6.823e-08
decessor	1	6.823e-08	6.823e-08
dedicate	1	6.823e-08	6.823e-08
delegators	1	6.823e-08	6.823e-08
dentifier	1	6.823e-08	6.823e-08
depersonate	1	6.823e-08	6.823e-08
des1	1	6.823e-08	6.823e-08
des3	1	6.823e-08	6.823e-08
deser	1	6.823e-08	6.823e-08
detections	1	6.823e-08	6.823e-08
diners	1	6.823e-08	6.823e-08
dins	1	6.823e-08	6.823e-08
directives	1	6.823e-08	6.823e-08
disbursement	1	6.823e-08	6.823e-08
dnum	1	6.823e-08	6.823e-08
dollar_sign	1	6.823e-08	6.823e-08
doub	1	6.823e-08	6.823e-08
drid	1	6.823e-08	6.823e-08
drop_off	1	6.823e-08	6.823e-08
dtc	1	6.823e-08	6.823e-08
earth	1	6.823e-08	6.823e-08
ebay	1	6.823e-08	6.823e-08
ecma	1	6.823e-08	6.823e-08
ede	1	6.823e-08	6.823e-08
eecah	1	6.823e-08	6.823e-08
effs	1	6.823e-08	6.823e-08
electron	1	6.823e-08	6.823e-08
emlpf	1	6.823e-08	6.823e-08
empldata	1	6.823e-08	6.823e-08
empls	1	6.823e-08	6.823e-08
emsg	1	6.823e-08	6.823e-08
enames	1	6.823e-08	6.823e-08
entityops	1	6.823e-08	6.823e-08
envops	1	6.823e-08	6.823e-08
equity	1	6.823e-08	6.823e-08
ereg	1	6.823e-08	6.823e-08
eri	1	6.823e-08	6.823e-08
exemption	1	6.823e-08	6.823e-08
expense_account	1	6.823e-08	6.823e-08
faults	1	6.823e-08	6.823e-08
fdx	1	6.823e-08	6.823e-08
fea	1	6.823e-08	6.823e-08
file2entity	1	6.823e-08	6.823e-08
fillment	1	6.823e-08	6.823e-08
firm	1	6.823e-08	6.823e-08
first8	1	6.823e-08	6.823e-08
first_party	1	6.823e-08	6.823e-08
fixed_cost	1	6.823e-08	6.823e-08
fixed_point	1	6.823e-08	6.823e-08
fkis	1	6.823e-08	6.823e-08
flat_tax	1	6.823e-08	6.823e-08
flt	1	6.823e-08	6.823e-08
fmfilename	1	6.823e-08	6.823e-08
for12hour	1	6.823e-08	6.823e-08
formrenderer	1	6.823e-08	6.823e-08
found_object	1	6.823e-08	6.823e-08
fraud	1	6.823e-08	6.823e-08
fsmn	1	6.823e-08	6.823e-08
fulfillments	1	6.823e-08	6.823e-08
furl	1	6.823e-08	6.823e-08
gas	1	6.823e-08	6.823e-08
gd	1	6.823e-08	6.823e-08
general_ledger	1	6.823e-08	6.823e-08
geronimo	1	6.823e-08	6.823e-08
gotten	1	6.823e-08	6.823e-08
grids	1	6.823e-08	6.823e-08
grou	1	6.823e-08	6.823e-08
header_file	1	6.823e-08	6.823e-08
heterogenous	1	6.823e-08	6.823e-08
humanres	1	6.823e-08	6.823e-08
ics	1	6.823e-08	6.823e-08
identification_map	1	6.823e-08	6.823e-08
iep	1	6.823e-08	6.823e-08
ifops	1	6.823e-08	6.823e-08
ignoreattrs	1	6.823e-08	6.823e-08
ik	1	6.823e-08	6.823e-08
image2	1	6.823e-08	6.823e-08
imaging	1	6.823e-08	6.823e-08
implosion	1	6.823e-08	6.823e-08
inbox	1	6.823e-08	6.823e-08
incompat	1	6.823e-08	6.823e-08
inquiry	1	6.823e-08	6.823e-08
interrupt_request	1	6.823e-08	6.823e-08
intf	1	6.823e-08	6.823e-08
intg	1	6.823e-08	6.823e-08
intrn	1	6.823e-08	6.823e-08
intrusion	1	6.823e-08	6.823e-08
inventories	1	6.823e-08	6.823e-08
ipn	1	6.823e-08	6.823e-08
ire	1	6.823e-08	6.823e-08
ishp	1	6.823e-08	6.823e-08
ishpn	1	6.823e-08	6.823e-08
it3	1	6.823e-08	6.823e-08
it5	1	6.823e-08	6.823e-08
java2wsdl	1	6.823e-08	6.823e-08
jobshopmgt	1	6.823e-08	6.823e-08
jsessionid	1	6.823e-08	6.823e-08
jso	1	6.823e-08	6.823e-08
jsoup	1	6.823e-08	6.823e-08
jspe	1	6.823e-08	6.823e-08
juel	1	6.823e-08	6.823e-08
keep_going	1	6.823e-08	6.823e-08
keysof	1	6.823e-08	6.823e-08
keysp	1	6.823e-08	6.823e-08
kids2	1	6.823e-08	6.823e-08
kilometer	1	6.823e-08	6.823e-08
lasted	1	6.823e-08	6.823e-08
lcolname	1	6.823e-08	6.823e-08
ldm	1	6.823e-08	6.823e-08
lead_time	1	6.823e-08	6.823e-08
lev	1	6.823e-08	6.823e-08
lfldname	1	6.823e-08	6.823e-08
lhec	1	6.823e-08	6.823e-08
liability	1	6.823e-08	6.823e-08
listene	1	6.823e-08	6.823e-08
llc	1	6.823e-08	6.823e-08
llx	1	6.823e-08	6.823e-08
lly	1	6.823e-08	6.823e-08
lmap	1	6.823e-08	6.823e-08
localize	1	6.823e-08	6.823e-08
loginid	1	6.823e-08	6.823e-08
logon	1	6.823e-08	6.823e-08
luminance	1	6.823e-08	6.823e-08
machinable	1	6.823e-08	6.823e-08
macros	1	6.823e-08	6.823e-08
mangement	1	6.823e-08	6.823e-08
map_collection	1	6.823e-08	6.823e-08
mcast	1	6.823e-08	6.823e-08
mcb	1	6.823e-08	6.823e-08
mcd	1	6.823e-08	6.823e-08
mcf	1	6.823e-08	6.823e-08
measur	1	6.823e-08	6.823e-08
mec	1	6.823e-08	6.823e-08
medallion	1	6.823e-08	6.823e-08
memoization	1	6.823e-08	6.823e-08
mfl	1	6.823e-08	6.823e-08
mim	1	6.823e-08	6.823e-08
minutely	1	6.823e-08	6.823e-08
mme	1	6.823e-08	6.823e-08
mod10	1	6.823e-08	6.823e-08
modifiend	1	6.823e-08	6.823e-08
mrv	1	6.823e-08	6.823e-08
mwkdes3	1	6.823e-08	6.823e-08
namepsace	1	6.823e-08	6.823e-08
national	1	6.823e-08	6.823e-08
negotiated	1	6.823e-08	6.823e-08
nonnegative	1	6.823e-08	6.823e-08
nonpositive	1	6.823e-08	6.823e-08
nqdbl	1	6.823e-08	6.823e-08
nqint	1	6.823e-08	6.823e-08
nsfs	1	6.823e-08	6.823e-08
ntstmp	1	6.823e-08	6.823e-08
oatt	1	6.823e-08	6.823e-08
obj3	1	6.823e-08	6.823e-08
octets	1	6.823e-08	6.823e-08
ofb	1	6.823e-08	6.823e-08
oiasgas	1	6.823e-08	6.823e-08
oiatt	1	6.823e-08	6.823e-08
oicm	1	6.823e-08	6.823e-08
oids	1	6.823e-08	6.823e-08
oipi	1	6.823e-08	6.823e-08
oisgs	1	6.823e-08	6.823e-08
open_field	1	6.823e-08	6.823e-08
open_source	1	6.823e-08	6.823e-08
oppi	1	6.823e-08	6.823e-08
origination	1	6.823e-08	6.823e-08
oro	1	6.823e-08	6.823e-08
orpmtit	1	6.823e-08	6.823e-08
oth	1	6.823e-08	6.823e-08
otherops	1	6.823e-08	6.823e-08
otion	1	6.823e-08	6.823e-08
p9	1	6.823e-08	6.823e-08
parm	1	6.823e-08	6.823e-08
part2text	1	6.823e-08	6.823e-08
part3text	1	6.823e-08	6.823e-08
pary	1	6.823e-08	6.823e-08
passivate	1	6.823e-08	6.823e-08
pbkdf2type	1	6.823e-08	6.823e-08
pcgslme	1	6.823e-08	6.823e-08
pcms	1	6.823e-08	6.823e-08
pend	1	6.823e-08	6.823e-08
percentage_rate	1	6.823e-08	6.823e-08
perl5	1	6.823e-08	6.823e-08
perl5compiled	1	6.823e-08	6.823e-08
persistant	1	6.823e-08	6.823e-08
personal_check	1	6.823e-08	6.823e-08
pfa	1	6.823e-08	6.823e-08
pfactory	1	6.823e-08	6.823e-08
pfcc	1	6.823e-08	6.823e-08
pfgc	1	6.823e-08	6.823e-08
pfs	1	6.823e-08	6.823e-08
pgc	1	6.823e-08	6.823e-08
pkcs8cert	1	6.823e-08	6.823e-08
pmi	1	6.823e-08	6.823e-08
pmnt	1	6.823e-08	6.823e-08
pmtppit	1	6.823e-08	6.823e-08
point2	1	6.823e-08	6.823e-08
posix	1	6.823e-08	6.823e-08
ppref	1	6.823e-08	6.823e-08
ppsm	1	6.823e-08	6.823e-08
prc	1	6.823e-08	6.823e-08
prelim	1	6.823e-08	6.823e-08
print_server	1	6.823e-08	6.823e-08
prioritize	1	6.823e-08	6.823e-08
propkvs	1	6.823e-08	6.823e-08
prt	1	6.823e-08	6.823e-08
psfas	1	6.823e-08	6.823e-08
qties	1	6.823e-08	6.823e-08
rangeqbe	1	6.823e-08	6.823e-08
rbmw	1	6.823e-08	6.823e-08
rbnf	1	6.823e-08	6.823e-08
recurs	1	6.823e-08	6.823e-08
redeemed	1	6.823e-08	6.823e-08
refurbished	1	6.823e-08	6.823e-08
regexpifmatch	1	6.823e-08	6.823e-08
requestor	1	6.823e-08	6.823e-08
rescheduled	1	6.823e-08	6.823e-08
reserves	1	6.823e-08	6.823e-08
respons	1	6.823e-08	6.823e-08
resps	1	6.823e-08	6.823e-08
retireve	1	6.823e-08	6.823e-08
reveals	1	6.823e-08	6.823e-08
revised	1	6.823e-08	6.823e-08
rfc1123	1	6.823e-08	6.823e-08
rfc1123date	1	6.823e-08	6.823e-08
rfield	1	6.823e-08	6.823e-08
rhec	1	6.823e-08	6.823e-08
roc	1	6.823e-08	6.823e-08
rri	1	6.823e-08	6.823e-08
rtf	1	6.823e-08	6.823e-08
rts	1	6.823e-08	6.823e-08
scon	1	6.823e-08	6.823e-08
screencsv	1	6.823e-08	6.823e-08
screenxls	1	6.823e-08	6.823e-08
screenxml	1	6.823e-08	6.823e-08
scripting	1	6.823e-08	6.823e-08
scv	1	6.823e-08	6.823e-08
second_person	1	6.823e-08	6.823e-08
secondly	1	6.823e-08	6.823e-08
selsb	1	6.823e-08	6.823e-08
seps	1	6.823e-08	6.823e-08
sergmented	1	6.823e-08	6.823e-08
serviceops	1	6.823e-08	6.823e-08
sfa	1	6.823e-08	6.823e-08
sfd	1	6.823e-08	6.823e-08
sfldname	1	6.823e-08	6.823e-08
sg	1	6.823e-08	6.823e-08
shortfall	1	6.823e-08	6.823e-08
shp	1	6.823e-08	6.823e-08
singl	1	6.823e-08	6.823e-08
size10	1	6.823e-08	6.823e-08
size3	1	6.823e-08	6.823e-08
skf1	1	6.823e-08	6.823e-08
somewhere	1	6.823e-08	6.823e-08
spec2	1	6.823e-08	6.823e-08
splitting	1	6.823e-08	6.823e-08
sqaa	1	6.823e-08	6.823e-08
sql1	1	6.823e-08	6.823e-08
sql2buf	1	6.823e-08	6.823e-08
sqle	1	6.823e-08	6.823e-08
sqlsb	1	6.823e-08	6.823e-08
standards	1	6.823e-08	6.823e-08
staying	1	6.823e-08	6.823e-08
string4	1	6.823e-08	6.823e-08
stts	1	6.823e-08	6.823e-08
subdomain	1	6.823e-08	6.823e-08
subfolders	1	6.823e-08	6.823e-08
subscriptions	1	6.823e-08	6.823e-08
subst	1	6.823e-08	6.823e-08
suppc	1	6.823e-08	6.823e-08
syncingleton	1	6.823e-08	6.823e-08
tab_order	1	6.823e-08	6.823e-08
tab_page	1	6.823e-08	6.823e-08
taglib	1	6.823e-08	6.823e-08
target_control	1	6.823e-08	6.823e-08
tax_return	1	6.823e-08	6.823e-08
tdf	1	6.823e-08	6.823e-08
testings	1	6.823e-08	6.823e-08
textqbe	1	6.823e-08	6.823e-08
tfactory	1	6.823e-08	6.823e-08
thrus	1	6.823e-08	6.823e-08
time_element	1	6.823e-08	6.823e-08
timeval	1	6.823e-08	6.823e-08
timevals	1	6.823e-08	6.823e-08
title1	1	6.823e-08	6.823e-08
tkn0	1	6.823e-08	6.823e-08
tkn1	1	6.823e-08	6.823e-08
tla	1	6.823e-08	6.823e-08
tlc	1	6.823e-08	6.823e-08
tlp	1	6.823e-08	6.823e-08
tlt	1	6.823e-08	6.823e-08
tns	1	6.823e-08	6.823e-08
tokener	1	6.823e-08	6.823e-08
tops	1	6.823e-08	6.823e-08
track2	1	6.823e-08	6.823e-08
trademark	1	6.823e-08	6.823e-08
trankey	1	6.823e-08	6.823e-08
transactions1	1	6.823e-08	6.823e-08
transacton	1	6.823e-08	6.823e-08
transfer_test	1	6.823e-08	6.823e-08
travers	1	6.823e-08	6.823e-08
troutd	1	6.823e-08	6.823e-08
tstmp	1	6.823e-08	6.823e-08
ufa	1	6.823e-08	6.823e-08
ufields	1	6.823e-08	6.823e-08
ulc	1	6.823e-08	6.823e-08
ulh	1	6.823e-08	6.823e-08
unattributed	1	6.823e-08	6.823e-08
undeclared	1	6.823e-08	6.823e-08
unit_element	1	6.823e-08	6.823e-08
uno	1	6.823e-08	6.823e-08
unpw	1	6.823e-08	6.823e-08
urx	1	6.823e-08	6.823e-08
ury	1	6.823e-08	6.823e-08
vali	1	6.823e-08	6.823e-08
valign	1	6.823e-08	6.823e-08
value1boolean	1	6.823e-08	6.823e-08
value1date	1	6.823e-08	6.823e-08
value1double	1	6.823e-08	6.823e-08
value1time	1	6.823e-08	6.823e-08
value1timestamp	1	6.823e-08	6.823e-08
value2boolean	1	6.823e-08	6.823e-08
value2date	1	6.823e-08	6.823e-08
value2double	1	6.823e-08	6.823e-08
value2locale	1	6.823e-08	6.823e-08
value2time	1	6.823e-08	6.823e-08
value2timestamp	1	6.823e-08	6.823e-08
value_added	1	6.823e-08	6.823e-08
variable_cost	1	6.823e-08	6.823e-08
verbosily	1	6.823e-08	6.823e-08
verbosity	1	6.823e-08	6.823e-08
verifications	1	6.823e-08	6.823e-08
verisign	1	6.823e-08	6.823e-08
virt	1	6.823e-08	6.823e-08
vivify	1	6.823e-08	6.823e-08
vname	1	6.823e-08	6.823e-08
webdav	1	6.823e-08	6.823e-08
wef	1	6.823e-08	6.823e-08
wepa	1	6.823e-08	6.823e-08
wheresb	1	6.823e-08	6.823e-08
withdrawal	1	6.823e-08	6.823e-08
withdrawl	1	6.823e-08	6.823e-08
wois	1	6.823e-08	6.823e-08
wout	1	6.823e-08	6.823e-08
wv	1	6.823e-08	6.823e-08
x500	1	6.823e-08	6.823e-08
x500opts	1	6.823e-08	6.823e-08
x500s	1	6.823e-08	6.823e-08
xac	1	6.823e-08	6.823e-08
xacf	1	6.823e-08	6.823e-08
xacon	1	6.823e-08	6.823e-08
xschema	1	6.823e-08	6.823e-08
xssi	1	6.823e-08	6.823e-08
zip4	1	6.823e-08	6.823e-08
1200	2	5.500e-08	5.500e-08
1231	2	5.500e-08	5.500e-08
1497	2	5.500e-08	5.500e-08
1654	2	5.500e-08	5.500e-08
1990	2	5.500e-08	5.500e-08
1991	2	5.500e-08	5.500e-08
2085	2	5.500e-08	5.500e-08
2480	2	5.500e-08	5.500e-08
3246	2	5.500e-08	5.500e-08
3339	2	5.500e-08	5.500e-08
4417	2	5.500e-08	5.500e-08
4554	2	5.500e-08	5.500e-08
4612	2	5.500e-08	5.500e-08
4650	2	5.500e-08	5.500e-08
4707	2	5.500e-08	5.500e-08
4733	2	5.500e-08	5.500e-08
4843	2	5.500e-08	5.500e-08
4880	2	5.500e-08	5.500e-08
615	2	5.500e-08	5.500e-08
628	2	5.500e-08	5.500e-08
690	2	5.500e-08	5.500e-08
705	2	5.500e-08	5.500e-08
7382	2	5.500e-08	5.500e-08
8to4	2	5.500e-08	5.500e-08
9buckets	2	5.500e-08	5.500e-08
accumulative	2	5.500e-08	5.500e-08
acquirer	2	5.500e-08	5.500e-08
acquires	2	5.500e-08	5.500e-08
acquiring	2	5.500e-08	5.500e-08
acquisitions	2	5.500e-08	5.500e-08
active1	2	5.500e-08	5.500e-08
active2	2	5.500e-08	5.500e-08
active4	2	5.500e-08	5.500e-08
admin3	2	5.500e-08	5.500e-08
after1	2	5.500e-08	5.500e-08
agenda	2	5.500e-08	5.500e-08
aggregat	2	5.500e-08	5.500e-08
args1	2	5.500e-08	5.500e-08
assigns	2	5.500e-08	5.500e-08
atomicity	2	5.500e-08	5.500e-08
backufile	2	5.500e-08	5.500e-08
backupdir	2	5.500e-08	5.500e-08
base64of	2	5.500e-08	5.500e-08
base_level	2	5.500e-08	5.500e-08
basic1	2	5.500e-08	5.500e-08
basic2	2	5.500e-08	5.500e-08
benchmarks	2	5.500e-08	5.500e-08
biased	2	5.500e-08	5.500e-08
bipartite	2	5.500e-08	5.500e-08
body_plan	2	5.500e-08	5.500e-08
bon	2	5.500e-08	5.500e-08
bonaparte	2	5.500e-08	5.500e-08
braket	2	5.500e-08	5.500e-08
branch2	2	5.500e-08	5.500e-08
bumps	2	5.500e-08	5.500e-08
by2arrows	2	5.500e-08	5.500e-08
bystander	2	5.500e-08	5.500e-08
bytes2char	2	5.500e-08	5.500e-08
c1a	2	5.500e-08	5.500e-08
c1b	2	5.500e-08	5.500e-08
c1impl	2	5.500e-08	5.500e-08
c2a	2	5.500e-08	5.500e-08
c2b	2	5.500e-08	5.500e-08
c3a	2	5.500e-08	5.500e-08
c3b	2	5.500e-08	5.500e-08
cachedbefore	2	5.500e-08	5.500e-08
calculating	2	5.500e-08	5.500e-08
casted	2	5.500e-08	5.500e-08
characteristics	2	5.500e-08	5.500e-08
cnd	2	5.500e-08	5.500e-08
coercion	2	5.500e-08	5.500e-08
colection	2	5.500e-08	5.500e-08
collate1	2	5.500e-08	5.500e-08
collate2	2	5.500e-08	5.500e-08
compacts	2	5.500e-08	5.500e-08
competing	2	5.500e-08	5.500e-08
compressor	2	5.500e-08	5.500e-08
confguration	2	5.500e-08	5.500e-08
considers	2	5.500e-08	5.500e-08
container1	2	5.500e-08	5.500e-08
container2	2	5.500e-08	5.500e-08
contetx	2	5.500e-08	5.500e-08
continents	2	5.500e-08	5.500e-08
converge	2	5.500e-08	5.500e-08
converges	2	5.500e-08	5.500e-08
convert2record	2	5.500e-08	5.500e-08
copy_test	2	5.500e-08	5.500e-08
countable	2	5.500e-08	5.500e-08
cpmv2allocate	2	5.500e-08	5.500e-08
creatable	2	5.500e-08	5.500e-08
create4bucket	2	5.500e-08	5.500e-08
curator	2	5.500e-08	5.500e-08
dag	2	5.500e-08	5.500e-08
datetime0	2	5.500e-08	5.500e-08
dead_set	2	5.500e-08	5.500e-08
deallocates	2	5.500e-08	5.500e-08
decompositon	2	5.500e-08	5.500e-08
decompressor	2	5.500e-08	5.500e-08
depth2	2	5.500e-08	5.500e-08
descriptive	2	5.500e-08	5.500e-08
deserialises	2	5.500e-08	5.500e-08
deserializable	2	5.500e-08	5.500e-08
detachment	2	5.500e-08	5.500e-08
differentiates	2	5.500e-08	5.500e-08
directed_edge	2	5.500e-08	5.500e-08
distance1	2	5.500e-08	5.500e-08
distance2	2	5.500e-08	5.500e-08
distinguished	2	5.500e-08	5.500e-08
distributes	2	5.500e-08	5.500e-08
dname	2	5.500e-08	5.500e-08
doc1id	2	5.500e-08	5.500e-08
doubling	2	5.500e-08	5.500e-08
downer	2	5.500e-08	5.500e-08
dumped	2	5.500e-08	5.500e-08
dx2	2	5.500e-08	5.500e-08
dy1	2	5.500e-08	5.500e-08
dy2	2	5.500e-08	5.500e-08
e12	2	5.500e-08	5.500e-08
e6	2	5.500e-08	5.500e-08
eastern	2	5.500e-08	5.500e-08
edgebtree	2	5.500e-08	5.500e-08
edges4	2	5.500e-08	5.500e-08
eleven	2	5.500e-08	5.500e-08
empty1	2	5.500e-08	5.500e-08
empty2	2	5.500e-08	5.500e-08
entity12	2	5.500e-08	5.500e-08
entrant	2	5.500e-08	5.500e-08
entree	2	5.500e-08	5.500e-08
entries1	2	5.500e-08	5.500e-08
entries2	2	5.500e-08	5.500e-08
entries3	2	5.500e-08	5.500e-08
entry4	2	5.500e-08	5.500e-08
epfx	2	5.500e-08	5.500e-08
error1	2	5.500e-08	5.500e-08
error2	2	5.500e-08	5.500e-08
ewith	2	5.500e-08	5.500e-08
exact25	2	5.500e-08	5.500e-08
exactly8buckets	2	5.500e-08	5.500e-08
executin	2	5.500e-08	5.500e-08
extreme	2	5.500e-08	5.500e-08
fabricate	2	5.500e-08	5.500e-08
famous	2	5.500e-08	5.500e-08
fifth	2	5.500e-08	5.500e-08
first_flush	2	5.500e-08	5.500e-08
flattens	2	5.500e-08	5.500e-08
follower	2	5.500e-08	5.500e-08
form_feed	2	5.500e-08	5.500e-08
fresh20	2	5.500e-08	5.500e-08
fresh25	2	5.500e-08	5.500e-08
funciton	2	5.500e-08	5.500e-08
function4	2	5.500e-08	5.500e-08
garibaldi	2	5.500e-08	5.500e-08
gbytes	2	5.500e-08	5.500e-08
granular	2	5.500e-08	5.500e-08
gregorian	2	5.500e-08	5.500e-08
growth_rate	2	5.500e-08	5.500e-08
guarantee	2	5.500e-08	5.500e-08
hist4	2	5.500e-08	5.500e-08
histogram4	2	5.500e-08	5.500e-08
histogram8	2	5.500e-08	5.500e-08
hll2	2	5.500e-08	5.500e-08
hll5	2	5.500e-08	5.500e-08
hms	2	5.500e-08	5.500e-08
hoisted	2	5.500e-08	5.500e-08
iae	2	5.500e-08	5.500e-08
ic11work	2	5.500e-08	5.500e-08
ic3country	2	5.500e-08	5.500e-08
ic3json	2	5.500e-08	5.500e-08
ic3params	2	5.500e-08	5.500e-08
ic3start	2	5.500e-08	5.500e-08
ic4factor	2	5.500e-08	5.500e-08
ic4json	2	5.500e-08	5.500e-08
ic4params	2	5.500e-08	5.500e-08
ic4start	2	5.500e-08	5.500e-08
ic4style	2	5.500e-08	5.500e-08
ic5shape	2	5.500e-08	5.500e-08
ic9json	2	5.500e-08	5.500e-08
ic9params	2	5.500e-08	5.500e-08
id12	2	5.500e-08	5.500e-08
id50	2	5.500e-08	5.500e-08
id7	2	5.500e-08	5.500e-08
id8	2	5.500e-08	5.500e-08
identically	2	5.500e-08	5.500e-08
ids1	2	5.500e-08	5.500e-08
ids2	2	5.500e-08	5.500e-08
im1	2	5.500e-08	5.500e-08
im2	2	5.500e-08	5.500e-08
iml	2	5.500e-08	5.500e-08
impl2	2	5.500e-08	5.500e-08
in1	2	5.500e-08	5.500e-08
in3	2	5.500e-08	5.500e-08
incomes	2	5.500e-08	5.500e-08
independence	2	5.500e-08	5.500e-08
indexes1	2	5.500e-08	5.500e-08
indexes3	2	5.500e-08	5.500e-08
indexes4	2	5.500e-08	5.500e-08
inherits	2	5.500e-08	5.500e-08
initializers	2	5.500e-08	5.500e-08
instantiation	2	5.500e-08	5.500e-08
intraday	2	5.500e-08	5.500e-08
inverse1	2	5.500e-08	5.500e-08
inverse2	2	5.500e-08	5.500e-08
inverts	2	5.500e-08	5.500e-08
iwc	2	5.500e-08	5.500e-08
jjbit	2	5.500e-08	5.500e-08
jjnew	2	5.500e-08	5.500e-08
json3	2	5.500e-08	5.500e-08
jsr223script	2	5.500e-08	5.500e-08
jsr223when	2	5.500e-08	5.500e-08
jupiter	2	5.500e-08	5.500e-08
kilobyte	2	5.500e-08	5.500e-08
kitchen_sink	2	5.500e-08	5.500e-08
leaving	2	5.500e-08	5.500e-08
leia	2	5.500e-08	5.500e-08
length3	2	5.500e-08	5.500e-08
length5	2	5.500e-08	5.500e-08
length6	2	5.500e-08	5.500e-08
length7	2	5.500e-08	5.500e-08
length8	2	5.500e-08	5.500e-08
length9	2	5.500e-08	5.500e-08
lesser	2	5.500e-08	5.500e-08
link1	2	5.500e-08	5.500e-08
linked1	2	5.500e-08	5.500e-08
linked2	2	5.500e-08	5.500e-08
linking	2	5.500e-08	5.500e-08
linking1	2	5.500e-08	5.500e-08
linking2	2	5.500e-08	5.500e-08
linking3	2	5.500e-08	5.500e-08
links1	2	5.500e-08	5.500e-08
loaded1	2	5.500e-08	5.500e-08
lock1	2	5.500e-08	5.500e-08
lock2	2	5.500e-08	5.500e-08
lshift	2	5.500e-08	5.500e-08
luke	2	5.500e-08	5.500e-08
managed2	2	5.500e-08	5.500e-08
managed2arrows	2	5.500e-08	5.500e-08
manager2arrows	2	5.500e-08	5.500e-08
map_projection	2	5.500e-08	5.500e-08
mappa	2	5.500e-08	5.500e-08
mates	2	5.500e-08	5.500e-08
maxparams	2	5.500e-08	5.500e-08
mbytes	2	5.500e-08	5.500e-08
milis	2	5.500e-08	5.500e-08
minparams	2	5.500e-08	5.500e-08
mis	2	5.500e-08	5.500e-08
mitre	2	5.500e-08	5.500e-08
monotonicity	2	5.500e-08	5.500e-08
motorcycle	2	5.500e-08	5.500e-08
motorcycles	2	5.500e-08	5.500e-08
movies	2	5.500e-08	5.500e-08
mpscfaa	2	5.500e-08	5.500e-08
narrowest	2	5.500e-08	5.500e-08
nio	2	5.500e-08	5.500e-08
nle	2	5.500e-08	5.500e-08
nmi	2	5.500e-08	5.500e-08
notifies	2	5.500e-08	5.500e-08
now1	2	5.500e-08	5.500e-08
ntk	2	5.500e-08	5.500e-08
null_character	2	5.500e-08	5.500e-08
odoc	2	5.500e-08	5.500e-08
offset1	2	5.500e-08	5.500e-08
offset2	2	5.500e-08	5.500e-08
old_age	2	5.500e-08	5.500e-08
op1snap	2	5.500e-08	5.500e-08
op1vis	2	5.500e-08	5.500e-08
op5	2	5.500e-08	5.500e-08
openness	2	5.500e-08	5.500e-08
optimum	2	5.500e-08	5.500e-08
optional2	2	5.500e-08	5.500e-08
optional3	2	5.500e-08	5.500e-08
orid1	2	5.500e-08	5.500e-08
orid2	2	5.500e-08	5.500e-08
oriented	2	5.500e-08	5.500e-08
overflows	2	5.500e-08	5.500e-08
overwriting	2	5.500e-08	5.500e-08
overwritten	2	5.500e-08	5.500e-08
page1cache	2	5.500e-08	5.500e-08
parentesis	2	5.500e-08	5.500e-08
partials	2	5.500e-08	5.500e-08
pcv2allocate	2	5.500e-08	5.500e-08
perfect	2	5.500e-08	5.500e-08
periodically	2	5.500e-08	5.500e-08
ph8929	2	5.500e-08	5.500e-08
plotter	2	5.500e-08	5.500e-08
point1	2	5.500e-08	5.500e-08
pointing	2	5.500e-08	5.500e-08
poisoned	2	5.500e-08	5.500e-08
policy2	2	5.500e-08	5.500e-08
polymorphism	2	5.500e-08	5.500e-08
pos0	2	5.500e-08	5.500e-08
poss	2	5.500e-08	5.500e-08
preallocate	2	5.500e-08	5.500e-08
predecessors	2	5.500e-08	5.500e-08
preservation	2	5.500e-08	5.500e-08
president	2	5.500e-08	5.500e-08
prev0	2	5.500e-08	5.500e-08
prev1	2	5.500e-08	5.500e-08
primary3	2	5.500e-08	5.500e-08
priority2	2	5.500e-08	5.500e-08
priority3	2	5.500e-08	5.500e-08
profiled	2	5.500e-08	5.500e-08
projection2	2	5.500e-08	5.500e-08
provileges	2	5.500e-08	5.500e-08
pwkt	2	5.500e-08	5.500e-08
quantile	2	5.500e-08	5.500e-08
quantiles	2	5.500e-08	5.500e-08
quotation	2	5.500e-08	5.500e-08
races	2	5.500e-08	5.500e-08
range3	2	5.500e-08	5.500e-08
reaching	2	5.500e-08	5.500e-08
realloc	2	5.500e-08	5.500e-08
reclamation	2	5.500e-08	5.500e-08
recognises	2	5.500e-08	5.500e-08
reconstructed	2	5.500e-08	5.500e-08
reconstructs	2	5.500e-08	5.500e-08
recycle	2	5.500e-08	5.500e-08
redmond	2	5.500e-08	5.500e-08
reinit	2	5.500e-08	5.500e-08
relatives	2	5.500e-08	5.500e-08
renames	2	5.500e-08	5.500e-08
reporting	2	5.500e-08	5.500e-08
representable	2	5.500e-08	5.500e-08
reput	2	5.500e-08	5.500e-08
retrigger	2	5.500e-08	5.500e-08
reusable	2	5.500e-08	5.500e-08
right2	2	5.500e-08	5.500e-08
rlimit	2	5.500e-08	5.500e-08
rollbacks	2	5.500e-08	5.500e-08
routed	2	5.500e-08	5.500e-08
rshift	2	5.500e-08	5.500e-08
rtm	2	5.500e-08	5.500e-08
salary2	2	5.500e-08	5.500e-08
second_class	2	5.500e-08	5.500e-08
secondary3	2	5.500e-08	5.500e-08
secuirty	2	5.500e-08	5.500e-08
select1	2	5.500e-08	5.500e-08
selectors1	2	5.500e-08	5.500e-08
selectors2	2	5.500e-08	5.500e-08
seq1	2	5.500e-08	5.500e-08
serialise	2	5.500e-08	5.500e-08
set12items	2	5.500e-08	5.500e-08
seved1	2	5.500e-08	5.500e-08
sha256algorithm	2	5.500e-08	5.500e-08
sha256for	2	5.500e-08	5.500e-08
sha256when	2	5.500e-08	5.500e-08
short_cross	2	5.500e-08	5.500e-08
silences	2	5.500e-08	5.500e-08
sk3	2	5.500e-08	5.500e-08
slightly	2	5.500e-08	5.500e-08
snap1after	2	5.500e-08	5.500e-08
snap1before	2	5.500e-08	5.500e-08
snap2after	2	5.500e-08	5.500e-08
snap2before	2	5.500e-08	5.500e-08
snap5	2	5.500e-08	5.500e-08
space4with	2	5.500e-08	5.500e-08
spans	2	5.500e-08	5.500e-08
spilled	2	5.500e-08	5.500e-08
spurious	2	5.500e-08	5.500e-08
sql3	2	5.500e-08	5.500e-08
srwl	2	5.500e-08	5.500e-08
stc	2	5.500e-08	5.500e-08
sticky	2	5.500e-08	5.500e-08
stm3	2	5.500e-08	5.500e-08
streamed	2	5.500e-08	5.500e-08
streaming_service	2	5.500e-08	5.500e-08
stringifies	2	5.500e-08	5.500e-08
subitem	2	5.500e-08	5.500e-08
subnormal	2	5.500e-08	5.500e-08
substep	2	5.500e-08	5.500e-08
substeps	2	5.500e-08	5.500e-08
substrings	2	5.500e-08	5.500e-08
superclass2	2	5.500e-08	5.500e-08
surnames	2	5.500e-08	5.500e-08
surrogate	2	5.500e-08	5.500e-08
survivor	2	5.500e-08	5.500e-08
sweeps	2	5.500e-08	5.500e-08
tags1	2	5.500e-08	5.500e-08
tags2	2	5.500e-08	5.500e-08
terabytes	2	5.500e-08	5.500e-08
text2use	2	5.500e-08	5.500e-08
thread1	2	5.500e-08	5.500e-08
time_interval	2	5.500e-08	5.500e-08
transacation	2	5.500e-08	5.500e-08
transcript	2	5.500e-08	5.500e-08
transitively	2	5.500e-08	5.500e-08
traversal2	2	5.500e-08	5.500e-08
triangle1	2	5.500e-08	5.500e-08
triangle1arrows	2	5.500e-08	5.500e-08
triangle2	2	5.500e-08	5.500e-08
triangle2arrows	2	5.500e-08	5.500e-08
triangle2old	2	5.500e-08	5.500e-08
triangle3	2	5.500e-08	5.500e-08
triangle4	2	5.500e-08	5.500e-08
triangle4arrows	2	5.500e-08	5.500e-08
trip	2	5.500e-08	5.500e-08
tuning	2	5.500e-08	5.500e-08
twos	2	5.500e-08	5.500e-08
tx10	2	5.500e-08	5.500e-08
tx11	2	5.500e-08	5.500e-08
tx12	2	5.500e-08	5.500e-08
tx13	2	5.500e-08	5.500e-08
tx14	2	5.500e-08	5.500e-08
tx15	2	5.500e-08	5.500e-08
tx2committed	2	5.500e-08	5.500e-08
tx9	2	5.500e-08	5.500e-08
types1	2	5.500e-08	5.500e-08
typo	2	5.500e-08	5.500e-08
tyrion	2	5.500e-08	5.500e-08
uid3count	2	5.500e-08	5.500e-08
unaligned	2	5.500e-08	5.500e-08
uncontended	2	5.500e-08	5.500e-08
undetermined	2	5.500e-08	5.500e-08
undirected	2	5.500e-08	5.500e-08
unfrozen	2	5.500e-08	5.500e-08
uninitialised	2	5.500e-08	5.500e-08
unit_record	2	5.500e-08	5.500e-08
unpersisted	2	5.500e-08	5.500e-08
unpin	2	5.500e-08	5.500e-08
unreached	2	5.500e-08	5.500e-08
unsafe1	2	5.500e-08	5.500e-08
unstarted	2	5.500e-08	5.500e-08
unwind2	2	5.500e-08	5.500e-08
unwinded	2	5.500e-08	5.500e-08
unwinds	2	5.500e-08	5.500e-08
user_interface	2	5.500e-08	5.500e-08
utf8bmp	2	5.500e-08	5.500e-08
utf8empty	2	5.500e-08	5.500e-08
utf8serializer	2	5.500e-08	5.500e-08
utf8string	2	5.500e-08	5.500e-08
utf8supplementary	2	5.500e-08	5.500e-08
uu	2	5.500e-08	5.500e-08
v0test	2	5.500e-08	5.500e-08
v1api	2	5.500e-08	5.500e-08
v1dead	2	5.500e-08	5.500e-08
v1reloaded	2	5.500e-08	5.500e-08
v2bucket	2	5.500e-08	5.500e-08
v2bulk	2	5.500e-08	5.500e-08
v2decrement	2	5.500e-08	5.500e-08
v2increment	2	5.500e-08	5.500e-08
v2simple	2	5.500e-08	5.500e-08
v2switch	2	5.500e-08	5.500e-08
v3null	2	5.500e-08	5.500e-08
v3type	2	5.500e-08	5.500e-08
v3update	2	5.500e-08	5.500e-08
v50	2	5.500e-08	5.500e-08
vacuous	2	5.500e-08	5.500e-08
value10as	2	5.500e-08	5.500e-08
value1as	2	5.500e-08	5.500e-08
vand	2	5.500e-08	5.500e-08
varints	2	5.500e-08	5.500e-08
vcl	2	5.500e-08	5.500e-08
verices	2	5.500e-08	5.500e-08
version3	2	5.500e-08	5.500e-08
version4	2	5.500e-08	5.500e-08
vw2	2	5.500e-08	5.500e-08
wce	2	5.500e-08	5.500e-08
whens	2	5.500e-08	5.500e-08
with5	2	5.500e-08	5.500e-08
with5buckets	2	5.500e-08	5.500e-08
worst	2	5.500e-08	5.500e-08
wrapper2	2	5.500e-08	5.500e-08
zdt	2	5.500e-08	5.500e-08
zero_out	2	5.500e-08	5.500e-08
zeroish	2	5.500e-08	5.500e-08
zetastatic	2	5.500e-08	5.500e-08
zipf	2	5.500e-08	5.500e-08
abbrevs	1	4.096e-08	4.096e-08
aciton	1	4.096e-08	4.096e-08
aclitemeq	1	4.096e-08	4.096e-08
aclitemin	1	4.096e-08	4.096e-08
aclitemout	1	4.096e-08	4.096e-08
acos	1	4.096e-08	4.096e-08
acosd	1	4.096e-08	4.096e-08
acosh	1	4.096e-08	4.096e-08
adabas	1	4.096e-08	4.096e-08
aerospike	1	4.096e-08	4.096e-08
agens	1	4.096e-08	4.096e-08
ala	1	4.096e-08	4.096e-08
algolia	1	4.096e-08	4.096e-08
aligns	1	4.096e-08	4.096e-08
allegro	1	4.096e-08	4.096e-08
altibase	1	4.096e-08	4.096e-08
anova	1	4.096e-08	4.096e-08
anzo	1	4.096e-08	4.096e-08
aov	1	4.096e-08	4.096e-08
archiver	1	4.096e-08	4.096e-08
areajoinsel	1	4.096e-08	4.096e-08
areasel	1	4.096e-08	4.096e-08
array2list	1	4.096e-08	4.096e-08
array2map	1	4.096e-08	4.096e-08
array2string	1	4.096e-08	4.096e-08
arrayagg	1	4.096e-08	4.096e-08
arraycontjoinsel	1	4.096e-08	4.096e-08
arraycontsel	1	4.096e-08	4.096e-08
arrs	1	4.096e-08	4.096e-08
asciistr	1	4.096e-08	4.096e-08
asgeojson	1	4.096e-08	4.096e-08
asin	1	4.096e-08	4.096e-08
asind	1	4.096e-08	4.096e-08
asinh	1	4.096e-08	4.096e-08
asp	1	4.096e-08	4.096e-08
atan	1	4.096e-08	4.096e-08
atan2	1	4.096e-08	4.096e-08
atan2d	1	4.096e-08	4.096e-08
atand	1	4.096e-08	4.096e-08
atanh	1	4.096e-08	4.096e-08
atn2	1	4.096e-08	4.096e-08
aton	1	4.096e-08	4.096e-08
atoti	1	4.096e-08	4.096e-08
aurora	1	4.096e-08	4.096e-08
authid	1	4.096e-08	4.096e-08
autoincrement	1	4.096e-08	4.096e-08
axi	1	4.096e-08	4.096e-08
baidu	1	4.096e-08	4.096e-08
bangdb	1	4.096e-08	4.096e-08
bao	1	4.096e-08	4.096e-08
base8a	1	4.096e-08	4.096e-08
base8c	1	4.096e-08	4.096e-08
bbox	1	4.096e-08	4.096e-08
bd09ll	1	4.096e-08	4.096e-08
bd09mc	1	4.096e-08	4.096e-08
befores	1	4.096e-08	4.096e-08
berg	1	4.096e-08	4.096e-08
berkeley	1	4.096e-08	4.096e-08
bernoulli	1	4.096e-08	4.096e-08
betweens	1	4.096e-08	4.096e-08
bfilename	1	4.096e-08	4.096e-08
billion	1	4.096e-08	4.096e-08
bin2dec	1	4.096e-08	4.096e-08
binchar	1	4.096e-08	4.096e-08
binomial_test	1	4.096e-08	4.096e-08
bintochar	1	4.096e-08	4.096e-08
bitcmp	1	4.096e-08	4.096e-08
biteq	1	4.096e-08	4.096e-08
bitge	1	4.096e-08	4.096e-08
bitgt	1	4.096e-08	4.096e-08
bitle	1	4.096e-08	4.096e-08
bitlt	1	4.096e-08	4.096e-08
bitne	1	4.096e-08	4.096e-08
bitor	1	4.096e-08	4.096e-08
bittypmodin	1	4.096e-08	4.096e-08
bittypmodout	1	4.096e-08	4.096e-08
bitxor	1	4.096e-08	4.096e-08
blong	1	4.096e-08	4.096e-08
blox	1	4.096e-08	4.096e-08
boo	1	4.096e-08	4.096e-08
booleq	1	4.096e-08	4.096e-08
boolge	1	4.096e-08	4.096e-08
boolgt	1	4.096e-08	4.096e-08
boolin	1	4.096e-08	4.096e-08
boolle	1	4.096e-08	4.096e-08
boollt	1	4.096e-08	4.096e-08
boolne	1	4.096e-08	4.096e-08
boolor	1	4.096e-08	4.096e-08
boolout	1	4.096e-08	4.096e-08
boolrecv	1	4.096e-08	4.096e-08
boolsend	1	4.096e-08	4.096e-08
box_out	1	4.096e-08	4.096e-08
bpcharcmp	1	4.096e-08	4.096e-08
bpchareq	1	4.096e-08	4.096e-08
bpchargt	1	4.096e-08	4.096e-08
bpchariclike	1	4.096e-08	4.096e-08
bpcharicnlike	1	4.096e-08	4.096e-08
bpcharicregexeq	1	4.096e-08	4.096e-08
bpcharicregexne	1	4.096e-08	4.096e-08
bpcharin	1	4.096e-08	4.096e-08
bpcharle	1	4.096e-08	4.096e-08
bpcharlike	1	4.096e-08	4.096e-08
bpcharlt	1	4.096e-08	4.096e-08
bpcharne	1	4.096e-08	4.096e-08
bpcharnlike	1	4.096e-08	4.096e-08
bpcharout	1	4.096e-08	4.096e-08
bpcharrecv	1	4.096e-08	4.096e-08
bpcharregexeq	1	4.096e-08	4.096e-08
bpcharregexne	1	4.096e-08	4.096e-08
bpcharsend	1	4.096e-08	4.096e-08
bpchartypmodin	1	4.096e-08	4.096e-08
bpchartypmodout	1	4.096e-08	4.096e-08
brinhandler	1	4.096e-08	4.096e-08
browsers	1	4.096e-08	4.096e-08
brytlyt	1	4.096e-08	4.096e-08
btarraycmp	1	4.096e-08	4.096e-08
btboolcmp	1	4.096e-08	4.096e-08
btcharcmp	1	4.096e-08	4.096e-08
btequalimage	1	4.096e-08	4.096e-08
btfloat48cmp	1	4.096e-08	4.096e-08
btfloat4cmp	1	4.096e-08	4.096e-08
btfloat4sortsupport	1	4.096e-08	4.096e-08
btfloat84cmp	1	4.096e-08	4.096e-08
btfloat8cmp	1	4.096e-08	4.096e-08
btfloat8sortsupport	1	4.096e-08	4.096e-08
btint24cmp	1	4.096e-08	4.096e-08
btint28cmp	1	4.096e-08	4.096e-08
btint2cmp	1	4.096e-08	4.096e-08
btint2sortsupport	1	4.096e-08	4.096e-08
btint42cmp	1	4.096e-08	4.096e-08
btint48cmp	1	4.096e-08	4.096e-08
btint4cmp	1	4.096e-08	4.096e-08
btint4sortsupport	1	4.096e-08	4.096e-08
btint82cmp	1	4.096e-08	4.096e-08
btint84cmp	1	4.096e-08	4.096e-08
btint8cmp	1	4.096e-08	4.096e-08
btint8sortsupport	1	4.096e-08	4.096e-08
btnamecmp	1	4.096e-08	4.096e-08
btnamesortsupport	1	4.096e-08	4.096e-08
btnametextcmp	1	4.096e-08	4.096e-08
btoidcmp	1	4.096e-08	4.096e-08
btoidsortsupport	1	4.096e-08	4.096e-08
btoidvectorcmp	1	4.096e-08	4.096e-08
btrecordcmp	1	4.096e-08	4.096e-08
btrecordimagecmp	1	4.096e-08	4.096e-08
btrim	1	4.096e-08	4.096e-08
bttextcmp	1	4.096e-08	4.096e-08
bttextnamecmp	1	4.096e-08	4.096e-08
bttextsortsupport	1	4.096e-08	4.096e-08
bttidcmp	1	4.096e-08	4.096e-08
btvarstrequalimage	1	4.096e-08	4.096e-08
bvars	1	4.096e-08	4.096e-08
byte2ascii	1	4.096e-08	4.096e-08
byte2bcd	1	4.096e-08	4.096e-08
byte2bigint	1	4.096e-08	4.096e-08
byte2bin	1	4.096e-08	4.096e-08
byte2char	1	4.096e-08	4.096e-08
byte2decimal	1	4.096e-08	4.096e-08
byte2double	1	4.096e-08	4.096e-08
byte2file	1	4.096e-08	4.096e-08
byte2hexs	1	4.096e-08	4.096e-08
byte2points	1	4.096e-08	4.096e-08
byteacat	1	4.096e-08	4.096e-08
byteacmp	1	4.096e-08	4.096e-08
byteaeq	1	4.096e-08	4.096e-08
byteagt	1	4.096e-08	4.096e-08
byteain	1	4.096e-08	4.096e-08
byteale	1	4.096e-08	4.096e-08
bytealt	1	4.096e-08	4.096e-08
byteane	1	4.096e-08	4.096e-08
byteanlike	1	4.096e-08	4.096e-08
byteaout	1	4.096e-08	4.096e-08
bytearecv	1	4.096e-08	4.096e-08
byteasend	1	4.096e-08	4.096e-08
bytes1	1	4.096e-08	4.096e-08
bytes2	1	4.096e-08	4.096e-08
bytes2bcd	1	4.096e-08	4.096e-08
calendars	1	4.096e-08	4.096e-08
cash_out	1	4.096e-08	4.096e-08
cayley	1	4.096e-08	4.096e-08
cbrt	1	4.096e-08	4.096e-08
ccol	1	4.096e-08	4.096e-08
ccols	1	4.096e-08	4.096e-08
char2number	1	4.096e-08	4.096e-08
chareq	1	4.096e-08	4.096e-08
chargt	1	4.096e-08	4.096e-08
charin	1	4.096e-08	4.096e-08
charindex	1	4.096e-08	4.096e-08
charle	1	4.096e-08	4.096e-08
charlt	1	4.096e-08	4.096e-08
charne	1	4.096e-08	4.096e-08
charout	1	4.096e-08	4.096e-08
charrecv	1	4.096e-08	4.096e-08
charsend	1	4.096e-08	4.096e-08
chartobin	1	4.096e-08	4.096e-08
chartorowid	1	4.096e-08	4.096e-08
cideq	1	4.096e-08	4.096e-08
cidin	1	4.096e-08	4.096e-08
cidrecv	1	4.096e-08	4.096e-08
cint	1	4.096e-08	4.096e-08
cirro	1	4.096e-08	4.096e-08
class2table	1	4.096e-08	4.096e-08
clock_time	1	4.096e-08	4.096e-08
cloudant	1	4.096e-08	4.096e-08
cnos	1	4.096e-08	4.096e-08
code2display	1	4.096e-08	4.096e-08
coercibility	1	4.096e-08	4.096e-08
column2field	1	4.096e-08	4.096e-08
colums	1	4.096e-08	4.096e-08
comdb2	1	4.096e-08	4.096e-08
conity	1	4.096e-08	4.096e-08
contet	1	4.096e-08	4.096e-08
contjoinsel	1	4.096e-08	4.096e-08
contsel	1	4.096e-08	4.096e-08
cosd	1	4.096e-08	4.096e-08
cosh	1	4.096e-08	4.096e-08
cosmos	1	4.096e-08	4.096e-08
cot	1	4.096e-08	4.096e-08
cotd	1	4.096e-08	4.096e-08
counta	1	4.096e-08	4.096e-08
covenant	1	4.096e-08	4.096e-08
coveo	1	4.096e-08	4.096e-08
cozo	1	4.096e-08	4.096e-08
cpoint	1	4.096e-08	4.096e-08
cpoly	1	4.096e-08	4.096e-08
crase	1	4.096e-08	4.096e-08
crc32c	1	4.096e-08	4.096e-08
crisp	1	4.096e-08	4.096e-08
cross_tab	1	4.096e-08	4.096e-08
crosstab	1	4.096e-08	4.096e-08
ctype	1	4.096e-08	4.096e-08
cu	1	4.096e-08	4.096e-08
cubrid	1	4.096e-08	4.096e-08
cudb	1	4.096e-08	4.096e-08
currtid2	1	4.096e-08	4.096e-08
currval	1	4.096e-08	4.096e-08
cvalue	1	4.096e-08	4.096e-08
databasepropertyex	1	4.096e-08	4.096e-08
datacom	1	4.096e-08	4.096e-08
datameer	1	4.096e-08	4.096e-08
datasoruce	1	4.096e-08	4.096e-08
datastax	1	4.096e-08	4.096e-08
datetime2fromparts	1	4.096e-08	4.096e-08
datetimetz	1	4.096e-08	4.096e-08
datetrunc	1	4.096e-08	4.096e-08
datomic	1	4.096e-08	4.096e-08
dayofmonth	1	4.096e-08	4.096e-08
dayofweek	1	4.096e-08	4.096e-08
dayofyear	1	4.096e-08	4.096e-08
db100	1	4.096e-08	4.096e-08
db200	1	4.096e-08	4.096e-08
db2adapter	1	4.096e-08	4.096e-08
db2type	1	4.096e-08	4.096e-08
db2warehouse	1	4.096e-08	4.096e-08
db4o	1	4.096e-08	4.096e-08
dbase	1	4.096e-08	4.096e-08
dbc2sbc	1	4.096e-08	4.096e-08
dbi	1	4.096e-08	4.096e-08
dbservername	1	4.096e-08	4.096e-08
dbtimezone	1	4.096e-08	4.096e-08
dbx	1	4.096e-08	4.096e-08
dcbrt	1	4.096e-08	4.096e-08
dds	1	4.096e-08	4.096e-08
dec2bcd	1	4.096e-08	4.096e-08
dec2bin	1	4.096e-08	4.096e-08
decillion	1	4.096e-08	4.096e-08
desummarize	1	4.096e-08	4.096e-08
dexp	1	4.096e-08	4.096e-08
dgraph	1	4.096e-08	4.096e-08
dlog1	1	4.096e-08	4.096e-08
dlog10	1	4.096e-08	4.096e-08
dml	1	4.096e-08	4.096e-08
dolphin	1	4.096e-08	4.096e-08
dolt	1	4.096e-08	4.096e-08
dpow	1	4.096e-08	4.096e-08
dragonfly	1	4.096e-08	4.096e-08
dround	1	4.096e-08	4.096e-08
dsqrt	1	4.096e-08	4.096e-08
dtool	1	4.096e-08	4.096e-08
dtrunc	1	4.096e-08	4.096e-08
duodecillion	1	4.096e-08	4.096e-08
dydra	1	4.096e-08	4.096e-08
dynamo	1	4.096e-08	4.096e-08
eamil	1	4.096e-08	4.096e-08
edgeless	1	4.096e-08	4.096e-08
ejdb	1	4.096e-08	4.096e-08
elassandra	1	4.096e-08	4.096e-08
elevate	1	4.096e-08	4.096e-08
elliptics	1	4.096e-08	4.096e-08
eloquera	1	4.096e-08	4.096e-08
empress	1	4.096e-08	4.096e-08
end2	1	4.096e-08	4.096e-08
eqjoinsel	1	4.096e-08	4.096e-08
eqsel	1	4.096e-08	4.096e-08
equ	1	4.096e-08	4.096e-08
erf	1	4.096e-08	4.096e-08
erfc	1	4.096e-08	4.096e-08
esgyn	1	4.096e-08	4.096e-08
ess	1	4.096e-08	4.096e-08
exasol	1	4.096e-08	4.096e-08
exorbyte	1	4.096e-08	4.096e-08
ezmeral	1	4.096e-08	4.096e-08
fauna	1	4.096e-08	4.096e-08
fcols	1	4.096e-08	4.096e-08
ferret	1	4.096e-08	4.096e-08
field2column	1	4.096e-08	4.096e-08
field_event	1	4.096e-08	4.096e-08
fieldatasource	1	4.096e-08	4.096e-08
file2byte	1	4.096e-08	4.096e-08
finals	1	4.096e-08	4.096e-08
firebase	1	4.096e-08	4.096e-08
firebird	1	4.096e-08	4.096e-08
flare	1	4.096e-08	4.096e-08
flink	1	4.096e-08	4.096e-08
float48div	1	4.096e-08	4.096e-08
float48eq	1	4.096e-08	4.096e-08
float48ge	1	4.096e-08	4.096e-08
float48gt	1	4.096e-08	4.096e-08
float48le	1	4.096e-08	4.096e-08
float48lt	1	4.096e-08	4.096e-08
float48mi	1	4.096e-08	4.096e-08
float48mul	1	4.096e-08	4.096e-08
float48ne	1	4.096e-08	4.096e-08
float48pl	1	4.096e-08	4.096e-08
float4abs	1	4.096e-08	4.096e-08
float4div	1	4.096e-08	4.096e-08
float4eq	1	4.096e-08	4.096e-08
float4ge	1	4.096e-08	4.096e-08
float4gt	1	4.096e-08	4.096e-08
float4in	1	4.096e-08	4.096e-08
float4larger	1	4.096e-08	4.096e-08
float4le	1	4.096e-08	4.096e-08
float4lt	1	4.096e-08	4.096e-08
float4mi	1	4.096e-08	4.096e-08
float4mul	1	4.096e-08	4.096e-08
float4ne	1	4.096e-08	4.096e-08
float4out	1	4.096e-08	4.096e-08
float4pl	1	4.096e-08	4.096e-08
float4recv	1	4.096e-08	4.096e-08
float4send	1	4.096e-08	4.096e-08
float4smaller	1	4.096e-08	4.096e-08
float4um	1	4.096e-08	4.096e-08
float4up	1	4.096e-08	4.096e-08
float84div	1	4.096e-08	4.096e-08
float84eq	1	4.096e-08	4.096e-08
float84ge	1	4.096e-08	4.096e-08
float84gt	1	4.096e-08	4.096e-08
float84le	1	4.096e-08	4.096e-08
float84lt	1	4.096e-08	4.096e-08
float84mi	1	4.096e-08	4.096e-08
float84mul	1	4.096e-08	4.096e-08
float84ne	1	4.096e-08	4.096e-08
float84pl	1	4.096e-08	4.096e-08
float8abs	1	4.096e-08	4.096e-08
float8div	1	4.096e-08	4.096e-08
float8eq	1	4.096e-08	4.096e-08
float8ge	1	4.096e-08	4.096e-08
float8gt	1	4.096e-08	4.096e-08
float8in	1	4.096e-08	4.096e-08
float8larger	1	4.096e-08	4.096e-08
float8le	1	4.096e-08	4.096e-08
float8lt	1	4.096e-08	4.096e-08
float8mi	1	4.096e-08	4.096e-08
float8mul	1	4.096e-08	4.096e-08
float8ne	1	4.096e-08	4.096e-08
float8out	1	4.096e-08	4.096e-08
float8pl	1	4.096e-08	4.096e-08
float8recv	1	4.096e-08	4.096e-08
float8send	1	4.096e-08	4.096e-08
float8smaller	1	4.096e-08	4.096e-08
float8um	1	4.096e-08	4.096e-08
float8up	1	4.096e-08	4.096e-08
flock	1	4.096e-08	4.096e-08
fluree	1	4.096e-08	4.096e-08
foot2	1	4.096e-08	4.096e-08
foundation	1	4.096e-08	4.096e-08
frechet	1	4.096e-08	4.096e-08
fujitsu	1	4.096e-08	4.096e-08
full2half	1	4.096e-08	4.096e-08
functiondef	1	4.096e-08	4.096e-08
fvs	1	4.096e-08	4.096e-08
gai	1	4.096e-08	4.096e-08
gaia	1	4.096e-08	4.096e-08
galaxy	1	4.096e-08	4.096e-08
gb2312id	1	4.096e-08	4.096e-08
gbase	1	4.096e-08	4.096e-08
gbase8a	1	4.096e-08	4.096e-08
gbase8c	1	4.096e-08	4.096e-08
gbase8s	1	4.096e-08	4.096e-08
gcd	1	4.096e-08	4.096e-08
gcj02ll	1	4.096e-08	4.096e-08
geode	1	4.096e-08	4.096e-08
geometryn	1	4.096e-08	4.096e-08
geomfromgeojson	1	4.096e-08	4.096e-08
geomfromtext	1	4.096e-08	4.096e-08
geomfromwkb	1	4.096e-08	4.096e-08
get_over	1	4.096e-08	4.096e-08
getpgusername	1	4.096e-08	4.096e-08
getutcdate	1	4.096e-08	4.096e-08
ginarrayconsistent	1	4.096e-08	4.096e-08
ginarrayextract	1	4.096e-08	4.096e-08
ginarraytriconsistent	1	4.096e-08	4.096e-08
ginqueryarrayextract	1	4.096e-08	4.096e-08
giraph	1	4.096e-08	4.096e-08
gisthandler	1	4.096e-08	4.096e-08
gkey	1	4.096e-08	4.096e-08
gou	1	4.096e-08	4.096e-08
grants	1	4.096e-08	4.096e-08
greatest	1	4.096e-08	4.096e-08
greptime	1	4.096e-08	4.096e-08
gridfs	1	4.096e-08	4.096e-08
grinn	1	4.096e-08	4.096e-08
gsp	1	4.096e-08	4.096e-08
gtm	1	4.096e-08	4.096e-08
gtsvectorin	1	4.096e-08	4.096e-08
gtsvectorout	1	4.096e-08	4.096e-08
gtype	1	4.096e-08	4.096e-08
h2adapter	1	4.096e-08	4.096e-08
h2gis	1	4.096e-08	4.096e-08
h2type	1	4.096e-08	4.096e-08
half2full	1	4.096e-08	4.096e-08
hanlder	1	4.096e-08	4.096e-08
harper	1	4.096e-08	4.096e-08
hashbpchar	1	4.096e-08	4.096e-08
hashbpcharextended	1	4.096e-08	4.096e-08
hashchar	1	4.096e-08	4.096e-08
hashcharextended	1	4.096e-08	4.096e-08
hashenum	1	4.096e-08	4.096e-08
hashenumextended	1	4.096e-08	4.096e-08
hashfloat4	1	4.096e-08	4.096e-08
hashfloat4extended	1	4.096e-08	4.096e-08
hashfloat8	1	4.096e-08	4.096e-08
hashfloat8extended	1	4.096e-08	4.096e-08
hashinet	1	4.096e-08	4.096e-08
hashinetextended	1	4.096e-08	4.096e-08
hashint2	1	4.096e-08	4.096e-08
hashint2extended	1	4.096e-08	4.096e-08
hashint4	1	4.096e-08	4.096e-08
hashint4extended	1	4.096e-08	4.096e-08
hashint8	1	4.096e-08	4.096e-08
hashint8extended	1	4.096e-08	4.096e-08
hashmacaddr	1	4.096e-08	4.096e-08
hashmacaddr8	1	4.096e-08	4.096e-08
hashmacaddr8extended	1	4.096e-08	4.096e-08
hashmacaddrextended	1	4.096e-08	4.096e-08
hashoid	1	4.096e-08	4.096e-08
hashoidextended	1	4.096e-08	4.096e-08
hashoidvector	1	4.096e-08	4.096e-08
hashoidvectorextended	1	4.096e-08	4.096e-08
hashtid	1	4.096e-08	4.096e-08
hashtidextended	1	4.096e-08	4.096e-08
hashvarlena	1	4.096e-08	4.096e-08
hashvarlenaextended	1	4.096e-08	4.096e-08
hausdorff	1	4.096e-08	4.096e-08
havings	1	4.096e-08	4.096e-08
hawkular	1	4.096e-08	4.096e-08
hawq	1	4.096e-08	4.096e-08
hazel	1	4.096e-08	4.096e-08
hba	1	4.096e-08	4.096e-08
heavyai	1	4.096e-08	4.096e-08
heroic	1	4.096e-08	4.096e-08
hex2array	1	4.096e-08	4.096e-08
hex2byte	1	4.096e-08	4.096e-08
hexlen	1	4.096e-08	4.096e-08
hexs	1	4.096e-08	4.096e-08
hextoraw	1	4.096e-08	4.096e-08
hfsql	1	4.096e-08	4.096e-08
hibari	1	4.096e-08	4.096e-08
hippo	1	4.096e-08	4.096e-08
hologres	1	4.096e-08	4.096e-08
htmla	1	4.096e-08	4.096e-08
hudi	1	4.096e-08	4.096e-08
hundreds	1	4.096e-08	4.096e-08
iceberg	1	4.096e-08	4.096e-08
iclikejoinsel	1	4.096e-08	4.096e-08
iclikesel	1	4.096e-08	4.096e-08
icnlikejoinsel	1	4.096e-08	4.096e-08
icnlikesel	1	4.096e-08	4.096e-08
icregexeqjoinsel	1	4.096e-08	4.096e-08
icregexeqsel	1	4.096e-08	4.096e-08
icregexnejoinsel	1	4.096e-08	4.096e-08
icregexnesel	1	4.096e-08	4.096e-08
idex	1	4.096e-08	4.096e-08
idms	1	4.096e-08	4.096e-08
idset	1	4.096e-08	4.096e-08
idxes	1	4.096e-08	4.096e-08
iif	1	4.096e-08	4.096e-08
imgs	1	4.096e-08	4.096e-08
immudb	1	4.096e-08	4.096e-08
ims	1	4.096e-08	4.096e-08
indep	1	4.096e-08	4.096e-08
indepu	1	4.096e-08	4.096e-08
indexdef	1	4.096e-08	4.096e-08
indexe	1	4.096e-08	4.096e-08
indica	1	4.096e-08	4.096e-08
inetand	1	4.096e-08	4.096e-08
inetnot	1	4.096e-08	4.096e-08
inetor	1	4.096e-08	4.096e-08
inetpl	1	4.096e-08	4.096e-08
infinispan	1	4.096e-08	4.096e-08
ingres	1	4.096e-08	4.096e-08
inlined	1	4.096e-08	4.096e-08
insance	1	4.096e-08	4.096e-08
instrb	1	4.096e-08	4.096e-08
instrc	1	4.096e-08	4.096e-08
int24div	1	4.096e-08	4.096e-08
int24eq	1	4.096e-08	4.096e-08
int24ge	1	4.096e-08	4.096e-08
int24gt	1	4.096e-08	4.096e-08
int24le	1	4.096e-08	4.096e-08
int24lt	1	4.096e-08	4.096e-08
int24mi	1	4.096e-08	4.096e-08
int24mul	1	4.096e-08	4.096e-08
int24ne	1	4.096e-08	4.096e-08
int24pl	1	4.096e-08	4.096e-08
int28div	1	4.096e-08	4.096e-08
int28eq	1	4.096e-08	4.096e-08
int28ge	1	4.096e-08	4.096e-08
int28gt	1	4.096e-08	4.096e-08
int28le	1	4.096e-08	4.096e-08
int28lt	1	4.096e-08	4.096e-08
int28mi	1	4.096e-08	4.096e-08
int28mul	1	4.096e-08	4.096e-08
int28ne	1	4.096e-08	4.096e-08
int28pl	1	4.096e-08	4.096e-08
int2abs	1	4.096e-08	4.096e-08
int2and	1	4.096e-08	4.096e-08
int2div	1	4.096e-08	4.096e-08
int2eq	1	4.096e-08	4.096e-08
int2ge	1	4.096e-08	4.096e-08
int2gt	1	4.096e-08	4.096e-08
int2in	1	4.096e-08	4.096e-08
int2int4	1	4.096e-08	4.096e-08
int2integer	1	4.096e-08	4.096e-08
int2larger	1	4.096e-08	4.096e-08
int2le	1	4.096e-08	4.096e-08
int2lt	1	4.096e-08	4.096e-08
int2mi	1	4.096e-08	4.096e-08
int2mod	1	4.096e-08	4.096e-08
int2mul	1	4.096e-08	4.096e-08
int2ne	1	4.096e-08	4.096e-08
int2not	1	4.096e-08	4.096e-08
int2or	1	4.096e-08	4.096e-08
int2out	1	4.096e-08	4.096e-08
int2pl	1	4.096e-08	4.096e-08
int2recv	1	4.096e-08	4.096e-08
int2send	1	4.096e-08	4.096e-08
int2shl	1	4.096e-08	4.096e-08
int2shr	1	4.096e-08	4.096e-08
int2smaller	1	4.096e-08	4.096e-08
int2um	1	4.096e-08	4.096e-08
int2up	1	4.096e-08	4.096e-08
int2vectorin	1	4.096e-08	4.096e-08
int2vectorout	1	4.096e-08	4.096e-08
int2vectorrecv	1	4.096e-08	4.096e-08
int2vectorsend	1	4.096e-08	4.096e-08
int2xor	1	4.096e-08	4.096e-08
int42div	1	4.096e-08	4.096e-08
int42eq	1	4.096e-08	4.096e-08
int42ge	1	4.096e-08	4.096e-08
int42gt	1	4.096e-08	4.096e-08
int42le	1	4.096e-08	4.096e-08
int42lt	1	4.096e-08	4.096e-08
int42mi	1	4.096e-08	4.096e-08
int42mul	1	4.096e-08	4.096e-08
int42ne	1	4.096e-08	4.096e-08
int42pl	1	4.096e-08	4.096e-08
int48div	1	4.096e-08	4.096e-08
int48eq	1	4.096e-08	4.096e-08
int48ge	1	4.096e-08	4.096e-08
int48gt	1	4.096e-08	4.096e-08
int48le	1	4.096e-08	4.096e-08
int48lt	1	4.096e-08	4.096e-08
int48mi	1	4.096e-08	4.096e-08
int48mul	1	4.096e-08	4.096e-08
int48ne	1	4.096e-08	4.096e-08
int48pl	1	4.096e-08	4.096e-08
int4abs	1	4.096e-08	4.096e-08
int4and	1	4.096e-08	4.096e-08
int4div	1	4.096e-08	4.096e-08
int4eq	1	4.096e-08	4.096e-08
int4ge	1	4.096e-08	4.096e-08
int4gt	1	4.096e-08	4.096e-08
int4in	1	4.096e-08	4.096e-08
int4inc	1	4.096e-08	4.096e-08
int4larger	1	4.096e-08	4.096e-08
int4le	1	4.096e-08	4.096e-08
int4lt	1	4.096e-08	4.096e-08
int4mi	1	4.096e-08	4.096e-08
int4mod	1	4.096e-08	4.096e-08
int4mul	1	4.096e-08	4.096e-08
int4multirange	1	4.096e-08	4.096e-08
int4ne	1	4.096e-08	4.096e-08
int4not	1	4.096e-08	4.096e-08
int4or	1	4.096e-08	4.096e-08
int4out	1	4.096e-08	4.096e-08
int4pl	1	4.096e-08	4.096e-08
int4recv	1	4.096e-08	4.096e-08
int4send	1	4.096e-08	4.096e-08
int4shl	1	4.096e-08	4.096e-08
int4shr	1	4.096e-08	4.096e-08
int4smaller	1	4.096e-08	4.096e-08
int4um	1	4.096e-08	4.096e-08
int4up	1	4.096e-08	4.096e-08
int4xor	1	4.096e-08	4.096e-08
int82div	1	4.096e-08	4.096e-08
int82eq	1	4.096e-08	4.096e-08
int82ge	1	4.096e-08	4.096e-08
int82gt	1	4.096e-08	4.096e-08
int82le	1	4.096e-08	4.096e-08
int82lt	1	4.096e-08	4.096e-08
int82mi	1	4.096e-08	4.096e-08
int82mul	1	4.096e-08	4.096e-08
int82ne	1	4.096e-08	4.096e-08
int82pl	1	4.096e-08	4.096e-08
int84div	1	4.096e-08	4.096e-08
int84eq	1	4.096e-08	4.096e-08
int84ge	1	4.096e-08	4.096e-08
int84gt	1	4.096e-08	4.096e-08
int84le	1	4.096e-08	4.096e-08
int84lt	1	4.096e-08	4.096e-08
int84mi	1	4.096e-08	4.096e-08
int84mul	1	4.096e-08	4.096e-08
int84ne	1	4.096e-08	4.096e-08
int84pl	1	4.096e-08	4.096e-08
int8abs	1	4.096e-08	4.096e-08
int8and	1	4.096e-08	4.096e-08
int8div	1	4.096e-08	4.096e-08
int8eq	1	4.096e-08	4.096e-08
int8ge	1	4.096e-08	4.096e-08
int8gt	1	4.096e-08	4.096e-08
int8in	1	4.096e-08	4.096e-08
int8larger	1	4.096e-08	4.096e-08
int8le	1	4.096e-08	4.096e-08
int8lt	1	4.096e-08	4.096e-08
int8mi	1	4.096e-08	4.096e-08
int8mod	1	4.096e-08	4.096e-08
int8mul	1	4.096e-08	4.096e-08
int8multirange	1	4.096e-08	4.096e-08
int8ne	1	4.096e-08	4.096e-08
int8not	1	4.096e-08	4.096e-08
int8or	1	4.096e-08	4.096e-08
int8out	1	4.096e-08	4.096e-08
int8recv	1	4.096e-08	4.096e-08
int8send	1	4.096e-08	4.096e-08
int8shl	1	4.096e-08	4.096e-08
int8shr	1	4.096e-08	4.096e-08
int8smaller	1	4.096e-08	4.096e-08
int8um	1	4.096e-08	4.096e-08
int8up	1	4.096e-08	4.096e-08
int8xor	1	4.096e-08	4.096e-08
integer2int	1	4.096e-08	4.096e-08
intelligence	1	4.096e-08	4.096e-08
intervaltypmodin	1	4.096e-08	4.096e-08
intervaltypmodout	1	4.096e-08	4.096e-08
ip0	1	4.096e-08	4.096e-08
ip1	1	4.096e-08	4.096e-08
ip2	1	4.096e-08	4.096e-08
ip3	1	4.096e-08	4.096e-08
iphone	1	4.096e-08	4.096e-08
isnotnull	1	4.096e-08	4.096e-08
isperp	1	4.096e-08	4.096e-08
itemp	1	4.096e-08	4.096e-08
ittia	1	4.096e-08	4.096e-08
jackrabbit	1	4.096e-08	4.096e-08
jaguar	1	4.096e-08	4.096e-08
janus	1	4.096e-08	4.096e-08
jas	1	4.096e-08	4.096e-08
java8	1	4.096e-08	4.096e-08
java9	1	4.096e-08	4.096e-08
java9or	1	4.096e-08	4.096e-08
jethro	1	4.096e-08	4.096e-08
jian	1	4.096e-08	4.096e-08
jing	1	4.096e-08	4.096e-08
jis2	1	4.096e-08	4.096e-08
jiu	1	4.096e-08	4.096e-08
joinpc	1	4.096e-08	4.096e-08
joinpk	1	4.096e-08	4.096e-08
jpush	1	4.096e-08	4.096e-08
jsch	1	4.096e-08	4.096e-08
julian	1	4.096e-08	4.096e-08
kairos	1	4.096e-08	4.096e-08
kc	1	4.096e-08	4.096e-08
kdb	1	4.096e-08	4.096e-08
kfirst	1	4.096e-08	4.096e-08
kinetica	1	4.096e-08	4.096e-08
kkey	1	4.096e-08	4.096e-08
klustron	1	4.096e-08	4.096e-08
kss	1	4.096e-08	4.096e-08
kunlun	1	4.096e-08	4.096e-08
kuzu	1	4.096e-08	4.096e-08
kwdb	1	4.096e-08	4.096e-08
kyligence	1	4.096e-08	4.096e-08
kylin	1	4.096e-08	4.096e-08
lastval	1	4.096e-08	4.096e-08
lateral	1	4.096e-08	4.096e-08
lattice	1	4.096e-08	4.096e-08
lcase	1	4.096e-08	4.096e-08
lcm	1	4.096e-08	4.096e-08
lean	1	4.096e-08	4.096e-08
ledis	1	4.096e-08	4.096e-08
lengthb	1	4.096e-08	4.096e-08
lengthc	1	4.096e-08	4.096e-08
lens	1	4.096e-08	4.096e-08
lgamma	1	4.096e-08	4.096e-08
likejoinsel	1	4.096e-08	4.096e-08
likesel	1	4.096e-08	4.096e-08
line_out	1	4.096e-08	4.096e-08
linefromwkb	1	4.096e-08	4.096e-08
linter	1	4.096e-08	4.096e-08
list2array	1	4.096e-08	4.096e-08
list2maps	1	4.096e-08	4.096e-08
listagg	1	4.096e-08	4.096e-08
liu	1	4.096e-08	4.096e-08
lmdb	1	4.096e-08	4.096e-08
lnnvl	1	4.096e-08	4.096e-08
logdir	1	4.096e-08	4.096e-08
logicals	1	4.096e-08	4.096e-08
loki	1	4.096e-08	4.096e-08
lotofile	1	4.096e-08	4.096e-08
lsc	1	4.096e-08	4.096e-08
lseek	1	4.096e-08	4.096e-08
lseek64	1	4.096e-08	4.096e-08
ltrim	1	4.096e-08	4.096e-08
ltz	1	4.096e-08	4.096e-08
m3db	1	4.096e-08	4.096e-08
makeaclitem	1	4.096e-08	4.096e-08
manticore	1	4.096e-08	4.096e-08
marqo	1	4.096e-08	4.096e-08
mast	1	4.096e-08	4.096e-08
matchingjoinsel	1	4.096e-08	4.096e-08
matchingsel	1	4.096e-08	4.096e-08
mcontained	1	4.096e-08	4.096e-08
mcontains	1	4.096e-08	4.096e-08
meilisearch	1	4.096e-08	4.096e-08
melt	1	4.096e-08	4.096e-08
memcached	1	4.096e-08	4.096e-08
mesa	1	4.096e-08	4.096e-08
mf	1	4.096e-08	4.096e-08
microsecond	1	4.096e-08	4.096e-08
mimer	1	4.096e-08	4.096e-08
minds	1	4.096e-08	4.096e-08
mkdir	1	4.096e-08	4.096e-08
mkdirs	1	4.096e-08	4.096e-08
mnesia	1	4.096e-08	4.096e-08
mobiles	1	4.096e-08	4.096e-08
model204	1	4.096e-08	4.096e-08
mog	1	4.096e-08	4.096e-08
monet	1	4.096e-08	4.096e-08
mssql2000	1	4.096e-08	4.096e-08
mssql2000adapter	1	4.096e-08	4.096e-08
mulgara	1	4.096e-08	4.096e-08
multirangesel	1	4.096e-08	4.096e-08
multixact	1	4.096e-08	4.096e-08
mxid	1	4.096e-08	4.096e-08
name2code	1	4.096e-08	4.096e-08
name2id	1	4.096e-08	4.096e-08
nameconcatoid	1	4.096e-08	4.096e-08
nameeq	1	4.096e-08	4.096e-08
nameeqtext	1	4.096e-08	4.096e-08
namege	1	4.096e-08	4.096e-08
namegetext	1	4.096e-08	4.096e-08
namegt	1	4.096e-08	4.096e-08
namegttext	1	4.096e-08	4.096e-08
nameiclike	1	4.096e-08	4.096e-08
nameicnlike	1	4.096e-08	4.096e-08
nameicregexeq	1	4.096e-08	4.096e-08
nameicregexne	1	4.096e-08	4.096e-08
namein	1	4.096e-08	4.096e-08
namele	1	4.096e-08	4.096e-08
nameletext	1	4.096e-08	4.096e-08
namelttext	1	4.096e-08	4.096e-08
namene	1	4.096e-08	4.096e-08
namenetext	1	4.096e-08	4.096e-08
namenlike	1	4.096e-08	4.096e-08
namerecv	1	4.096e-08	4.096e-08
nameregexeq	1	4.096e-08	4.096e-08
nameregexne	1	4.096e-08	4.096e-08
nanvl	1	4.096e-08	4.096e-08
nap	1	4.096e-08	4.096e-08
nchr	1	4.096e-08	4.096e-08
ndims	1	4.096e-08	4.096e-08
neptune	1	4.096e-08	4.096e-08
neqjoinsel	1	4.096e-08	4.096e-08
neqsel	1	4.096e-08	4.096e-08
netezza	1	4.096e-08	4.096e-08
networkjoinsel	1	4.096e-08	4.096e-08
networksel	1	4.096e-08	4.096e-08
newid	1	4.096e-08	4.096e-08
newsequentialid	1	4.096e-08	4.096e-08
newts	1	4.096e-08	4.096e-08
nextoid	1	4.096e-08	4.096e-08
nhex	1	4.096e-08	4.096e-08
nlikejoinsel	1	4.096e-08	4.096e-08
nlikesel	1	4.096e-08	4.096e-08
nonillion	1	4.096e-08	4.096e-08
nonnulls	1	4.096e-08	4.096e-08
novemdecillion	1	4.096e-08	4.096e-08
npks	1	4.096e-08	4.096e-08
ntile	1	4.096e-08	4.096e-08
ntoa	1	4.096e-08	4.096e-08
nullif	1	4.096e-08	4.096e-08
numa	1	4.096e-08	4.096e-08
numbackends	1	4.096e-08	4.096e-08
numerictypmodin	1	4.096e-08	4.096e-08
numerictypmodout	1	4.096e-08	4.096e-08
numgeometries	1	4.096e-08	4.096e-08
numinteriorring	1	4.096e-08	4.096e-08
nummultirange	1	4.096e-08	4.096e-08
numtodsinterval	1	4.096e-08	4.096e-08
numtoyminterval	1	4.096e-08	4.096e-08
nuo	1	4.096e-08	4.096e-08
object22map	1	4.096e-08	4.096e-08
object2list	1	4.096e-08	4.096e-08
objectagg	1	4.096e-08	4.096e-08
objectivity	1	4.096e-08	4.096e-08
objectpropertyex	1	4.096e-08	4.096e-08
oct	1	4.096e-08	4.096e-08
octillion	1	4.096e-08	4.096e-08
octodecillion	1	4.096e-08	4.096e-08
odaba	1	4.096e-08	4.096e-08
oen	1	4.096e-08	4.096e-08
oideq	1	4.096e-08	4.096e-08
oidge	1	4.096e-08	4.096e-08
oidgt	1	4.096e-08	4.096e-08
oidin	1	4.096e-08	4.096e-08
oidle	1	4.096e-08	4.096e-08
oidlt	1	4.096e-08	4.096e-08
oidne	1	4.096e-08	4.096e-08
oidrecv	1	4.096e-08	4.096e-08
oidvectoreq	1	4.096e-08	4.096e-08
oidvectorge	1	4.096e-08	4.096e-08
oidvectorgt	1	4.096e-08	4.096e-08
oidvectorin	1	4.096e-08	4.096e-08
oidvectorle	1	4.096e-08	4.096e-08
oidvectorlt	1	4.096e-08	4.096e-08
oidvectorne	1	4.096e-08	4.096e-08
oidvectorout	1	4.096e-08	4.096e-08
oidvectorrecv	1	4.096e-08	4.096e-08
oidvectorsend	1	4.096e-08	4.096e-08
oidvectortypes	1	4.096e-08	4.096e-08
oindex	1	4.096e-08	4.096e-08
oindexes	1	4.096e-08	4.096e-08
oppose	1	4.096e-08	4.096e-08
oracle11adapter	1	4.096e-08	4.096e-08
origo	1	4.096e-08	4.096e-08
oushu	1	4.096e-08	4.096e-08
oview	1	4.096e-08	4.096e-08
p10ss	1	4.096e-08	4.096e-08
p2p	1	4.096e-08	4.096e-08
parsename	1	4.096e-08	4.096e-08
partkeydef	1	4.096e-08	4.096e-08
pathp	1	4.096e-08	4.096e-08
perst	1	4.096e-08	4.096e-08
pgs	1	4.096e-08	4.096e-08
phoenix	1	4.096e-08	4.096e-08
phraseto	1	4.096e-08	4.096e-08
pico	1	4.096e-08	4.096e-08
pinot	1	4.096e-08	4.096e-08
pkcs5	1	4.096e-08	4.096e-08
pkcs7	1	4.096e-08	4.096e-08
pkcs8key	1	4.096e-08	4.096e-08
pkn	1	4.096e-08	4.096e-08
pkstr	1	4.096e-08	4.096e-08
pla	1	4.096e-08	4.096e-08
plum	1	4.096e-08	4.096e-08
pms	1	4.096e-08	4.096e-08
pointfromgeohash	1	4.096e-08	4.096e-08
pointfromwkb	1	4.096e-08	4.096e-08
pointn	1	4.096e-08	4.096e-08
polyc	1	4.096e-08	4.096e-08
polyfromwkb	1	4.096e-08	4.096e-08
polyp	1	4.096e-08	4.096e-08
popen	1	4.096e-08	4.096e-08
positionjoinsel	1	4.096e-08	4.096e-08
positionsel	1	4.096e-08	4.096e-08
pouch	1	4.096e-08	4.096e-08
ppoly	1	4.096e-08	4.096e-08
predefine	1	4.096e-08	4.096e-08
predefines	1	4.096e-08	4.096e-08
prefixjoinsel	1	4.096e-08	4.096e-08
prefixsel	1	4.096e-08	4.096e-08
pres	1	4.096e-08	4.096e-08
presentnnv	1	4.096e-08	4.096e-08
presentv	1	4.096e-08	4.096e-08
presto	1	4.096e-08	4.096e-08
primvary	1	4.096e-08	4.096e-08
privs	1	4.096e-08	4.096e-08
pros	1	4.096e-08	4.096e-08
psd	1	4.096e-08	4.096e-08
psql	1	4.096e-08	4.096e-08
pty	1	4.096e-08	4.096e-08
publication	1	4.096e-08	4.096e-08
publishable	1	4.096e-08	4.096e-08
pystr	1	4.096e-08	4.096e-08
qream	1	4.096e-08	4.096e-08
quadrillion	1	4.096e-08	4.096e-08
quasardb	1	4.096e-08	4.096e-08
quattuordecillion	1	4.096e-08	4.096e-08
quer	1	4.096e-08	4.096e-08
quindecillion	1	4.096e-08	4.096e-08
quintillion	1	4.096e-08	4.096e-08
quot	1	4.096e-08	4.096e-08
rag	1	4.096e-08	4.096e-08
raima	1	4.096e-08	4.096e-08
rangesel	1	4.096e-08	4.096e-08
rapids	1	4.096e-08	4.096e-08
rasdaman	1	4.096e-08	4.096e-08
raven	1	4.096e-08	4.096e-08
rawtohex	1	4.096e-08	4.096e-08
rawtonhex	1	4.096e-08	4.096e-08
rbase	1	4.096e-08	4.096e-08
rcmp	1	4.096e-08	4.096e-08
rcolumn	1	4.096e-08	4.096e-08
rdb	1	4.096e-08	4.096e-08
rdf4j	1	4.096e-08	4.096e-08
reality	1	4.096e-08	4.096e-08
recheck	1	4.096e-08	4.096e-08
recycle_bin	1	4.096e-08	4.096e-08
regclassin	1	4.096e-08	4.096e-08
regclassout	1	4.096e-08	4.096e-08
regclassrecv	1	4.096e-08	4.096e-08
regclasssend	1	4.096e-08	4.096e-08
regcollation	1	4.096e-08	4.096e-08
regcollationin	1	4.096e-08	4.096e-08
regcollationout	1	4.096e-08	4.096e-08
regcollationrecv	1	4.096e-08	4.096e-08
regcollationsend	1	4.096e-08	4.096e-08
regconfigin	1	4.096e-08	4.096e-08
regconfigout	1	4.096e-08	4.096e-08
regconfigrecv	1	4.096e-08	4.096e-08
regconfigsend	1	4.096e-08	4.096e-08
regdictionaryin	1	4.096e-08	4.096e-08
regdictionaryout	1	4.096e-08	4.096e-08
regdictionaryrecv	1	4.096e-08	4.096e-08
regdictionarysend	1	4.096e-08	4.096e-08
regexeqjoinsel	1	4.096e-08	4.096e-08
regexeqsel	1	4.096e-08	4.096e-08
regexnejoinsel	1	4.096e-08	4.096e-08
regexnesel	1	4.096e-08	4.096e-08
regnamespacein	1	4.096e-08	4.096e-08
regnamespaceout	1	4.096e-08	4.096e-08
regnamespacerecv	1	4.096e-08	4.096e-08
regnamespacesend	1	4.096e-08	4.096e-08
regoperatorin	1	4.096e-08	4.096e-08
regoperatorout	1	4.096e-08	4.096e-08
regoperatorrecv	1	4.096e-08	4.096e-08
regoperatorsend	1	4.096e-08	4.096e-08
regoperin	1	4.096e-08	4.096e-08
regoperout	1	4.096e-08	4.096e-08
regoperrecv	1	4.096e-08	4.096e-08
regopersend	1	4.096e-08	4.096e-08
regprocedurein	1	4.096e-08	4.096e-08
regprocedureout	1	4.096e-08	4.096e-08
regprocedurerecv	1	4.096e-08	4.096e-08
regproceduresend	1	4.096e-08	4.096e-08
regprocin	1	4.096e-08	4.096e-08
regprocout	1	4.096e-08	4.096e-08
regprocrecv	1	4.096e-08	4.096e-08
regprocsend	1	4.096e-08	4.096e-08
regrolein	1	4.096e-08	4.096e-08
regroleout	1	4.096e-08	4.096e-08
regrolerecv	1	4.096e-08	4.096e-08
regrolesend	1	4.096e-08	4.096e-08
regtypein	1	4.096e-08	4.096e-08
regtypeout	1	4.096e-08	4.096e-08
regtyperecv	1	4.096e-08	4.096e-08
regtypesend	1	4.096e-08	4.096e-08
reldb	1	4.096e-08	4.096e-08
replslot	1	4.096e-08	4.096e-08
resin	1	4.096e-08	4.096e-08
restatistics	1	4.096e-08	4.096e-08
ring_out	1	4.096e-08	4.096e-08
rising	1	4.096e-08	4.096e-08
rite	1	4.096e-08	4.096e-08
rizhiyi	1	4.096e-08	4.096e-08
rlike	1	4.096e-08	4.096e-08
rns	1	4.096e-08	4.096e-08
rowidtochar	1	4.096e-08	4.096e-08
ruledef	1	4.096e-08	4.096e-08
s16	1	4.096e-08	4.096e-08
sapiq	1	4.096e-08	4.096e-08
sara	1	4.096e-08	4.096e-08
sattic	1	4.096e-08	4.096e-08
scalargejoinsel	1	4.096e-08	4.096e-08
scalargesel	1	4.096e-08	4.096e-08
scalargtjoinsel	1	4.096e-08	4.096e-08
scalargtsel	1	4.096e-08	4.096e-08
scalaris	1	4.096e-08	4.096e-08
scalarlejoinsel	1	4.096e-08	4.096e-08
scalarlesel	1	4.096e-08	4.096e-08
scalarltjoinsel	1	4.096e-08	4.096e-08
scalarltsel	1	4.096e-08	4.096e-08
scylla	1	4.096e-08	4.096e-08
sdb	1	4.096e-08	4.096e-08
seafowl	1	4.096e-08	4.096e-08
searchxml	1	4.096e-08	4.096e-08
sedna	1	4.096e-08	4.096e-08
senders	1	4.096e-08	4.096e-08
sense	1	4.096e-08	4.096e-08
sensei	1	4.096e-08	4.096e-08
septendecillion	1	4.096e-08	4.096e-08
septillion	1	4.096e-08	4.096e-08
set7bit	1	4.096e-08	4.096e-08
set_phrase	1	4.096e-08	4.096e-08
setval	1	4.096e-08	4.096e-08
sexdecillion	1	4.096e-08	4.096e-08
sextillion	1	4.096e-08	4.096e-08
sha1util	1	4.096e-08	4.096e-08
sha2	1	4.096e-08	4.096e-08
sha224	1	4.096e-08	4.096e-08
shmem	1	4.096e-08	4.096e-08
shobj	1	4.096e-08	4.096e-08
siaqodb	1	4.096e-08	4.096e-08
sind	1	4.096e-08	4.096e-08
sinh	1	4.096e-08	4.096e-08
siri	1	4.096e-08	4.096e-08
sneller	1	4.096e-08	4.096e-08
solr	1	4.096e-08	4.096e-08
soundex	1	4.096e-08	4.096e-08
spanner	1	4.096e-08	4.096e-08
sparkle	1	4.096e-08	4.096e-08
spatia	1	4.096e-08	4.096e-08
speedb	1	4.096e-08	4.096e-08
sphinx	1	4.096e-08	4.096e-08
spice	1	4.096e-08	4.096e-08
splice	1	4.096e-08	4.096e-08
splunk	1	4.096e-08	4.096e-08
sps	1	4.096e-08	4.096e-08
sqdoc1	1	4.096e-08	4.096e-08
sqdoc2	1	4.096e-08	4.096e-08
sqljs	1	4.096e-08	4.096e-08
statusdir	1	4.096e-08	4.096e-08
stellar	1	4.096e-08	4.096e-08
strabon	1	4.096e-08	4.096e-08
stream2bytes	1	4.096e-08	4.096e-08
string2map	1	4.096e-08	4.096e-08
string2maps	1	4.096e-08	4.096e-08
string2unicode	1	4.096e-08	4.096e-08
strpos	1	4.096e-08	4.096e-08
strut	1	4.096e-08	4.096e-08
subbfixs	1	4.096e-08	4.096e-08
subdate	1	4.096e-08	4.096e-08
subeq	1	4.096e-08	4.096e-08
subscripts	1	4.096e-08	4.096e-08
substrb	1	4.096e-08	4.096e-08
substrbb	1	4.096e-08	4.096e-08
subtime	1	4.096e-08	4.096e-08
supabase	1	4.096e-08	4.096e-08
supeq	1	4.096e-08	4.096e-08
surreal	1	4.096e-08	4.096e-08
swapxy	1	4.096e-08	4.096e-08
swcdb	1	4.096e-08	4.096e-08
syear	1	4.096e-08	4.096e-08
systimestamp	1	4.096e-08	4.096e-08
syyy	1	4.096e-08	4.096e-08
syyyy	1	4.096e-08	4.096e-08
tableam	1	4.096e-08	4.096e-08
tajo	1	4.096e-08	4.096e-08
tan	1	4.096e-08	4.096e-08
tand	1	4.096e-08	4.096e-08
tanh	1	4.096e-08	4.096e-08
tarantool	1	4.096e-08	4.096e-08
taurus	1	4.096e-08	4.096e-08
tbs	1	4.096e-08	4.096e-08
tdsqlc	1	4.096e-08	4.096e-08
tell64	1	4.096e-08	4.096e-08
tens	1	4.096e-08	4.096e-08
tensor	1	4.096e-08	4.096e-08
terark	1	4.096e-08	4.096e-08
terminus	1	4.096e-08	4.096e-08
texteq	1	4.096e-08	4.096e-08
texteqname	1	4.096e-08	4.096e-08
textgename	1	4.096e-08	4.096e-08
textgtname	1	4.096e-08	4.096e-08
texticnlike	1	4.096e-08	4.096e-08
texticregexne	1	4.096e-08	4.096e-08
textin	1	4.096e-08	4.096e-08
textlen	1	4.096e-08	4.096e-08
textlename	1	4.096e-08	4.096e-08
textltname	1	4.096e-08	4.096e-08
textne	1	4.096e-08	4.096e-08
textnename	1	4.096e-08	4.096e-08
textnlike	1	4.096e-08	4.096e-08
textrecv	1	4.096e-08	4.096e-08
textregexne	1	4.096e-08	4.096e-08
thousand	1	4.096e-08	4.096e-08
tibero	1	4.096e-08	4.096e-08
tideq	1	4.096e-08	4.096e-08
tidge	1	4.096e-08	4.096e-08
tidgt	1	4.096e-08	4.096e-08
tidin	1	4.096e-08	4.096e-08
tidle	1	4.096e-08	4.096e-08
tidlt	1	4.096e-08	4.096e-08
tidne	1	4.096e-08	4.096e-08
tidrecv	1	4.096e-08	4.096e-08
tiger	1	4.096e-08	4.096e-08
tigris	1	4.096e-08	4.096e-08
tile38	1	4.096e-08	4.096e-08
time_series	1	4.096e-08	4.096e-08
timediff	1	4.096e-08	4.096e-08
timeofday	1	4.096e-08	4.096e-08
timestamptypmodin	1	4.096e-08	4.096e-08
timestamptypmodout	1	4.096e-08	4.096e-08
timestamptztypmodin	1	4.096e-08	4.096e-08
timestamptztypmodout	1	4.096e-08	4.096e-08
timetypmodin	1	4.096e-08	4.096e-08
timetypmodout	1	4.096e-08	4.096e-08
timetzdate	1	4.096e-08	4.096e-08
timetztypmodin	1	4.096e-08	4.096e-08
timetztypmodout	1	4.096e-08	4.096e-08
tkrzw	1	4.096e-08	4.096e-08
tlsv1	1	4.096e-08	4.096e-08
todatetimeoffset	1	4.096e-08	4.096e-08
topling	1	4.096e-08	4.096e-08
tpks	1	4.096e-08	4.096e-08
tq	1	4.096e-08	4.096e-08
transfered	1	4.096e-08	4.096e-08
tredecillion	1	4.096e-08	4.096e-08
triggerdef	1	4.096e-08	4.096e-08
trillion	1	4.096e-08	4.096e-08
trino	1	4.096e-08	4.096e-08
truncate64	1	4.096e-08	4.096e-08
tsaurus	1	4.096e-08	4.096e-08
tslexeme	1	4.096e-08	4.096e-08
tsmatchjoinsel	1	4.096e-08	4.096e-08
tsmatchsel	1	4.096e-08	4.096e-08
tsmultirange	1	4.096e-08	4.096e-08
tsqueryin	1	4.096e-08	4.096e-08
tsqueryout	1	4.096e-08	4.096e-08
tsqueryrecv	1	4.096e-08	4.096e-08
tsquerysend	1	4.096e-08	4.096e-08
tstzmultirange	1	4.096e-08	4.096e-08
tsvectorin	1	4.096e-08	4.096e-08
tsvectorout	1	4.096e-08	4.096e-08
tsvectorrecv	1	4.096e-08	4.096e-08
tsvectorsend	1	4.096e-08	4.096e-08
turso	1	4.096e-08	4.096e-08
typeid	1	4.096e-08	4.096e-08
tyrant	1	4.096e-08	4.096e-08
tzd	1	4.096e-08	4.096e-08
tzr	1	4.096e-08	4.096e-08
ucase	1	4.096e-08	4.096e-08
ultipa	1	4.096e-08	4.096e-08
undecillion	1	4.096e-08	4.096e-08
unescape2	1	4.096e-08	4.096e-08
unhex	1	4.096e-08	4.096e-08
unistr	1	4.096e-08	4.096e-08
unknownin	1	4.096e-08	4.096e-08
unknownrecv	1	4.096e-08	4.096e-08
unlink	1	4.096e-08	4.096e-08
unserizlize	1	4.096e-08	4.096e-08
uplus	1	4.096e-08	4.096e-08
upscaledb	1	4.096e-08	4.096e-08
userbyid	1	4.096e-08	4.096e-08
userenv	1	4.096e-08	4.096e-08
utags	1	4.096e-08	4.096e-08
utf82word	1	4.096e-08	4.096e-08
utf8decode	1	4.096e-08	4.096e-08
vaild	1	4.096e-08	4.096e-08
valentina	1	4.096e-08	4.096e-08
validate15	1	4.096e-08	4.096e-08
value2map	1	4.096e-08	4.096e-08
varbitcmp	1	4.096e-08	4.096e-08
varbiteq	1	4.096e-08	4.096e-08
varbitge	1	4.096e-08	4.096e-08
varbitgt	1	4.096e-08	4.096e-08
varbitle	1	4.096e-08	4.096e-08
varbitlt	1	4.096e-08	4.096e-08
varbitne	1	4.096e-08	4.096e-08
varbittypmodin	1	4.096e-08	4.096e-08
varbittypmodout	1	4.096e-08	4.096e-08
varcharin	1	4.096e-08	4.096e-08
varcharout	1	4.096e-08	4.096e-08
varcharrecv	1	4.096e-08	4.096e-08
varcharsend	1	4.096e-08	4.096e-08
varchartypmodin	1	4.096e-08	4.096e-08
varchartypmodout	1	4.096e-08	4.096e-08
varv	1	4.096e-08	4.096e-08
vcf	1	4.096e-08	4.096e-08
vertica	1	4.096e-08	4.096e-08
verty	1	4.096e-08	4.096e-08
victoria	1	4.096e-08	4.096e-08
viewdef	1	4.096e-08	4.096e-08
vigintillion	1	4.096e-08	4.096e-08
virtuoso	1	4.096e-08	4.096e-08
voldemort	1	4.096e-08	4.096e-08
voluntary	1	4.096e-08	4.096e-08
voracity	1	4.096e-08	4.096e-08
vq	1	4.096e-08	4.096e-08
vsize	1	4.096e-08	4.096e-08
vv1	1	4.096e-08	4.096e-08
vv2	1	4.096e-08	4.096e-08
wakanda	1	4.096e-08	4.096e-08
waldir	1	4.096e-08	4.096e-08
weekofyear	1	4.096e-08	4.096e-08
wgs84ll	1	4.096e-08	4.096e-08
wsr	1	4.096e-08	4.096e-08
wu	1	4.096e-08	4.096e-08
x509key	1	4.096e-08	4.096e-08
x509trust	1	4.096e-08	4.096e-08
xap	1	4.096e-08	4.096e-08
xcale	1	4.096e-08	4.096e-08
xid8cmp	1	4.096e-08	4.096e-08
xid8eq	1	4.096e-08	4.096e-08
xid8ge	1	4.096e-08	4.096e-08
xid8gt	1	4.096e-08	4.096e-08
xid8in	1	4.096e-08	4.096e-08
xid8le	1	4.096e-08	4.096e-08
xid8lt	1	4.096e-08	4.096e-08
xid8ne	1	4.096e-08	4.096e-08
xid8out	1	4.096e-08	4.096e-08
xid8recv	1	4.096e-08	4.096e-08
xid8send	1	4.096e-08	4.096e-08
xideq	1	4.096e-08	4.096e-08
xideqint4	1	4.096e-08	4.096e-08
xidin	1	4.096e-08	4.096e-08
xidneq	1	4.096e-08	4.096e-08
xidneqint4	1	4.096e-08	4.096e-08
xidrecv	1	4.096e-08	4.096e-08
xistdb	1	4.096e-08	4.096e-08
xml2map	1	4.096e-08	4.096e-08
xmlagg	1	4.096e-08	4.096e-08
xmlconcat2	1	4.096e-08	4.096e-08
xmlnamespaces	1	4.096e-08	4.096e-08
xmlparse	1	4.096e-08	4.096e-08
xmlpi	1	4.096e-08	4.096e-08
xmlserialize	1	4.096e-08	4.096e-08
xmlxsrobjectid	1	4.096e-08	4.096e-08
xtdb	1	4.096e-08	4.096e-08
yawp	1	4.096e-08	4.096e-08
ydb	1	4.096e-08	4.096e-08
yotta	1	4.096e-08	4.096e-08
zai	1	4.096e-08	4.096e-08
zhao	1	4.096e-08	4.096e-08
zheng	1	4.096e-08	4.096e-08
zip_disk	1	4.096e-08	4.096e-08
zodb	1	4.096e-08	4.096e-08
100edges	1	2.750e-08	2.750e-08
1011	1	2.750e-08	2.750e-08
1012	1	2.750e-08	2.750e-08
1015	1	2.750e-08	2.750e-08
1026	1	2.750e-08	2.750e-08
1030	1	2.750e-08	2.750e-08
1041	1	2.750e-08	2.750e-08
1076	1	2.750e-08	2.750e-08
1079	1	2.750e-08	2.750e-08
1082	1	2.750e-08	2.750e-08
1085	1	2.750e-08	2.750e-08
1088	1	2.750e-08	2.750e-08
1091	1	2.750e-08	2.750e-08
1094	1	2.750e-08	2.750e-08
1097	1	2.750e-08	2.750e-08
1103	1	2.750e-08	2.750e-08
1109	1	2.750e-08	2.750e-08
1112	1	2.750e-08	2.750e-08
1115	1	2.750e-08	2.750e-08
1118	1	2.750e-08	2.750e-08
1129	1	2.750e-08	2.750e-08
1131	1	2.750e-08	2.750e-08
1133	1	2.750e-08	2.750e-08
1135	1	2.750e-08	2.750e-08
1137	1	2.750e-08	2.750e-08
1139	1	2.750e-08	2.750e-08
1141	1	2.750e-08	2.750e-08
1143	1	2.750e-08	2.750e-08
1145	1	2.750e-08	2.750e-08
1147	1	2.750e-08	2.750e-08
1151	1	2.750e-08	2.750e-08
1153	1	2.750e-08	2.750e-08
1156	1	2.750e-08	2.750e-08
1167	1	2.750e-08	2.750e-08
1178	1	2.750e-08	2.750e-08
1179	1	2.750e-08	2.750e-08
1182	1	2.750e-08	2.750e-08
1184	1	2.750e-08	2.750e-08
1191	1	2.750e-08	2.750e-08
1194	1	2.750e-08	2.750e-08
1195	1	2.750e-08	2.750e-08
1203	1	2.750e-08	2.750e-08
1204	1	2.750e-08	2.750e-08
1205	1	2.750e-08	2.750e-08
1206	1	2.750e-08	2.750e-08
1217	1	2.750e-08	2.750e-08
1219	1	2.750e-08	2.750e-08
1222	1	2.750e-08	2.750e-08
1223	1	2.750e-08	2.750e-08
1224	1	2.750e-08	2.750e-08
1225	1	2.750e-08	2.750e-08
1226	1	2.750e-08	2.750e-08
1235	1	2.750e-08	2.750e-08
1236	1	2.750e-08	2.750e-08
1237	1	2.750e-08	2.750e-08
1253	1	2.750e-08	2.750e-08
1257	1	2.750e-08	2.750e-08
1259	1	2.750e-08	2.750e-08
1261	1	2.750e-08	2.750e-08
1272	1	2.750e-08	2.750e-08
1275	1	2.750e-08	2.750e-08
1278	1	2.750e-08	2.750e-08
1281	1	2.750e-08	2.750e-08
1289	1	2.750e-08	2.750e-08
1291	1	2.750e-08	2.750e-08
1292	1	2.750e-08	2.750e-08
1300	1	2.750e-08	2.750e-08
1301	1	2.750e-08	2.750e-08
1302	1	2.750e-08	2.750e-08
1303	1	2.750e-08	2.750e-08
1304	1	2.750e-08	2.750e-08
1311	1	2.750e-08	2.750e-08
1315	1	2.750e-08	2.750e-08
1316	1	2.750e-08	2.750e-08
1317	1	2.750e-08	2.750e-08
1318	1	2.750e-08	2.750e-08
1325	1	2.750e-08	2.750e-08
1328	1	2.750e-08	2.750e-08
1330	1	2.750e-08	2.750e-08
1331	1	2.750e-08	2.750e-08
1332	1	2.750e-08	2.750e-08
1333	1	2.750e-08	2.750e-08
1340	1	2.750e-08	2.750e-08
1341	1	2.750e-08	2.750e-08
1344	1	2.750e-08	2.750e-08
1347	1	2.750e-08	2.750e-08
1350	1	2.750e-08	2.750e-08
1353	1	2.750e-08	2.750e-08
1365	1	2.750e-08	2.750e-08
1369	1	2.750e-08	2.750e-08
1371	1	2.750e-08	2.750e-08
1375	1	2.750e-08	2.750e-08
1380	1	2.750e-08	2.750e-08
1386	1	2.750e-08	2.750e-08
1399	1	2.750e-08	2.750e-08
1403	1	2.750e-08	2.750e-08
1409	1	2.750e-08	2.750e-08
1415	1	2.750e-08	2.750e-08
1416	1	2.750e-08	2.750e-08
1417	1	2.750e-08	2.750e-08
1428	1	2.750e-08	2.750e-08
1438	1	2.750e-08	2.750e-08
1439	1	2.750e-08	2.750e-08
1440	1	2.750e-08	2.750e-08
1451	1	2.750e-08	2.750e-08
1459	1	2.750e-08	2.750e-08
1460	1	2.750e-08	2.750e-08
1461	1	2.750e-08	2.750e-08
1472	1	2.750e-08	2.750e-08
1476	1	2.750e-08	2.750e-08
1478	1	2.750e-08	2.750e-08
1479	1	2.750e-08	2.750e-08
1480	1	2.750e-08	2.750e-08
1489	1	2.750e-08	2.750e-08
1493	1	2.750e-08	2.750e-08
1494	1	2.750e-08	2.750e-08
1496	1	2.750e-08	2.750e-08
1499	1	2.750e-08	2.750e-08
1502	1	2.750e-08	2.750e-08
1503	1	2.750e-08	2.750e-08
1504	1	2.750e-08	2.750e-08
1513	1	2.750e-08	2.750e-08
1516	1	2.750e-08	2.750e-08
1517	1	2.750e-08	2.750e-08
1519	1	2.750e-08	2.750e-08
152	1	2.750e-08	2.750e-08
1522	1	2.750e-08	2.750e-08
1525	1	2.750e-08	2.750e-08
1526	1	2.750e-08	2.750e-08
1527	1	2.750e-08	2.750e-08
153	1	2.750e-08	2.750e-08
154	1	2.750e-08	2.750e-08
1540	1	2.750e-08	2.750e-08
1541	1	2.750e-08	2.750e-08
1545	1	2.750e-08	2.750e-08
1549	1	2.750e-08	2.750e-08
155	1	2.750e-08	2.750e-08
1553	1	2.750e-08	2.750e-08
1557	1	2.750e-08	2.750e-08
1559	1	2.750e-08	2.750e-08
156	1	2.750e-08	2.750e-08
1561	1	2.750e-08	2.750e-08
1566	1	2.750e-08	2.750e-08
1568	1	2.750e-08	2.750e-08
157	1	2.750e-08	2.750e-08
1570	1	2.750e-08	2.750e-08
1574	1	2.750e-08	2.750e-08
1578	1	2.750e-08	2.750e-08
158	1	2.750e-08	2.750e-08
1582	1	2.750e-08	2.750e-08
159	1	2.750e-08	2.750e-08
1594	1	2.750e-08	2.750e-08
1596	1	2.750e-08	2.750e-08
1598	1	2.750e-08	2.750e-08
160	1	2.750e-08	2.750e-08
1600	1	2.750e-08	2.750e-08
1602	1	2.750e-08	2.750e-08
1604	1	2.750e-08	2.750e-08
1606	1	2.750e-08	2.750e-08
161	1	2.750e-08	2.750e-08
1615	1	2.750e-08	2.750e-08
1617	1	2.750e-08	2.750e-08
162	1	2.750e-08	2.750e-08
1627	1	2.750e-08	2.750e-08
1628	1	2.750e-08	2.750e-08
163	1	2.750e-08	2.750e-08
1636	1	2.750e-08	2.750e-08
164	1	2.750e-08	2.750e-08
1645	1	2.750e-08	2.750e-08
165	1	2.750e-08	2.750e-08
1651	1	2.750e-08	2.750e-08
1652	1	2.750e-08	2.750e-08
1656	1	2.750e-08	2.750e-08
1657	1	2.750e-08	2.750e-08
166	1	2.750e-08	2.750e-08
1660	1	2.750e-08	2.750e-08
1667	1	2.750e-08	2.750e-08
167	1	2.750e-08	2.750e-08
1670	1	2.750e-08	2.750e-08
1677	1	2.750e-08	2.750e-08
168	1	2.750e-08	2.750e-08
169	1	2.750e-08	2.750e-08
1691	1	2.750e-08	2.750e-08
16to8	1	2.750e-08	2.750e-08
170	1	2.750e-08	2.750e-08
1701	1	2.750e-08	2.750e-08
171	1	2.750e-08	2.750e-08
1713	1	2.750e-08	2.750e-08
1718	1	2.750e-08	2.750e-08
172	1	2.750e-08	2.750e-08
1726	1	2.750e-08	2.750e-08
173	1	2.750e-08	2.750e-08
174	1	2.750e-08	2.750e-08
1743	1	2.750e-08	2.750e-08
175	1	2.750e-08	2.750e-08
1752	1	2.750e-08	2.750e-08
1754	1	2.750e-08	2.750e-08
1756	1	2.750e-08	2.750e-08
1759	1	2.750e-08	2.750e-08
176	1	2.750e-08	2.750e-08
1761	1	2.750e-08	2.750e-08
1763	1	2.750e-08	2.750e-08
177	1	2.750e-08	2.750e-08
1775	1	2.750e-08	2.750e-08
178	1	2.750e-08	2.750e-08
1783	1	2.750e-08	2.750e-08
1786	1	2.750e-08	2.750e-08
1787	1	2.750e-08	2.750e-08
179	1	2.750e-08	2.750e-08
1795	1	2.750e-08	2.750e-08
180	1	2.750e-08	2.750e-08
1808	1	2.750e-08	2.750e-08
181	1	2.750e-08	2.750e-08
1811	1	2.750e-08	2.750e-08
1812	1	2.750e-08	2.750e-08
182	1	2.750e-08	2.750e-08
1821	1	2.750e-08	2.750e-08
1822	1	2.750e-08	2.750e-08
1823	1	2.750e-08	2.750e-08
1824	1	2.750e-08	2.750e-08
183	1	2.750e-08	2.750e-08
1832	1	2.750e-08	2.750e-08
1833	1	2.750e-08	2.750e-08
1835	1	2.750e-08	2.750e-08
184	1	2.750e-08	2.750e-08
1843	1	2.750e-08	2.750e-08
185	1	2.750e-08	2.750e-08
1857	1	2.750e-08	2.750e-08
186	1	2.750e-08	2.750e-08
1860	1	2.750e-08	2.750e-08
1862	1	2.750e-08	2.750e-08
1864	1	2.750e-08	2.750e-08
1866	1	2.750e-08	2.750e-08
187	1	2.750e-08	2.750e-08
188	1	2.750e-08	2.750e-08
1882	1	2.750e-08	2.750e-08
1883	1	2.750e-08	2.750e-08
1885	1	2.750e-08	2.750e-08
1888	1	2.750e-08	2.750e-08
189	1	2.750e-08	2.750e-08
1891	1	2.750e-08	2.750e-08
190	1	2.750e-08	2.750e-08
1904	1	2.750e-08	2.750e-08
1905	1	2.750e-08	2.750e-08
1907	1	2.750e-08	2.750e-08
1908	1	2.750e-08	2.750e-08
191	1	2.750e-08	2.750e-08
1917	1	2.750e-08	2.750e-08
192	1	2.750e-08	2.750e-08
1929	1	2.750e-08	2.750e-08
193	1	2.750e-08	2.750e-08
194	1	2.750e-08	2.750e-08
195	1	2.750e-08	2.750e-08
1950	1	2.750e-08	2.750e-08
1952	1	2.750e-08	2.750e-08
1955	1	2.750e-08	2.750e-08
1956	1	2.750e-08	2.750e-08
1958	1	2.750e-08	2.750e-08
196	1	2.750e-08	2.750e-08
1961	1	2.750e-08	2.750e-08
1962	1	2.750e-08	2.750e-08
197	1	2.750e-08	2.750e-08
1971	1	2.750e-08	2.750e-08
1972	1	2.750e-08	2.750e-08
1975	1	2.750e-08	2.750e-08
1978	1	2.750e-08	2.750e-08
198	1	2.750e-08	2.750e-08
1987	1	2.750e-08	2.750e-08
1988	1	2.750e-08	2.750e-08
199	1	2.750e-08	2.750e-08
1992	1	2.750e-08	2.750e-08
1993	1	2.750e-08	2.750e-08
1over	1	2.750e-08	2.750e-08
2006	1	2.750e-08	2.750e-08
2008	1	2.750e-08	2.750e-08
200sources	1	2.750e-08	2.750e-08
202	1	2.750e-08	2.750e-08
2029	1	2.750e-08	2.750e-08
203	1	2.750e-08	2.750e-08
2041	1	2.750e-08	2.750e-08
2044	1	2.750e-08	2.750e-08
2046	1	2.750e-08	2.750e-08
205	1	2.750e-08	2.750e-08
2058	1	2.750e-08	2.750e-08
206	1	2.750e-08	2.750e-08
2065	1	2.750e-08	2.750e-08
207	1	2.750e-08	2.750e-08
2076	1	2.750e-08	2.750e-08
2078	1	2.750e-08	2.750e-08
208	1	2.750e-08	2.750e-08
2080	1	2.750e-08	2.750e-08
209	1	2.750e-08	2.750e-08
210	1	2.750e-08	2.750e-08
2100	1	2.750e-08	2.750e-08
2101	1	2.750e-08	2.750e-08
2107	1	2.750e-08	2.750e-08
211	1	2.750e-08	2.750e-08
2115	1	2.750e-08	2.750e-08
2118	1	2.750e-08	2.750e-08
2119	1	2.750e-08	2.750e-08
212	1	2.750e-08	2.750e-08
2128	1	2.750e-08	2.750e-08
2129	1	2.750e-08	2.750e-08
213	1	2.750e-08	2.750e-08
2132	1	2.750e-08	2.750e-08
2134	1	2.750e-08	2.750e-08
214	1	2.750e-08	2.750e-08
2143	1	2.750e-08	2.750e-08
2144	1	2.750e-08	2.750e-08
2147	1	2.750e-08	2.750e-08
215	1	2.750e-08	2.750e-08
2150	1	2.750e-08	2.750e-08
2159	1	2.750e-08	2.750e-08
216	1	2.750e-08	2.750e-08
2160	1	2.750e-08	2.750e-08
2163	1	2.750e-08	2.750e-08
217	1	2.750e-08	2.750e-08
2172	1	2.750e-08	2.750e-08
2174	1	2.750e-08	2.750e-08
2177	1	2.750e-08	2.750e-08
218	1	2.750e-08	2.750e-08
2180	1	2.750e-08	2.750e-08
2183	1	2.750e-08	2.750e-08
2186	1	2.750e-08	2.750e-08
219	1	2.750e-08	2.750e-08
2193	1	2.750e-08	2.750e-08
2196	1	2.750e-08	2.750e-08
2199	1	2.750e-08	2.750e-08
220	1	2.750e-08	2.750e-08
221	1	2.750e-08	2.750e-08
2210	1	2.750e-08	2.750e-08
2211	1	2.750e-08	2.750e-08
2214	1	2.750e-08	2.750e-08
2216	1	2.750e-08	2.750e-08
2218	1	2.750e-08	2.750e-08
222	1	2.750e-08	2.750e-08
2220	1	2.750e-08	2.750e-08
2223	1	2.750e-08	2.750e-08
2226	1	2.750e-08	2.750e-08
223	1	2.750e-08	2.750e-08
2238	1	2.750e-08	2.750e-08
224	1	2.750e-08	2.750e-08
2241	1	2.750e-08	2.750e-08
225	1	2.750e-08	2.750e-08
2253	1	2.750e-08	2.750e-08
2254	1	2.750e-08	2.750e-08
2256	1	2.750e-08	2.750e-08
2258	1	2.750e-08	2.750e-08
226	1	2.750e-08	2.750e-08
2260	1	2.750e-08	2.750e-08
2263	1	2.750e-08	2.750e-08
2266	1	2.750e-08	2.750e-08
227	1	2.750e-08	2.750e-08
2278	1	2.750e-08	2.750e-08
228	1	2.750e-08	2.750e-08
2283	1	2.750e-08	2.750e-08
2285	1	2.750e-08	2.750e-08
2287	1	2.750e-08	2.750e-08
2289	1	2.750e-08	2.750e-08
229	1	2.750e-08	2.750e-08
2291	1	2.750e-08	2.750e-08
2293	1	2.750e-08	2.750e-08
2295	1	2.750e-08	2.750e-08
2297	1	2.750e-08	2.750e-08
2299	1	2.750e-08	2.750e-08
230	1	2.750e-08	2.750e-08
2301	1	2.750e-08	2.750e-08
2303	1	2.750e-08	2.750e-08
2305	1	2.750e-08	2.750e-08
231	1	2.750e-08	2.750e-08
2318	1	2.750e-08	2.750e-08
2319	1	2.750e-08	2.750e-08
232	1	2.750e-08	2.750e-08
2322	1	2.750e-08	2.750e-08
2325	1	2.750e-08	2.750e-08
233	1	2.750e-08	2.750e-08
2338	1	2.750e-08	2.750e-08
234	1	2.750e-08	2.750e-08
2341	1	2.750e-08	2.750e-08
2346	1	2.750e-08	2.750e-08
235	1	2.750e-08	2.750e-08
2357	1	2.750e-08	2.750e-08
236	1	2.750e-08	2.750e-08
2363	1	2.750e-08	2.750e-08
2365	1	2.750e-08	2.750e-08
237	1	2.750e-08	2.750e-08
2375	1	2.750e-08	2.750e-08
2376	1	2.750e-08	2.750e-08
2378	1	2.750e-08	2.750e-08
238	1	2.750e-08	2.750e-08
2381	1	2.750e-08	2.750e-08
2386	1	2.750e-08	2.750e-08
2389	1	2.750e-08	2.750e-08
239	1	2.750e-08	2.750e-08
2394	1	2.750e-08	2.750e-08
2396	1	2.750e-08	2.750e-08
2398	1	2.750e-08	2.750e-08
240	1	2.750e-08	2.750e-08
2401	1	2.750e-08	2.750e-08
241	1	2.750e-08	2.750e-08
2415	1	2.750e-08	2.750e-08
242	1	2.750e-08	2.750e-08
2424	1	2.750e-08	2.750e-08
2425	1	2.750e-08	2.750e-08
243	1	2.750e-08	2.750e-08
2433	1	2.750e-08	2.750e-08
2436	1	2.750e-08	2.750e-08
2439	1	2.750e-08	2.750e-08
244	1	2.750e-08	2.750e-08
245	1	2.750e-08	2.750e-08
246	1	2.750e-08	2.750e-08
2461	1	2.750e-08	2.750e-08
2462	1	2.750e-08	2.750e-08
2468	1	2.750e-08	2.750e-08
247	1	2.750e-08	2.750e-08
2472	1	2.750e-08	2.750e-08
2475	1	2.750e-08	2.750e-08
2477	1	2.750e-08	2.750e-08
248	1	2.750e-08	2.750e-08
2483	1	2.750e-08	2.750e-08
2487	1	2.750e-08	2.750e-08
2489	1	2.750e-08	2.750e-08
249	1	2.750e-08	2.750e-08
2492	1	2.750e-08	2.750e-08
2497	1	2.750e-08	2.750e-08
250	1	2.750e-08	2.750e-08
2503	1	2.750e-08	2.750e-08
2508	1	2.750e-08	2.750e-08
251	1	2.750e-08	2.750e-08
2511	1	2.750e-08	2.750e-08
252	1	2.750e-08	2.750e-08
2523	1	2.750e-08	2.750e-08
253	1	2.750e-08	2.750e-08
2536	1	2.750e-08	2.750e-08
2537	1	2.750e-08	2.750e-08
254	1	2.750e-08	2.750e-08
2541	1	2.750e-08	2.750e-08
2542	1	2.750e-08	2.750e-08
2544	1	2.750e-08	2.750e-08
2558	1	2.750e-08	2.750e-08
2565	1	2.750e-08	2.750e-08
2567	1	2.750e-08	2.750e-08
257	1	2.750e-08	2.750e-08
2575	1	2.750e-08	2.750e-08
2577	1	2.750e-08	2.750e-08
258	1	2.750e-08	2.750e-08
2584	1	2.750e-08	2.750e-08
2585	1	2.750e-08	2.750e-08
2588	1	2.750e-08	2.750e-08
259	1	2.750e-08	2.750e-08
2591	1	2.750e-08	2.750e-08
2596	1	2.750e-08	2.750e-08
2597	1	2.750e-08	2.750e-08
260	1	2.750e-08	2.750e-08
2600	1	2.750e-08	2.750e-08
2609	1	2.750e-08	2.750e-08
261	1	2.750e-08	2.750e-08
2618	1	2.750e-08	2.750e-08
2619	1	2.750e-08	2.750e-08
262	1	2.750e-08	2.750e-08
2622	1	2.750e-08	2.750e-08
2625	1	2.750e-08	2.750e-08
2628	1	2.750e-08	2.750e-08
263	1	2.750e-08	2.750e-08
2631	1	2.750e-08	2.750e-08
2634	1	2.750e-08	2.750e-08
2637	1	2.750e-08	2.750e-08
264	1	2.750e-08	2.750e-08
2640	1	2.750e-08	2.750e-08
2643	1	2.750e-08	2.750e-08
2646	1	2.750e-08	2.750e-08
2649	1	2.750e-08	2.750e-08
265	1	2.750e-08	2.750e-08
2652	1	2.750e-08	2.750e-08
2655	1	2.750e-08	2.750e-08
2658	1	2.750e-08	2.750e-08
266	1	2.750e-08	2.750e-08
2661	1	2.750e-08	2.750e-08
2664	1	2.750e-08	2.750e-08
2666	1	2.750e-08	2.750e-08
267	1	2.750e-08	2.750e-08
2673	1	2.750e-08	2.750e-08
2674	1	2.750e-08	2.750e-08
2675	1	2.750e-08	2.750e-08
2676	1	2.750e-08	2.750e-08
2677	1	2.750e-08	2.750e-08
2678	1	2.750e-08	2.750e-08
2679	1	2.750e-08	2.750e-08
268	1	2.750e-08	2.750e-08
2680	1	2.750e-08	2.750e-08
2681	1	2.750e-08	2.750e-08
2682	1	2.750e-08	2.750e-08
2683	1	2.750e-08	2.750e-08
2684	1	2.750e-08	2.750e-08
2685	1	2.750e-08	2.750e-08
2686	1	2.750e-08	2.750e-08
269	1	2.750e-08	2.750e-08
2695	1	2.750e-08	2.750e-08
270	1	2.750e-08	2.750e-08
2703	1	2.750e-08	2.750e-08
271	1	2.750e-08	2.750e-08
2711	1	2.750e-08	2.750e-08
2719	1	2.750e-08	2.750e-08
272	1	2.750e-08	2.750e-08
2727	1	2.750e-08	2.750e-08
273	1	2.750e-08	2.750e-08
2735	1	2.750e-08	2.750e-08
274	1	2.750e-08	2.750e-08
2743	1	2.750e-08	2.750e-08
275	1	2.750e-08	2.750e-08
2751	1	2.750e-08	2.750e-08
276	1	2.750e-08	2.750e-08
2761	1	2.750e-08	2.750e-08
2769	1	2.750e-08	2.750e-08
277	1	2.750e-08	2.750e-08
2777	1	2.750e-08	2.750e-08
278	1	2.750e-08	2.750e-08
2785	1	2.750e-08	2.750e-08
279	1	2.750e-08	2.750e-08
2793	1	2.750e-08	2.750e-08
280	1	2.750e-08	2.750e-08
2801	1	2.750e-08	2.750e-08
2802	1	2.750e-08	2.750e-08
2804	1	2.750e-08	2.750e-08
281	1	2.750e-08	2.750e-08
2812	1	2.750e-08	2.750e-08
2813	1	2.750e-08	2.750e-08
2818	1	2.750e-08	2.750e-08
2819	1	2.750e-08	2.750e-08
282	1	2.750e-08	2.750e-08
283	1	2.750e-08	2.750e-08
2830	1	2.750e-08	2.750e-08
284	1	2.750e-08	2.750e-08
2840	1	2.750e-08	2.750e-08
2847	1	2.750e-08	2.750e-08
285	1	2.750e-08	2.750e-08
2858	1	2.750e-08	2.750e-08
286	1	2.750e-08	2.750e-08
2860	1	2.750e-08	2.750e-08
2862	1	2.750e-08	2.750e-08
2864	1	2.750e-08	2.750e-08
287	1	2.750e-08	2.750e-08
2873	1	2.750e-08	2.750e-08
288	1	2.750e-08	2.750e-08
2883	1	2.750e-08	2.750e-08
289	1	2.750e-08	2.750e-08
2892	1	2.750e-08	2.750e-08
290	1	2.750e-08	2.750e-08
2900	1	2.750e-08	2.750e-08
2908	1	2.750e-08	2.750e-08
291	1	2.750e-08	2.750e-08
2916	1	2.750e-08	2.750e-08
292	1	2.750e-08	2.750e-08
2922	1	2.750e-08	2.750e-08
293	1	2.750e-08	2.750e-08
2932	1	2.750e-08	2.750e-08
294	1	2.750e-08	2.750e-08
2941	1	2.750e-08	2.750e-08
2948	1	2.750e-08	2.750e-08
295	1	2.750e-08	2.750e-08
2950	1	2.750e-08	2.750e-08
2958	1	2.750e-08	2.750e-08
296	1	2.750e-08	2.750e-08
2968	1	2.750e-08	2.750e-08
297	1	2.750e-08	2.750e-08
2974	1	2.750e-08	2.750e-08
2976	1	2.750e-08	2.750e-08
298	1	2.750e-08	2.750e-08
2984	1	2.750e-08	2.750e-08
299	1	2.750e-08	2.750e-08
2993	1	2.750e-08	2.750e-08
300	1	2.750e-08	2.750e-08
3000	1	2.750e-08	2.750e-08
301	1	2.750e-08	2.750e-08
3010	1	2.750e-08	2.750e-08
3017	1	2.750e-08	2.750e-08
3027	1	2.750e-08	2.750e-08
303	1	2.750e-08	2.750e-08
3036	1	2.750e-08	2.750e-08
3039	1	2.750e-08	2.750e-08
304	1	2.750e-08	2.750e-08
3042	1	2.750e-08	2.750e-08
3044	1	2.750e-08	2.750e-08
3046	1	2.750e-08	2.750e-08
305	1	2.750e-08	2.750e-08
3063	1	2.750e-08	2.750e-08
3066	1	2.750e-08	2.750e-08
307	1	2.750e-08	2.750e-08
3073	1	2.750e-08	2.750e-08
3075	1	2.750e-08	2.750e-08
3078	1	2.750e-08	2.750e-08
308	1	2.750e-08	2.750e-08
3080	1	2.750e-08	2.750e-08
3084	1	2.750e-08	2.750e-08
3087	1	2.750e-08	2.750e-08
309	1	2.750e-08	2.750e-08
3095	1	2.750e-08	2.750e-08
3097	1	2.750e-08	2.750e-08
310	1	2.750e-08	2.750e-08
3100	1	2.750e-08	2.750e-08
3102	1	2.750e-08	2.750e-08
3106	1	2.750e-08	2.750e-08
311	1	2.750e-08	2.750e-08
3111	1	2.750e-08	2.750e-08
3113	1	2.750e-08	2.750e-08
312	1	2.750e-08	2.750e-08
3120	1	2.750e-08	2.750e-08
3122	1	2.750e-08	2.750e-08
3125	1	2.750e-08	2.750e-08
3127	1	2.750e-08	2.750e-08
313	1	2.750e-08	2.750e-08
3131	1	2.750e-08	2.750e-08
3134	1	2.750e-08	2.750e-08
314	1	2.750e-08	2.750e-08
3142	1	2.750e-08	2.750e-08
3144	1	2.750e-08	2.750e-08
3147	1	2.750e-08	2.750e-08
3149	1	2.750e-08	2.750e-08
315	1	2.750e-08	2.750e-08
3153	1	2.750e-08	2.750e-08
316	1	2.750e-08	2.750e-08
3164	1	2.750e-08	2.750e-08
3167	1	2.750e-08	2.750e-08
317	1	2.750e-08	2.750e-08
3176	1	2.750e-08	2.750e-08
3179	1	2.750e-08	2.750e-08
318	1	2.750e-08	2.750e-08
3189	1	2.750e-08	2.750e-08
319	1	2.750e-08	2.750e-08
3192	1	2.750e-08	2.750e-08
3194	1	2.750e-08	2.750e-08
320	1	2.750e-08	2.750e-08
3203	1	2.750e-08	2.750e-08
3204	1	2.750e-08	2.750e-08
3207	1	2.750e-08	2.750e-08
3209	1	2.750e-08	2.750e-08
321	1	2.750e-08	2.750e-08
3213	1	2.750e-08	2.750e-08
3216	1	2.750e-08	2.750e-08
3218	1	2.750e-08	2.750e-08
322	1	2.750e-08	2.750e-08
3227	1	2.750e-08	2.750e-08
323	1	2.750e-08	2.750e-08
3230	1	2.750e-08	2.750e-08
3232	1	2.750e-08	2.750e-08
324	1	2.750e-08	2.750e-08
3241	1	2.750e-08	2.750e-08
3248	1	2.750e-08	2.750e-08
325	1	2.750e-08	2.750e-08
3258	1	2.750e-08	2.750e-08
326	1	2.750e-08	2.750e-08
3268	1	2.750e-08	2.750e-08
327	1	2.750e-08	2.750e-08
328	1	2.750e-08	2.750e-08
3285	1	2.750e-08	2.750e-08
3289	1	2.750e-08	2.750e-08
329	1	2.750e-08	2.750e-08
3291	1	2.750e-08	2.750e-08
330	1	2.750e-08	2.750e-08
3305	1	2.750e-08	2.750e-08
3307	1	2.750e-08	2.750e-08
331	1	2.750e-08	2.750e-08
3317	1	2.750e-08	2.750e-08
3319	1	2.750e-08	2.750e-08
332	1	2.750e-08	2.750e-08
3321	1	2.750e-08	2.750e-08
3322	1	2.750e-08	2.750e-08
3324	1	2.750e-08	2.750e-08
3326	1	2.750e-08	2.750e-08
333	1	2.750e-08	2.750e-08
3330	1	2.750e-08	2.750e-08
334	1	2.750e-08	2.750e-08
335	1	2.750e-08	2.750e-08
336	1	2.750e-08	2.750e-08
3360	1	2.750e-08	2.750e-08
3363	1	2.750e-08	2.750e-08
3365	1	2.750e-08	2.750e-08
3367	1	2.750e-08	2.750e-08
3369	1	2.750e-08	2.750e-08
337	1	2.750e-08	2.750e-08
3371	1	2.750e-08	2.750e-08
3376	1	2.750e-08	2.750e-08
3379	1	2.750e-08	2.750e-08
338	1	2.750e-08	2.750e-08
3381	1	2.750e-08	2.750e-08
3383	1	2.750e-08	2.750e-08
3385	1	2.750e-08	2.750e-08
339	1	2.750e-08	2.750e-08
340	1	2.750e-08	2.750e-08
3401	1	2.750e-08	2.750e-08
3404	1	2.750e-08	2.750e-08
341	1	2.750e-08	2.750e-08
3414	1	2.750e-08	2.750e-08
3417	1	2.750e-08	2.750e-08
3419	1	2.750e-08	2.750e-08
342	1	2.750e-08	2.750e-08
3422	1	2.750e-08	2.750e-08
343	1	2.750e-08	2.750e-08
3433	1	2.750e-08	2.750e-08
3435	1	2.750e-08	2.750e-08
344	1	2.750e-08	2.750e-08
3442	1	2.750e-08	2.750e-08
3445	1	2.750e-08	2.750e-08
345	1	2.750e-08	2.750e-08
3452	1	2.750e-08	2.750e-08
3454	1	2.750e-08	2.750e-08
346	1	2.750e-08	2.750e-08
3461	1	2.750e-08	2.750e-08
3468	1	2.750e-08	2.750e-08
347	1	2.750e-08	2.750e-08
3472	1	2.750e-08	2.750e-08
348	1	2.750e-08	2.750e-08
3482	1	2.750e-08	2.750e-08
3486	1	2.750e-08	2.750e-08
3487	1	2.750e-08	2.750e-08
349	1	2.750e-08	2.750e-08
3490	1	2.750e-08	2.750e-08
3493	1	2.750e-08	2.750e-08
350	1	2.750e-08	2.750e-08
3503	1	2.750e-08	2.750e-08
351	1	2.750e-08	2.750e-08
3510	1	2.750e-08	2.750e-08
3513	1	2.750e-08	2.750e-08
3515	1	2.750e-08	2.750e-08
352	1	2.750e-08	2.750e-08
3526	1	2.750e-08	2.750e-08
3527	1	2.750e-08	2.750e-08
353	1	2.750e-08	2.750e-08
3531	1	2.750e-08	2.750e-08
3535	1	2.750e-08	2.750e-08
3539	1	2.750e-08	2.750e-08
354	1	2.750e-08	2.750e-08
3543	1	2.750e-08	2.750e-08
355	1	2.750e-08	2.750e-08
3551	1	2.750e-08	2.750e-08
3559	1	2.750e-08	2.750e-08
356	1	2.750e-08	2.750e-08
3563	1	2.750e-08	2.750e-08
3566	1	2.750e-08	2.750e-08
3568	1	2.750e-08	2.750e-08
357	1	2.750e-08	2.750e-08
3572	1	2.750e-08	2.750e-08
3576	1	2.750e-08	2.750e-08
358	1	2.750e-08	2.750e-08
3586	1	2.750e-08	2.750e-08
3588	1	2.750e-08	2.750e-08
359	1	2.750e-08	2.750e-08
3590	1	2.750e-08	2.750e-08
360	1	2.750e-08	2.750e-08
3608	1	2.750e-08	2.750e-08
361	1	2.750e-08	2.750e-08
3611	1	2.750e-08	2.750e-08
3613	1	2.750e-08	2.750e-08
362	1	2.750e-08	2.750e-08
363	1	2.750e-08	2.750e-08
3630	1	2.750e-08	2.750e-08
3632	1	2.750e-08	2.750e-08
3634	1	2.750e-08	2.750e-08
364	1	2.750e-08	2.750e-08
365	1	2.750e-08	2.750e-08
3652	1	2.750e-08	2.750e-08
3654	1	2.750e-08	2.750e-08
3656	1	2.750e-08	2.750e-08
366	1	2.750e-08	2.750e-08
3663	1	2.750e-08	2.750e-08
367	1	2.750e-08	2.750e-08
3674	1	2.750e-08	2.750e-08
3677	1	2.750e-08	2.750e-08
3679	1	2.750e-08	2.750e-08
368	1	2.750e-08	2.750e-08
3685	1	2.750e-08	2.750e-08
369	1	2.750e-08	2.750e-08
3696	1	2.750e-08	2.750e-08
3698	1	2.750e-08	2.750e-08
370	1	2.750e-08	2.750e-08
3700	1	2.750e-08	2.750e-08
3706	1	2.750e-08	2.750e-08
371	1	2.750e-08	2.750e-08
3717	1	2.750e-08	2.750e-08
3719	1	2.750e-08	2.750e-08
372	1	2.750e-08	2.750e-08
3721	1	2.750e-08	2.750e-08
3729	1	2.750e-08	2.750e-08
373	1	2.750e-08	2.750e-08
3731	1	2.750e-08	2.750e-08
3732	1	2.750e-08	2.750e-08
374	1	2.750e-08	2.750e-08
3742	1	2.750e-08	2.750e-08
3745	1	2.750e-08	2.750e-08
3747	1	2.750e-08	2.750e-08
3749	1	2.750e-08	2.750e-08
375	1	2.750e-08	2.750e-08
3753	1	2.750e-08	2.750e-08
376	1	2.750e-08	2.750e-08
3765	1	2.750e-08	2.750e-08
3769	1	2.750e-08	2.750e-08
377	1	2.750e-08	2.750e-08
3774	1	2.750e-08	2.750e-08
378	1	2.750e-08	2.750e-08
3780	1	2.750e-08	2.750e-08
3783	1	2.750e-08	2.750e-08
3788	1	2.750e-08	2.750e-08
379	1	2.750e-08	2.750e-08
3792	1	2.750e-08	2.750e-08
3795	1	2.750e-08	2.750e-08
3799	1	2.750e-08	2.750e-08
380	1	2.750e-08	2.750e-08
3805	1	2.750e-08	2.750e-08
381	1	2.750e-08	2.750e-08
3812	1	2.750e-08	2.750e-08
3815	1	2.750e-08	2.750e-08
3819	1	2.750e-08	2.750e-08
382	1	2.750e-08	2.750e-08
3825	1	2.750e-08	2.750e-08
3828	1	2.750e-08	2.750e-08
383	1	2.750e-08	2.750e-08
3834	1	2.750e-08	2.750e-08
384	1	2.750e-08	2.750e-08
3842	1	2.750e-08	2.750e-08
3844	1	2.750e-08	2.750e-08
3846	1	2.750e-08	2.750e-08
3848	1	2.750e-08	2.750e-08
3849	1	2.750e-08	2.750e-08
385	1	2.750e-08	2.750e-08
3854	1	2.750e-08	2.750e-08
386	1	2.750e-08	2.750e-08
3861	1	2.750e-08	2.750e-08
387	1	2.750e-08	2.750e-08
3871	1	2.750e-08	2.750e-08
3874	1	2.750e-08	2.750e-08
3876	1	2.750e-08	2.750e-08
3879	1	2.750e-08	2.750e-08
388	1	2.750e-08	2.750e-08
3888	1	2.750e-08	2.750e-08
389	1	2.750e-08	2.750e-08
3891	1	2.750e-08	2.750e-08
390	1	2.750e-08	2.750e-08
3903	1	2.750e-08	2.750e-08
391	1	2.750e-08	2.750e-08
3917	1	2.750e-08	2.750e-08
392	1	2.750e-08	2.750e-08
3929	1	2.750e-08	2.750e-08
393	1	2.750e-08	2.750e-08
3933	1	2.750e-08	2.750e-08
3934	1	2.750e-08	2.750e-08
394	1	2.750e-08	2.750e-08
3945	1	2.750e-08	2.750e-08
395	1	2.750e-08	2.750e-08
3952	1	2.750e-08	2.750e-08
3957	1	2.750e-08	2.750e-08
396	1	2.750e-08	2.750e-08
3963	1	2.750e-08	2.750e-08
397	1	2.750e-08	2.750e-08
3970	1	2.750e-08	2.750e-08
3972	1	2.750e-08	2.750e-08
3974	1	2.750e-08	2.750e-08
3978	1	2.750e-08	2.750e-08
398	1	2.750e-08	2.750e-08
3982	1	2.750e-08	2.750e-08
3984	1	2.750e-08	2.750e-08
399	1	2.750e-08	2.750e-08
3990	1	2.750e-08	2.750e-08
3997	1	2.750e-08	2.750e-08
3999	1	2.750e-08	2.750e-08
3byte	1	2.750e-08	2.750e-08
4001	1	2.750e-08	2.750e-08
4005	1	2.750e-08	2.750e-08
4015	1	2.750e-08	2.750e-08
4019	1	2.750e-08	2.750e-08
402	1	2.750e-08	2.750e-08
4028	1	2.750e-08	2.750e-08
4033	1	2.750e-08	2.750e-08
4036	1	2.750e-08	2.750e-08
4038	1	2.750e-08	2.750e-08
4043	1	2.750e-08	2.750e-08
4045	1	2.750e-08	2.750e-08
405	1	2.750e-08	2.750e-08
4050	1	2.750e-08	2.750e-08
4053	1	2.750e-08	2.750e-08
4055	1	2.750e-08	2.750e-08
406	1	2.750e-08	2.750e-08
4067	1	2.750e-08	2.750e-08
407	1	2.750e-08	2.750e-08
4070	1	2.750e-08	2.750e-08
4072	1	2.750e-08	2.750e-08
408	1	2.750e-08	2.750e-08
4081	1	2.750e-08	2.750e-08
4084	1	2.750e-08	2.750e-08
4086	1	2.750e-08	2.750e-08
4095	1	2.750e-08	2.750e-08
4098	1	2.750e-08	2.750e-08
4100	1	2.750e-08	2.750e-08
4102	1	2.750e-08	2.750e-08
411	1	2.750e-08	2.750e-08
4110	1	2.750e-08	2.750e-08
412	1	2.750e-08	2.750e-08
4123	1	2.750e-08	2.750e-08
413	1	2.750e-08	2.750e-08
4132	1	2.750e-08	2.750e-08
4135	1	2.750e-08	2.750e-08
414	1	2.750e-08	2.750e-08
4144	1	2.750e-08	2.750e-08
415	1	2.750e-08	2.750e-08
4153	1	2.750e-08	2.750e-08
4155	1	2.750e-08	2.750e-08
416	1	2.750e-08	2.750e-08
4161	1	2.750e-08	2.750e-08
4163	1	2.750e-08	2.750e-08
4165	1	2.750e-08	2.750e-08
417	1	2.750e-08	2.750e-08
4173	1	2.750e-08	2.750e-08
4183	1	2.750e-08	2.750e-08
419	1	2.750e-08	2.750e-08
4193	1	2.750e-08	2.750e-08
4194	1	2.750e-08	2.750e-08
4196	1	2.750e-08	2.750e-08
4198	1	2.750e-08	2.750e-08
4200	1	2.750e-08	2.750e-08
4202	1	2.750e-08	2.750e-08
4204	1	2.750e-08	2.750e-08
4206	1	2.750e-08	2.750e-08
421	1	2.750e-08	2.750e-08
4215	1	2.750e-08	2.750e-08
4218	1	2.750e-08	2.750e-08
4223	1	2.750e-08	2.750e-08
423	1	2.750e-08	2.750e-08
4236	1	2.750e-08	2.750e-08
4239	1	2.750e-08	2.750e-08
424	1	2.750e-08	2.750e-08
4241	1	2.750e-08	2.750e-08
425	1	2.750e-08	2.750e-08
4257	1	2.750e-08	2.750e-08
426	1	2.750e-08	2.750e-08
4265	1	2.750e-08	2.750e-08
427	1	2.750e-08	2.750e-08
4272	1	2.750e-08	2.750e-08
4278	1	2.750e-08	2.750e-08
428	1	2.750e-08	2.750e-08
4280	1	2.750e-08	2.750e-08
4282	1	2.750e-08	2.750e-08
4286	1	2.750e-08	2.750e-08
42with	1	2.750e-08	2.750e-08
4300	1	2.750e-08	2.750e-08
431	1	2.750e-08	2.750e-08
432	1	2.750e-08	2.750e-08
433	1	2.750e-08	2.750e-08
434	1	2.750e-08	2.750e-08
4340	1	2.750e-08	2.750e-08
435	1	2.750e-08	2.750e-08
4358	1	2.750e-08	2.750e-08
436	1	2.750e-08	2.750e-08
4363	1	2.750e-08	2.750e-08
4365	1	2.750e-08	2.750e-08
4367	1	2.750e-08	2.750e-08
437	1	2.750e-08	2.750e-08
4370	1	2.750e-08	2.750e-08
4372	1	2.750e-08	2.750e-08
4379	1	2.750e-08	2.750e-08
438	1	2.750e-08	2.750e-08
4382	1	2.750e-08	2.750e-08
4384	1	2.750e-08	2.750e-08
439	1	2.750e-08	2.750e-08
4400	1	2.750e-08	2.750e-08
441	1	2.750e-08	2.750e-08
4413	1	2.750e-08	2.750e-08
442	1	2.750e-08	2.750e-08
4426	1	2.750e-08	2.750e-08
443	1	2.750e-08	2.750e-08
444	1	2.750e-08	2.750e-08
4442	1	2.750e-08	2.750e-08
445	1	2.750e-08	2.750e-08
446	1	2.750e-08	2.750e-08
4469	1	2.750e-08	2.750e-08
447	1	2.750e-08	2.750e-08
4474	1	2.750e-08	2.750e-08
4477	1	2.750e-08	2.750e-08
448	1	2.750e-08	2.750e-08
4487	1	2.750e-08	2.750e-08
449	1	2.750e-08	2.750e-08
4496	1	2.750e-08	2.750e-08
4499	1	2.750e-08	2.750e-08
4502	1	2.750e-08	2.750e-08
4504	1	2.750e-08	2.750e-08
4508	1	2.750e-08	2.750e-08
451	1	2.750e-08	2.750e-08
452	1	2.750e-08	2.750e-08
4528	1	2.750e-08	2.750e-08
453	1	2.750e-08	2.750e-08
4537	1	2.750e-08	2.750e-08
454	1	2.750e-08	2.750e-08
4540	1	2.750e-08	2.750e-08
4549	1	2.750e-08	2.750e-08
455	1	2.750e-08	2.750e-08
4557	1	2.750e-08	2.750e-08
4559	1	2.750e-08	2.750e-08
456	1	2.750e-08	2.750e-08
4561	1	2.750e-08	2.750e-08
457	1	2.750e-08	2.750e-08
4573	1	2.750e-08	2.750e-08
458	1	2.750e-08	2.750e-08
4582	1	2.750e-08	2.750e-08
459	1	2.750e-08	2.750e-08
4596	1	2.750e-08	2.750e-08
4599	1	2.750e-08	2.750e-08
461	1	2.750e-08	2.750e-08
4614	1	2.750e-08	2.750e-08
4616	1	2.750e-08	2.750e-08
4618	1	2.750e-08	2.750e-08
462	1	2.750e-08	2.750e-08
4621	1	2.750e-08	2.750e-08
4625	1	2.750e-08	2.750e-08
463	1	2.750e-08	2.750e-08
4631	1	2.750e-08	2.750e-08
4633	1	2.750e-08	2.750e-08
4635	1	2.750e-08	2.750e-08
464	1	2.750e-08	2.750e-08
4646	1	2.750e-08	2.750e-08
465	1	2.750e-08	2.750e-08
4652	1	2.750e-08	2.750e-08
4654	1	2.750e-08	2.750e-08
4656	1	2.750e-08	2.750e-08
4659	1	2.750e-08	2.750e-08
466	1	2.750e-08	2.750e-08
4663	1	2.750e-08	2.750e-08
4669	1	2.750e-08	2.750e-08
467	1	2.750e-08	2.750e-08
4671	1	2.750e-08	2.750e-08
4673	1	2.750e-08	2.750e-08
4675	1	2.750e-08	2.750e-08
468	1	2.750e-08	2.750e-08
4687	1	2.750e-08	2.750e-08
469	1	2.750e-08	2.750e-08
4690	1	2.750e-08	2.750e-08
4700	1	2.750e-08	2.750e-08
4710	1	2.750e-08	2.750e-08
4712	1	2.750e-08	2.750e-08
4714	1	2.750e-08	2.750e-08
4728	1	2.750e-08	2.750e-08
473	1	2.750e-08	2.750e-08
4736	1	2.750e-08	2.750e-08
4738	1	2.750e-08	2.750e-08
474	1	2.750e-08	2.750e-08
4740	1	2.750e-08	2.750e-08
475	1	2.750e-08	2.750e-08
4752	1	2.750e-08	2.750e-08
4754	1	2.750e-08	2.750e-08
4756	1	2.750e-08	2.750e-08
4758	1	2.750e-08	2.750e-08
476	1	2.750e-08	2.750e-08
4760	1	2.750e-08	2.750e-08
4762	1	2.750e-08	2.750e-08
4764	1	2.750e-08	2.750e-08
4766	1	2.750e-08	2.750e-08
4768	1	2.750e-08	2.750e-08
477	1	2.750e-08	2.750e-08
4770	1	2.750e-08	2.750e-08
4772	1	2.750e-08	2.750e-08
4774	1	2.750e-08	2.750e-08
4776	1	2.750e-08	2.750e-08
4778	1	2.750e-08	2.750e-08
478	1	2.750e-08	2.750e-08
4780	1	2.750e-08	2.750e-08
4782	1	2.750e-08	2.750e-08
4785	1	2.750e-08	2.750e-08
479	1	2.750e-08	2.750e-08
4796	1	2.750e-08	2.750e-08
4800	1	2.750e-08	2.750e-08
4802	1	2.750e-08	2.750e-08
4804	1	2.750e-08	2.750e-08
4806	1	2.750e-08	2.750e-08
4808	1	2.750e-08	2.750e-08
481	1	2.750e-08	2.750e-08
4810	1	2.750e-08	2.750e-08
4812	1	2.750e-08	2.750e-08
4814	1	2.750e-08	2.750e-08
4816	1	2.750e-08	2.750e-08
4818	1	2.750e-08	2.750e-08
4820	1	2.750e-08	2.750e-08
4822	1	2.750e-08	2.750e-08
4824	1	2.750e-08	2.750e-08
4826	1	2.750e-08	2.750e-08
4839	1	2.750e-08	2.750e-08
4846	1	2.750e-08	2.750e-08
4848	1	2.750e-08	2.750e-08
485	1	2.750e-08	2.750e-08
4850	1	2.750e-08	2.750e-08
4852	1	2.750e-08	2.750e-08
4854	1	2.750e-08	2.750e-08
4856	1	2.750e-08	2.750e-08
4858	1	2.750e-08	2.750e-08
486	1	2.750e-08	2.750e-08
4860	1	2.750e-08	2.750e-08
4862	1	2.750e-08	2.750e-08
4864	1	2.750e-08	2.750e-08
4866	1	2.750e-08	2.750e-08
4868	1	2.750e-08	2.750e-08
487	1	2.750e-08	2.750e-08
4870	1	2.750e-08	2.750e-08
4875	1	2.750e-08	2.750e-08
4878	1	2.750e-08	2.750e-08
488	1	2.750e-08	2.750e-08
4882	1	2.750e-08	2.750e-08
4884	1	2.750e-08	2.750e-08
4886	1	2.750e-08	2.750e-08
4888	1	2.750e-08	2.750e-08
489	1	2.750e-08	2.750e-08
4891	1	2.750e-08	2.750e-08
4893	1	2.750e-08	2.750e-08
4895	1	2.750e-08	2.750e-08
4897	1	2.750e-08	2.750e-08
4899	1	2.750e-08	2.750e-08
490	1	2.750e-08	2.750e-08
4901	1	2.750e-08	2.750e-08
4903	1	2.750e-08	2.750e-08
493	1	2.750e-08	2.750e-08
494	1	2.750e-08	2.750e-08
495	1	2.750e-08	2.750e-08
496	1	2.750e-08	2.750e-08
4963	1	2.750e-08	2.750e-08
497	1	2.750e-08	2.750e-08
498	1	2.750e-08	2.750e-08
499	1	2.750e-08	2.750e-08
4byte	1	2.750e-08	2.750e-08
500edges	1	2.750e-08	2.750e-08
501	1	2.750e-08	2.750e-08
502	1	2.750e-08	2.750e-08
504	1	2.750e-08	2.750e-08
505	1	2.750e-08	2.750e-08
506	1	2.750e-08	2.750e-08
507	1	2.750e-08	2.750e-08
508	1	2.750e-08	2.750e-08
509	1	2.750e-08	2.750e-08
511	1	2.750e-08	2.750e-08
513	1	2.750e-08	2.750e-08
514	1	2.750e-08	2.750e-08
515	1	2.750e-08	2.750e-08
516	1	2.750e-08	2.750e-08
517	1	2.750e-08	2.750e-08
518	1	2.750e-08	2.750e-08
519	1	2.750e-08	2.750e-08
523	1	2.750e-08	2.750e-08
524	1	2.750e-08	2.750e-08
525	1	2.750e-08	2.750e-08
526	1	2.750e-08	2.750e-08
527	1	2.750e-08	2.750e-08
528	1	2.750e-08	2.750e-08
529	1	2.750e-08	2.750e-08
532	1	2.750e-08	2.750e-08
533	1	2.750e-08	2.750e-08
534	1	2.750e-08	2.750e-08
535	1	2.750e-08	2.750e-08
536	1	2.750e-08	2.750e-08
537	1	2.750e-08	2.750e-08
538	1	2.750e-08	2.750e-08
539	1	2.750e-08	2.750e-08
541	1	2.750e-08	2.750e-08
542	1	2.750e-08	2.750e-08
543	1	2.750e-08	2.750e-08
544	1	2.750e-08	2.750e-08
545	1	2.750e-08	2.750e-08
546	1	2.750e-08	2.750e-08
547	1	2.750e-08	2.750e-08
548	1	2.750e-08	2.750e-08
549	1	2.750e-08	2.750e-08
551	1	2.750e-08	2.750e-08
552	1	2.750e-08	2.750e-08
553	1	2.750e-08	2.750e-08
554	1	2.750e-08	2.750e-08
555	1	2.750e-08	2.750e-08
556	1	2.750e-08	2.750e-08
557	1	2.750e-08	2.750e-08
558	1	2.750e-08	2.750e-08
559	1	2.750e-08	2.750e-08
561	1	2.750e-08	2.750e-08
562	1	2.750e-08	2.750e-08
563	1	2.750e-08	2.750e-08
564	1	2.750e-08	2.750e-08
565	1	2.750e-08	2.750e-08
566	1	2.750e-08	2.750e-08
567	1	2.750e-08	2.750e-08
568	1	2.750e-08	2.750e-08
569	1	2.750e-08	2.750e-08
571	1	2.750e-08	2.750e-08
572	1	2.750e-08	2.750e-08
573	1	2.750e-08	2.750e-08
574	1	2.750e-08	2.750e-08
575	1	2.750e-08	2.750e-08
576	1	2.750e-08	2.750e-08
577	1	2.750e-08	2.750e-08
578	1	2.750e-08	2.750e-08
579	1	2.750e-08	2.750e-08
581	1	2.750e-08	2.750e-08
582	1	2.750e-08	2.750e-08
583	1	2.750e-08	2.750e-08
584	1	2.750e-08	2.750e-08
585	1	2.750e-08	2.750e-08
586	1	2.750e-08	2.750e-08
587	1	2.750e-08	2.750e-08
588	1	2.750e-08	2.750e-08
589	1	2.750e-08	2.750e-08
591	1	2.750e-08	2.750e-08
592	1	2.750e-08	2.750e-08
593	1	2.750e-08	2.750e-08
594	1	2.750e-08	2.750e-08
595	1	2.750e-08	2.750e-08
596	1	2.750e-08	2.750e-08
597	1	2.750e-08	2.750e-08
598	1	2.750e-08	2.750e-08
599	1	2.750e-08	2.750e-08
600	1	2.750e-08	2.750e-08
601	1	2.750e-08	2.750e-08
602	1	2.750e-08	2.750e-08
603	1	2.750e-08	2.750e-08
604	1	2.750e-08	2.750e-08
605	1	2.750e-08	2.750e-08
606	1	2.750e-08	2.750e-08
607	1	2.750e-08	2.750e-08
608	1	2.750e-08	2.750e-08
609	1	2.750e-08	2.750e-08
610	1	2.750e-08	2.750e-08
611	1	2.750e-08	2.750e-08
612	1	2.750e-08	2.750e-08
613	1	2.750e-08	2.750e-08
614	1	2.750e-08	2.750e-08
616	1	2.750e-08	2.750e-08
617	1	2.750e-08	2.750e-08
618	1	2.750e-08	2.750e-08
619	1	2.750e-08	2.750e-08
620	1	2.750e-08	2.750e-08
621	1	2.750e-08	2.750e-08
622	1	2.750e-08	2.750e-08
623	1	2.750e-08	2.750e-08
624	1	2.750e-08	2.750e-08
625	1	2.750e-08	2.750e-08
626	1	2.750e-08	2.750e-08
627	1	2.750e-08	2.750e-08
629	1	2.750e-08	2.750e-08
630	1	2.750e-08	2.750e-08
631	1	2.750e-08	2.750e-08
632	1	2.750e-08	2.750e-08
633	1	2.750e-08	2.750e-08
634	1	2.750e-08	2.750e-08
635	1	2.750e-08	2.750e-08
636	1	2.750e-08	2.750e-08
637	1	2.750e-08	2.750e-08
638	1	2.750e-08	2.750e-08
640	1	2.750e-08	2.750e-08
641	1	2.750e-08	2.750e-08
642	1	2.750e-08	2.750e-08
643	1	2.750e-08	2.750e-08
644	1	2.750e-08	2.750e-08
645	1	2.750e-08	2.750e-08
646	1	2.750e-08	2.750e-08
647	1	2.750e-08	2.750e-08
648	1	2.750e-08	2.750e-08
649	1	2.750e-08	2.750e-08
650	1	2.750e-08	2.750e-08
651	1	2.750e-08	2.750e-08
652	1	2.750e-08	2.750e-08
653	1	2.750e-08	2.750e-08
654	1	2.750e-08	2.750e-08
655	1	2.750e-08	2.750e-08
656	1	2.750e-08	2.750e-08
657	1	2.750e-08	2.750e-08
658	1	2.750e-08	2.750e-08
659	1	2.750e-08	2.750e-08
660	1	2.750e-08	2.750e-08
661	1	2.750e-08	2.750e-08
662	1	2.750e-08	2.750e-08
663	1	2.750e-08	2.750e-08
664	1	2.750e-08	2.750e-08
665	1	2.750e-08	2.750e-08
666	1	2.750e-08	2.750e-08
667	1	2.750e-08	2.750e-08
668	1	2.750e-08	2.750e-08
669	1	2.750e-08	2.750e-08
670	1	2.750e-08	2.750e-08
671	1	2.750e-08	2.750e-08
672	1	2.750e-08	2.750e-08
673	1	2.750e-08	2.750e-08
674	1	2.750e-08	2.750e-08
675	1	2.750e-08	2.750e-08
676	1	2.750e-08	2.750e-08
677	1	2.750e-08	2.750e-08
678	1	2.750e-08	2.750e-08
679	1	2.750e-08	2.750e-08
680	1	2.750e-08	2.750e-08
681	1	2.750e-08	2.750e-08
682	1	2.750e-08	2.750e-08
683	1	2.750e-08	2.750e-08
684	1	2.750e-08	2.750e-08
685	1	2.750e-08	2.750e-08
686	1	2.750e-08	2.750e-08
687	1	2.750e-08	2.750e-08
688	1	2.750e-08	2.750e-08
689	1	2.750e-08	2.750e-08
691	1	2.750e-08	2.750e-08
692	1	2.750e-08	2.750e-08
693	1	2.750e-08	2.750e-08
694	1	2.750e-08	2.750e-08
695	1	2.750e-08	2.750e-08
696	1	2.750e-08	2.750e-08
697	1	2.750e-08	2.750e-08
698	1	2.750e-08	2.750e-08
699	1	2.750e-08	2.750e-08
6to3	1	2.750e-08	2.750e-08
700	1	2.750e-08	2.750e-08
701	1	2.750e-08	2.750e-08
702	1	2.750e-08	2.750e-08
703	1	2.750e-08	2.750e-08
704	1	2.750e-08	2.750e-08
706	1	2.750e-08	2.750e-08
707	1	2.750e-08	2.750e-08
708	1	2.750e-08	2.750e-08
709	1	2.750e-08	2.750e-08
710	1	2.750e-08	2.750e-08
711	1	2.750e-08	2.750e-08
712	1	2.750e-08	2.750e-08
713	1	2.750e-08	2.750e-08
714	1	2.750e-08	2.750e-08
715	1	2.750e-08	2.750e-08
716	1	2.750e-08	2.750e-08
717	1	2.750e-08	2.750e-08
718	1	2.750e-08	2.750e-08
719	1	2.750e-08	2.750e-08
720	1	2.750e-08	2.750e-08
721	1	2.750e-08	2.750e-08
722	1	2.750e-08	2.750e-08
723	1	2.750e-08	2.750e-08
724	1	2.750e-08	2.750e-08
725	1	2.750e-08	2.750e-08
726	1	2.750e-08	2.750e-08
727	1	2.750e-08	2.750e-08
728	1	2.750e-08	2.750e-08
729	1	2.750e-08	2.750e-08
730	1	2.750e-08	2.750e-08
731	1	2.750e-08	2.750e-08
732	1	2.750e-08	2.750e-08
733	1	2.750e-08	2.750e-08
734	1	2.750e-08	2.750e-08
735	1	2.750e-08	2.750e-08
736	1	2.750e-08	2.750e-08
737	1	2.750e-08	2.750e-08
738	1	2.750e-08	2.750e-08
739	1	2.750e-08	2.750e-08
740	1	2.750e-08	2.750e-08
741	1	2.750e-08	2.750e-08
742	1	2.750e-08	2.750e-08
743	1	2.750e-08	2.750e-08
744	1	2.750e-08	2.750e-08
745	1	2.750e-08	2.750e-08
746	1	2.750e-08	2.750e-08
747	1	2.750e-08	2.750e-08
748	1	2.750e-08	2.750e-08
749	1	2.750e-08	2.750e-08
750	1	2.750e-08	2.750e-08
751	1	2.750e-08	2.750e-08
7513	1	2.750e-08	2.750e-08
752	1	2.750e-08	2.750e-08
753	1	2.750e-08	2.750e-08
754	1	2.750e-08	2.750e-08
755	1	2.750e-08	2.750e-08
756	1	2.750e-08	2.750e-08
757	1	2.750e-08	2.750e-08
758	1	2.750e-08	2.750e-08
759	1	2.750e-08	2.750e-08
760	1	2.750e-08	2.750e-08
761	1	2.750e-08	2.750e-08
762	1	2.750e-08	2.750e-08
763	1	2.750e-08	2.750e-08
764	1	2.750e-08	2.750e-08
765	1	2.750e-08	2.750e-08
766	1	2.750e-08	2.750e-08
767	1	2.750e-08	2.750e-08
768	1	2.750e-08	2.750e-08
769	1	2.750e-08	2.750e-08
770	1	2.750e-08	2.750e-08
771	1	2.750e-08	2.750e-08
772	1	2.750e-08	2.750e-08
773	1	2.750e-08	2.750e-08
774	1	2.750e-08	2.750e-08
775	1	2.750e-08	2.750e-08
776	1	2.750e-08	2.750e-08
777	1	2.750e-08	2.750e-08
778	1	2.750e-08	2.750e-08
779	1	2.750e-08	2.750e-08
780	1	2.750e-08	2.750e-08
781	1	2.750e-08	2.750e-08
782	1	2.750e-08	2.750e-08
783	1	2.750e-08	2.750e-08
784	1	2.750e-08	2.750e-08
785	1	2.750e-08	2.750e-08
786	1	2.750e-08	2.750e-08
787	1	2.750e-08	2.750e-08
788	1	2.750e-08	2.750e-08
789	1	2.750e-08	2.750e-08
790	1	2.750e-08	2.750e-08
791	1	2.750e-08	2.750e-08
792	1	2.750e-08	2.750e-08
793	1	2.750e-08	2.750e-08
794	1	2.750e-08	2.750e-08
795	1	2.750e-08	2.750e-08
796	1	2.750e-08	2.750e-08
797	1	2.750e-08	2.750e-08
798	1	2.750e-08	2.750e-08
799	1	2.750e-08	2.750e-08
7to4	1	2.750e-08	2.750e-08
801	1	2.750e-08	2.750e-08
802	1	2.750e-08	2.750e-08
803	1	2.750e-08	2.750e-08
804	1	2.750e-08	2.750e-08
805	1	2.750e-08	2.750e-08
806	1	2.750e-08	2.750e-08
807	1	2.750e-08	2.750e-08
808	1	2.750e-08	2.750e-08
809	1	2.750e-08	2.750e-08
810	1	2.750e-08	2.750e-08
811	1	2.750e-08	2.750e-08
812	1	2.750e-08	2.750e-08
813	1	2.750e-08	2.750e-08
814	1	2.750e-08	2.750e-08
815	1	2.750e-08	2.750e-08
816	1	2.750e-08	2.750e-08
817	1	2.750e-08	2.750e-08
818	1	2.750e-08	2.750e-08
819	1	2.750e-08	2.750e-08
820	1	2.750e-08	2.750e-08
821	1	2.750e-08	2.750e-08
822	1	2.750e-08	2.750e-08
823	1	2.750e-08	2.750e-08
824	1	2.750e-08	2.750e-08
825	1	2.750e-08	2.750e-08
826	1	2.750e-08	2.750e-08
827	1	2.750e-08	2.750e-08
828	1	2.750e-08	2.750e-08
829	1	2.750e-08	2.750e-08
830	1	2.750e-08	2.750e-08
831	1	2.750e-08	2.750e-08
832	1	2.750e-08	2.750e-08
833	1	2.750e-08	2.750e-08
834	1	2.750e-08	2.750e-08
835	1	2.750e-08	2.750e-08
836	1	2.750e-08	2.750e-08
837	1	2.750e-08	2.750e-08
838	1	2.750e-08	2.750e-08
839	1	2.750e-08	2.750e-08
840	1	2.750e-08	2.750e-08
841	1	2.750e-08	2.750e-08
842	1	2.750e-08	2.750e-08
843	1	2.750e-08	2.750e-08
844	1	2.750e-08	2.750e-08
845	1	2.750e-08	2.750e-08
846	1	2.750e-08	2.750e-08
847	1	2.750e-08	2.750e-08
848	1	2.750e-08	2.750e-08
849	1	2.750e-08	2.750e-08
850	1	2.750e-08	2.750e-08
851	1	2.750e-08	2.750e-08
852	1	2.750e-08	2.750e-08
853	1	2.750e-08	2.750e-08
854	1	2.750e-08	2.750e-08
855	1	2.750e-08	2.750e-08
856	1	2.750e-08	2.750e-08
857	1	2.750e-08	2.750e-08
858	1	2.750e-08	2.750e-08
859	1	2.750e-08	2.750e-08
860	1	2.750e-08	2.750e-08
861	1	2.750e-08	2.750e-08
862	1	2.750e-08	2.750e-08
863	1	2.750e-08	2.750e-08
864	1	2.750e-08	2.750e-08
865	1	2.750e-08	2.750e-08
866	1	2.750e-08	2.750e-08
867	1	2.750e-08	2.750e-08
868	1	2.750e-08	2.750e-08
869	1	2.750e-08	2.750e-08
870	1	2.750e-08	2.750e-08
871	1	2.750e-08	2.750e-08
872	1	2.750e-08	2.750e-08
873	1	2.750e-08	2.750e-08
874	1	2.750e-08	2.750e-08
875	1	2.750e-08	2.750e-08
876	1	2.750e-08	2.750e-08
877	1	2.750e-08	2.750e-08
878	1	2.750e-08	2.750e-08
879	1	2.750e-08	2.750e-08
880	1	2.750e-08	2.750e-08
881	1	2.750e-08	2.750e-08
882	1	2.750e-08	2.750e-08
883	1	2.750e-08	2.750e-08
884	1	2.750e-08	2.750e-08
885	1	2.750e-08	2.750e-08
886	1	2.750e-08	2.750e-08
887	1	2.750e-08	2.750e-08
888	1	2.750e-08	2.750e-08
889	1	2.750e-08	2.750e-08
890	1	2.750e-08	2.750e-08
891	1	2.750e-08	2.750e-08
892	1	2.750e-08	2.750e-08
8929	1	2.750e-08	2.750e-08
893	1	2.750e-08	2.750e-08
894	1	2.750e-08	2.750e-08
895	1	2.750e-08	2.750e-08
896	1	2.750e-08	2.750e-08
897	1	2.750e-08	2.750e-08
898	1	2.750e-08	2.750e-08
899	1	2.750e-08	2.750e-08
900	1	2.750e-08	2.750e-08
901	1	2.750e-08	2.750e-08
902	1	2.750e-08	2.750e-08
903	1	2.750e-08	2.750e-08
904	1	2.750e-08	2.750e-08
905	1	2.750e-08	2.750e-08
906	1	2.750e-08	2.750e-08
907	1	2.750e-08	2.750e-08
908	1	2.750e-08	2.750e-08
909	1	2.750e-08	2.750e-08
910	1	2.750e-08	2.750e-08
911	1	2.750e-08	2.750e-08
912	1	2.750e-08	2.750e-08
913	1	2.750e-08	2.750e-08
914	1	2.750e-08	2.750e-08
915	1	2.750e-08	2.750e-08
916	1	2.750e-08	2.750e-08
917	1	2.750e-08	2.750e-08
918	1	2.750e-08	2.750e-08
919	1	2.750e-08	2.750e-08
920	1	2.750e-08	2.750e-08
921	1	2.750e-08	2.750e-08
922	1	2.750e-08	2.750e-08
923	1	2.750e-08	2.750e-08
924	1	2.750e-08	2.750e-08
925	1	2.750e-08	2.750e-08
926	1	2.750e-08	2.750e-08
927	1	2.750e-08	2.750e-08
928	1	2.750e-08	2.750e-08
929	1	2.750e-08	2.750e-08
930	1	2.750e-08	2.750e-08
931	1	2.750e-08	2.750e-08
932	1	2.750e-08	2.750e-08
933	1	2.750e-08	2.750e-08
934	1	2.750e-08	2.750e-08
935	1	2.750e-08	2.750e-08
936	1	2.750e-08	2.750e-08
940	1	2.750e-08	2.750e-08
941	1	2.750e-08	2.750e-08
955	1	2.750e-08	2.750e-08
956	1	2.750e-08	2.750e-08
964	1	2.750e-08	2.750e-08
965	1	2.750e-08	2.750e-08
968	1	2.750e-08	2.750e-08
9695	1	2.750e-08	2.750e-08
a0doc	1	2.750e-08	2.750e-08
a108	1	2.750e-08	2.750e-08
a113	1	2.750e-08	2.750e-08
above100	1	2.750e-08	2.750e-08
absurd	1	2.750e-08	2.750e-08
access_test	1	2.750e-08	2.750e-08
acf	1	2.750e-08	2.750e-08
acme	1	2.750e-08	2.750e-08
acq	1	2.750e-08	2.750e-08
acquier	1	2.750e-08	2.750e-08
actors	1	2.750e-08	2.750e-08
add12items	1	2.750e-08	2.750e-08
adderd	1	2.750e-08	2.750e-08
admits	1	2.750e-08	2.750e-08
adults	1	2.750e-08	2.750e-08
after15w	1	2.750e-08	2.750e-08
after1w	1	2.750e-08	2.750e-08
after2	1	2.750e-08	2.750e-08
after31w	1	2.750e-08	2.750e-08
aggregator	1	2.750e-08	2.750e-08
ahould	1	2.750e-08	2.750e-08
alias1	1	2.750e-08	2.750e-08
alias2	1	2.750e-08	2.750e-08
allocates64bytes	1	2.750e-08	2.750e-08
allocators	1	2.750e-08	2.750e-08
alnum	1	2.750e-08	2.750e-08
altering	1	2.750e-08	2.750e-08
alternating	1	2.750e-08	2.750e-08
anonymizing	1	2.750e-08	2.750e-08
anychar	1	2.750e-08	2.750e-08
aoc	1	2.750e-08	2.750e-08
aom	1	2.750e-08	2.750e-08
approaches	1	2.750e-08	2.750e-08
approximately343km	1	2.750e-08	2.750e-08
arent	1	2.750e-08	2.750e-08
args2	1	2.750e-08	2.750e-08
arities	1	2.750e-08	2.750e-08
arity1method	1	2.750e-08	2.750e-08
arrays1	1	2.750e-08	2.750e-08
arrays2	1	2.750e-08	2.750e-08
arrays3	1	2.750e-08	2.750e-08
assigning	1	2.750e-08	2.750e-08
at15	1	2.750e-08	2.750e-08
at2to32wraps	1	2.750e-08	2.750e-08
at2to64wraps	1	2.750e-08	2.750e-08
at8buckets	1	2.750e-08	2.750e-08
at9buckets	1	2.750e-08	2.750e-08
attaching	1	2.750e-08	2.750e-08
attempting	1	2.750e-08	2.750e-08
attrb	1	2.750e-08	2.750e-08
attributed	1	2.750e-08	2.750e-08
attributes2	1	2.750e-08	2.750e-08
autheticators	1	2.750e-08	2.750e-08
autowidens	1	2.750e-08	2.750e-08
backs	1	2.750e-08	2.750e-08
banana	1	2.750e-08	2.750e-08
bang	1	2.750e-08	2.750e-08
baos1	1	2.750e-08	2.750e-08
baos2	1	2.750e-08	2.750e-08
barack	1	2.750e-08	2.750e-08
bars1after	1	2.750e-08	2.750e-08
bars2	1	2.750e-08	2.750e-08
base64in	1	2.750e-08	2.750e-08
base64payload	1	2.750e-08	2.750e-08
base64sasl	1	2.750e-08	2.750e-08
base_memory	1	2.750e-08	2.750e-08
bazs	1	2.750e-08	2.750e-08
beef	1	2.750e-08	2.750e-08
before30	1	2.750e-08	2.750e-08
begin1	1	2.750e-08	2.750e-08
begin2	1	2.750e-08	2.750e-08
begun	1	2.750e-08	2.750e-08
bellow	1	2.750e-08	2.750e-08
bench	1	2.750e-08	2.750e-08
berlin	1	2.750e-08	2.750e-08
bexp	1	2.750e-08	2.750e-08
bfv	1	2.750e-08	2.750e-08
bimodal	1	2.750e-08	2.750e-08
binary_function	1	2.750e-08	2.750e-08
bleed	1	2.750e-08	2.750e-08
blob2	1	2.750e-08	2.750e-08
bloc	1	2.750e-08	2.750e-08
block3	1	2.750e-08	2.750e-08
bmix	1	2.750e-08	2.750e-08
bn	1	2.750e-08	2.750e-08
bname	1	2.750e-08	2.750e-08
bonsai	1	2.750e-08	2.750e-08
booked3	1	2.750e-08	2.750e-08
boom	1	2.750e-08	2.750e-08
bos2	1	2.750e-08	2.750e-08
boundaries10	1	2.750e-08	2.750e-08
boundaries4	1	2.750e-08	2.750e-08
boundaries8	1	2.750e-08	2.750e-08
boxer	1	2.750e-08	2.750e-08
branch1	1	2.750e-08	2.750e-08
branch2bug	1	2.750e-08	2.750e-08
branching	1	2.750e-08	2.750e-08
brazil	1	2.750e-08	2.750e-08
broadened	1	2.750e-08	2.750e-08
bs2	1	2.750e-08	2.750e-08
bucket3000	1	2.750e-08	2.750e-08
bucket4500	1	2.750e-08	2.750e-08
bucket500	1	2.750e-08	2.750e-08
bufpos	1	2.750e-08	2.750e-08
build1	1	2.750e-08	2.750e-08
build2	1	2.750e-08	2.750e-08
bypassed	1	2.750e-08	2.750e-08
byte10	1	2.750e-08	2.750e-08
byte11	1	2.750e-08	2.750e-08
byte9	1	2.750e-08	2.750e-08
c0c1c2	1	2.750e-08	2.750e-08
c2impl	1	2.750e-08	2.750e-08
c7	1	2.750e-08	2.750e-08
c8	1	2.750e-08	2.750e-08
c9	1	2.750e-08	2.750e-08
cahce	1	2.750e-08	2.750e-08
calculations	1	2.750e-08	2.750e-08
calendare	1	2.750e-08	2.750e-08
cancel_out	1	2.750e-08	2.750e-08
candidate_key	1	2.750e-08	2.750e-08
casings	1	2.750e-08	2.750e-08
casts	1	2.750e-08	2.750e-08
caswal	1	2.750e-08	2.750e-08
cause1	1	2.750e-08	2.750e-08
cause2	1	2.750e-08	2.750e-08
cbc	1	2.750e-08	2.750e-08
changedconfig	1	2.750e-08	2.750e-08
chanined	1	2.750e-08	2.750e-08
channelizer	1	2.750e-08	2.750e-08
charlie	1	2.750e-08	2.750e-08
cheap	1	2.750e-08	2.750e-08
chewie	1	2.750e-08	2.750e-08
child12	1	2.750e-08	2.750e-08
child1cls	1	2.750e-08	2.750e-08
child1result	1	2.750e-08	2.750e-08
child1rid	1	2.750e-08	2.750e-08
child2cls	1	2.750e-08	2.750e-08
child2result	1	2.750e-08	2.750e-08
chloe	1	2.750e-08	2.750e-08
chuck	1	2.750e-08	2.750e-08
chunk1	1	2.750e-08	2.750e-08
chunk2	1	2.750e-08	2.750e-08
churn	1	2.750e-08	2.750e-08
cjk	1	2.750e-08	2.750e-08
clases	1	2.750e-08	2.750e-08
class2document	1	2.750e-08	2.750e-08
clearer	1	2.750e-08	2.750e-08
closabledictionary	1	2.750e-08	2.750e-08
closed_set	1	2.750e-08	2.750e-08
cls1collection	1	2.750e-08	2.750e-08
cls2collection	1	2.750e-08	2.750e-08
cls3	1	2.750e-08	2.750e-08
cnfe	1	2.750e-08	2.750e-08
coexist	1	2.750e-08	2.750e-08
coexists	1	2.750e-08	2.750e-08
coherently	1	2.750e-08	2.750e-08
collating	1	2.750e-08	2.750e-08
collator	1	2.750e-08	2.750e-08
colle	1	2.750e-08	2.750e-08
colleciton	1	2.750e-08	2.750e-08
collectible	1	2.750e-08	2.750e-08
collecting	1	2.750e-08	2.750e-08
collection1id	1	2.750e-08	2.750e-08
collection2id	1	2.750e-08	2.750e-08
combined1	1	2.750e-08	2.750e-08
combined2	1	2.750e-08	2.750e-08
comes	1	2.750e-08	2.750e-08
comments1	1	2.750e-08	2.750e-08
common_elements	1	2.750e-08	2.750e-08
common_factor	1	2.750e-08	2.750e-08
commutativity	1	2.750e-08	2.750e-08
compare1	1	2.750e-08	2.750e-08
compare2	1	2.750e-08	2.750e-08
compiles	1	2.750e-08	2.750e-08
comprehensive	1	2.750e-08	2.750e-08
comulative	1	2.750e-08	2.750e-08
config1key	1	2.750e-08	2.750e-08
config1keys	1	2.750e-08	2.750e-08
config1value	1	2.750e-08	2.750e-08
config2value	1	2.750e-08	2.750e-08
confis	1	2.750e-08	2.750e-08
confuses	1	2.750e-08	2.750e-08
conjuncts	1	2.750e-08	2.750e-08
consistently	1	2.750e-08	2.750e-08
constistency	1	2.750e-08	2.750e-08
consult	1	2.750e-08	2.750e-08
cont1	1	2.750e-08	2.750e-08
cont3	1	2.750e-08	2.750e-08
contaner	1	2.750e-08	2.750e-08
contanins	1	2.750e-08	2.750e-08
contender	1	2.750e-08	2.750e-08
contenders	1	2.750e-08	2.750e-08
content1	1	2.750e-08	2.750e-08
contex	1	2.750e-08	2.750e-08
contingency	1	2.750e-08	2.750e-08
continuing	1	2.750e-08	2.750e-08
contrasted	1	2.750e-08	2.750e-08
contributed	1	2.750e-08	2.750e-08
conversion2	1	2.750e-08	2.750e-08
convertible	1	2.750e-08	2.750e-08
coordinatesz	1	2.750e-08	2.750e-08
cords	1	2.750e-08	2.750e-08
corrupting	1	2.750e-08	2.750e-08
corrupts	1	2.750e-08	2.750e-08
cost1	1	2.750e-08	2.750e-08
countforzeta	1	2.750e-08	2.750e-08
coupe	1	2.750e-08	2.750e-08
coupe1	1	2.750e-08	2.750e-08
coupe2	1	2.750e-08	2.750e-08
coupled	1	2.750e-08	2.750e-08
courses	1	2.750e-08	2.750e-08
crazy	1	2.750e-08	2.750e-08
create10bucket	1	2.750e-08	2.750e-08
create3bucket	1	2.750e-08	2.750e-08
crl	1	2.750e-08	2.750e-08
cross3levels	1	2.750e-08	2.750e-08
cross_join	1	2.750e-08	2.750e-08
crossing	1	2.750e-08	2.750e-08
crossover	1	2.750e-08	2.750e-08
crs	1	2.750e-08	2.750e-08
ctx2	1	2.750e-08	2.750e-08
cumulatively	1	2.750e-08	2.750e-08
curate	1	2.750e-08	2.750e-08
curator1	1	2.750e-08	2.750e-08
curator2	1	2.750e-08	2.750e-08
curator3	1	2.750e-08	2.750e-08
current2	1	2.750e-08	2.750e-08
custom2	1	2.750e-08	2.750e-08
cygni	1	2.750e-08	2.750e-08
cyrillic	1	2.750e-08	2.750e-08
czech	1	2.750e-08	2.750e-08
database1	1	2.750e-08	2.750e-08
database2	1	2.750e-08	2.750e-08
dbj	1	2.750e-08	2.750e-08
dbm1	1	2.750e-08	2.750e-08
dbm2	1	2.750e-08	2.750e-08
dc10	1	2.750e-08	2.750e-08
dc4	1	2.750e-08	2.750e-08
dec95	1	2.750e-08	2.750e-08
decomposes	1	2.750e-08	2.750e-08
decremented	1	2.750e-08	2.750e-08
deduplicate	1	2.750e-08	2.750e-08
dedups	1	2.750e-08	2.750e-08
defrag	1	2.750e-08	2.750e-08
defragments	1	2.750e-08	2.750e-08
defult	1	2.750e-08	2.750e-08
degrades	1	2.750e-08	2.750e-08
delegated	1	2.750e-08	2.750e-08
delegatesto	1	2.750e-08	2.750e-08
deletions	1	2.750e-08	2.750e-08
demote	1	2.750e-08	2.750e-08
demotes	1	2.750e-08	2.750e-08
denies	1	2.750e-08	2.750e-08
depth0	1	2.750e-08	2.750e-08
depth1	1	2.750e-08	2.750e-08
depth3	1	2.750e-08	2.750e-08
depth4	1	2.750e-08	2.750e-08
dequeues	1	2.750e-08	2.750e-08
dereferences	1	2.750e-08	2.750e-08
desc3	1	2.750e-08	2.750e-08
descends	1	2.750e-08	2.750e-08
deserialisation	1	2.750e-08	2.750e-08
destin	1	2.750e-08	2.750e-08
detaches	1	2.750e-08	2.750e-08
dexter	1	2.750e-08	2.750e-08
dfa10	1	2.750e-08	2.750e-08
dfa11	1	2.750e-08	2.750e-08
dfa12	1	2.750e-08	2.750e-08
dfa13	1	2.750e-08	2.750e-08
dfa14	1	2.750e-08	2.750e-08
dfa15	1	2.750e-08	2.750e-08
dfa2	1	2.750e-08	2.750e-08
dfa3	1	2.750e-08	2.750e-08
dfa4	1	2.750e-08	2.750e-08
dfa5	1	2.750e-08	2.750e-08
dfa7	1	2.750e-08	2.750e-08
dfa8	1	2.750e-08	2.750e-08
dfa9	1	2.750e-08	2.750e-08
diacritical	1	2.750e-08	2.750e-08
diamond_graph	1	2.750e-08	2.750e-08
differentiate	1	2.750e-08	2.750e-08
diploma	1	2.750e-08	2.750e-08
diploma1	1	2.750e-08	2.750e-08
diploma2	1	2.750e-08	2.750e-08
diploma3	1	2.750e-08	2.750e-08
dirties	1	2.750e-08	2.750e-08
disconnects	1	2.750e-08	2.750e-08
discriminates	1	2.750e-08	2.750e-08
discrimination	1	2.750e-08	2.750e-08
disk_file	1	2.750e-08	2.750e-08
disk_image	1	2.750e-08	2.750e-08
distance_function	1	2.750e-08	2.750e-08
distinct1	1	2.750e-08	2.750e-08
distinct2	1	2.750e-08	2.750e-08
distincts8	1	2.750e-08	2.750e-08
dk	1	2.750e-08	2.750e-08
dobule	1	2.750e-08	2.750e-08
doc0	1	2.750e-08	2.750e-08
doc3id	1	2.750e-08	2.750e-08
doc5	1	2.750e-08	2.750e-08
doc6	1	2.750e-08	2.750e-08
dou	1	2.750e-08	2.750e-08
double_cross	1	2.750e-08	2.750e-08
double_number	1	2.750e-08	2.750e-08
doublings	1	2.750e-08	2.750e-08
drainer	1	2.750e-08	2.750e-08
draining	1	2.750e-08	2.750e-08
drives	1	2.750e-08	2.750e-08
dummy1class	1	2.750e-08	2.750e-08
dummy2class	1	2.750e-08	2.750e-08
dummy3class	1	2.750e-08	2.750e-08
e10	1	2.750e-08	2.750e-08
e11	1	2.750e-08	2.750e-08
e13	1	2.750e-08	2.750e-08
e14	1	2.750e-08	2.750e-08
e15	1	2.750e-08	2.750e-08
e16	1	2.750e-08	2.750e-08
e23	1	2.750e-08	2.750e-08
e2v	1	2.750e-08	2.750e-08
e7	1	2.750e-08	2.750e-08
e8	1	2.750e-08	2.750e-08
e9	1	2.750e-08	2.750e-08
ecmascript	1	2.750e-08	2.750e-08
edge1and	1	2.750e-08	2.750e-08
edge3	1	2.750e-08	2.750e-08
edges1	1	2.750e-08	2.750e-08
edges2	1	2.750e-08	2.750e-08
eee	1	2.750e-08	2.750e-08
ele1	1	2.750e-08	2.750e-08
elem4	1	2.750e-08	2.750e-08
elems2	1	2.750e-08	2.750e-08
elems3	1	2.750e-08	2.750e-08
eligibility	1	2.750e-08	2.750e-08
embdded	1	2.750e-08	2.750e-08
embeddable	1	2.750e-08	2.750e-08
embedded1	1	2.750e-08	2.750e-08
embeddet	1	2.750e-08	2.750e-08
empty_base	1	2.750e-08	2.750e-08
emtpy	1	2.750e-08	2.750e-08
enabling	1	2.750e-08	2.750e-08
encapsulate	1	2.750e-08	2.750e-08
endpos	1	2.750e-08	2.750e-08
engine1	1	2.750e-08	2.750e-08
engine2	1	2.750e-08	2.750e-08
enqueued	1	2.750e-08	2.750e-08
enrollments	1	2.750e-08	2.750e-08
enters	1	2.750e-08	2.750e-08
enumerates	1	2.750e-08	2.750e-08
envelop	1	2.750e-08	2.750e-08
eq10	1	2.750e-08	2.750e-08
eq90	1	2.750e-08	2.750e-08
eqeq	1	2.750e-08	2.750e-08
equals2different	1	2.750e-08	2.750e-08
equals2null	1	2.750e-08	2.750e-08
equals2same	1	2.750e-08	2.750e-08
equals2supports	1	2.750e-08	2.750e-08
equivalents	1	2.750e-08	2.750e-08
eref	1	2.750e-08	2.750e-08
escalation	1	2.750e-08	2.750e-08
escape1	1	2.750e-08	2.750e-08
esk3	1	2.750e-08	2.750e-08
estimable	1	2.750e-08	2.750e-08
etn	1	2.750e-08	2.750e-08
euclideannosqr	1	2.750e-08	2.750e-08
europe	1	2.750e-08	2.750e-08
evaluable	1	2.750e-08	2.750e-08
every64operations	1	2.750e-08	2.750e-08
everywhere	1	2.750e-08	2.750e-08
evk	1	2.750e-08	2.750e-08
evolution	1	2.750e-08	2.750e-08
evolves	1	2.750e-08	2.750e-08
exclusives	1	2.750e-08	2.750e-08
executor1	1	2.750e-08	2.750e-08
exercised	1	2.750e-08	2.750e-08
exerciser	1	2.750e-08	2.750e-08
exercising	1	2.750e-08	2.750e-08
exhaustiveness	1	2.750e-08	2.750e-08
expand1	1	2.750e-08	2.750e-08
expand2	1	2.750e-08	2.750e-08
expand3	1	2.750e-08	2.750e-08
expanding	1	2.750e-08	2.750e-08
exptokseq	1	2.750e-08	2.750e-08
extr2	1	2.750e-08	2.750e-08
extremes	1	2.750e-08	2.750e-08
f4	1	2.750e-08	2.750e-08
falsely	1	2.750e-08	2.750e-08
fand	1	2.750e-08	2.750e-08
fastutil	1	2.750e-08	2.750e-08
favors	1	2.750e-08	2.750e-08
fcr	1	2.750e-08	2.750e-08
fdr	1	2.750e-08	2.750e-08
ferrari	1	2.750e-08	2.750e-08
fid1	1	2.750e-08	2.750e-08
fid2	1	2.750e-08	2.750e-08
fifteen	1	2.750e-08	2.750e-08
first128	1	2.750e-08	2.750e-08
flat_file	1	2.750e-08	2.750e-08
flb	1	2.750e-08	2.750e-08
flipping	1	2.750e-08	2.750e-08
flusher	1	2.750e-08	2.750e-08
fmix	1	2.750e-08	2.750e-08
fn2	1	2.750e-08	2.750e-08
follower1	1	2.750e-08	2.750e-08
follower2	1	2.750e-08	2.750e-08
foo2after	1	2.750e-08	2.750e-08
foo2s	1	2.750e-08	2.750e-08
foos1	1	2.750e-08	2.750e-08
foos1after	1	2.750e-08	2.750e-08
foos2	1	2.750e-08	2.750e-08
for1000	1	2.750e-08	2.750e-08
for10000	1	2.750e-08	2.750e-08
forecasts	1	2.750e-08	2.750e-08
formant	1	2.750e-08	2.750e-08
forward_slash	1	2.750e-08	2.750e-08
found50	1	2.750e-08	2.750e-08
fp1	1	2.750e-08	2.750e-08
fp2	1	2.750e-08	2.750e-08
fpos	1	2.750e-08	2.750e-08
fracs	1	2.750e-08	2.750e-08
fract	1	2.750e-08	2.750e-08
fred	1	2.750e-08	2.750e-08
freezable	1	2.750e-08	2.750e-08
freezes	1	2.750e-08	2.750e-08
freq10	1	2.750e-08	2.750e-08
freq4	1	2.750e-08	2.750e-08
freqs8	1	2.750e-08	2.750e-08
frist	1	2.750e-08	2.750e-08
full1	1	2.750e-08	2.750e-08
full2	1	2.750e-08	2.750e-08
full_count	1	2.750e-08	2.750e-08
full_stack	1	2.750e-08	2.750e-08
func2	1	2.750e-08	2.750e-08
function1	1	2.750e-08	2.750e-08
function3	1	2.750e-08	2.750e-08
function5	1	2.750e-08	2.750e-08
ganglia	1	2.750e-08	2.750e-08
gasoline	1	2.750e-08	2.750e-08
gauge1	1	2.750e-08	2.750e-08
gauge2	1	2.750e-08	2.750e-08
genenrate	1	2.750e-08	2.750e-08
geto	1	2.750e-08	2.750e-08
gety	1	2.750e-08	2.750e-08
gh9105	1	2.750e-08	2.750e-08
gigabyte	1	2.750e-08	2.750e-08
gn	1	2.750e-08	2.750e-08
got1	1	2.750e-08	2.750e-08
got2	1	2.750e-08	2.750e-08
got3	1	2.750e-08	2.750e-08
grandchildren	1	2.750e-08	2.750e-08
gryo	1	2.750e-08	2.750e-08
gt30	1	2.750e-08	2.750e-08
h0	1	2.750e-08	2.750e-08
h4	1	2.750e-08	2.750e-08
h42	1	2.750e-08	2.750e-08
h43	1	2.750e-08	2.750e-08
h8	1	2.750e-08	2.750e-08
halt	1	2.750e-08	2.750e-08
halved	1	2.750e-08	2.750e-08
halving	1	2.750e-08	2.750e-08
hash3mutation	1	2.750e-08	2.750e-08
hash3test	1	2.750e-08	2.750e-08
hashval	1	2.750e-08	2.750e-08
hatch1	1	2.750e-08	2.750e-08
hesitance	1	2.750e-08	2.750e-08
hexval	1	2.750e-08	2.750e-08
hiccup	1	2.750e-08	2.750e-08
high7bits	1	2.750e-08	2.750e-08
high_bit	1	2.750e-08	2.750e-08
hinted	1	2.750e-08	2.750e-08
histogram2	1	2.750e-08	2.750e-08
hll1	1	2.750e-08	2.750e-08
hls	1	2.750e-08	2.750e-08
honored	1	2.750e-08	2.750e-08
hotspot	1	2.750e-08	2.750e-08
hresult	1	2.750e-08	2.750e-08
ic10pattern	1	2.750e-08	2.750e-08
ic11countries	1	2.750e-08	2.750e-08
ic12list	1	2.750e-08	2.750e-08
ic12params	1	2.750e-08	2.750e-08
ic12person	1	2.750e-08	2.750e-08
ic12tag	1	2.750e-08	2.750e-08
ic13ids1	1	2.750e-08	2.750e-08
ic13ids2	1	2.750e-08	2.750e-08
ic13person1id	1	2.750e-08	2.750e-08
ic13person2id	1	2.750e-08	2.750e-08
ic1first	1	2.750e-08	2.750e-08
ic1list	1	2.750e-08	2.750e-08
ic1params	1	2.750e-08	2.750e-08
ic1person	1	2.750e-08	2.750e-08
ic2list	1	2.750e-08	2.750e-08
ic2max	1	2.750e-08	2.750e-08
ic2person	1	2.750e-08	2.750e-08
ic3end	1	2.750e-08	2.750e-08
ic3list	1	2.750e-08	2.750e-08
ic3person	1	2.750e-08	2.750e-08
ic4candidates	1	2.750e-08	2.750e-08
ic4end	1	2.750e-08	2.750e-08
ic4factors	1	2.750e-08	2.750e-08
ic4list	1	2.750e-08	2.750e-08
ic4person	1	2.750e-08	2.750e-08
ic4sample	1	2.750e-08	2.750e-08
ic4selected	1	2.750e-08	2.750e-08
ic5date	1	2.750e-08	2.750e-08
ic5has	1	2.750e-08	2.750e-08
ic6list	1	2.750e-08	2.750e-08
ic6params	1	2.750e-08	2.750e-08
ic6person	1	2.750e-08	2.750e-08
ic6tag	1	2.750e-08	2.750e-08
ic9list	1	2.750e-08	2.750e-08
ic9max	1	2.750e-08	2.750e-08
ic9person	1	2.750e-08	2.750e-08
icurrent	1	2.750e-08	2.750e-08
id00	1	2.750e-08	2.750e-08
id13	1	2.750e-08	2.750e-08
id14	1	2.750e-08	2.750e-08
id15	1	2.750e-08	2.750e-08
id16	1	2.750e-08	2.750e-08
id18	1	2.750e-08	2.750e-08
id19	1	2.750e-08	2.750e-08
id21	1	2.750e-08	2.750e-08
id22	1	2.750e-08	2.750e-08
id747	1	2.750e-08	2.750e-08
identifable	1	2.750e-08	2.750e-08
identifies	1	2.750e-08	2.750e-08
identifirer	1	2.750e-08	2.750e-08
identity1	1	2.750e-08	2.750e-08
identity2	1	2.750e-08	2.750e-08
identity3	1	2.750e-08	2.750e-08
idx3	1	2.750e-08	2.750e-08
if1	1	2.750e-08	2.750e-08
iff	1	2.750e-08	2.750e-08
impl1	1	2.750e-08	2.750e-08
importing	1	2.750e-08	2.750e-08
imprecise	1	2.750e-08	2.750e-08
in4	1	2.750e-08	2.750e-08
inc1	1	2.750e-08	2.750e-08
inc2	1	2.750e-08	2.750e-08
inc3	1	2.750e-08	2.750e-08
incremented	1	2.750e-08	2.750e-08
incrementing	1	2.750e-08	2.750e-08
ind1	1	2.750e-08	2.750e-08
ind2	1	2.750e-08	2.750e-08
index_case	1	2.750e-08	2.750e-08
indexes10	1	2.750e-08	2.750e-08
indexes11	1	2.750e-08	2.750e-08
indexes12	1	2.750e-08	2.750e-08
indexes13	1	2.750e-08	2.750e-08
indexes14	1	2.750e-08	2.750e-08
indexes15	1	2.750e-08	2.750e-08
indexes5	1	2.750e-08	2.750e-08
indexes6	1	2.750e-08	2.750e-08
indexes7	1	2.750e-08	2.750e-08
indexes8	1	2.750e-08	2.750e-08
indexes9	1	2.750e-08	2.750e-08
indexmgr	1	2.750e-08	2.750e-08
india	1	2.750e-08	2.750e-08
infinite_loop	1	2.750e-08	2.750e-08
inited	1	2.750e-08	2.750e-08
innermost	1	2.750e-08	2.750e-08
inpreparred	1	2.750e-08	2.750e-08
insentive	1	2.750e-08	2.750e-08
inserted2	1	2.750e-08	2.750e-08
inside_loop	1	2.750e-08	2.750e-08
inst1	1	2.750e-08	2.750e-08
inst2	1	2.750e-08	2.750e-08
instantiable	1	2.750e-08	2.750e-08
instantiates	1	2.750e-08	2.750e-08
integral	1	2.750e-08	2.750e-08
intentions	1	2.750e-08	2.750e-08
interruptor	1	2.750e-08	2.750e-08
intervenes	1	2.750e-08	2.750e-08
invalidation1	1	2.750e-08	2.750e-08
invariants	1	2.750e-08	2.750e-08
invest	1	2.750e-08	2.750e-08
involution	1	2.750e-08	2.750e-08
ions	1	2.750e-08	2.750e-08
is1024	1	2.750e-08	2.750e-08
is16	1	2.750e-08	2.750e-08
ise	1	2.750e-08	2.750e-08
issue7513	1	2.750e-08	2.750e-08
item3	1	2.750e-08	2.750e-08
iter1	1	2.750e-08	2.750e-08
iter2	1	2.750e-08	2.750e-08
iterab	1	2.750e-08	2.750e-08
ius	1	2.750e-08	2.750e-08
jacob	1	2.750e-08	2.750e-08
java7	1	2.750e-08	2.750e-08
jay	1	2.750e-08	2.750e-08
jim	1	2.750e-08	2.750e-08
jjstr	1	2.750e-08	2.750e-08
jjtalterclassstatement	1	2.750e-08	2.750e-08
jjtalterdatabasestatement	1	2.750e-08	2.750e-08
jjtalterpropertystatement	1	2.750e-08	2.750e-08
jjtalterrolestatement	1	2.750e-08	2.750e-08
jjtaltersecuritypolicystatement	1	2.750e-08	2.750e-08
jjtaltersequencestatement	1	2.750e-08	2.750e-08
jjtaltersystemrolestatement	1	2.750e-08	2.750e-08
jjtanalyzeindexstatement	1	2.750e-08	2.750e-08
jjtandblock	1	2.750e-08	2.750e-08
jjtarrayconcatexpression	1	2.750e-08	2.750e-08
jjtarrayconcatexpressionelement	1	2.750e-08	2.750e-08
jjtarraynumberselector	1	2.750e-08	2.750e-08
jjtarrayrangeselector	1	2.750e-08	2.750e-08
jjtarrayselector	1	2.750e-08	2.750e-08
jjtarraysinglevaluesselector	1	2.750e-08	2.750e-08
jjtbaseexpression	1	2.750e-08	2.750e-08
jjtbaseidentifier	1	2.750e-08	2.750e-08
jjtbeginstatement	1	2.750e-08	2.750e-08
jjtbetweencondition	1	2.750e-08	2.750e-08
jjtbinarycondition	1	2.750e-08	2.750e-08
jjtbothpathitem	1	2.750e-08	2.750e-08
jjtbothpathitemopt	1	2.750e-08	2.750e-08
jjtcaseexpression	1	2.750e-08	2.750e-08
jjtcommandlineoption	1	2.750e-08	2.750e-08
jjtcommitstatement	1	2.750e-08	2.750e-08
jjtcompareoperator	1	2.750e-08	2.750e-08
jjtconditionblock	1	2.750e-08	2.750e-08
jjtconsolestatement	1	2.750e-08	2.750e-08
jjtcontainsallcondition	1	2.750e-08	2.750e-08
jjtcontainsanycondition	1	2.750e-08	2.750e-08
jjtcontainscondition	1	2.750e-08	2.750e-08
jjtcontainskeyoperator	1	2.750e-08	2.750e-08
jjtcontainstextcondition	1	2.750e-08	2.750e-08
jjtcontainsvaluecondition	1	2.750e-08	2.750e-08
jjtcontainsvalueoperator	1	2.750e-08	2.750e-08
jjtcreateclassstatement	1	2.750e-08	2.750e-08
jjtcreatedatabasestatement	1	2.750e-08	2.750e-08
jjtcreateedgestatement	1	2.750e-08	2.750e-08
jjtcreatefunctionstatement	1	2.750e-08	2.750e-08
jjtcreateindexstatement	1	2.750e-08	2.750e-08
jjtcreatelinkstatement	1	2.750e-08	2.750e-08
jjtcreatepropertyattributestatement	1	2.750e-08	2.750e-08
jjtcreatepropertystatement	1	2.750e-08	2.750e-08
jjtcreatesecuritypolicystatement	1	2.750e-08	2.750e-08
jjtcreatesequencestatement	1	2.750e-08	2.750e-08
jjtcreatesystemuserstatement	1	2.750e-08	2.750e-08
jjtcreateuserstatement	1	2.750e-08	2.750e-08
jjtcreatevertexstatement	1	2.750e-08	2.750e-08
jjtcreatevertexstatementemptynotarget	1	2.750e-08	2.750e-08
jjtcreatevertexstatementnotarget	1	2.750e-08	2.750e-08
jjtdatabaseuserdata	1	2.750e-08	2.750e-08
jjtdeleteedgebyridstatement	1	2.750e-08	2.750e-08
jjtdeleteedgefromtostatement	1	2.750e-08	2.750e-08
jjtdeleteedgestatement	1	2.750e-08	2.750e-08
jjtdeleteedgetostatement	1	2.750e-08	2.750e-08
jjtdeleteedgevtostatement	1	2.750e-08	2.750e-08
jjtdeleteedgewherestatement	1	2.750e-08	2.750e-08
jjtdeletestatement	1	2.750e-08	2.750e-08
jjtdeletevertexstatement	1	2.750e-08	2.750e-08
jjtdropclassstatement	1	2.750e-08	2.750e-08
jjtdropdatabasestatement	1	2.750e-08	2.750e-08
jjtdropindexstatement	1	2.750e-08	2.750e-08
jjtdroppropertystatement	1	2.750e-08	2.750e-08
jjtdropsequencestatement	1	2.750e-08	2.750e-08
jjtdropuserstatement	1	2.750e-08	2.750e-08
jjtequalsoperator	1	2.750e-08	2.750e-08
jjtexistssystemuserstatement	1	2.750e-08	2.750e-08
jjtexplainstatement	1	2.750e-08	2.750e-08
jjtexpressionstatement	1	2.750e-08	2.750e-08
jjtfetchplan	1	2.750e-08	2.750e-08
jjtfetchplanitem	1	2.750e-08	2.750e-08
jjtfieldmatchpathitem	1	2.750e-08	2.750e-08
jjtfirstlevelexpression	1	2.750e-08	2.750e-08
jjtfloatingpoint	1	2.750e-08	2.750e-08
jjtforeachblock	1	2.750e-08	2.750e-08
jjtfromclause	1	2.750e-08	2.750e-08
jjtfromitem	1	2.750e-08	2.750e-08
jjtfunctioncall	1	2.750e-08	2.750e-08
jjtgeoperator	1	2.750e-08	2.750e-08
jjtgrantstatement	1	2.750e-08	2.750e-08
jjtgroupby	1	2.750e-08	2.750e-08
jjtgtoperator	1	2.750e-08	2.750e-08
jjtifnotexists	1	2.750e-08	2.750e-08
jjtifstatement	1	2.750e-08	2.750e-08
jjtincondition	1	2.750e-08	2.750e-08
jjtindexname	1	2.750e-08	2.750e-08
jjtinoperator	1	2.750e-08	2.750e-08
jjtinpathitem	1	2.750e-08	2.750e-08
jjtinpathitemopt	1	2.750e-08	2.750e-08
jjtinputparameter	1	2.750e-08	2.750e-08
jjtinsertbody	1	2.750e-08	2.750e-08
jjtinsertstatement	1	2.750e-08	2.750e-08
jjtinstanceofcondition	1	2.750e-08	2.750e-08
jjtisdefinedcondition	1	2.750e-08	2.750e-08
jjtisnotdefinedcondition	1	2.750e-08	2.750e-08
jjtisnotnullcondition	1	2.750e-08	2.750e-08
jjtisnullcondition	1	2.750e-08	2.750e-08
jjtjson	1	2.750e-08	2.750e-08
jjtleoperator	1	2.750e-08	2.750e-08
jjtletclause	1	2.750e-08	2.750e-08
jjtletitem	1	2.750e-08	2.750e-08
jjtletstatement	1	2.750e-08	2.750e-08
jjtlevelzeroidentifier	1	2.750e-08	2.750e-08
jjtlikeoperator	1	2.750e-08	2.750e-08
jjtltoperator	1	2.750e-08	2.750e-08
jjtluceneoperator	1	2.750e-08	2.750e-08
jjtmatchescondition	1	2.750e-08	2.750e-08
jjtmatchexpression	1	2.750e-08	2.750e-08
jjtmatchfilter	1	2.750e-08	2.750e-08
jjtmatchfilteritem	1	2.750e-08	2.750e-08
jjtmatchpathitem	1	2.750e-08	2.750e-08
jjtmatchpathitemfirst	1	2.750e-08	2.750e-08
jjtmatchstatement	1	2.750e-08	2.750e-08
jjtmathexpression	1	2.750e-08	2.750e-08
jjtmetadataidentifier	1	2.750e-08	2.750e-08
jjtmethodcall	1	2.750e-08	2.750e-08
jjtmodifier	1	2.750e-08	2.750e-08
jjtmultimatchpathitem	1	2.750e-08	2.750e-08
jjtmultimatchpathitemarrows	1	2.750e-08	2.750e-08
jjtnamedparameter	1	2.750e-08	2.750e-08
jjtnearoperator	1	2.750e-08	2.750e-08
jjtneoperator	1	2.750e-08	2.750e-08
jjtneqoperator	1	2.750e-08	2.750e-08
jjtnestedprojection	1	2.750e-08	2.750e-08
jjtnestedprojectionitem	1	2.750e-08	2.750e-08
jjtnotblock	1	2.750e-08	2.750e-08
jjtnotincondition	1	2.750e-08	2.750e-08
jjtoptimizedatabasestatement	1	2.750e-08	2.750e-08
jjtorblock	1	2.750e-08	2.750e-08
jjtorderby	1	2.750e-08	2.750e-08
jjtoutpathitem	1	2.750e-08	2.750e-08
jjtoutpathitemopt	1	2.750e-08	2.750e-08
jjtparenthesisblock	1	2.750e-08	2.750e-08
jjtparenthesisexpression	1	2.750e-08	2.750e-08
jjtparse	1	2.750e-08	2.750e-08
jjtparsescript	1	2.750e-08	2.750e-08
jjtparseserverstatement	1	2.750e-08	2.750e-08
jjtpositionalparameter	1	2.750e-08	2.750e-08
jjtprofilestatement	1	2.750e-08	2.750e-08
jjtprofilestoragestatement	1	2.750e-08	2.750e-08
jjtprojectionitem	1	2.750e-08	2.750e-08
jjtquerystatement	1	2.750e-08	2.750e-08
jjtrebuildindexstatement	1	2.750e-08	2.750e-08
jjtrecordattribute	1	2.750e-08	2.750e-08
jjtretry	1	2.750e-08	2.750e-08
jjtreturnstatement	1	2.750e-08	2.750e-08
jjtrevokestatement	1	2.750e-08	2.750e-08
jjtrid	1	2.750e-08	2.750e-08
jjtrightbinarycondition	1	2.750e-08	2.750e-08
jjtrollbackstatement	1	2.750e-08	2.750e-08
jjtscandoperator	1	2.750e-08	2.750e-08
jjtsecurityresourcesegment	1	2.750e-08	2.750e-08
jjtselectstatement	1	2.750e-08	2.750e-08
jjtselectwithouttargetstatement	1	2.750e-08	2.750e-08
jjtserverstatement	1	2.750e-08	2.750e-08
jjtsleepstatement	1	2.750e-08	2.750e-08
jjtstatementinternal	1	2.750e-08	2.750e-08
jjtstatementsemicolon	1	2.750e-08	2.750e-08
jjtsuffixidentifier	1	2.750e-08	2.750e-08
jjttruncateclassstatement	1	2.750e-08	2.750e-08
jjtupdateedgestatement	1	2.750e-08	2.750e-08
jjtupdateincrementitem	1	2.750e-08	2.750e-08
jjtupdateitem	1	2.750e-08	2.750e-08
jjtupdateoperations	1	2.750e-08	2.750e-08
jjtupdateputitem	1	2.750e-08	2.750e-08
jjtupdateremoveitem	1	2.750e-08	2.750e-08
jjtupdatestatement	1	2.750e-08	2.750e-08
jjtwhereclause	1	2.750e-08	2.750e-08
jjtwhileblock	1	2.750e-08	2.750e-08
jjtwithinoperator	1	2.750e-08	2.750e-08
jmh	1	2.750e-08	2.750e-08
jnr	1	2.750e-08	2.750e-08
jone	1	2.750e-08	2.750e-08
josh	1	2.750e-08	2.750e-08
json1	1	2.750e-08	2.750e-08
jsr223	1	2.750e-08	2.750e-08
jumps	1	2.750e-08	2.750e-08
junction	1	2.750e-08	2.750e-08
junctions	1	2.750e-08	2.750e-08
keeping	1	2.750e-08	2.750e-08
key0	1	2.750e-08	2.750e-08
key1bytes	1	2.750e-08	2.750e-08
key42	1	2.750e-08	2.750e-08
key99	1	2.750e-08	2.750e-08
keys3	1	2.750e-08	2.750e-08
killing	1	2.750e-08	2.750e-08
klass1	1	2.750e-08	2.750e-08
km4	1	2.750e-08	2.750e-08
km5	1	2.750e-08	2.750e-08
kumquat	1	2.750e-08	2.750e-08
l0	1	2.750e-08	2.750e-08
l1sorted	1	2.750e-08	2.750e-08
l2sorted	1	2.750e-08	2.750e-08
la1tokens	1	2.750e-08	2.750e-08
lastpos	1	2.750e-08	2.750e-08
lbracket	1	2.750e-08	2.750e-08
leap_day	1	2.750e-08	2.750e-08
least_significant_bit	1	2.750e-08	2.750e-08
left1	1	2.750e-08	2.750e-08
left2	1	2.750e-08	2.750e-08
left3	1	2.750e-08	2.750e-08
legacy9byte	1	2.750e-08	2.750e-08
legecy	1	2.750e-08	2.750e-08
len3	1	2.750e-08	2.750e-08
length10	1	2.750e-08	2.750e-08
length11	1	2.750e-08	2.750e-08
length12	1	2.750e-08	2.750e-08
length13	1	2.750e-08	2.750e-08
length14	1	2.750e-08	2.750e-08
length15	1	2.750e-08	2.750e-08
length16	1	2.750e-08	2.750e-08
length17	1	2.750e-08	2.750e-08
let1	1	2.750e-08	2.750e-08
let1long	1	2.750e-08	2.750e-08
let2	1	2.750e-08	2.750e-08
let3	1	2.750e-08	2.750e-08
let4	1	2.750e-08	2.750e-08
let5	1	2.750e-08	2.750e-08
let6	1	2.750e-08	2.750e-08
let7	1	2.750e-08	2.750e-08
lexicographic	1	2.750e-08	2.750e-08
ligature	1	2.750e-08	2.750e-08
limit0	1	2.750e-08	2.750e-08
limitx	1	2.750e-08	2.750e-08
line133latent	1	2.750e-08	2.750e-08
linestring1	1	2.750e-08	2.750e-08
linestring2	1	2.750e-08	2.750e-08
linestringwkt	1	2.750e-08	2.750e-08
linewkt	1	2.750e-08	2.750e-08
linkd	1	2.750e-08	2.750e-08
linked3	1	2.750e-08	2.750e-08
linking4	1	2.750e-08	2.750e-08
linkmap2	1	2.750e-08	2.750e-08
lis	1	2.750e-08	2.750e-08
lit0	1	2.750e-08	2.750e-08
lit1	1	2.750e-08	2.750e-08
literally	1	2.750e-08	2.750e-08
lk	1	2.750e-08	2.750e-08
lnr	1	2.750e-08	2.750e-08
load_bearing	1	2.750e-08	2.750e-08
loaded1a	1	2.750e-08	2.750e-08
loaded1b	1	2.750e-08	2.750e-08
lockstep	1	2.750e-08	2.750e-08
lon1	1	2.750e-08	2.750e-08
lookup1	1	2.750e-08	2.750e-08
lookup2	1	2.750e-08	2.750e-08
lookupable	1	2.750e-08	2.750e-08
lop	1	2.750e-08	2.750e-08
lowering	1	2.750e-08	2.750e-08
lparen	1	2.750e-08	2.750e-08
lrd	1	2.750e-08	2.750e-08
lshiftassign	1	2.750e-08	2.750e-08
lsn3	1	2.750e-08	2.750e-08
lsn4	1	2.750e-08	2.750e-08
lsn5	1	2.750e-08	2.750e-08
lt60	1	2.750e-08	2.750e-08
luke1	1	2.750e-08	2.750e-08
luke2	1	2.750e-08	2.750e-08
lvl1	1	2.750e-08	2.750e-08
lvl2	1	2.750e-08	2.750e-08
lvl3	1	2.750e-08	2.750e-08
m1params	1	2.750e-08	2.750e-08
m2params	1	2.750e-08	2.750e-08
make_position	1	2.750e-08	2.750e-08
marker_interface	1	2.750e-08	2.750e-08
maserati	1	2.750e-08	2.750e-08
masking	1	2.750e-08	2.750e-08
matched1	1	2.750e-08	2.750e-08
mater	1	2.750e-08	2.750e-08
materialises	1	2.750e-08	2.750e-08
math1	1	2.750e-08	2.750e-08
math2	1	2.750e-08	2.750e-08
math5	1	2.750e-08	2.750e-08
max32bit	1	2.750e-08	2.750e-08
md5matches	1	2.750e-08	2.750e-08
measures	1	2.750e-08	2.750e-08
memoized	1	2.750e-08	2.750e-08
memoizes	1	2.750e-08	2.750e-08
memory_leak	1	2.750e-08	2.750e-08
metadata2	1	2.750e-08	2.750e-08
metajson	1	2.750e-08	2.750e-08
mgmt1db	1	2.750e-08	2.750e-08
mgmt2db	1	2.750e-08	2.750e-08
microwave	1	2.750e-08	2.750e-08
middle_class	1	2.750e-08	2.750e-08
mids	1	2.750e-08	2.750e-08
minus1for	1	2.750e-08	2.750e-08
misleading	1	2.750e-08	2.750e-08
misrouted	1	2.750e-08	2.750e-08
misuse	1	2.750e-08	2.750e-08
mit	1	2.750e-08	2.750e-08
mixes	1	2.750e-08	2.750e-08
mk1	1	2.750e-08	2.750e-08
mk2	1	2.750e-08	2.750e-08
month31skips	1	2.750e-08	2.750e-08
morpheus	1	2.750e-08	2.750e-08
mounting	1	2.750e-08	2.750e-08
movie	1	2.750e-08	2.750e-08
mtit	1	2.750e-08	2.750e-08
multilinestringwkt	1	2.750e-08	2.750e-08
multiple_inheritance	1	2.750e-08	2.750e-08
multipointwkt	1	2.750e-08	2.750e-08
multipolygonwkt	1	2.750e-08	2.750e-08
multiwkt	1	2.750e-08	2.750e-08
musical	1	2.750e-08	2.750e-08
mutual	1	2.750e-08	2.750e-08
mvp1	1	2.750e-08	2.750e-08
mvp2	1	2.750e-08	2.750e-08
mw1	1	2.750e-08	2.750e-08
mw2	1	2.750e-08	2.750e-08
n1priority	1	2.750e-08	2.750e-08
n1result	1	2.750e-08	2.750e-08
n1rid	1	2.750e-08	2.750e-08
n2priority	1	2.750e-08	2.750e-08
n2rid	1	2.750e-08	2.750e-08
n3	1	2.750e-08	2.750e-08
nbparams	1	2.750e-08	2.750e-08
nd1int	1	2.750e-08	2.750e-08
nd2int	1	2.750e-08	2.750e-08
newbuf	1	2.750e-08	2.750e-08
newbufcolumn	1	2.750e-08	2.750e-08
newbufline	1	2.750e-08	2.750e-08
nexts	1	2.750e-08	2.750e-08
nfkd	1	2.750e-08	2.750e-08
nicholas	1	2.750e-08	2.750e-08
nolte	1	2.750e-08	2.750e-08
nop	1	2.750e-08	2.750e-08
normal_mode	1	2.750e-08	2.750e-08
normalisation	1	2.750e-08	2.750e-08
normalized1	1	2.750e-08	2.750e-08
normalized2	1	2.750e-08	2.750e-08
nul	1	2.750e-08	2.750e-08
nullity	1	2.750e-08	2.750e-08
numbers1	1	2.750e-08	2.750e-08
numbers2	1	2.750e-08	2.750e-08
nyc	1	2.750e-08	2.750e-08
occupancy	1	2.750e-08	2.750e-08
ocf	1	2.750e-08	2.750e-08
of3	1	2.750e-08	2.750e-08
oidentifable	1	2.750e-08	2.750e-08
old0	1	2.750e-08	2.750e-08
olucene	1	2.750e-08	2.750e-08
on64bit	1	2.750e-08	2.750e-08
op0	1	2.750e-08	2.750e-08
op6	1	2.750e-08	2.750e-08
open_system	1	2.750e-08	2.750e-08
or1	1	2.750e-08	2.750e-08
orchestrator	1	2.750e-08	2.750e-08
ordering1	1	2.750e-08	2.750e-08
organisations	1	2.750e-08	2.750e-08
orhan	1	2.750e-08	2.750e-08
original2	1	2.750e-08	2.750e-08
outer3	1	2.750e-08	2.750e-08
outermost	1	2.750e-08	2.750e-08
overconsume	1	2.750e-08	2.750e-08
ovt	1	2.750e-08	2.750e-08
owner1	1	2.750e-08	2.750e-08
owner2	1	2.750e-08	2.750e-08
p1rid	1	2.750e-08	2.750e-08
p1rs	1	2.750e-08	2.750e-08
p2rid	1	2.750e-08	2.750e-08
p2rs	1	2.750e-08	2.750e-08
packaged	1	2.750e-08	2.750e-08
page1does	1	2.750e-08	2.750e-08
page1false	1	2.750e-08	2.750e-08
page1field	1	2.750e-08	2.750e-08
page1hll	1	2.750e-08	2.750e-08
page1round	1	2.750e-08	2.750e-08
page1sets	1	2.750e-08	2.750e-08
page1spill	1	2.750e-08	2.750e-08
page1true	1	2.750e-08	2.750e-08
page1when	1	2.750e-08	2.750e-08
pair3	1	2.750e-08	2.750e-08
parabolic	1	2.750e-08	2.750e-08
paramas	1	2.750e-08	2.750e-08
parameters1	1	2.750e-08	2.750e-08
parantesis	1	2.750e-08	2.750e-08
parentdoc	1	2.750e-08	2.750e-08
parenthesized	1	2.750e-08	2.750e-08
paresed	1	2.750e-08	2.750e-08
parser2	1	2.750e-08	2.750e-08
parser3	1	2.750e-08	2.750e-08
passthroughs	1	2.750e-08	2.750e-08
pattens	1	2.750e-08	2.750e-08
pattern3	1	2.750e-08	2.750e-08
pauses	1	2.750e-08	2.750e-08
pb0	1	2.750e-08	2.750e-08
pbkdf2sha1algorithm	1	2.750e-08	2.750e-08
pbkdf2sha256algorithm	1	2.750e-08	2.750e-08
pbkdf2sha256hash	1	2.750e-08	2.750e-08
pbkdf2with	1	2.750e-08	2.750e-08
pcv2for	1	2.750e-08	2.750e-08
peer1	1	2.750e-08	2.750e-08
perfectly	1	2.750e-08	2.750e-08
pers	1	2.750e-08	2.750e-08
perturb	1	2.750e-08	2.750e-08
peter	1	2.750e-08	2.750e-08
pets	1	2.750e-08	2.750e-08
pfli	1	2.750e-08	2.750e-08
phase1sleep	1	2.750e-08	2.750e-08
phase2interrupted	1	2.750e-08	2.750e-08
phase2sleep	1	2.750e-08	2.750e-08
pidx	1	2.750e-08	2.750e-08
pindex	1	2.750e-08	2.750e-08
pinning	1	2.750e-08	2.750e-08
plan0	1	2.750e-08	2.750e-08
plan0closed	1	2.750e-08	2.750e-08
plan1closed	1	2.750e-08	2.750e-08
plan3	1	2.750e-08	2.750e-08
plan4	1	2.750e-08	2.750e-08
plug	1	2.750e-08	2.750e-08
plumbing	1	2.750e-08	2.750e-08
plus99or100	1	2.750e-08	2.750e-08
pointer0	1	2.750e-08	2.750e-08
pointer42	1	2.750e-08	2.750e-08
pointwkt	1	2.750e-08	2.750e-08
pointz	1	2.750e-08	2.750e-08
policy1	1	2.750e-08	2.750e-08
policy3	1	2.750e-08	2.750e-08
policy4	1	2.750e-08	2.750e-08
policy5	1	2.750e-08	2.750e-08
policy6	1	2.750e-08	2.750e-08
polimorfic	1	2.750e-08	2.750e-08
polimorphic	1	2.750e-08	2.750e-08
polygonwkt	1	2.750e-08	2.750e-08
porsche	1	2.750e-08	2.750e-08
position0	1	2.750e-08	2.750e-08
position31	1	2.750e-08	2.750e-08
position32	1	2.750e-08	2.750e-08
position63	1	2.750e-08	2.750e-08
position64	1	2.750e-08	2.750e-08
position65	1	2.750e-08	2.750e-08
positive2	1	2.750e-08	2.750e-08
positive63	1	2.750e-08	2.750e-08
positive64	1	2.750e-08	2.750e-08
postponed	1	2.750e-08	2.750e-08
posts1	1	2.750e-08	2.750e-08
pow63	1	2.750e-08	2.750e-08
pow63minus	1	2.750e-08	2.750e-08
precomputed	1	2.750e-08	2.750e-08
premature	1	2.750e-08	2.750e-08
preprocessing	1	2.750e-08	2.750e-08
presizing	1	2.750e-08	2.750e-08
presult	1	2.750e-08	2.750e-08
prevent	1	2.750e-08	2.750e-08
prevention	1	2.750e-08	2.750e-08
previouses	1	2.750e-08	2.750e-08
price1	1	2.750e-08	2.750e-08
price2	1	2.750e-08	2.750e-08
primary4	1	2.750e-08	2.750e-08
primary5	1	2.750e-08	2.750e-08
primitve	1	2.750e-08	2.750e-08
prioritises	1	2.750e-08	2.750e-08
priority4	1	2.750e-08	2.750e-08
prmitve	1	2.750e-08	2.750e-08
proactive	1	2.750e-08	2.750e-08
probationary	1	2.750e-08	2.750e-08
probe1	1	2.750e-08	2.750e-08
probe2	1	2.750e-08	2.750e-08
prober	1	2.750e-08	2.750e-08
production_order	1	2.750e-08	2.750e-08
progr	1	2.750e-08	2.750e-08
programming	1	2.750e-08	2.750e-08
projections1	1	2.750e-08	2.750e-08
projections2	1	2.750e-08	2.750e-08
prop3value	1	2.750e-08	2.750e-08
propr	1	2.750e-08	2.750e-08
protaction	1	2.750e-08	2.750e-08
protects	1	2.750e-08	2.750e-08
proxed	1	2.750e-08	2.750e-08
proxy1	1	2.750e-08	2.750e-08
proxy2	1	2.750e-08	2.750e-08
prunes	1	2.750e-08	2.750e-08
ptr1	1	2.750e-08	2.750e-08
public_property	1	2.750e-08	2.750e-08
puns	1	2.750e-08	2.750e-08
pushing	1	2.750e-08	2.750e-08
put130	1	2.750e-08	2.750e-08
qsize	1	2.750e-08	2.750e-08
quantificator	1	2.750e-08	2.750e-08
query0	1	2.750e-08	2.750e-08
query3	1	2.750e-08	2.750e-08
query4	1	2.750e-08	2.750e-08
quotes2a	1	2.750e-08	2.750e-08
quotes4	1	2.750e-08	2.750e-08
quotes5	1	2.750e-08	2.750e-08
quotes6	1	2.750e-08	2.750e-08
quotes7	1	2.750e-08	2.750e-08
r1list	1	2.750e-08	2.750e-08
r1orders	1	2.750e-08	2.750e-08
r2c	1	2.750e-08	2.750e-08
r3c	1	2.750e-08	2.750e-08
r4c	1	2.750e-08	2.750e-08
r6c	1	2.750e-08	2.750e-08
r7c	1	2.750e-08	2.750e-08
racers	1	2.750e-08	2.750e-08
rate1	1	2.750e-08	2.750e-08
rate3	1	2.750e-08	2.750e-08
ratio2	1	2.750e-08	2.750e-08
raw1	1	2.750e-08	2.750e-08
raw2	1	2.750e-08	2.750e-08
rbdawc	1	2.750e-08	2.750e-08
rbracket	1	2.750e-08	2.750e-08
rbs	1	2.750e-08	2.750e-08
rbwc	1	2.750e-08	2.750e-08
reacquire	1	2.750e-08	2.750e-08
readded	1	2.750e-08	2.750e-08
reader1started	1	2.750e-08	2.750e-08
reader2started	1	2.750e-08	2.750e-08
reader3	1	2.750e-08	2.750e-08
reader3started	1	2.750e-08	2.750e-08
real_storage	1	2.750e-08	2.750e-08
reallocated	1	2.750e-08	2.750e-08
reassigns	1	2.750e-08	2.750e-08
rebalanced	1	2.750e-08	2.750e-08
rebased	1	2.750e-08	2.750e-08
rebases	1	2.750e-08	2.750e-08
rebuilding	1	2.750e-08	2.750e-08
rec3	1	2.750e-08	2.750e-08
recalibrated	1	2.750e-08	2.750e-08
rechecks	1	2.750e-08	2.750e-08
reclaim	1	2.750e-08	2.750e-08
reconstituted	1	2.750e-08	2.750e-08
recordid	1	2.750e-08	2.750e-08
recoverable	1	2.750e-08	2.750e-08
recovering	1	2.750e-08	2.750e-08
recreates	1	2.750e-08	2.750e-08
rect1	1	2.750e-08	2.750e-08
rectanglewkt	1	2.750e-08	2.750e-08
recursed	1	2.750e-08	2.750e-08
recyble	1	2.750e-08	2.750e-08
recycled	1	2.750e-08	2.750e-08
reenter	1	2.750e-08	2.750e-08
reentry	1	2.750e-08	2.750e-08
reestablishes	1	2.750e-08	2.750e-08
reevaluate	1	2.750e-08	2.750e-08
refactor	1	2.750e-08	2.750e-08
refetch	1	2.750e-08	2.750e-08
refills	1	2.750e-08	2.750e-08
reflecting	1	2.750e-08	2.750e-08
refs1	1	2.750e-08	2.750e-08
registreted	1	2.750e-08	2.750e-08
regular_function	1	2.750e-08	2.750e-08
rehydrates	1	2.750e-08	2.750e-08
reloadedsecurity	1	2.750e-08	2.750e-08
remove128	1	2.750e-08	2.750e-08
remove135	1	2.750e-08	2.750e-08
remove3	1	2.750e-08	2.750e-08
reopens	1	2.750e-08	2.750e-08
repairs	1	2.750e-08	2.750e-08
representative	1	2.750e-08	2.750e-08
reregister	1	2.750e-08	2.750e-08
reregisters	1	2.750e-08	2.750e-08
res3doc	1	2.750e-08	2.750e-08
reschedules	1	2.750e-08	2.750e-08
reseeded	1	2.750e-08	2.750e-08
resolutions	1	2.750e-08	2.750e-08
resolved1	1	2.750e-08	2.750e-08
resolved2	1	2.750e-08	2.750e-08
respective	1	2.750e-08	2.750e-08
result6	1	2.750e-08	2.750e-08
result7	1	2.750e-08	2.750e-08
result8	1	2.750e-08	2.750e-08
retargeting	1	2.750e-08	2.750e-08
rethrown	1	2.750e-08	2.750e-08
returns0point5	1	2.750e-08	2.750e-08
returns1024	1	2.750e-08	2.750e-08
returns1over	1	2.750e-08	2.750e-08
reverese	1	2.750e-08	2.750e-08
reverse_link	1	2.750e-08	2.750e-08
reverse_video	1	2.750e-08	2.750e-08
rewrapped	1	2.750e-08	2.750e-08
rewraps	1	2.750e-08	2.750e-08
rhc	1	2.750e-08	2.750e-08
rid1c	1	2.750e-08	2.750e-08
rid2a	1	2.750e-08	2.750e-08
ridbagbtree	1	2.750e-08	2.750e-08
right1c	1	2.750e-08	2.750e-08
right1num	1	2.750e-08	2.750e-08
right2c	1	2.750e-08	2.750e-08
right2num	1	2.750e-08	2.750e-08
right_hand	1	2.750e-08	2.750e-08
right_shift	1	2.750e-08	2.750e-08
rnf	1	2.750e-08	2.750e-08
rogue	1	2.750e-08	2.750e-08
rome1	1	2.750e-08	2.750e-08
root_system	1	2.750e-08	2.750e-08
rparen	1	2.750e-08	2.750e-08
rs1c	1	2.750e-08	2.750e-08
rs2a	1	2.750e-08	2.750e-08
rs3	1	2.750e-08	2.750e-08
rsignedshiftassign	1	2.750e-08	2.750e-08
rsp1	1	2.750e-08	2.750e-08
rsp2	1	2.750e-08	2.750e-08
rtns	1	2.750e-08	2.750e-08
runtime2	1	2.750e-08	2.750e-08
rusult	1	2.750e-08	2.750e-08
sah	1	2.750e-08	2.750e-08
salary3	1	2.750e-08	2.750e-08
salts	1	2.750e-08	2.750e-08
sate	1	2.750e-08	2.750e-08
satellite	1	2.750e-08	2.750e-08
sb0	1	2.750e-08	2.750e-08
sbtreebonsai	1	2.750e-08	2.750e-08
sc1	1	2.750e-08	2.750e-08
sc2	1	2.750e-08	2.750e-08
scalar_field	1	2.750e-08	2.750e-08
scan1	1	2.750e-08	2.750e-08
scanpos	1	2.750e-08	2.750e-08
schema1	1	2.750e-08	2.750e-08
schema2	1	2.750e-08	2.750e-08
scifi	1	2.750e-08	2.750e-08
scope1	1	2.750e-08	2.750e-08
scope2	1	2.750e-08	2.750e-08
scorpii	1	2.750e-08	2.750e-08
scratch	1	2.750e-08	2.750e-08
scuti	1	2.750e-08	2.750e-08
searching	1	2.750e-08	2.750e-08
second_line	1	2.750e-08	2.750e-08
second_row	1	2.750e-08	2.750e-08
second_string	1	2.750e-08	2.750e-08
secondary4	1	2.750e-08	2.750e-08
secondary5	1	2.750e-08	2.750e-08
section0	1	2.750e-08	2.750e-08
section1	1	2.750e-08	2.750e-08
sectioned	1	2.750e-08	2.750e-08
sed	1	2.750e-08	2.750e-08
seession	1	2.750e-08	2.750e-08
seg1begin	1	2.750e-08	2.750e-08
seg1pages	1	2.750e-08	2.750e-08
seg2	1	2.750e-08	2.750e-08
segment1	1	2.750e-08	2.750e-08
sel10pct	1	2.750e-08	2.750e-08
sel3	1	2.750e-08	2.750e-08
sel50pct	1	2.750e-08	2.750e-08
sensible	1	2.750e-08	2.750e-08
serialisation	1	2.750e-08	2.750e-08
server0	1	2.750e-08	2.750e-08
sesisson	1	2.750e-08	2.750e-08
session_cookie	1	2.750e-08	2.750e-08
setted	1	2.750e-08	2.750e-08
sha1algorithm	1	2.750e-08	2.750e-08
sha1matches	1	2.750e-08	2.750e-08
sha256matches	1	2.750e-08	2.750e-08
sha256via	1	2.750e-08	2.750e-08
shallower	1	2.750e-08	2.750e-08
shapes1	1	2.750e-08	2.750e-08
shelbyville	1	2.750e-08	2.750e-08
shema	1	2.750e-08	2.750e-08
shirnk	1	2.750e-08	2.750e-08
siblings	1	2.750e-08	2.750e-08
simp	1	2.750e-08	2.750e-08
simple2	1	2.750e-08	2.750e-08
simple_function	1	2.750e-08	2.750e-08
simultaneous	1	2.750e-08	2.750e-08
since30	1	2.750e-08	2.750e-08
single_out	1	2.750e-08	2.750e-08
single_prop	1	2.750e-08	2.750e-08
sixty	1	2.750e-08	2.750e-08
sizable	1	2.750e-08	2.750e-08
sizing	1	2.750e-08	2.750e-08
sj	1	2.750e-08	2.750e-08
sketches	1	2.750e-08	2.750e-08
skip2	1	2.750e-08	2.750e-08
slbb	1	2.750e-08	2.750e-08
slicing	1	2.750e-08	2.750e-08
slop	1	2.750e-08	2.750e-08
small_change	1	2.750e-08	2.750e-08
snap10	1	2.750e-08	2.750e-08
snap1holder	1	2.750e-08	2.750e-08
snap2holder	1	2.750e-08	2.750e-08
sobj	1	2.750e-08	2.750e-08
son1	1	2.750e-08	2.750e-08
son2	1	2.750e-08	2.750e-08
sonv3	1	2.750e-08	2.750e-08
sooner	1	2.750e-08	2.750e-08
sort1	1	2.750e-08	2.750e-08
sort10	1	2.750e-08	2.750e-08
sort11	1	2.750e-08	2.750e-08
sort12	1	2.750e-08	2.750e-08
sort2	1	2.750e-08	2.750e-08
sort3	1	2.750e-08	2.750e-08
sort4	1	2.750e-08	2.750e-08
sort5	1	2.750e-08	2.750e-08
sort6	1	2.750e-08	2.750e-08
sort7	1	2.750e-08	2.750e-08
sort8	1	2.750e-08	2.750e-08
sort9	1	2.750e-08	2.750e-08
source_document	1	2.750e-08	2.750e-08
space4	1	2.750e-08	2.750e-08
space8	1	2.750e-08	2.750e-08
species	1	2.750e-08	2.750e-08
spectrum	1	2.750e-08	2.750e-08
spied	1	2.750e-08	2.750e-08
spl	1	2.750e-08	2.750e-08
spliterators	1	2.750e-08	2.750e-08
splititerator	1	2.750e-08	2.750e-08
splitted2	1	2.750e-08	2.750e-08
springfield	1	2.750e-08	2.750e-08
sql2result	1	2.750e-08	2.750e-08
sql3doc	1	2.750e-08	2.750e-08
sql3result	1	2.750e-08	2.750e-08
sqldb	1	2.750e-08	2.750e-08
stale1	1	2.750e-08	2.750e-08
stale2	1	2.750e-08	2.750e-08
stale3	1	2.750e-08	2.750e-08
stamp3	1	2.750e-08	2.750e-08
star2	1	2.750e-08	2.750e-08
stat1	1	2.750e-08	2.750e-08
statistical	1	2.750e-08	2.750e-08
steady_state	1	2.750e-08	2.750e-08
sticks	1	2.750e-08	2.750e-08
storage2	1	2.750e-08	2.750e-08
storm	1	2.750e-08	2.750e-08
stram	1	2.750e-08	2.750e-08
stringed	1	2.750e-08	2.750e-08
striped	1	2.750e-08	2.750e-08
structurally	1	2.750e-08	2.750e-08
student1	1	2.750e-08	2.750e-08
student2	1	2.750e-08	2.750e-08
student3	1	2.750e-08	2.750e-08
student4	1	2.750e-08	2.750e-08
student5	1	2.750e-08	2.750e-08
sub1result	1	2.750e-08	2.750e-08
sub2	1	2.750e-08	2.750e-08
subclazz	1	2.750e-08	2.750e-08
sublcass	1	2.750e-08	2.750e-08
subprocess	1	2.750e-08	2.750e-08
subtraction	1	2.750e-08	2.750e-08
subtraverser	1	2.750e-08	2.750e-08
suffix1	1	2.750e-08	2.750e-08
suffix2	1	2.750e-08	2.750e-08
superclass3	1	2.750e-08	2.750e-08
superclasses2	1	2.750e-08	2.750e-08
supplies	1	2.750e-08	2.750e-08
surfaced	1	2.750e-08	2.750e-08
surrogates	1	2.750e-08	2.750e-08
sustained	1	2.750e-08	2.750e-08
suv	1	2.750e-08	2.750e-08
swc	1	2.750e-08	2.750e-08
switzerland	1	2.750e-08	2.750e-08
syntactic	1	2.750e-08	2.750e-08
t2holder	1	2.750e-08	2.750e-08
t2tenant2	1	2.750e-08	2.750e-08
tailing	1	2.750e-08	2.750e-08
targe	1	2.750e-08	2.750e-08
target1rid	1	2.750e-08	2.750e-08
target2rid	1	2.750e-08	2.750e-08
tci	1	2.750e-08	2.750e-08
tended	1	2.750e-08	2.750e-08
tentative	1	2.750e-08	2.750e-08
terabyte	1	2.750e-08	2.750e-08
test10execute	1	2.750e-08	2.750e-08
test11execute	1	2.750e-08	2.750e-08
test12execute	1	2.750e-08	2.750e-08
test1execute	1	2.750e-08	2.750e-08
test1rollback	1	2.750e-08	2.750e-08
test2execute	1	2.750e-08	2.750e-08
test3execute	1	2.750e-08	2.750e-08
test3rollback	1	2.750e-08	2.750e-08
test4execute	1	2.750e-08	2.750e-08
test4rollback	1	2.750e-08	2.750e-08
test5cache	1	2.750e-08	2.750e-08
test5execute	1	2.750e-08	2.750e-08
test6execute	1	2.750e-08	2.750e-08
test7execute	1	2.750e-08	2.750e-08
test8execute	1	2.750e-08	2.750e-08
test9execute	1	2.750e-08	2.750e-08
they	1	2.750e-08	2.750e-08
third_string	1	2.750e-08	2.750e-08
thousandth	1	2.750e-08	2.750e-08
thread2	1	2.750e-08	2.750e-08
throughputs	1	2.750e-08	2.750e-08
thunk	1	2.750e-08	2.750e-08
ties	1	2.750e-08	2.750e-08
tighter	1	2.750e-08	2.750e-08
timelines	1	2.750e-08	2.750e-08
timiline	1	2.750e-08	2.750e-08
tinkerpop	1	2.750e-08	2.750e-08
tmpe	1	2.750e-08	2.750e-08
to1	1	2.750e-08	2.750e-08
to2	1	2.750e-08	2.750e-08
to3	1	2.750e-08	2.750e-08
toggles	1	2.750e-08	2.750e-08
tolerant	1	2.750e-08	2.750e-08
tolerated	1	2.750e-08	2.750e-08
trace_element	1	2.750e-08	2.750e-08
transaction4	1	2.750e-08	2.750e-08
transaction5	1	2.750e-08	2.750e-08
transaction6	1	2.750e-08	2.750e-08
transaction7	1	2.750e-08	2.750e-08
transfers	1	2.750e-08	2.750e-08
transitivity	1	2.750e-08	2.750e-08
transparently	1	2.750e-08	2.750e-08
traversers	1	2.750e-08	2.750e-08
traversing	1	2.750e-08	2.750e-08
tree3	1	2.750e-08	2.750e-08
trick	1	2.750e-08	2.750e-08
trinity	1	2.750e-08	2.750e-08
true_bug	1	2.750e-08	2.750e-08
twins	1	2.750e-08	2.750e-08
two_set	1	2.750e-08	2.750e-08
tx1committed	1	2.750e-08	2.750e-08
tx2read	1	2.750e-08	2.750e-08
tye	1	2.750e-08	2.750e-08
ueh	1	2.750e-08	2.750e-08
uk	1	2.750e-08	2.750e-08
umlaute	1	2.750e-08	2.750e-08
unaccepted	1	2.750e-08	2.750e-08
unambiguous	1	2.750e-08	2.750e-08
uncastable	1	2.750e-08	2.750e-08
unconditionally	1	2.750e-08	2.750e-08
unconvertible	1	2.750e-08	2.750e-08
unequal	1	2.750e-08	2.750e-08
unguarded	1	2.750e-08	2.750e-08
uniform128	1	2.750e-08	2.750e-08
uniform_distribution	1	2.750e-08	2.750e-08
uniformly	1	2.750e-08	2.750e-08
unknowned	1	2.750e-08	2.750e-08
unlocks	1	2.750e-08	2.750e-08
unmarshalling	1	2.750e-08	2.750e-08
unmasked	1	2.750e-08	2.750e-08
unmatched	1	2.750e-08	2.750e-08
unmodifiableresources	1	2.750e-08	2.750e-08
unparsable	1	2.750e-08	2.750e-08
unparsed	1	2.750e-08	2.750e-08
unprefixed	1	2.750e-08	2.750e-08
unrecognizable	1	2.750e-08	2.750e-08
unsafe2	1	2.750e-08	2.750e-08
unseen	1	2.750e-08	2.750e-08
unsigned300	1	2.750e-08	2.750e-08
untrack	1	2.750e-08	2.750e-08
unused1	1	2.750e-08	2.750e-08
unused2	1	2.750e-08	2.750e-08
unvisited	1	2.750e-08	2.750e-08
unwind1	1	2.750e-08	2.750e-08
unwound	1	2.750e-08	2.750e-08
upper1	1	2.750e-08	2.750e-08
upper2	1	2.750e-08	2.750e-08
upsert1	1	2.750e-08	2.750e-08
upsert2	1	2.750e-08	2.750e-08
usa	1	2.750e-08	2.750e-08
utf8bom	1	2.750e-08	2.750e-08
utf8constant	1	2.750e-08	2.750e-08
utf8equal	1	2.750e-08	2.750e-08
utf8greater	1	2.750e-08	2.750e-08
utf8less	1	2.750e-08	2.750e-08
utf8limit	1	2.750e-08	2.750e-08
utf8prefix	1	2.750e-08	2.750e-08
utf8with	1	2.750e-08	2.750e-08
v0allocates	1	2.750e-08	2.750e-08
v0date	1	2.750e-08	2.750e-08
v0edge	1	2.750e-08	2.750e-08
v0is	1	2.750e-08	2.750e-08
v0mutates	1	2.750e-08	2.750e-08
v1collection	1	2.750e-08	2.750e-08
v1guard	1	2.750e-08	2.750e-08
v1simple	1	2.750e-08	2.750e-08
v1tov2	1	2.750e-08	2.750e-08
v1tov3	1	2.750e-08	2.750e-08
v2append	1	2.750e-08	2.750e-08
v2changes	1	2.750e-08	2.750e-08
v2create	1	2.750e-08	2.750e-08
v2different	1	2.750e-08	2.750e-08
v2empty	1	2.750e-08	2.750e-08
v2equal	1	2.750e-08	2.750e-08
v2has	1	2.750e-08	2.750e-08
v2in	1	2.750e-08	2.750e-08
v2listener	1	2.750e-08	2.750e-08
v2long	1	2.750e-08	2.750e-08
v2null	1	2.750e-08	2.750e-08
v2optimistic	1	2.750e-08	2.750e-08
v2page	1	2.750e-08	2.750e-08
v2s	1	2.750e-08	2.750e-08
v2shorter	1	2.750e-08	2.750e-08
v2single	1	2.750e-08	2.750e-08
v2tov1	1	2.750e-08	2.750e-08
v2unbox	1	2.750e-08	2.750e-08
v2update	1	2.750e-08	2.750e-08
v2verify	1	2.750e-08	2.750e-08
v3and	1	2.750e-08	2.750e-08
v3bulk	1	2.750e-08	2.750e-08
v3entry	1	2.750e-08	2.750e-08
v3exception	1	2.750e-08	2.750e-08
v3name	1	2.750e-08	2.750e-08
v3rid	1	2.750e-08	2.750e-08
v3shrink	1	2.750e-08	2.750e-08
v3simple	1	2.750e-08	2.750e-08
v3switch	1	2.750e-08	2.750e-08
v3t	1	2.750e-08	2.750e-08
v3tov2	1	2.750e-08	2.750e-08
v6	1	2.750e-08	2.750e-08
vadas	1	2.750e-08	2.750e-08
value1copy	1	2.750e-08	2.750e-08
value2copy	1	2.750e-08	2.750e-08
valuesasc	1	2.750e-08	2.750e-08
valuesdesc	1	2.750e-08	2.750e-08
vec0	1	2.750e-08	2.750e-08
vec2	1	2.750e-08	2.750e-08
verdict	1	2.750e-08	2.750e-08
version0as	1	2.750e-08	2.750e-08
version99	1	2.750e-08	2.750e-08
vertex1rid	1	2.750e-08	2.750e-08
vertex2rid	1	2.750e-08	2.750e-08
vhash64	1	2.750e-08	2.750e-08
vis1key	1	2.750e-08	2.750e-08
vis1value	1	2.750e-08	2.750e-08
vis3key	1	2.750e-08	2.750e-08
vis3value	1	2.750e-08	2.750e-08
visitation	1	2.750e-08	2.750e-08
vt1	1	2.750e-08	2.750e-08
vt2	1	2.750e-08	2.750e-08
vw1	1	2.750e-08	2.750e-08
wal2	1	2.750e-08	2.750e-08
walit	1	2.750e-08	2.750e-08
wall_clock	1	2.750e-08	2.750e-08
washington	1	2.750e-08	2.750e-08
wcp	1	2.750e-08	2.750e-08
weekdays	1	2.750e-08	2.750e-08
wf2	1	2.750e-08	2.750e-08
when15th	1	2.750e-08	2.750e-08
when1st	1	2.750e-08	2.750e-08
while_loop	1	2.750e-08	2.750e-08
widely	1	2.750e-08	2.750e-08
winston	1	2.750e-08	2.750e-08
wipes	1	2.750e-08	2.750e-08
with100entries4buckets	1	2.750e-08	2.750e-08
with4	1	2.750e-08	2.750e-08
with7	1	2.750e-08	2.750e-08
within7percent	1	2.750e-08	2.750e-08
without5	1	2.750e-08	2.750e-08
without7	1	2.750e-08	2.750e-08
wording	1	2.750e-08	2.750e-08
worked	1	2.750e-08	2.750e-08
worse	1	2.750e-08	2.750e-08
ws1	1	2.750e-08	2.750e-08
ws2	1	2.750e-08	2.750e-08
ws3	1	2.750e-08	2.750e-08
xand	1	2.750e-08	2.750e-08
young	1	2.750e-08	2.750e-08
yt	1	2.750e-08	2.750e-08
ytd	1	2.750e-08	2.750e-08
ytdbs	1	2.750e-08	2.750e-08
ytio	1	2.750e-08	2.750e-08
zero2	1	2.750e-08	2.750e-08
zeroth	1	2.750e-08	2.750e-08
zeta2theta	1	2.750e-08	2.750e-08
zigzag	1	2.750e-08	2.750e-08
