# The BIAN Service Landscape as a functional taxonomy of what a bank does: service domains,
# the business domain each is stated inside and the business area that holds it, each carrying
# the role definition BIAN states its purpose in and the example of use it states beside it.
# Like every functional taxonomy here it is a distribution to compare against: nobody writes
# AccountReconciliation as a term of art in code.
#
# Columns: concept, prefLabel, altLabel, broader, kind, module, definition, note.
# broader is the business domain; module is the business area. definition is the role
# definition and the example of use joined, which is what BIAN states about the domain's
# purpose. A domain BIAN states no role definition for is not carried.
#
# Source: BIAN's own published artefacts, one specification file per service domain, at
#   https://github.com/bian-official/artefacts/tree/a928c56e7989492f7214b2bd0ae7b204644efc03,
#   pinned by the SHA-256 ContentDigest states over the specification set:
#   a6eca3a102942b5cc699653f243c24cfe1923f6bb580cd99a9655e38ba49fa19.
# Licence: Apache-2.0, stated in the publisher's own LICENSE file at that revision.
# Generated by BianServiceDomainsExtraction: 319 service domains.
ACHFulfillment	ACH Fulfillment		Clearing And Settlement	service-domain	Operations	This service domain handles the operational interface with an external automated clearing house (ACH) service. It handles the sending and receipt of batched transactions, servicing reporting and executes the schedule of service operations A payment is made between two customers of different banks. The payment is processed via an automated clearing house.	
ATMNetworkManagement	ATM Network Management		Channel Management	service-domain	Business Development	Configure the allocation of products and services across the ATM network and oversee ATM access registration & controls A new set of standalone ATM's is installed at an airport and configured with limited services to ensure high availability for cash dispensing	
ATMNetworkOperations	ATM Network Operations		Channel Specific	service-domain	Channels	This service domain handles all automated aspects of operating the ATM network. This includes tracking the movement of cash and documents through the network and its ATM devices. It also handles the detection and response to device errors and alerts, including overseeing the physical movement of cash and documents and the handling of device alerts and outages Example of use:. A bank tracks the distribution and retrieval of cash inventory across its ATM network of operations	
AccountReconciliation	Account Reconciliation		Accounting Services	service-domain	Operations	Match, reconcile and resolve identified discrepancies between accounts. Includes nostro/vostro arrangements A scheduled reconciliation task is performed for the nostro/vostro accounts and discrepancies identified and resolved	
AccountRecovery	Account Recovery		Custody, Collateral And Documents	service-domain	Operations	Handles the recovery of distressed accounts that have exceeded standard late/payment handling but have not yet been fully written off and passed to collections. The restructuring can involve partial write downs and leveraging any tax or other program of assistance that can be applied. The situation is managed until the account is recovered or a decision made to pass the account over to collections A non-performing customer account is handed over for recovery after the normal relationship management efforts have failed. Additional authority is provided to renegotiate/structure the account to enable the customer to attempt recovery. This restructuring can result in write downs that need to be booked appropriately.	
AccountsReceivable	Accounts Receivable		Accounting Services	service-domain	Operations	Manage the tracking, chasing and receipt of scheduled payments against issued invoices. For the significant majority accounts are likely to be settled in compliance with established arrangements. For late payment the Service Domain includes actions to negotiate with the customer and handle defaulted payments A product business unit submits an invoice to a customer for services rendered that requires customer payment from an account not managed by the bank.	
AdvancedVoiceServicesManagement	Advanced Voice Services Management		Channel Management	service-domain	Business Development	Handles the oversight and configuration of the PBX (telephony/voice) access channel. This includes assessing capacity, performance, scheduling maintenance and updates to the channel configuration. Also determining allowed access and usage and troubleshooting major production problems Management review and define the reconfiguration requirements for the voice channel based on capacity/volume projections	
AdvancedVoiceServicesOperations	Advanced Voice Services Operations		Channel Specific	service-domain	Channels	This service domain handles the operation of the PBX/telephony infrastructure which can include embedded IVR capabilities. The PBX system will have close integration with the call center and E-Branch capabilities depending on the degree of computer telephony integration (CTI) and cross channel support Example of use:. The numeric menu is adjusted to increase self-serve activity during a period of peak loading (this could be implemented in the IVR in a more sophisticated set-up)	
Advertising	Advertising		Marketing And Development	service-domain	Business Development	Oversee the use and assess the coverage and impact of advertising campaigns. Direct advertising campaign execution to maximize business impact. Oversee advertising campaign design and development activity. Business development reviews market research to determine levels of awareness for selected bank products and initiates an advertising campaign to raise awareness	
ApprovedSupplierDirectory	Approved Supplier Directory		Financial Control	service-domain	Finance And Risk Management	Select and maintain as suitable collection of suppliers covering the range of requirements. Track performance and retain and deselect suppliers to maintain a competitive range of suppliers Work is matched to the approved supplier list and candidates put forward for selection. Delivery performance is reviewed to update the ratings of the suppliers for later assessment and selection purposes	
ArchiveServices	Archive Services		Custody, Collateral And Documents	service-domain	Operations	Provide long term archiving and retrieval services for documents and electronic media Infrequently accessed documents are archived to lower cost storage in compliance with banking regulations	
AssetAndLiabilityManagement	Asset And Liability Management		Business Direction	service-domain	Business Management	A central policy and direction capability that reviews consolidated bank P&L profile and performance and defines and directs asset and liability policies. Also sanctions and/or influences large transactions The bank's senior policy makers review that bank's book performance and amend guidelines to remain within policy directives	
AssetSecuritization	Asset Securitization		Group Treasury	service-domain	Finance And Risk Management	This service domain supports the bank's selection, securitization and sale of bank customer loan assets. This may be undertaken to adjust the make-up of the loan portfolio or to raise funds to support the bank's operations. The process includes the selection, packaging, pricing and placement of the loan assets Example of use:. A bank schedules a review of its loan book in order to improve its portfolio and/or raise capital by securitizing selected assets	
BankDraftsAndTravelersChecks	Bank Drafts And Travelers Checks		Trade Banking	service-domain	Products	Administer the pricing, recording and generation of Bank Drafts and T.Checks A customer acquires a number of travelers checks	
BankGuarantee	Bank Guarantee		Trade Banking	service-domain	Products	Orchestrate the pricing, issuance and subsequent fulfillment activities for Bank Guarantees as used in corporate/correspondent trade and project finance activity A bank guarantee is provided to a corporate client to cover international trade finance deal	
BankPortfolioAdministration	Bank Portfolio Administration		Group Treasury	service-domain	Finance And Risk Management	Consolidate, ratify, correct and present timely transaction information to support the analysis of the bank's consolidated 'book of business' The consolidated view of bank activity covering its asset and liability activity is assembled and ratified for analysis	
BankPortfolioAnalysis	Bank Portfolio Analysis		Group Treasury	service-domain	Finance And Risk Management	Define and maintain a broad collection of analytical views and ad-hoc analyses into the consolidated book of business for the enterprise. Develop and refine analyses in response to events and detected trends A financial analysis of the bank's consolidated activity is assembled for consideration by the bank's asset and liability policy unit	
BranchCurrencyDistribution	Branch Currency Distribution		Distribution	service-domain	Channels	This service domain handles the scheduling and secure distribution of currency throughout the branch network (for bank branches and remote ATM locations). It ensures the required float is maintained at locations and undertakes the movement into and out of central currency holding facilities as necessary to ensure cash availability Example of use:. ATMs at a branch location are stocked with currency in response to anticipated customer demand	
BranchCurrencyManagement	Branch Currency Management		Channel Management	service-domain	Business Development	This service domain is responsible for tracking the available cash (currency) inventory held and distributed within the Branch location to teller and ATM positions, to ensure adequate float is always available at all positions. Also to check balances and see that excess cash is transferred to secure central storage as appropriate. If necessary specific criteria can be selected to refine the allocation Example of use:. The branch management reviews the available float and confirms end of day balances at the teller positions	
BranchLocationManagement	Branch Location Management		Channel Management	service-domain	Business Development	This service domain oversees/manages the day to day bank branch location activity, maintaining branch plans and budgets, assigning responsibilities, determining the optimum coverage of products and services and reporting on branch activity and performance Example of use:. A branch manager reviews product and service performance at their location and adjusts business development staffing priorities to target high-value business opportunities	
BranchLocationOperations	Branch Location Operations		Channel Specific	service-domain	Channels	Administer the day to day activity within the branch - allocating tellers and customer relationship managers to positions and tracking availability/performance, ensuring cash floats and product consumables are on hand and that all facilities are in working order A day in the life of a busy branch where all managers and tellers are not available and cash and product inventory reserves fall low	
BranchNetworkManagement	Branch Network Management		Channel Management	service-domain	Business Development	Configure the available services and products (ATM, office/table and teller assignments) for the branch locations across the overall branch portfolio. (Note an ATM is treated as a specific type of branch location in the BIAN model) The branch network is re-configured to accommodate a new or amended product that is targeting a specific customer segment (e.g. student loans at on campus branches)	
BranchPortfolio	Branch Portfolio		Channel Management	service-domain	Business Development	Evaluate coverage and relative performance of branches. Optimize product allocation and marketing activity across the available branch network. Business strategists assemble and review the distribution and relative product performance across the network and adjust the allocation accordingly	
BrandManagement	Brand Management		Marketing And Development	service-domain	Business Development	Define and develop the enterprise brand, including providing advice and guidance to marketing and product/service development activities that leverage the brand. Respond to events that potentially damage the brand or provide an opportunity to strengthen/leverage brand awareness Product design seeks input from the brand management unit to factor the brand into the product marketing materials and ensure alignment	
BrokeredProduct	Brokered Product		Consumer Banking	service-domain	Products	Administer any 3rd party coordination with brokered products and service supplied through any bank channel Access to insurance brokers for branch customer is administered by teller and relationship management personnel	
BuildingMaintenance	Building Maintenance		Buildings And Equipment	service-domain	Resource Management	Administer and execute site and utility maintenance and repair activities (building refit and decoration etc.) Building and repair work is scheduled and undertaken using contractors at a bank branch location	
BusinessArchitecture	Business Architecture		Intelectual Property And Knowledge	service-domain	Business Development	Develop and maintain a comprehensive array of business architectural designs and blueprints that reflect the corporate strategy, plan and operational configuration of the enterprise. Support the adoption of the business architecture throughout all procedure and systems development and deployment activities Example of use:. Business planning specialists define target business blueprints for staffing and information system/application support for the enterprise	
BusinessDevelopment	Business Development		Marketing And Development	service-domain	Business Development	Define, implement, track and assess the new business development plans for the enterprise or specific business divisions. This can cover business activities such as new market segment entry, product coverage and product specification development, brand development, new customer acquisition and existing customer, cross-sell/up-sell and retention. Corporate strategy develops targets for new business acquisition in selected market segments	
BusinessRiskModels	Business Risk Models		Operational Risk	service-domain	Finance And Risk Management	Develop and maintain models that assess commercial/business exposures Financial engineers develop and deploy a collection of business risk models that can run against different failure scenarios to assess exposure and determine mitigation needs	
BusinessUnitAccounting	Business Unit Accounting		Unit Management	service-domain	Resource Management	Maintain business unit accounting records Business unit expenses, profits and losses are tracked on a journal (and periodically posted to the associated sub ledger) for accounting purposes	
BusinessUnitDirection	Business Unit Direction		Unit Management	service-domain	Resource Management	Define and orchestrate business unit activity against the unit business strategy and operating plan Business unit management direct business unit resources to meet the operating plan commitments	
BusinessUnitFinancialAnalysis	Business Unit Financial Analysis		Unit Management	service-domain	Resource Management	Track and assess the financial performance of the business unit against projected performance and respond as appropriate Business unit management analyze the activity and business performance of the unit to rebalance or direct activity as necessary	
BusinessUnitFinancialOperations	Business Unit Financial Operations		Unit Management	service-domain	Resource Management	Authorize and book payments and receipts against the unit's financial transaction account Business unit costs and revenues are checked and booked against the business unit budget	
BusinessUnitManagement	Business Unit Management		Unit Management	service-domain	Resource Management	Handles the oversight and management of a general organizational business unit. This includes the definition and implementation of the management plan, overseeing ongoing activity and performance assessments and troubleshooting issues that might arise A business unit consolidates activity and performance details for periodic internal management reporting	
CardAuthorization	Card Authorization		Cards	service-domain	Products	The proposed card transaction is requested by a merchant and routed through the Acquirer and Card Network to the Issuer. The authorization decision is automated and can be extremely complex. Transactions may be passed for manual checks by on-line service representatives for out of pattern purchases. Note that authorized transaction amounts may vary from the actual final amount (e.g. pre authorized hotel/car hire and charged meals excluding tips) and in cases there will be no financial transaction for an authorized transaction if the customer chooses to pay using a different card/cash. While this function is primarily performed by the Issuer, Acquirers and Card Networks may perform Stand-in Authorization and forward the results to the Issuer for recording. A credit card customer makes a large purchase, the card authorization triggers a verbal check of the customer details for security and the authorization is given	
CardBillingAndPayments	Card Billing And Payments		Cards	service-domain	Products	Process card customer statement issuance and billing and payments processing At the cycle time a collection of card customer accounts a accessed and billing details determine and sent out. Payments are tracked and the facility status updated accordingly	
CardCapture	Card Capture		Cards	service-domain	Products	Capture the card payment transaction at the merchant/point of sale. This includes obtaining the authorization for the transaction by accessing the issuer's account through the card network. The authorized transactions are collected for subsequent batch reporting and settlement processing through the network Example of use:. A card user uses their card to pay for a meal at a restaurant	
CardCase	Card Case		Customer Care	service-domain	Customers	Capture, track, resolve and report on card related transactional disputes, handling all the dispute resolution messages between the Issuer, the Card Network and the Acquirer. A card holder reports a payment dispute to the contact center and a case is initiated. The account is credited and documentation requested from the merchant. The case is finally judged when the documents are available for review and all interested parties are notified of the resolution	
CardClearing	Card Clearing		Clearing And Settlement	service-domain	Operations	The behavior varies depending on the role of the participant bank/network. A card acquiring Bank consolidates all incoming transactions from Merchants, determining their routing, and transmitting to the respective Card Networks. For the Card Networks it receives and consolidates the transactions from all Acquiring Banks and to distribute and route them to the respective Card Issuing Banks. For the Card Issuing Banks it receives their cardholder transactions from the Card Networks and routes them to the instance of the Credit/Charge Card service domain which is responsible for the card used in the transaction. The transactions may include charges, refunds, and chargebacks. An Acquiring Bank receives charge transactions submitted by Merchants through Point of Sale Terminals or batch submission for recurring billing and forwards these transactions to the respective Card Issuing Banks through the Card Network (e.g. Visa, MC, AMEX, Diners, etc.). This process may take place multiple times during the day. .	
CardCollections	Card Collections		Operational Services	service-domain	Operations	The card collection process relates to the determination and execution of the optimal strategy to ensure the collection of unsecured distressed card debt, which may include aggressive collection efforts, renegotiation of payments terms in order to improve customer commitment to make the payment, or to take any applicable legal actions against the customer. A card account is canceled when the age of outstanding balance exceeds policy limits (normally 90 days) or when delinquency management and dunning efforts are determined to be unsuccessful at eliciting payment. The account is then assigned to an internal Collections department or an external Collection Agency for making aggressive attempts at securing the payment of the outstandings..	
CardFinancialSettlement	Card Financial Settlement		Clearing And Settlement	service-domain	Operations	This service domain is used by the Card Network to initiate either gross or net settlement for the charges cleared during a specified period and to issue settlement instructions to the Issuing and Acquiring Banks. This requires the Card Network to issue settlement instructions to each Issuing Bank directing them to remit the total amounts corresponding to the cleared charges to designated bank accounts that are managed by the Card Network, which in turn makes the corresponding remittances to the designated bank accounts for the Card Issuers.. The service domain is also used by the Issuing and Acquiring banks to perform reconciliation of the settlement instructions against the cleared charges and to initiate remittances through the Payment Order service domain. Card Charge transactions that are acquired from the Merchants by the Acquiring Bank and forwarded to the Issuing Banks through Card Clearing are periodically settled (generally once a day).	
CardNetworkParticipantFacility	Card Network Participant Facility		Cards	service-domain	Products	Cards issued by banks are affiliated with one of many international Card Networks, such as Visa, Master Card, Diners, American Express. This service domain is used by the Card Network for setting up Acquiring and Issuing Bank accounts and their terms and conditions. The Card Network signs up Acquiring Banks for recruiting and setting up accounts for merchants and Issuing Banks for issuing cards to its customers.	
CardTerminalAdministration	Card Terminal Administration		Channel Specific	service-domain	Channels	This service domain is responsible for the allocation of the Point of Sale Terminal of Authorization Link interface to the Merchant, configuring and activating the device or interface, and managing its ongoing status, including replacement of faulty devices or interfaces. The Acquiring Bank configures the terminal or the interface to meet the specific requirements of the Merchant depending on the merchant type, risk and other terms and conditions. A Merchant is assigned one or more devices or interfaces for processing Card Charge authorization and submission when an Acquiring Bank sets up a new Merchant Account. (Note this can involve a Point of Sale Terminal or an Authorization Link interface to the merchant's own cash register system).	
CardTerminalOperation	Card Terminal Operation		Channel Specific	service-domain	Channels	This service domain maintains a record of the transactions received from each Point of Sale Terminal or Authorization Link used by the Merchants to submit card charges and is used to help the merchant reconcile the transactions at the end of day or shift. Transactions are forwarded to the Card Clearing service domain when the terminal batches are closed by the merchant. The service domain also monitors the operating status of the terminals and handles terminal replacement. Charge transactions that are submitted by a Merchant through Point of Sale Terminals or Authorization Links are recorded by the Acquiring Bank as they are received and are held until the Merchant reconciles and closes a batch on the Terminal or Cash Register at the end of the day or shift. Transactions contained in batches that are closed by the Merchant are then sent for clearing.	
CardTransactionSwitch	Card Transaction Switch		Operational Services	service-domain	Operations	This service domain handles the processing and asynchronous switching of Card Transaction related messages, such as Authorization, Sale, Void, Refund, etc. between the Acquiring Bank and the Issuing Bank through the Card Network. It has a role within the Acquiring Bank in switching transactions acquired from the Merchant to the Card Network, within the Card Network to switch the transaction to the applicable Card Issuer, and within the Card Issuer to switch the transaction to the instance of the Card Authorization service domain for the card product involved. An authorization request or sale transaction message is received from the Point of Sale device by the Acquiring Bank, which then needs to route the message to the Card Issuing Bank through the Card Network (e.g. Visa, MC, AMEX or Diners etc.), await the response from the Card Issuer and communicate it to the Merchant through the Point of Sale device.	
CardeCommerceGateway	Card eCommerce Gateway		Clearing And Settlement	service-domain	Operations	This service domain is used by the Card Acquiring bank to handle the authentication, authorization and submission of a Card payment from an e-commerce merchant. It supports the 3-D" Secure method of authentication which routes the authentication request to the Card Issuing Bank, which may use multi-factor authentication for the authentication of the Card and the Cardholder. It also handles the routing of the authorization request through the Card Transaction Switch service domain and the routing of the submitted charges to the Card Clearing service domain." Example of use:. When a Card is used for making a payment on an e-commerce site of a Merchant, the Merchant initiates three steps to process the payment: 1) request authentication of the Card and the Cardholder, 2) request an authorization of the charge amount, and 3) submit the charge details to the Card Acquirer for processing and payment.	
CaseRootCauseAnalysis	Case Root Cause Analysis		Product Management	service-domain	Business Development	Analyze customer servicing case resolution records for root cause insights. Analysis can be focused for more specific analysis including: problematic product and service features that can be refined; possible operational weaknesses that might require improved training/guidelines; and, to detect possible credit/fraud patterns Example of use:. Contact center case resolution records are reviewed to identify recurring issues that can be resolved with improved servicing representative training and guidelines	
CashConcentration	Cash Concentration		Corporate Banking	service-domain	Products	Cash Concentration is a cash management service aimed at moving a balance, or part of a balance of an account to a different account. This can be done periodically and ad-hoc. Objectives could be to zero a specific account (e.g. during each EOD) or to replenish a particular account (e.g. in case of insufficient balance for a payment order). In the latter case it is necessary to define the sequence in which balances from other accounts are moved to the destination account.. A customer has an agreement with the bank for a certain (current) account which states that if the available balance of the account is insufficent to do a credit transfer or allow a direct debit, etc. the balance can be replenished from other accounts of the same or a different customer. The moving of funds is done until the first account holds sufficient balance or also the other accounts have no more available balance. This balance sweeping requires sequencing of the the accounts from which funds are being moved.	
CashManagementAndAccountServices	Cash Management And Account Services		Corporate Banking	service-domain	Products	Cash Management and Account Services combines the capabilities of a cash management account that in itself combines features of a current account and a savings account, with additional cash management services. The supporting features that make up the facility (checks/cheques, standing orders, debit cards, phone and on-line banking services etc. can be extended to include other features such as positive pay and reverse positive pay for check processing. A corporate customer implements a positive pay facility with the bank to reduce the exposure to check fraud for the checks it writes.	
CentralCashHandling	Central Cash Handling		Channel Management	service-domain	Business Development	This service domain is responsible for tracking the available cash inventory held centrally and distributed/collected throughout the branch/ATM network and making allocation/redistribution requests to ensure adequate float is available at all locations and that excess cash at any location is transferred to central secure locations as appropriate. Also coordinating with other banks and central banks to ensure sufficient cash is on hand to support the branch network requirements Example of use:. The central cash management function reviews the current and projected available float at locations across the network to ensure adequate supply to meet projected demand	
ChannelActivityAnalysis	Channel Activity Analysis		Channel Management	service-domain	Business Development	Channel activity analysis provides a range of analytical insights into channel use to support access controls, relationship sales and development approaches and to help detect possible fraudulent activity A customer attempts to self-serve a product sale but gives up. Later they call the contact center and their recent attempt is used to route the contact to a sales rep who is prompted to continue the product application	
ChannelActivityHistory	Channel Activity History		Cross Channel	service-domain	Channels	This service domain captures transaction activity across multiple channels/devices to provide recent activity details (such as an attempt at a self-service product application) to influence/inform service routing. The history is also used for access control and as a source of activity data for more detailed channel usage analysis Channel Activity Analysis draws on channel activity history data to support channel usage analysis to detect out of pattern behavior for customers	
ChannelPortfolio	Channel Portfolio		Channel Management	service-domain	Business Development	Evaluate the coverage and relative performance of different channels with respect to the blend of service and product activity. Optimize channel use to minimize costs and enhance customer experience Product designers review the performance of products over different channels and channel combinations to refine product designs and delivery	
ChequeLockBox	Cheque Lock Box		Corporate Banking	service-domain	Products	Consolidation of retail checks for a corporation (could be classified as another Cash Management service) A batch of checks are processed for a corporate customer with a lock box payment facility	
ChequeProcessing	Cheque Processing		Clearing And Settlement	service-domain	Operations	This service domains handles the processing of paper checks, performing the necessary checks and extracting the transaction details required to create a payment transaction record stream. This includes MICR number processing and character recognition facilities Example of use:. A batch of paper cheques captured at a merchant location is processed to initiate settlement processing	
CollateralAllocationManagement	Collateral Allocation Management		Custody, Collateral And Documents	service-domain	Operations	This service domain manages the collateral holdings for a customer, tracking and authorizing the allocation of collateral to different financial facilities. The service domain oversees periodic valuations and collateral asset maintenance activity as needed. The service domain also provides reports on overall collateral usage which can include applying specific analytical assessments to support general risk management (e.g. exposure to property value fluctuations based on prevailing market conditions) A corporate applies for a new facility and the available collateral is checked to see if there is sufficient collateral on hand to allocate to the loan	
CollateralAssetAdministration	Collateral Asset Administration		Custody, Collateral And Documents	service-domain	Operations	This service domain handles the oversight, administration and confirmation of maintenance tasks associated with different types of collateral items. This includes arranging for scheduled and ad-hoc collateral valuations, item status/documentation and title checks and tracking upkeep actions that the item owner is obliged to undertake (such as insuring a house) A back office unit determines which collateral items are due for a valuation review and documentation check and schedules the activities accordingly	
Collections	Collections		Custody, Collateral And Documents	service-domain	Operations	Administer the recovery and/or liquidation of collateral against problem accounts Example of use:. Collateral held against a failed account is valued and submitted for liquidation to recover losses	
CommissionAgreement	Commission Agreement		External Agency	service-domain	Operations	This service domain sets up and maintains the terms for applying commissions to transactions assigned to employees and representative service brokers or intermediaries Example of use:. An employee's commission agreement is established once they have qualified to undertake sales activity in the contact center	
Commissions	Commissions		Accounting Services	service-domain	Operations	Capture and structure commissionable transactions that are subsequently processed against an existing commission agreement Example of use:. A qualified servicing representative succeeds in selling an opportunity to an established customer and is awarded a commission	
CompanyBillingandPayments	Company Billing and Payments		Financial Control	service-domain	Finance And Risk Management	Handle the company billing and payments activity for company sales and purchases Company payments are processed	
CompetitorAnalysis	Competitor Analysis		Marketing And Development	service-domain	Business Development	This service domain provides the range of competitor analysis that inform and support product and service design and business development activities and decisions. It draws on external market research and internal business intelligence gathering as necessary. A standard set of analytical views can be defined and maintained as well as targeted ad-hoc analysis as necessary A product design unit obtains competitor analysis in order to refine product requirements	
ComplianceReporting	Compliance Reporting		Compliance	service-domain	Finance And Risk Management	This service domain schedules, consolidates information and reports on internal audit and compliance activity across the bank Example of use:. The financial accounting procedures for a back office function are audited	
ConsumerAdvisoryServices	Consumer Advisory Services		Advisory Services	service-domain	Products	Provide consumer customers with financial advice, for product selection, investments, tax optimization etc. The time spent may incur a charge particularly when specialist financial advisory resources are engaged A customer obtains tax optimization advice from a financial advisor at a branch	
ConsumerInvestments	Consumer Investments		Investment Services	service-domain	Customers	This supports consumer initiated securities investment and trading activity for their self-managed securities investments. Trades will typically be blocked/netted against the bank's own securities position for subsequent market execution. Quotes/prices are based on the prevailing price at the time of the customer instruction to trade An consumer initiates a securities purchase for their investment portfolio, providing funds from their linked 'trading' current account	
ConsumerLoan	Consumer Loan		Loans and Deposits	service-domain	Products	The consumer loan product may include different properties/features depending on a bank's preferences and policies. The loan is targeted at consumer customer and may be associated with a type of product and may or may not be secured by collateral. A consumer customer applies for and gets a loan to purchase new furniture..	
ContactCenterManagement	Contact Center Management		Channel Management	service-domain	Business Development	Handles the oversight and configuration of the contact center. Define and maintain the assignment of contact center resources to different contact traffic types (e.g. product/segment/issue). The contact center facility can include automated 'position' as well as personnel. Also covers troubleshooting major production problems Contact center management re-assigns servicing positions in response to service loading and customer wait times	
ContactCenterOperations	Contact Center Operations		Servicing	service-domain	Channels	Oversee and administer the day to day activity in the contact center. This includes the assignment of individuals to servicing positions in compliance with the service configuration determined by Contact Center Management. Also tracking staff availability and utilization during the servicing session and making necessary assignment adjustments to deal with servicing load. (Note servicing resources interact directly with the Contact Routing service domain to indicate when they are open to receive customer contacts) Contact center operations re-assigns staff to servicing positions to deal with peak loading for a specific product or service type	
ContactHandler	Contact Handler		Cross Channel	service-domain	Channels	BIAN defines a customer contact as the overarching structure handling a customer interaction from start to end. A contact can include one or more servicing dialogue 'sessions' in parallel or sequence to support different device/channel uses within the contact and to allow for the customer to be passed on to different servicing specialists as necessary during the contact. Each session is handled at a servicing position where the Contact Dialogue service domain is called to handle the specific customer interaction. Contact Handler concludes the contact, handles the authorization permissions and shares any contact information collected during the contact between sessions as necessary A customer is self serving on the web and then requests to talk to a servicing representative directory using the VoIP capability presented on the banks web portal.	
ContactRouting	Contact Routing		Cross Channel	service-domain	Channels	Contact Routing is called from Contact Management to identify the next available and most suited servicing resource to handle a servicing session within an active customer contact. Selection is optimized to leverage of specialized/qualified servicing resources based on any known details about the customer and the purpose of their contact with the bank. A high value customer contacts the bank. They have been flagged as a sales prospect and so are routed to the next available rep that is registered as being skilled in the specific product of interest and also experienced in sales	
ContinuityPlanning	Continuity Planning		Corporate Services	service-domain	Business Management	Develop, maintain and test continuity plans and supporting facilities for an appropriate range of possible failure scenarios A business continuity plan is developed for key business activities and assurance tests performed	
ContractorandSupplierAgreement	Contractor and Supplier Agreement		External Agency	service-domain	Operations	Maintain and administer master and project/task specific contractor/supplier legal agreements. Confirm on-going compliance The contractual arrangements with an established contractor/service provider are reviewed at year end	
ContributionAnalysis	Contribution Analysis		Marketing And Development	service-domain	Business Development	Execute contribution analysis across customer/product activity to expose business development opportunities Business development managers used contribution analysis to identify underperforming products/customers where additional business could be generated through increased sales, usage or pricing	
ContributionModels	Contribution Models		Models And Analytics	service-domain	Business Development	Develop and refine contribution models to detect underdeveloped business relationships and other opportunities Financial engineers evaluate the relative business performance of customers and products to identify patterns that highlight business development opportunities from increased sales, usage activity and/or pricing	
CorporateAction	Corporate Action		Market Operations	service-domain	Products	Administer the correct allocation of entitlements to a customer arising from corporate events (such as dividend and interest payments) A regular function is performed to determine and apply the cash entitlement allocation for a managed customer investment portfolio	
CorporateAllianceandStakeHolder	Corporate Alliance and Stake Holder		Corporate Relations	service-domain	Business Management	Manage key alliance and stake holder relationship - define tasks needed to develop and maintain contact and ensure relevant information is shared as appropriate Corporate strategy is communicated and aligned with a product alliance partner	
CorporateCommunications	Corporate Communications		Corporate Relations	service-domain	Business Management	Develop and distribute key corporate messages as needed to support the strategy and maintain the enterprise reputation and brand Press releases are developed to coincide with financial performance reporting	
CorporateCurrentAccount	Corporate Current Account		Corporate Banking	service-domain	Products	The Corporate Current Account is a financial facility that represents the general checking account facility at the core of corporate banking activity. There is a range of supporting features that make up the standard facility (checks/cheques, standing orders, debit cards, phone and on-line banking services etc.). The fulfillment can include a range of optional services, fees and interest payments and penalties and will often be bundled and or underlie/support other financial facilities and financial transactions A corporate customer established a corporate current account with the bank and requests a series of services (e.g., request printed statements, initiate a transfer, set up a standing order)	
CorporateFinance	Corporate Finance		Advisory Services	service-domain	Products	A fee or commission based project providing specialized financing advice (tactical and strategic) to a corporation A corporate client relationship manager coordinates with financial advisory services to provide a corporate customer with financing advice	
CorporateLease	Corporate Lease		Loans and Deposits	service-domain	Products	The Service Domain provides the financing support to support corporate customers with leasing arrangements for property and equipment. The bank will take a collateral interest in the leased items to underwrite the associated loan(s) Example of use:. A corporate customer establishes a corporate leasing facility with the bank to acquire critical production equipment and facilities under lease	
CorporateLoan	Corporate Loan		Loans and Deposits	service-domain	Products	The corporate loan product may include different properties/features depending on a bank's preferences and policies. The loan is targeted at corporate customers and may be associated with a type of product and may or may not be secured by collateral. A corporate customer applies for and gets a loan to purchase new equipment..	
CorporatePayrollServices	Corporate Payroll Services		Corporate Banking	service-domain	Products	Banks provide net salary payment services to corporate customers. The Corporate Payroll Services Service Domain handles this. The corporate customer provides data of its employees to the bank. The bank then opens a salary account for each employee and collects any remaining data from the employee directly. For employees who do not wish to open a salary account with the bank, accounts with other banks may be recorded as beneficiary accounts. A Corporate customer reaches an agreement with the bank on favourable conditions for salary accounts of its employees. The customer then informs its employees on the conditions and stimulates them to sign up to taking part in the company's salary package agreement. The company records the basic data from the participating employees. It send these as a batch to the bank and the bank opens the accounts. It then approaches the employees individually to complete the opening and onboarding activities.	
CorporatePolicies	Corporate Policies		Business Direction	service-domain	Business Management	Develop and communicate corporate policies that govern business execution Corporate policies are defined and published across the enterprise	
CorporateRelationship	Corporate Relationship		Corporate Relations	service-domain	Business Management	Manage corporate relationships with key parties such as major clients, political and industry groups, user associations etc. A regular relationship review is scheduled with a major multinational customer to develop business opportunities	
CorporateStrategy	Corporate Strategy		Business Direction	service-domain	Business Management	Define and communicate the corporate strategy and plan. Direct business activity to meet, refine and improve the corporate goals and approaches The corporate strategy and underlying business performance goals are defined and communicated	
CorporateTaxAdvisory	Corporate Tax Advisory		Advisory Services	service-domain	Products	Provide corporate customers with tax related advice to better understand tax obligations and to identify and implement tax optimization approaches. The service is fee based and may include the use of product specialist financial advisory resources when required A corporate customer obtains tax optimization advice from a financial advisor at a branch	
CorporateTreasury	Corporate Treasury		Group Treasury	service-domain	Finance And Risk Management	This service domain manages and administers the consolidation of transaction details and summaries in order to derive and report on the array of consolidated positions managed by Treasury. This includes the assembly of related maturity ladders (cash flow projections) and managing tactical and strategic funding activity for the bank. It is also responsible for tracking prevailing market conditions and determining the various bank rates that should be applied throughout the bank The Bank Treasury consolidates trading and lending activity across its corporate clients to develop timely views of current positions and maturity projections	
CorporateTreasuryAnalysis	Corporate Treasury Analysis		Group Treasury	service-domain	Finance And Risk Management	Track the consolidated treasury positions for the Bank (includes liquidity and capital adequacy) and initiate interbank and market trades and hedging as needed to remain within desired boundaries The Bank Treasury tracks the bank's consolidated liquidity position and initiates trading activity to remain within prudential limits	
CorporateTrustServices	Corporate Trust Services		Corporate Banking	service-domain	Products	Provide the range of fee based trust services, typically offered to high net-worth customers A high net worth client uses the bank to set up a tax optimized trust fund for his dependants	
Correspondence	Correspondence		Distribution	service-domain	Channels	This service domain handles the automated generation of (batches of) pre-formatted correspondence. It also handles the tracking of expected responses to sent out mail requests and handles the matching of the response and the onward routing of these and all unsolicited inbound correspondence. A mail shot is generated for a customer campaign with an identified list of candidate customers and using a standard sales message	
CorrespondentBank	Correspondent Bank		Clearing And Settlement	service-domain	Operations	This Service Domain handles incoming and outgoing payment clearing and settlement messages to the bank's correspondent banking partners. The actual message transmission is delegated to the Financial Message Gateway service domain. Correspondent Bank administers the mirror accounting for interbank payments undertaking the underlying account reconciliation tasks. Transfer funds from a customer account with the bank to an account with another bank.	
CorrespondentBankDataManagement	Correspondent Bank Data Management		Clearing And Settlement	service-domain	Operations	This service domain maintains reference details specific to a correspondent banking partner covering payment terms and preferences and security keys. It also consolidates transactional activity as might be needed to track reciprocity with the correspondent bank. Any specific arrangements and terms (e.g. SSIs) that might override market directory details are maintained here as part of the data record. Correspondent bank (reciprocal) activity is consolidated to support periodic correspondent banking relationship reviews	
CorrespondentBankRelationshipManagement	Correspondent Bank Relationship Management		External Agency	service-domain	Operations	Handle the negotiation, development and tracking of reciprocal correspondent relationships A bank establishes and maintains a correspondent relationship for international payments and trade finance representation in a foreign country	
CounterpartyAdministration	Counterparty Administration		Clearing And Settlement	service-domain	Operations	Maintain and provide access to the counterparty reference details to support trading/payment activity. This includes SWIFT addresses, standard settlement instructions that are published. The data is typically acquired using a market feed for the default values, but the facility can support the maintenance of specific details and instructions that apply to the counterparty relationship overriding the public default Back office clearing and settlement references the counterparty details to assemble a funds transfer as part of an equity trade using the counterparty details to generate the associated SWIFT based payment exchange	
CounterpartyRisk	Counterparty Risk		Credit Risk	service-domain	Finance And Risk Management	Maintain and administer a counterparty risk rating A back office function tracks transaction activity and external rating details to maintain counterparty credit ratings	
CreditCard	Credit Card		Cards	service-domain	Products	This service domain handles both credit and charge card fulfillment. The main functional difference being the different re-payment and credit handling structures of the two types of card product. Note that unlike a current accounts, card products are typically fulfilled through specialised credit card companies using a card network that links issuing banks and merchant acquiring banks for authorization, clearing and settlement activities.. Debit cards (i.e. devices to access a normal bank account) do not come under this Service Domain. An established card customer uses his or her credit card for a purchase and settles the balance of the card account at the monthly payment cycle	
CreditCardPositionKeeping	Credit Card Position Keeping		Cards	service-domain	Products	The Credit Card Position Keeping Service Domain holds the the positions of all credit cards-related accounts. This includes credit card accounts as well as card-specific clearing and settlement accounts. During card billing the booking of fees will be on Credit Cards Position Keeping, but the booking of the billing transactions (charging the customer) will be on Position Keeping. There will be a holding account in between to ensure synchronisation. During the clearing cycle of credit card transactions, the issuing bank does a number of final checks and if these are passed, the transaction is excuted. The card clearing process will invoke a Service Connection Execute Card Transaction" on Credit Card Transaction Execution, which will in turn invoke Service Connections on Credit Card Position Keeping to actually book the transaction in the cards world. Credit Card Transaction Execution will ensure that all operations of a credit card transaction are executed or none of them (1 transaction in terms of commitment control). Typically, the Service Connections on Credit Card Position Keeping could include:. - Record Debit Booking for Credit Card Account. - Record Credit Booking for Merchant Account. - Record Credit Booking for Card Network Fees. and also:. - Put Block on Credit Card Account"	
CreditCardTransaction	Credit Card Transaction		Cards	service-domain	Products	The Credit Card Transaction Service Domain manages credit card transactions during the course of their life, from the moment a transaction is initiated, i.e. a request for authorisation, to the moment it is archived. Through its lifecycle a card transaction passes through a number of states, like pending for authorisation, authorised or rejected, completed, cleared (= booked). Charge cards are to be seen as a special form of Credit Cards. An authorisation request from a PoS terminal creates a credit card transaction in a pending for authorisation status.. Authorisation by the issuing bank changes the status of the transaction to authorised.. Any subsequenctly executed Business Scenario moves the transaction one status further in its lifecycle.	
CreditCardTransactionExecution	Credit Card Transaction Execution		Cards	service-domain	Products	The Credit Card Transaction Execution Service Domain is responsible for the booking of the credit card transactions on the accounts in the cards world. It knows the different transaction types and the related booking sets. It will call Credit Card Position Keeping to create the debit and the credit bookings of a transaction. It will ensure that the bookings of a credit card transaction are executed completely or not at all (the latter in case of an exception). During the clearing cycle of credit card transactions, the issuing bank does a number of final checks and if these are passed, the transaction is executed. The clearing process will invoke a Service Connection Execute Cards Transaction" on Credit Card Transaction Execution, which will in turn invoke Service Connections on Credit Card Position Keeping to actually book the transaction in the cards world. Credit Card Transaction Execution will ensure that all operations of a credit card transaction are executed or none of them (1 transaction in terms of commitment control)."	
CreditFacility	Credit Facility		Corporate Banking	service-domain	Products	The Credit Facility Service Domain manages the Credit Facilities that a Corporate Customer has with the bank. A Credit Facility is an agreement between the bank and a (corporate) customer to allow the customer to acquire asset products from the bank up to the limit of the credit facility without the need for a full due diligence and underwriting for each of these products. Credit Facilities can have a hierarchy and they come under the overall Credit Limit for the customer, which is the bank-internal maximum credit exposure that the bank is willing to have with the customer. Credit Facilties can typically be used to attach trade financing products and also overdrafts in current account where quick processing is demanded by the customer. A Credit Facility is with one customer, but the overall Credit Limit under which Credit Facilities come, can be for more than one customer, typically belonging to one customer group. Credit Facilities within a Credit Facility hierarchy can be for different, but usually related, customers.	
CreditManagement	Credit Management		Credit Risk	service-domain	Finance And Risk Management	This service domain supports a central bank credit management function that maintains an overarching credit perspective across all bank activity. Transactions can be re-priced to factor in this credit perspective Example of use:. A corporate loan is presented for credit management pricing decisioning prior to completion of the offer process	
CreditRiskModels	Credit Risk Models		Models And Analytics	service-domain	Business Development	This service domain handles the development, maintenance and continual assessment and refinement of the collection of credit models that are deployed across the bank. This includes individual credit assessments and more complex analyses for merchants and companies/corporations. The models are used to derive credit scoring and support more involved credit analysis/insight development Example of Use:. A credit model is used to analyze product activity in order to refine then banks credit assessment of a customer	
CreditRiskOperations	Credit Risk Operations		Market Operations	service-domain	Products	Provide an execution level check of credit exposure for market trading activity A trading desk checks a proposed trade against trading credit limits	
CreditandMarginManagement	Credit and Margin Management		Market Risk	service-domain	Finance And Risk Management	Determine and refine credit and margin directives and policies to reflect the overall risk/reward appetite of the organization and govern credit decisioning Senior policy makers interpret the financial and risk strategies of the bank to determine specific credit and margin rules and policies	
CurrencyExchange	Currency Exchange		Consumer Banking	service-domain	Products	This is an over the counter service where currency is exchanged and the transaction uses preferential rates and can include transaction fees. Note in some cases travelers checks can be handled as a pseudo currency within this capability. Note that Branch and teller currency inventory tracking and distribution is administered by Branch Currency Management and Branch Currency Distribution service domains Example of use:. A non-bank customer obtains a currency exchange at the teller, buying foreign currency for local currency in cash	
CurrentAccount	Current Account		Consumer Banking	service-domain	Products	The Current Account or Demand Deposit Account as it can be called is a financial facility that represents the general checking account facility at the core of the consumer and small business banking activity. There is a range of supporting features that make up the standard facility (checks/cheques, standing orders, debit cards, phone and on-line banking services etc.). The fulfillment can include a range of optional services, fees and interest payments and penalties and will often be bundled and or underlie/support other financial facilities and financial transactions A customer processes a series of services (e.g., request printed statements, initiate a transfer, set up a standing order) through the call center by accessing their current account	
CustodyAdministration	Custody Administration		Custody, Collateral And Documents	service-domain	Operations	Administer the securities scrip (paper and electronic) holdings for a custodial arrangement. This includes administering the physical movements of securities, safe storage, the processing of associated dividends and interest and securities reporting Example of use:. A customer uses the banks custodial services to handle their investment portfolio holdings	
CustomerAccessEntitlement	Customer Access Entitlement		Cross Channel	service-domain	Channels	This profile is used for servicing and fulfillment controls covering products, services and channel/device usage entitlements. It is referenced for channel access control and utilization limits that may span multiple products. For example there can be a limit on total ATM withdrawals for a customer for all active products over a 24 hour period. A consumer customer contacts the call center and her access profile is used to determine what products and services can be accessed through this channel	
CustomerAgreement	Customer Agreement		Relationship Management	service-domain	Customers	The Customer Agreement service domain captures and maintains the master legal terms of conditions in force for a customer (which as noted can be a complex multinational with many underlying product and service specific agreements). An new customer's master agreement is established prior to negotiating and setting up the underlying product specific agreements	
CustomerBehaviorInsights	Customer Behavior Insights		Relationship Management	service-domain	Customers	This service domain references the range of customer historical data maintained by the Customer Event History service domain to develop behavioral insights into customers. This analysis can support sales and marketing activity (e.g. by determining the likely response to sales efforts based on passed performance) as well as identifying changes in status and behavior that might influence the desired product mix for a customer. The actual analysis routines are developed/maintained by the Customer Behavior Models service domain A regular analysis of customer event histories is used to update the maintained range of customer behavioral insights. The updated results are notified to the Customer Relationship Management and Party Profile Service Domains as appropriate	
CustomerBehaviorModels	Customer Behavior Models		Models And Analytics	service-domain	Business Development	This service domain handles the development, maintenance and continual assessment and refinement of the collection of customer behavior models that are deployed across the bank. This includes more general analyses for sales, operational behavior, relationship development and specific behaviors such as credit and fraud detection. Customer can cover consumer, corporate and merchant behavior for some behavioral models/scanners A customer 'propensity to buy model' algorithm is updated to take account of additional transaction utilization data that is available	
CustomerBilling	Customer Billing		Operational Services	service-domain	Operations	This service domain provides a general customer billing service. The service domain is provided with the applicable fees and charges that are authorized for invoicing typically by a product or service fulfillment service domain. Processing can include verification and authorizations steps and the invoice could be issued as a single transaction or a schedule of transactions. An invoice is raised for the fees and commissions applicable to a managed investment portfolio	
CustomerCampaignDesign	Customer Campaign Design		Marketing And Development	service-domain	Business Development	This Service Domain designs and refines customer campaigns (or integrates designs from external campaign specialists). Customer campaigns target the existing customer base and can be proactive (involving customer targeting, contact and solicitation) or self-service and include activities such as cross-sell, up-sell and retention. Version numbering is used to track the impact of changes made to campaigns over their usage. A retention campaign is updated to provide amended/improved pricing terms that can be offered to targeted customers to help retain their business after a poor response rate has been detected for the campaign	
CustomerCampaignExecution	Customer Campaign Execution		Sales	service-domain	Customers	Handle the deployment, execution and on-going refinement of a customer campaign. This includes many types of proactive customer campaigns such as up-sell, cross-sell and customer retention. The campaign execution process performs the initial selection and confirmation of candidate customers and includes providing critical feedback on the impact of the campaign to the design unit to support re-calibration and refinement of the specification based on practical experience A bank implements a targeted cross-sell campaign in the customer servicing center to generate additional sales	
CustomerCampaignManagement	Customer Campaign Management		Marketing And Development	service-domain	Business Development	Oversee the use and assess the coverage and impact of internal/customer campaigns. Direct customer campaign execution resources to maximize business impact and in response to any identified market opportunities and threats. Oversee campaign design and development activity. Customer Campaign Management identifies competitor activity that poses a threat to existing customers. Campaign design is initiated to develop a retention campaign to address the threat	
CustomerCase	Customer Case		Customer Care	service-domain	Customers	Case resolution tasks follow specific procedures for the type of case involved. Case resolution can be quick by applying resolution rules and obtaining additional authorization as necessary, or they can be long living activities, for example where documentation is requested and has to be retrieved from merchants or other interested parties before the disputed issue can finally be ruled upon. A wide range of case types can be expected A case resolution operator works through the resolution of a case, following the established process for the specific case - in this case a disputed charge that is below a threshold allowing the credit to be charged to the merchant	
CustomerCaseManagement	Customer Case Management		Customer Care	service-domain	Customers	Manage customer case handling, track the effectiveness and impact of case resolution. Evaluate and confirm that the decision making rules and thresholds are well balanced in terms of equitable determination with general customer and merchant acceptance of the process. Ensure and that sufficient and appropriately trained resources are available Customer case handling is assessed over a period and the rules and thresholds guiding resolution decisions recalibrated	
CustomerCreditRating	Customer Credit Rating		Relationship Management	service-domain	Customers	This service domain handles the derivation and maintenance of each customer's credit rating for both consumer and corporate customers. The internal rating can integrate externally provided credit details from credit scoring agencies with internal transactional data and relationship assessments. The credit rating will be maintained based on internal rules, but it is possible that a service will be offered to support an unscheduled recalculation of the credit score A customer calls the contact center wishing to know what mortgage offers they are eligible for. The customer servicing representative (CSR) uses the customer's internal credit assessment as one input to reference the Product Directory to retrieve the details of available products and terms	
CustomerEventHistory	Customer Event History		Relationship Management	service-domain	Customers	The service domain captures a wide range of customer events to build a comprehensive history of customer activity that can support subsequent behavioral analysis. This includes key sales/proposal events, relationship management events, product delivery events, detected customer triggers (typically gleaned during servicing dialogues) and possibly externally sourced customer activity. The assembled data is made available for behavioral analysis and for more general reference (as might be used for relationship management for example) A customer contacts the call center to enquire about account transactions and during the dialogue the servicing representative detects a life event (e.g. the customer is moving house). The contact details and life event are captured in the customer history	
CustomerOffer	Customer Offer		Sales	service-domain	Customers	The Offer Management Service Domain can process offers for all types of customers and any allowed combination of product or service. It references the Product Directory for the product specific offer instructions it must follow. The offer process may combine the selection of product/service specific details (e.g. pricing & negotiation ranges, documentation/authorization/regulatory requirements, eligibility and declarations, credit and other customer details), customer specific details (e.g. credit standing, other classifications such as operational overhead/retention target/activity history, demographics and segmentation). The service domain orchestrates a potentially complex/multi-threaded/multi stage workflow to get the offer to the point where the product/service can be initiated. An existing customer has discussed short term funding needs with the Financial Advisor and agreed in principle to taking out a corporate loan. The customer offer process is initiated and leads the advisor through the detailed checks, authorizations and documentation needed prior to the final set-up of the Corporate Loan	
CustomerPortfolio	Customer Portfolio		Marketing And Development	service-domain	Business Development	Maintain a portfolio of view of the customer base with key customer data and consolidated activity details to support profitability and performance analysis across many possible customer segment dimensions Business development review customer segment performance in order to target customer relationship management priorities	
CustomerPosition	Customer Position		Accounting Services	service-domain	Operations	Individual products will maintain different financial views for the customer. This service domain consolidates financial details from all in-force products and services in order to derive a consolidated financial view which can include current (real-time) positions and projected/estimated values. The consolidated customer position can cover aspects such as cash flows/balances, credit and collateral positions and may derive actual and estimated/projected values The banks maintains and analyses the consolidated position for a customer across all accounts products and services	
CustomerPrecedents	Customer Precedents		Relationship Management	service-domain	Customers	Maintain/track the status of customer precedents A range of precedents and terms needs to be tracked and applied across the different products and services to ensure compliance with regulatory and contractual terms.	
CustomerProductandServiceEligibility	Customer Product and Service Eligibility		Relationship Management	service-domain	Customers	This Service Domain maintains a list of products and services for which a customer is eligible. This could include products and services that the customer has had in the past. In order to update the list, periodically or at certain events, the Service Domain calls Product Matching to find additional products for which the customer is eligible. Once a customer acquires a product or a service, this is removed from the current list and added to the customer's recording in Customer Products and Services. - Customer Relationship Management re-asseses the eligibility of a customer during a periodical customer analysis.	
CustomerProductsandServices	Customer Products and Services		Relationship Management	service-domain	Customers	This Service Domain maintains the most important data of all products and services that a customer has acquired from the bank. As such it maintains data of current and past products and services. It is the only domain in the model that can provide information on a customer's current products and services. - Customer Offer inquires on products and services that a customer currently has in order to show them to the customer and help him or her decide on any new product (-variant).. -  A customer acquires a product from the bank. The product is added to his or her list of products in Customer Products and Services.	
CustomerProfile	Customer Profile		Cross Channel	service-domain	Channels	The customer profile service domain is used to tune the customer experience during any real-time interaction with the bank. A collection of status indicators, ratings and alerts can be maintained that are then used to influence the routing and servicing decisions that govern the customer interaction. For example a status indicator could include a warning that the account is in distress which would limit sales activity and might result in routing a contact to a specialist account recovery servicing facility. The identity and active status of a customer is checked as they present themselves on-line to access their bank account	
CustomerProposition	Customer Proposition		Relationship Management	service-domain	Customers	Support customer feature specific product fulfillment The bank implements a service fee waiver that applies to all of the products for a customer.	
CustomerRelationshipManagement	Customer Relationship Management		Relationship Management	service-domain	Customers	This function handles managed customer relationships. There will typically be a customer development plan and budget/targets for higher value customers. The function may draw on external market insights as well as internal product and service fulfillment to track performance and trigger contact when appropriate. The function is a key source of business development providing product/service matching and awareness. As the primary point of contact the relationship manager can help in issue resolution and trouble shooting. Relationship management applies to corporate and high net-worth clients. Automated knowledge-based facilities may offer some relationship management functions at the consumer banking level in particular for sales and marketing A corporate customer relationship manager reviews recent activity for a customer and notices that levels of activity are trending lower. Possible external (market) and internal (servicing/ fulfillment) activities are reviewed for possible causes. A meeting is scheduled to determine the reason and if any banking products/ services could help or are at further risk	
CustomerSurveys	Customer Surveys		Marketing And Development	service-domain	Business Development	Handle the deployment, execution and on-going refinement of customer surveys. This includes many types of survey including traditional mailshot questionnaires, in production review/feedback solicitation, review panels/focus groups. The survey execution process performs the survey definitions,  selection of reviewers, surveying and post survey analysis A bank develops a customer questionnaire to obtain feedback from customers that make frequent use of the self-service contact center facility for service improvement suggestions	
CustomerTaxHandling	Customer Tax Handling		Accounting Services	service-domain	Operations	There are different tax tracking and reporting obligations for products and services in different locations and jurisdictions. This service domain handles the consolidation and reporting of tax related activity as necessary for a customer. Note that this service domain is only responsible for the consolidation and reporting of tax related activity - other service domains will be required to handle actual tax processing obligations as may apply for certain products and services A consumer customer is provided with a year end tax report for products and services provided by the bank	
CustomerWorkbench	Customer Workbench		Cross Channel	service-domain	Channels	This service domain handles the distribution and operation of a client device based/resident facility to support local working and access to the banks different products and services. It allows for the customer to maintain information and configuration settings remotely to govern their own access environment as necessary. The service domain operates outside the bank but is included in the landscape as it may run application capabilities that are either provided by or certified for use by the bank. A customer downloads an end-user financial management application offered by the bank	
DealerWorkbench	Dealer Workbench		Market Trading	service-domain	Products	Operate a dealer workbench, combining information feeds, deal capture, blotter, pricing tools and P&L analysis - this collection of capabilities is often referred to as the dealer position A trader assembles market price and news data, analyses a number of managed positions and determines and executes trades to benefit. The trading activity is tracked to maintain the trader's cumulative P&L position	
DelinquentAccountHandling	Delinquent Account Handling		Operational Services	service-domain	Operations	This service domain determines and executes strategies for eliciting payment from high risk accounts. These strategies may include communicating with the customer through text messages, emails or phone calls. The account may continue to maintain some facilities at this stage. Eventually it can be necessary to reduce the credit line or block the account to prevent further increase in risk, or to cancel theaccount and transfer it to Collections. When a Card Account is assessed to be at a high risk of default, such as a Charge Card Account with high out of pattern outstandings or a Credit Card Account with significant aged balances, attempts are made to elicit the payment of the outstanding amounts or to limit further increase in risk through optimal strategies for contacting the customer and inducing payment of the outstanding amount.	
DevelopmentEnvironment	Development Environment		Solution Development	service-domain	Business Development	Select, maintain and operate the required combination of software development and operation tools, infrastructure and environments (includes version management) A new version of a development environment is released into development	
DirectDebit	Direct Debit		Corporate Banking	service-domain	Products	This service domain processes the creditor side of direct debit processing. Typically a creditor will submit a batch of direct debit requests. The process checks the required service mandates are in place and initiates the payment processing. It tracks payment and reports on completion or other processing issues that might arise (such as insufficient funds available). Example of use:. A corporate customer submits a batch of direct debit instructions for customers with accounts held at the bank	
DirectDebitMandate	Direct Debit Mandate		Corporate Banking	service-domain	Products	Customer mandates are administered/managed that are associated with a direct debit processing facility provided for a corporate client. The individual customer mandates are registered and may be updated/amended. The mandates are referenced to confirm coverage when direct debit processing is undertaken periodically A customer completes a direct debit mandate for a corporate client that is registered	
Disbursement	Disbursement		Operational Services	service-domain	Operations	This service domain handles the disbursement of funds typically for different loan facilities. Though typically a rather simple service it is modeled as a discrete service center as many banks handle disbursements from a specialist unit A disbursement is processed at the closing of a new loan	
DiscountPricing	Discount Pricing		Product Management	service-domain	Business Development	Maintain a current price list (with ranges and optional terms) by product/customer type for exceptional pricing conditions that override standard pricing as would be derived from the standard product specification A short term discount (waived fees) is put in place for a product at selected university campus locations as part of an effort to attract new student customers	
DocumentLibrary	Document Library		Custody, Collateral And Documents	service-domain	Operations	This service domain handles the status tracking, classification, recording/copying (for all media) storage and retrieval of all active documents of significance. It can include document services that retrieve documents from external sources on request. This can combine physical but more commonly electronic storage, retrieval and distribution of important and/or legally significant documentation. It delegates to the service domain Archive Services for longer term storage needs A legal significant document is created during product fulfillment. It is classified and stored for subsequent reference as may be required	
DocumentServices	Document Services		Custody, Collateral And Documents	service-domain	Operations	The Document Services Service Domain manages the creation and maintenance of documents throughout the bank. As such it knows all document types and upon creation it fills in the variable content as supplied by fulfilment or orchestrating Service Domains. The domain is able to verify if documents that come from an outside source (customer) are valid for the purpose for which they have been submitted.. Sending of a document after creation is handled by Correspondence and storing by Document Library. A customer opens a savings account online. After recording and verifying all data supplied by the customer, a sales product agreement is created by Document Services and delivered to the customer via the web session as .pdf.	
Dunning	Dunning		Operational Services	service-domain	Operations	Handle the dunning cycle for a loan account that is behind payments Handle the dunning process to resolution for a lapsed loan account	
ECMAndDCM	ECM And DCM		Corporate Finance	service-domain	Products	The service domain provides fulfillment services for the issuance of primary market equity and debt capital market instruments for corporate customers. It supports both private and public (IPO) placements and covers the specification, pricing and placement activities associated with issuance. (it does not include secondary market trading of the instrument) A corporate customer raises capital through issuing corporate debt in the private capital markets	
EconomicCapital	Economic Capital		Market Risk	service-domain	Finance And Risk Management	Develop, maintain and apply models that combine the overall risk over different risk types to determine the consolidated risk position for the bank Financial engineers define and apply models that consolidate the overall risk exposure for the bank to determine a complete estimate of exposure	
EmployeeAccess	Employee Access		Human Resources	service-domain	Resource Management	Administer the systems and information access profile and authorities of an employee A new employee is given access to production systems and facilities matching their position	
EmployeeAssignment	Employee Assignment		Human Resources	service-domain	Resource Management	Orchestrate the assignment of individuals and groups to work tasks and positions, track current and projected utilization to inform resource planning and performance assessments New employees are formally assigned to business unit headcount	
EmployeeBenefits	Employee Benefits		Human Resources	service-domain	Resource Management	Administer eligibility, subscription membership and access to employee benefits such as pensions, healthcare, holiday entitlement & services, personal finance advice, child care, counseling etc. A current employee requests services under their benefits entitlement	
EmployeeCertification	Employee Certification		Human Resources	service-domain	Resource Management	Test, confirm and certify employees for recognized and qualitative skills, qualification and experience measures (e.g. education and industry qualifications, general skills, experience based inferred skills) An employees qualifications are checked and added to the employees profile	
EmployeeDataManagement	Employee Data Management		Human Resources	service-domain	Resource Management	Maintain a comprehensive record of employee related details covering status and demographic attributes along with summary qualification, performance and appraisal data etc. to support workforce and individual management and administration activities The employee record for a new recruit is created with all known details	
EmployeeEvaluation	Employee Evaluation		Human Resources	service-domain	Resource Management	Periodically develop a fact based assessment of employee performance, matched to agreed staff performance goals. Combine appraisal input from managers, peers, managed employees and external customers and evaluation agents as appropriate An employees annual performance review is undertaken by unit management	
EmployeePayrollAndIncentives	Employee Payroll And Incentives		Human Resources	service-domain	Resource Management	Administer the payment of salary, commission and incentives (includes stock/option grants) in compliance with the employment contract and discretionary awards Monthly payroll processing consolidates commission, bonus and expense repayment details	
EmployeeandContractorContract	Employee and Contractor Contract		Human Resources	service-domain	Resource Management	Negotiate and maintain the employment contract for full, part time and contract workforce members A new employees contract is set up	
EnterpriseTaxAdministration	Enterprise Tax Administration		Financial Control	service-domain	Finance And Risk Management	Determine and optimize (though booking and allocation opportunities) the tax position of the enterprise and its subsidiaries Determine tax obligation and optimization approaches for the enterprise and subsidiaries	
EquipmentAdministration	Equipment Administration		Buildings And Equipment	service-domain	Resource Management	Track the operational state and administer assignment, maintenance and movements/inventory of available office equipment (printers, NW, Faxes, Shredders, kitchen etc..) A range of office equipment is replaced as better lease terms and performance are available from an alternate supplier	
EquipmentMaintenance	Equipment Maintenance		Buildings And Equipment	service-domain	Resource Management	Administer the regular and ad hoc maintenance and repair of office equipment (typically excludes IT) Regular scheduled maintenance and consumables provision is undertaken for office equipment at a location	
Factoring	Factoring		Corporate Banking	service-domain	Products	Factoring services allows for a bank to buy a customers sell accounts receivable at discount to provide advanced income to improve short term liquidity The Bank buys (factors) a batch of customer invoices to provide short term liquidity	
FiduciaryAgreement	Fiduciary Agreement		Loans and Deposits	service-domain	Products	Fulfillment of an arrangement (such as investment management of a trust fund) on behalf of a customer where the banks acts their trusted proxy and acts in compliance with the specific terms of the fiduciary arrangement Example of use:. A customer established a fiduciary arrangement with the bank to manage an investment portfolio in accordance with agreed investment guidelines	
FinancialAccounting	Financial Accounting		Accounting Services	service-domain	Operations	The Financial Accounting Service Domain takes in financial facts and based on these, creates accounting instructions. It lives in the accounting world of the bank and can access the banking, cards and securities worlds only for retrieve operations. It knows and maintains the chart of accounts and it can create accounting instructions that will update the general ledger and sub ledger accounts.. Examples of financial facts are the opening of a loan account, revaluation of collateral and periodically (e.g. daily): position changes as a result of payments transactions. - Upon opening of a consumer loan account the fulfillment Service Domain will use a generic Service Connection Update GL Accounts" to trigger Financial Accounting to record the new general ledger of sub ledger accounts.. - At the end of a day's banking operations Financial Accounting will retrieve all of today's bookings on Position Keeping and create (summary) entries for the general ledger and sub ledger accounts."	
FinancialCompliance	Financial Compliance		Financial Control	service-domain	Finance And Risk Management	Track the resolution of detected non compliance finance activities and instances A business unit misses its first qtr targets and reacts with corrective actions that are tracked	
FinancialControl	Financial Control		Financial Control	service-domain	Finance And Risk Management	Review and confirm the correct booking and financial conformance of financial activity to agreed budgets and procedures across the business units of the enterprise The finance department reviews business unit performance to budgets and directs the revision of budgets	
FinancialGateway	Financial Gateway		Channel Specific	service-domain	Channels	This service domain supports the operational connections with the range of financial networks that support interbank and financial institution connectivity. This includes SWIFT, ACH gateways, and market exchange/regulatory reporting connections. The service domain does not create content itself, it provides a message exchange service between (financial) institutions for various units within the bank. It may format messages and maintain and apply authentication and encryption keys to the transmitted messages and necessary. It also provides operational message recovery and retransmission facilities as appropriate During the 24 hour cycle, the bank's 'wire room' unit establishes the connections with the different payments, SWIFT and reporting networks	
FinancialInstrumentReferenceDataManagement	Financial Instrument Reference Data Management		Information Providers	service-domain	Channels	Maintain a central reference directory of market traded asset/instrument details. The details are typically captured from one or more market feeds that publish market asset/instrument details but can include handling necessary internal processing in response to reported corporate events such as stock splits that impact the asset beyond simply updating the reference details A corporate financial advisory project references different instrument specifications when assembling a structured financial approach to the customer financing needs	
FinancialInstrumentValuation	Financial Instrument Valuation		Market Operations	service-domain	Products	Provide securities valuation services, including mark to market and other pricing mechanisms A selection of market assets are valued using a number of valuation perspectives	
FinancialInstrumentValuationModels	Financial Instrument Valuation Models		Models And Analytics	service-domain	Business Development	Develop and maintain a portfolio of valuation models considering currency, interest rate, instrument quotes, indices, commodity prices and other market, liquidity and credit risk factors. Support the use of these models in trading and pricing activity Financial engineers assess the coverage and currency of the portfolio of valuation models and update certain models accordingly	
FinancialMarketAnalysis	Financial Market Analysis		Information Providers	service-domain	Channels	Analyze available sources of internal and external financial market information and research to develop insights and opinions on any aspect of financial market activity and pricing Example of use:. A competitor financial pricing analysis is requested for a company issuing corporate paper	
FinancialMarketResearch	Financial Market Research		Information Providers	service-domain	Channels	Consolidate financial market information from a variety of sources and optionally organize the consolidated information to align to different topics or categories for subsequent selection and analysis (see Financial Market Analysis) An investment portfolio manager obtains financial market research to support portfolio rebalancing decisions	
FinancialMessageAnalysis	Financial Message Analysis		Channel Management	service-domain	Business Development	Track and analyze financial message traffic to identify anomalies and potential fraudulent activity A pattern of financial message traffic for a major counterparty is analyzed to reveal possible fraudulent behaviors	
FinancialStatements	Financial Statements		Financial Control	service-domain	Finance And Risk Management	Consolidate and present the enterprise financial statements: this includes the balance sheet, statement of cash flows, statement of retained earnings and the income statement The finance unit assembles the key financial statements for the enterprise for audit review and acceptance, tax and regulatory reporting	
FixedAssetRegister	Fixed Asset Register		Buildings And Equipment	service-domain	Resource Management	Maintain a central register of fixed assets, tracking status and applying appropriate depreciation to value representation Newly acquired assets are registered as they are allocated to specific business units	
FraudDiagnosis	Fraud Diagnosis		Accounting Services	service-domain	Operations	Analyze suspect transaction with Customer behavior information across product portfolio, using Expert Systems /Artificial Intelligence and/or manual review, including customer contact to determine if transaction is fraudulent.  Further apply Economic Model to determine transaction disposition and notify applicable Product Fulfillment SDs. Out of pattern card use is detected and the details passed for analysis. The analysis determines there is a high probability of fraud recommending appropriate containment actions	
FraudEvaluation	Fraud Evaluation		Accounting Services	service-domain	Operations	This service domain handles the structured execution of fraud detection tests/routines that are used to identify possible fraud by detecting out of pattern behaviors. The tests may run in-line with production or may access transaction logs as appropriate. Detected anomalies are passed for further analysis and resolution. Example of use:. Card transactions are subjected to an array of fraud pattern test to detect 'out of pattern' behavior - anomalies are highlighted for analysis	
FraudModel	Fraud Model		Models And Analytics	service-domain	Business Development	Analyze history of transactions and fraud cases  to discern fraud patterns and develop Rule sets, Decision Trees, and Machine Learning/Predictive models to identify out of pattern transactions or events and their fraud risk score. Support the use of these models and rules in different production contexts and refine the models in response to new and changing patterns A customer fraudulent card use' algorithm is updated to take account of additional transaction utilization data that is available"	
FraudResolution	Fraud Resolution		Credit Risk	service-domain	Finance And Risk Management	Setup and update Fraud Case and handle investigation and resolution steps, which may involve initiating containment actions, obtaining documentation, performing forensic investigation and actions, determining liability, initiating resolution actions such as reversals and financial adjustments, subscribing and publishing to Consortia, determining root cause and initiating corrective/preventive actions. The Fraud Case may be opened by Product/Channel Facility,  Fraud Diagnosis or by Customer Case. A pattern of possible fraud is highlighted in transaction records that is researched and evidence of fraud discovered. Prosecution/resolution activity is initiated	
GapAnalysis	Gap Analysis		Market Risk	service-domain	Finance And Risk Management	Maintain and track projected consolidated cash flows to support evaluation and management of currency and interest rate risk positions, the bank's overall dispositive liquidity risk A risk management unit/group treasury assembles and maintains the currency and interest rate maturity ladders for the trading function	
GuidelineCompliance	Guideline Compliance		Compliance	service-domain	Finance And Risk Management	This service center administers the activity of a specialists tasked with testing and confirming guideline compliance. Compliance tests may include document reviews, more detailed transaction analysis and may involve interactions with the unit under test to obtain additional detail/explanation. Guideline compliance is typically focused on larger value investment and loan activities, confirming transactions are executed in alignment with management guidelines and prudential policies. A loan origination process is submitted for guideline compliance checks prior to completing the origination/loan closure process	
HedgeFundAdministration	Hedge Fund Administration		Corporate Finance	service-domain	Products	Administer hedge funds, allocate and rebalance the fund in response to market activity and funds sales and disbursements Changes in fund ownership and market conditions result in a number of trading requests to rebalance the fund	
HumanResourcesDirection	Human Resources Direction		Business Direction	service-domain	Business Management	Develop and enforce HR policies and the overall HR plan for the enterprise (in coordination with subsidiaries and divisions as necessary) The HR division defines and oversees the adoption of the HR policies and guidelines for the enterprise.	
ITStandardsAndGuidelines	IT Standards And Guidelines		Solution Development	service-domain	Business Development	Develop, maintain and enforce IT architectures, systems related policies and standards as appropriate. Select from industry standards, commercially available development and production environments, infrastructure platforms, systems development and deployment tooling and IT utilities/libraries. Define the IT acquisition, development, maintenance and usage guidelines and policies governing systems development and production use across the enterprise Example of use:. A review of available IT tooling is performed to identify recommended tooling for application development	
ITSystemsDirection	IT Systems Direction		Business Direction	service-domain	Business Management	Define, communicate and direct the execution of the IT strategy and plan in support of the broader enterprise business strategy, plan and policies The IT unit develops its plan and budget for systems development and operations for the business	
InformationProviderAdministration	Information Provider Administration		Channel Management	service-domain	Business Development	Administer the information feed configuration and service agreement with the commercial information providers including subscription and service payment authorization activities A bank subscribes to a real time market feed and administers the distribution to entitled employees	
InformationProviderOperation	Information Provider Operation		Information Providers	service-domain	Channels	Operate the interface for importing data feeds from commercial information providers and internal broadcast pages A trader has subscribed to and references market price feeds at their trading desk	
IntellectualPropertyPortfolio	Intellectual Property Portfolio		Intelectual Property And Knowledge	service-domain	Business Development	Administer the consolidated portfolio of intellectual property, ensuring entitlement and associated patent or copyright mechanisms are adopted and enforced. Leverage IP through licensing as appropriate Example of Use:. A product design innovation is registered as intellectual property	
InteractiveHelp	Interactive Help		Servicing	service-domain	Channels	Operate the automated facility that provides interactive help and guidance for servicing to employees and self-service customers. The facility automatically determines the context for the help request and selects stored guidance that is presented to the user. The initial selection can be dynamically refined by the user to focus in on specific requirements as necessary. User feedback as to the content and coverage of the guidance can be captured A new customer servicing representative obtains guidance for a product fulfillment issue raised during a customer contact	
InterbankRelationshipManagement	Interbank Relationship Management		External Agency	service-domain	Operations	This function handles managed interbank relationships. The are a range of relationship considerations that may apply between banks covering trading arrangements, joint ventures, clearing and settlement arrangements etc. The Interbank Relationship Management function acts as a relationship planning and coordination point to facilitate interbank interactions A partner bank is contacted to review a major project opportunity. . The interbank relationship management function is used to coordinate contacts for a joint venture marketing opportunity between the banks.	
InternalAudit	Internal Audit		Corporate Services	service-domain	Business Management	This service domain administers the scheduled and ad-hoc application of internal audit and compliance reviews. This includes interpreting the banks policies and procedures that guide all aspects the bank's operations and determining which guidelines apply in specific circumstances across the enterprise. Support for interpreting guidelines are provided to activities in the bank that are subject to audit and scheduled and ad-hoc checks performed to confirm compliance Example of use:. A periodic audit of a processing unit is undertaken and remedial corrections to procedures recommended to improve compliance	
InternalBankAccount	Internal Bank Account		Operational Services	service-domain	Operations	The Internal Bank Accounts Service Domain manages holding accounts, mirror accounts, etc. that are required for the booking of that part of a transaction in the bank world (so not in the accounting world) that is not to be booked on a customer account. This is typically the case when amounts cannot immediately be booked on a final account for duty seggregation or processing reasons or in order to mirror bookings on external accounts, like nostro accounts. The settlement of an on outgoing credit transfer via SWIFT is done by instructing a correspondent bank to debit the amount from the account this bank has with the correspondent bank. In this bank's books a nostro account (Internal Bank Account) will be used to mirror this booking on the account with the correspondent.. At the creditor bank, in the case of an outgoing direct debit instruction, the Corporate Current Account of the customer (the creditor) will be credited immediately and the amount will be booked debit on a holding account (Internal Bank Account), to be cleared when the settlement from the debtor's bank comes in.	
InternalNetworkOperation	Internal Network Operation		Platform Operations	service-domain	Resource Management	Operate the internal data/communications network, including the administration of access rights to productivity packages/applications and production system and production data access The internal network is operated during the day with users able to access applications, productivity and web based tools	
InvestmentAccount	Investment Account		Custody, Collateral And Documents	service-domain	Operations	The Investment Account is a facility used to maintain the non-cash holdings for a customer. It handles the deposit and withdrawal of securities and can maintain records for multiple securities/instruments. It also reflects the results of corporate actions as handled/orchestrated by the Corporate Events Service Domain (such as dividend payments, splits, etc.) An investment customer maintains an investment portfolio and the holdings are maintained in the Investment Account	
InvestmentPortfolioAnalysis	Investment Portfolio Analysis		Investment Services	service-domain	Customers	Perform scheduled and ad-hoc performance analysis on a customer's investment portfolio. This can include different types of analysis and performance comparisons A relationship manager requests an investment portfolio performance analysis prior to a regular client meeting	
InvestmentPortfolioManagement	Investment Portfolio Management		Investment Services	service-domain	Customers	Orchestrate the investment/ rebalancing of an investment portfolio to optimize gains remaining within the terms of the portfolio 'charter' or agreement An investment manager monitoring the markets determines that an identified opportunity can be exploited for the portfolio, remaining in line with the portfolio policies	
InvestmentPortfolioPlanning	Investment Portfolio Planning		Investment Services	service-domain	Customers	Agree the customer investment portfolio governing principles, risk appetite, management/trading guidelines and target portfolio profile. Identify any desired/target and 'out of bounds' securities/sectors. Ensure disclosures and related eligibility, suitability and other regulatory obligations are addressed and reflected in the agreement A relationship manager established the investment agreement for a customer that is setting up a managed investment portfolio	
InvestorRelations	Investor Relations		Corporate Relations	service-domain	Business Management	Maintain investor relations, publish annual reports, interim statement and host investor meetings as necessary and appropriate Investor presentation is organized to present the annual report	
IssuedDeviceAdministration	Issued Device Administration		Operational Services	service-domain	Operations	This service domain administers the inventory management and allocation/issuance for all issued devices and materials (e.g. cards). This covers credit/debit cards and can include other identification/authentication devices such as keychain fobs. it also handles virtual token inventory such as passwords, secret questions and biometric records (signatures, voice/image). An aspect of the administration includes maintaining device reference details and states such as operating system release and age/duration in use. Specific product/service access permissions can be associated with an issued device A card is cancelled and a replacement card is generated and issued for a customer reporting a stolen card	
IssuedDeviceTracking	Issued Device Tracking		Operational Services	service-domain	Operations	This service domain tracks and reports on the state (e.g. suspended, flagged for possible fraud, cancelled) for all issued devices. This covers credit/debit cards and can include other identification devices such as keychain fobs and virtual authentication devices such as electronic signatures, passwords and keys. It may use an external service provider to obtain notifications and is responsible for providing notifications to external services when the bank detects problems with its own issued devices A tracking service notifies the bank that one of its issued authentication devices has been detected in a fraudulent transaction. The bank suspends the device and initiates a fraud case to diagnose and resolve the situation	
KnowledgeExchange	Knowledge Exchange		Intelectual Property And Knowledge	service-domain	Business Development	This service domains implements a general facility that enables the enterprise to consolidate, classify and provide structured access to all types of information gleaned from the workforce during their day to day execution of business. This includes market intelligence, product and procedural insights and expertise, identified competitor and customer practices and insights and any other form of general knowledge of potential value to inform business activity and support continual improvement Example of use:. An employee identifies a way to streamline some aspect of customer servicing and publishes the approach to the knowledge base for consideration and comment from their peers	
LeadandOpportunityManagement	Lead and Opportunity Management		Sales	service-domain	Customers	This service domain captures, evaluates and progresses identified lead/opportunities that may arise during customer relationship development, sales, servicing and fulfillment interactions. It will clarify and confirm the customer's interest and check that the product is suitable and the customer eligible prior to initiating the formal offer process (see service domain Customer Offer) A lead is identified during a customer servicing interaction and the lead captured for subsequent follow-up	
Leasing	Leasing		Loans and Deposits	service-domain	Products	The Service Domain fulfills a general leasing arrangement for a single leased product or facility. The bank will take a collateral interest in the leased item to underwrite the associated loan/lease arrangement Example of use:. A customer requests a leasing arrangement to support the acquisition of equipment	
LeasingItemAdministration	Leasing Item Administration		Loans and Deposits	service-domain	Products	This service domain handles the oversight, administration and confirmation that any required maintenance tasks that are associated with a leased item that is the subject of a leasing agreement financed through the bank. This can include scheduled and ad-hoc item valuations, status/documentation and title checks and tracking upkeep actions that the item owner is obliged to undertake (such as obtaining certification and insurance) Example of use:. The bank reviews the maintenance schedule for a major piece of equipment leased by a customer with bank financing to confirm that preventative maintenance has been undertaken as required and that the equipment is being used as intended	
LegalCompliance	Legal Compliance		Corporate Services	service-domain	Business Management	This service domain oversees legal compliance related considerations for the bank. This includes interpreting the laws that govern the bank's operations and determining which laws apply in specific circumstances across the enterprise. Support and guidelines are provided to activities in the bank that are subject to specific laws and support given to address legal matters that might arise A new product design is checked against the prevailing financial laws for the target jurisdictions of delivery	
LegalEntityDirectory	Legal Entity Directory		Party Reference	service-domain	Customers	Maintain the legal entity structure including ownership, subsidiaries and partnership details Party legal entity details are checked for the financial booking of a major loan	
LetterofCredit	Letter of Credit		Trade Banking	service-domain	Products	Orchestrate the pricing and issuance of Letters of Credit (typically associated with trade finance activity) An LC is raised to support a large international trade deal	
LimitandExposureManagement	Limit and Exposure Management		Market Risk	service-domain	Finance And Risk Management	Oversee corporate limits and exposures for the combined business activity Product fulfillment activity triggers limit and exposure checks	
LiquidityRiskModels	Liquidity Risk Models		Models And Analytics	service-domain	Business Development	Develop and maintain models for dispositive and structural liquidity risk management, including liquidity gap analysis, Liquidity at Risk (LaR) and Liquidity Value at Risk (LVaR). Financial engineers develop and refine liquidity risk management models	
Loan	Loan		Loans and Deposits	service-domain	Products	The loan product represents a generic loan capability that may include different properties/features depending on a bank's preferences and policies. The loan may or may not be secured by collateral. Example of use:. An established and valued bank customer applies for and gets a loan for a home improvement project.	
LocationDataManagement	Location Data Management		Party Reference	service-domain	Customers	The maintenance of location details is used to check the validity, allowed use and occupancy of locations - both physical and virtual. This information can be augmented using external directory services when appropriate. The information is used for authentication and security purposes, and can also be used for interactive location based sales and marketing when combined with location tracking services/capabilities A new prospect provides an address as their place of residence. It is checked to be a valid/known location for residential use.	
ManagementManual	Management Manual		Intelectual Property And Knowledge	service-domain	Business Development	This service domains handles the development and distribution of the enterprise management manual. The manual covers all procedures in place at the bank that are to be adopted followed in specific situations. It provides guidance on required actions, responsibilities and accountability to ensure the integrity of the banks operations Example of use:. Operational procedures to be followed when handling sensitive customer information are amended to reflect updated regulatory requirements	
MarketAnalysis	Market Analysis		Marketing And Development	service-domain	Business Development	This service domain supports the broad range of market analysis needed to support business management decisions across the bank. It draws on external market research and internally generated business information as necessary. It is used to develop insights into market trends and potential opportunities/threats. It may also be used to evaluate key events that might impact the bank's business directly or that of important customers and customer segments. A standard set of analytical views can be defined that are maintained. Furthermore the service domain may provide ad-hoc/customized analysis services Example of use:. External market research is used to develop competitor analysis for bank products as input to a prospect campaign development	
MarketDataSwitchAdministration	Market Data Switch Administration		Channel Management	service-domain	Business Development	Administer the internal information distribution 'switch' with external and external market information feeds and associated employee access rights. Note this can include 'brokering' information access on a first come first serve basis for limited active user number feed services A new employee is provided with the standard access to information feed at their trading desk	
MarketDataSwitchOperation	Market Data Switch Operation		Information Providers	service-domain	Channels	This facility handles the real-time operation of the market information dissemination switch that is typically used to support trading and investment functions. It references the access entitlement to services for users maintained by the Market Data Switch Administration service domain (there can be complex rules governing access to various feeds). The dissemination mechanism/switch may support composite pages of data and interactive service requests. It may also support internally published information such as bank rates defined by the bank's treasury unit Example of use:. A bank trader request access to a market data feed at their dealing position during a trading session	
MarketInformationManagement	Market Information Management		Information Providers	service-domain	Channels	Consolidate market information from multiple sources and in any suitable media/format in order to build a bank financial market knowledge-base. The service domain activities include maintaining, refining, qualifying/verifying and presenting information in order to improve the quality of the available market intelligence within the bank The bank consolidates multiple sources of private company merger and acquisition activity in order to maintain a view of private company players in a target sector	
MarketMaking	Market Making		Market Trading	service-domain	Products	Orchestrate the market making of a security (matching buy to sell orders typically through coordination with a stock exchange) A financial institution acts as the market maker for a number of market assets/securities. Buy and sell trades are automatically captured and the pricing adjusted to maintain a limited net position by influencing buy/sell decisions	
MarketOrder	Market Order		Market Trading	service-domain	Products	Market Order records an instruction from a customer or his or her representative (which could be an account manager in the bank) to buy or sell securities. It follows the order during its lifetime and reports back to the requestor on the execution.. In case of a sell order it puts a block on the investment account when the order is placed. This block will be removed when the order is executed or when it expires.. A market order may be broken into multiple market trades or combined with other market orders for a block trade at the bank's discretion A customer decides to sell shares from his or her investment account. The customer issues a sell order and a market order is created with the status pending. A block is put on the seller's investment account for the amount of shares in the order. Market Order places the order and waits for a confirmation of execution.. Once the bank is informed on successful execution, the status of the market order is changed to executed and the Service Connection Execute Securities Transaction" on Market Order Execution is invoked. Market Order Execution will in turn call Securities Position Keeping to realise the sale in numbers of shares on the involved accounts."	
MarketOrderExecution	Market Order Execution		Market Trading	service-domain	Products	The Market Order Execution Service Domain is responsible for the booking of securities transactions (e.g. resulting from market orders or some types of corporate actions) on investment accounts, so in terms of security name plus quantity. Market Order Execution knows the different transaction types and the related booking sets. It will call Securities Position Keeping to create the debit and the credit bookings of a transaction. It will ensure that the bookings of a securities transaction are executed completely or not at all (the latter in the case of an exception).. The execution of a market order may be in parts (trades) or it may be combined with other market orders for a block trade. The Service Connection Execute Market Order" on this Service Domain handles the execution of (an undivided part of) one Market Order.. A securities transaction will have a related money transaction. This will be handled by Payment Order - Payment Execution." A customer decides to sell shares from his or her investment account. The customer issues a sell order and a Market Order is created with the status pending. Market Order will instruct Securities Position Keeping to put a block on the seller's investment account for the amount of shares in the order. Up to this point Market Order Execution is not involved.. Once the bank is informed on successful execution, the status is changed to executed and the Service Connection Execute Securities Transaction" on Market Order Execution is invoked. Market Order Execution will in turn call Securities Position Keeping to realise the sale in numbers of shares on the involved accounts and remove the block from the seller's investment account.. NB In the case of a buy order a block will be put on the buyer's investment-related cash account. Removal of this block will be handled by the related money transaction."	
MarketResearch	Market Research		Marketing And Development	service-domain	Business Development	This service domain supports general market research for a wide range of uses and sources - including customer and competitor activity and related market assessments. It can combine subscribing to and consolidating market research with supporting on-line/interactive access to market news sources (general, not financial market). A more sophisticated implementation will support specific market information requests and the consolidation of gathered intelligence A market research department handles the access and consolidation and classification of market research	
MarketRiskModels	Market Risk Models		Models And Analytics	service-domain	Business Development	Develop and maintain a portfolio of market risk models including currency, interest rate, instrument quotes, indices, commodity prices and other market and macro-economic risk factors. Support the use of these models in trading and pricing activity Financial engineers assess the coverage and currency of the portfolio of market risk models and update certain models accordingly	
MerchandisingLoan	Merchandising Loan		Loans and Deposits	service-domain	Products	The service domain handles loan fulfillment intended for the purchase of a larger merchandise item such as a car or boat. The item is usually administered as collateral for the loan and the origination and subsequent processing of the loan can include coordination with the merchant for some elements of fulfillment. Example of use:. A boat retailer coordinates with a bank to offer merchandising loans to bank customers wanting to buy a boat	
MerchantAcquiringFacility	Merchant Acquiring Facility		Cards	service-domain	Products	This service domain is the primary service domain for handling the Merchant Account and the specific terms and conditions for the merchant. It includes opening the Merchant account, performing the required setup for card acceptance, such as assigning POS terminals, maintaining the accounts payable balances for the merchant, performing periodic settlement, and handling fees and charges. When Merchants submit card payment transactions, the Acquiring Bank is responsible for paying the Merchants in accordance with the terms of the Merchant agreement, which specify when the merchant should be paid and the amount that is withheld from the payment as merchant discount or service fees. The Acquiring Bank signs up Merchants for accepting Card Payments and opens Merchant Accounts for them.	
MergersandAcquisitionsAdvisory	Mergers and Acquisitions Advisory		Advisory Services	service-domain	Products	A fee or commission based project providing execution, pricing and deal coordination and placement for M&A, IPO, LBO type transactions A corporate customer engages an investment bank to lead an M&A transaction on its behalf	
MortgageLoan	Mortgage Loan		Loans and Deposits	service-domain	Products	The service domain handles the fulfillment of a loan product intended for the purchase of a property. Title to the property is usually administered as collateral for the mortgage loan. Note several different financial arrangements can be supported (interest only, variable rate, repayment). Furthermore the administration of the collateral is delegated to the Collateral Administration Service Domain and overseen by this Service Domain Example of use:. An established bank customer applies for a mortgage to purchase a home - the offer process is completed and the mortgage facility is established and funds disbursed to complete the purchase	
MutualFundAdministration	Mutual Fund Administration		Corporate Finance	service-domain	Products	Administer mutual funds, allocate and rebalance the fund in response to market activity and funds sales and disbursements Changes in fund ownership and market conditions result in a number of trading requests to rebalance the fund	
NotionalPooling	Notional Pooling		Corporate Banking	service-domain	Products	Notional pooling clubs account balances of the accounts participating in the pooling together to calculate daily interest on this combined balance rather than on each individual balance. This is often beneficial to the customer and all larger corporates will require this. There is an equivalent called physical pooling which is a form of balance sweeping. Purely for interest calculation this is however not used. Notional Pooling is a cash management service. A (corporate) customer has a large number of accounts with the bank. In general, some of the accounts have a credit balance, others may have a debit balance (without being a loan account). In order to avoid the customer paying interest at a high rate on debit balances and receiving interest at a low rate on credit balances, the customer reaches an agreement with the bank to use one debit interest rate and one credit interest rate for the combined balance of all accounts.. Banks tend to conclude notional pooling agreements only with important customers as it requires additional administrative effort. For reporting purposes banks have to calculate and keep debit interest and credit interest separately. This becomes more important in the case of cross-border pooling or when separate loan agreements exist between customers in a pooling agreement.. The use of Virtual Accounts can be an alternative way to reach a similar result as with notional pooling.	
OpenItemManagement	Open Item Management		Operational Services	service-domain	Operations	This service domain handles open item processing against accounts typically for loans. It enables a unit to handle resolution across multiple accounts as a specialized/centralized administrative activity Example of use:. Open items are cleared against an active loan facility	
OrderAllocation	Order Allocation		Clearing And Settlement	service-domain	Operations	Apply appropriate rules to allocated a completed order across counterparties A large market order is partly fulfilled and the pricing and allocation of the constituent transactions is allocated across the counterparties	
OrganizationDirection	Organization Direction		Business Direction	service-domain	Business Management	Develop, maintain and implement the enterprise organization chart. Assign roles and responsibilities and track coverage Business planners determine the resourcing needs and organization structure for the enterprise and make adjustments as necessary	
PartyAuthentication	Party Authentication		Cross Channel	service-domain	Channels	Customer/party authentication is a cross-channel/device capability that provides identity confirmation for customers accessing the bank through any interactive channel. The service may use a combination of one or more mechanisms to authenticate including issued tokens/devices, virtual mechanisms such as passwords and biometrics such as voice/face recognition. Different levels of authentication may be determined to support different types of access and there may be access permissions associated with the authentication mechanism used A customer is authenticated when making phone contact with the bank's service center	
PartyLifecycleManagement	Party Lifecycle Management		Sales	service-domain	Customers	This service domain tracks the state of a party relationship with the bank from the initial checks made when establishing a new business relationship with a customer or partner and then that are performed as necessary over the duration of the relationship. The checks and the maintenance requirements will vary by party type (e.g. individual, company, partner) and jurisdiction. The checks cover bank specific and legal and regulatory considerations and may be updated based on a standard schedule or by request in specific circumstances. A prospective customer has been identified and the bank undertakes a collection of checks to confirm this is a new relationship and to verify the relationship in compliance with bank, legal and regulatory requirements. Note that for different customer types (non consumer in particular) many different checks will be required.	
PartyReferenceDataDirectory	Party Reference Data Directory		Party Reference	service-domain	Customers	The party reference data directory service domain maintains a potentially wide range of party reference data that might be used in any interaction between the bank and the party including relationship development, sales/marketing, servicing and product delivery. This can include general reference and contact details, party associations, demographic details and some servicing preferences. Different information may be maintained for different party types such as individuals, corporates, partners Example of use:. Party reference details are accessed to pre-populate an application form for a new product opportunity with a customer	
PaymentExecution	Payment Execution		Clearing And Settlement	service-domain	Operations	Payment Execution handles the back-end processing of a movement funds from a debtor account to a creditor account. Payments need to have been authorized and validated against customer/bank agreements before being instructed to Payment Execution. Payment Execution then determines whether debtor and creditor accounts are held within the bank and if not selects the appropriate payment mechanism/channel to use to complete the transfer. It is responsible for ensuring that both (or neither) sides of the exchange are completed successfully Example of use:. Funds are transferred from a customer's account with the bank to a payee account held at another bank	
PaymentInitiation	Payment Initiation		Consumer Banking	service-domain	Products	This service domain supports payment services for consumer and business customers. Payments are made to other accounts within the bank, other banks and possibly internationally using whatever payments mechanism is suited to the transaction (See Payments Order/Execution). The service domain can support single transactions, or manage repeating/scheduled payments if requested An established customer transfers an amount from their current account to an overseas account for a family member. As this is a recurring transaction, the details are maintained and updated as necessary	
PaymentOrder	Payment Order		Clearing And Settlement	service-domain	Operations	Payment Order handles the internal bank and compliance checks and processing of funds transfers prior to initiating the actual mechanics of transfer which is handled by the service domain Payment Execution. This includes watch-list and other regulatory checks and applying any counterparty specific limits and payment preferences. It may also oversee payment netting arrangements between the bank and other counterparties A customer transaction results in the generation of a payment order to transfer funds to an account in another bank	
PlatformOperations	Platform Operations		Platform Operations	service-domain	Resource Management	Operate the full suite of production platforms/infrastructure. Includes scheduled operations and back-up/recovery capacity assurance A production day includes the ongoing operation of systems platforms, many of which will be 24/7 capabilities	
PointofService	Point of Service		Servicing	service-domain	Channels	The servicing position supports all point of sale, branch and channel based customer interactions including e-tellers and contact/service center positions. The facility provides access to product and service systems, supports activity tracking and access to other support and administrative systems as necessary. It can include CTI as appropriate. The service domain integrates with the Customer Dialogue service domain for customer session/narrative support when appropriate. The servicing position can be fully automated for some servicing activities Teller personnel are assigned to teller servicing positions at a branch where they are provided with a cash float and access to consumer product support systems.	
PositionKeeping	Position Keeping		Accounting Services	service-domain	Operations	Maintain a log of financial transactions for management information, tracking and reconciliation purposes.  It can offer utilities that enable it to maintain balances/positions, to calculate interest and to support transaction reconciliation activities The financial transactions are subsequently posted to the accounting systems Example of use:. Any product fulfillment domain, current account, savings account, credit card, etc, delegates transaction posting/track to the Position Keeping service domain.	
PositionManagement	Position Management		Market Risk	service-domain	Finance And Risk Management	Maintain on-line and near-time cross account complex positions. Includes consolidated currency, instrument, sector and counterparty views as appropriate Example of use:. A major corporate or institutional customer's consolidated position is refenced when the corporate customer sufferes a major incident	
PrivatePlacement	Private Placement		Corporate Finance	service-domain	Products	Project coordination and execution/ placement of a private offering of corporate equity or debt (avoids regulatory constraints of Public Placement) Corporate finance services provide support to a corporation that has determined to raise funds through a private placement.	
Procurement	Procurement		Buildings And Equipment	service-domain	Resource Management	Coordinate the selection pricing and execution of purchase agreements and ensure compliance with purchasing policies A major purchase order goes through the formal selection process with competitive bids being considered before the purchase order is assigned	
ProductBrokerAgreement	Product Broker Agreement		External Agency	service-domain	Operations	This service domain administers the contractual, operational and financial aspects of the relationship with a 3rd party product or service provider. Note that other service domains handle different aspects of broker relations such as relationship management, commissions, billing and payments and operational support A monthly assessment is made of the performance of a broker against service levels and projected business volumes	
ProductCombination	Product Combination		Operational Services	service-domain	Operations	The Product Combination service domain allows a bank to assemble a composite product from two or more existing products. The combination framework implements necessary functional constraints on the 'contained products' and handles considerations such as transfer pricing where the profitability of embedded products may be compromised to ensure management analysis is not distorted Example of use:. A current account product instance is bundled with an investment portfolio product instance to create a combined margin trading" product. The performance evaluation of the embedded current account that has constrained capabilities is amended to reflect its contribution to the combined product performance"	
ProductDeployment	Product Deployment		Product Management	service-domain	Business Development	Plan and administer the deployment activities for new and enhanced products and services, includes employee training, product inventory and solution deployment and coordination with systems production release, IT platform operations, production fulfillment staffing, customer servicing, marketing and sales activities An enhancement to an established product is rolled out across the enterprise	
ProductDesign	Product Design		Product Management	service-domain	Business Development	Design and refine bank product and service specifications. This addresses multiple aspects including the core product specification definition, legal, tax and regulatory compliance, pricing, risk and performance assessments, testing and supporting systems and production requirements definition Product management identifies an opportunity to amend key features of a product to target a market segment	
ProductDirectory	Product Directory		Product Management	service-domain	Business Development	The product directory service domain provides a central service to reference product specifications and related details. The broad range of specification information available includes: product feature descriptions; pricing and eligibility requirements used in sales and on-boarding; servicing support and guidelines; and operational and production requirements A customer accesses the product directory to obtain product feature descriptions, eligibility and pricing guidelines	
ProductExpertSalesSupport	Product Expert Sales Support		Sales	service-domain	Customers	Track availability and utilization and assign product specialists to support sales activity (for both internal customer up-sell and external prospect acquisition activity). This can include the administration of customer fees/charges if applicable A relationship manager requests specialist support for a customer seeking investment product selection advice	
ProductInventoryDistribution	Product Inventory Distribution		Distribution	service-domain	Channels	The service domains administer the provisioning and distribution of product inventory across the branch network and/or organizing distribution direct to customers (e.g. using mail services) where appropriate. The administration function keeps track of inventory holdings and administers a provisioning schedule to acquire replacement inventory as needed to meet requirements Example of use:. The distribution of 'take-one' product marketing materials distributed through the branch network is administered in support of a product sales campaign. Brochures are ordered and distributed to ensure branches are supplied with sufficient inventory to meet customer demand	
ProductInventoryItemManagement	Product Inventory Item Management		Channel Management	service-domain	Business Development	Maintain the available central product materials inventory in coordination with distribution activities and new product/materials ordering, receipt and warehousing Newly developed product inventory is distributed as part of a product deployment project	
ProductMatching	Product Matching		Sales	service-domain	Customers	The service domain implements a decision service (that might be interactive) to isolate the preferred product(s) for which a customer is eligible in a specific servicing situation. The product selection logic will balance factors including customer indicated desired product type/features, customer type/profile, solicitation/retention/enquiry servicing situation, prevailing campaigns/bank preferred products. The decision logic improves product selection to optimize the customer interaction and support business development Example of use:. A customer servicing representative initiates a product matching dialogue after resolving a disputed payment in favor of the customer, hoping to leverage the positive contact situation to generate additional business opportunities	
ProductPortfolio	Product Portfolio		Product Management	service-domain	Business Development	Maintain a portfolio of view of the bank's products with key product performance data and consolidated activity details to support profitability and performance analysis across the product portfolio Business development review product performance in order to target product design,  marketing, sales, pricing and delivery priorities	
ProductQualityAssurance	Product Quality Assurance		Product Management	service-domain	Business Development	The service domain maintain and execute a portfolio of product quality assurance tests and if appropriate certifications to apply to new and updated production applications. These tests can be applied to any specific aspects of product sales, servicing and fulfillment as might be appropriate Example of use:. Quality assurance tests are applied to evaluate a newly released product processing to determine whether error and issue rates are acceptable and support root cause analysis	
ProductSalesSupport	Product Sales Support		Sales	service-domain	Customers	Provide specialist support advice to customers for products and services on offer An established corporate customer arranges a meeting with a specialist to discuss short term funding options	
ProductServiceAgency	Product Service Agency		External Agency	service-domain	Operations	Maintain contractual and service agreements with transaction related service providers (e.g. legal/tax advisors) The contractual arrangements with an established specialist service provider are reviewed at year end.	
ProductTraining	Product Training		Product Management	service-domain	Business Development	This service domain handles the development and delivery of product specific training across the workforce to schedule and as a requested service. This includes the use of all appropriate media and training mechanisms (on-line, self taught, classroom etc.) Example of use:. A training program is developed and rolled out covering the servicing of an updated product for the customer servicing teams	
ProductionRelease	Production Release		Product Management	service-domain	Business Development	Maintain and apply a comprehensive portfolio of functional and non-functional test evaluation criteria and test utilities for pre-release and in-flight solution quality assurance of production IT systems A major product or service upgrade is tested prior to deployment	
ProductionRiskModels	Production Risk Models		Operational Risk	service-domain	Finance And Risk Management	Develop and refine production risk models to detect possible exposures to procedural failures Financial engineers respond to an analysis of production issues and develop/refine their production risk models to better detect the root cause	
ProductsandServicesDirection	Products and Services Direction		Business Direction	service-domain	Business Management	Develop and communicate product and service policies and adapt in response to changing needs and to practical experience Senior product and service management assess performance and define the policies governing product and service delivery	
ProgramTrading	Program Trading		Market Trading	service-domain	Products	Automated trading of selected structured positions A bank operates a program trading facility	
ProjectFinance	Project Finance		Corporate Banking	service-domain	Products	Provide project financing facilities and associated services A corporate customer is provided with project financing	
PromotionalEvents	Promotional Events		Marketing And Development	service-domain	Business Development	Develop and execute promotional events covering brand development and advertizing. This can include participation in sporting/entertainment events or more general promotional activity Business development reviews market research to select promotional events to sponsor to support the bank brand and enhance market awareness	
PropertyPortfolio	Property Portfolio		Business Direction	service-domain	Business Management	Manage and evaluate the fit to needs and effective utilization of the site/property portfolio for owned and leased properties. Optimize the allocation of business functions/divisions to the building and track and project capacity requirements A new property is acquired and space allocated to business units based on demand	
ProspectCampaignDesign	Prospect Campaign Design		Marketing And Development	service-domain	Business Development	This Service Domain designs and refines prospect campaigns (or integrates designs from external campaign specialists). Prospect campaigns target new customer acquisition and are typically proactive (involving prospect targeting, contact and solicitation). Version numbering is used to track the impact of changes made to campaigns over their usage. A prospect acquisition campaign is updated to provide amended/improved pricing terms that can be offered to targeted prospects poor take-up rate has been detected for the campaign	
ProspectCampaignExecution	Prospect Campaign Execution		Sales	service-domain	Customers	Handle the deployment, execution and on-going refinement of a prospect campaign. This includes many types of proactive prospect acquisition campaigns. The campaign execution process performs the initial selection and confirmation/validation of candidate lists and includes providing critical feedback on the impact of the campaign to the design unit to support re-calibration and refinement of the specification based on practical experience A bank implements a targeted take-one mailshot acquisition campaign to attract additional customers	
ProspectCampaignManagement	Prospect Campaign Management		Marketing And Development	service-domain	Business Development	Oversee the use and assess the coverage and impact of external/prospect campaigns. Direct prospect campaign execution resources to maximize business impact and in response to any identified market opportunities and threats. Oversee campaign design and development activity. Prospect Campaign Management identifies competitor activity that is targeting an untapped market segment. Campaign design is initiated to develop a competitive acquisition campaign to address the threat	
PublicOffering	Public Offering		Corporate Finance	service-domain	Products	Project coordination and execution/ placement of a public offering of corporate equity or debt Corporate finance services provide support to a corporation that has determined to make a public offering to raise funds.	
PublicReferenceDataManagement	Public Reference Data Management		Information Providers	service-domain	Channels	This service domain maintains and provides structured access to standard 'global' reference data and definitions associated with market activity such as currency, country and segment identifiers. These values will typically be externally sourced using market information feeds and distributed using whatever is the appropriate mechanism within the bank Example of use:. The international ISO standard definitions are maintained and applied across production systems of the bank	
QuantModel	Quant Model		Models And Analytics	service-domain	Business Development	Develop and maintain a portfolio of quantitative analysis (quant) models that can be applied in different contexts across the business. A investment manager uses quant models to evaluate a portfolio's holdings and determine an appropriate trading strategy in response to some impactful market event	
QuoteManagement	Quote Management		Market Trading	service-domain	Products	Provide buy sell quotes for traded instruments A market specialist tracks and provides on going buy/sell process for selected securities	
Recruitment	Recruitment		Human Resources	service-domain	Resource Management	Administer candidate identification, selection, evaluation and on-boarding of new employees in coordination with internal management and external recruitment and advisory agencies as necessary (e.g. for background checks) The HR department organizes recruitment drive for open positions in an expanding business unit	
RegulatoryCompliance	Regulatory Compliance		Compliance	service-domain	Finance And Risk Management	This service domain administers the scheduled and ad-hoc application of regulatory checks. This includes interpreting the full range of regulatory requirements governing the bank's operations and determining which regulations apply in specific circumstances across the enterprise. Support and guidelines are provided to activities in the bank that are subject to the regulations and scheduled and ad-hoc checks performed to confirm compliance A new customer's details are passed for regulatory watch list checks. A subsequent transaction is reported for regulatory compliance checks	
RegulatoryReporting	Regulatory Reporting		Compliance	service-domain	Finance And Risk Management	The service domain handles the bank's regulatory reporting obligations. This includes the consolidation and presentation of information in regulatory reports and disclosures and handling the response to regulatory requests for information as part of ongoing regulator relations. It also handles the scheduled consolidation, formatting and delivery of the range of compliance reports including 'on-line' trade reporting and after the event transaction analysis reporting Trading activity is reported to the exchange to comply with regulatory reporting requirements	
RegulatoryandLegalAuthority	Regulatory and Legal Authority		Compliance	service-domain	Finance And Risk Management	This service domain manages the effective relations with regulators, accounting and government agencies. It includes establishing contact, assigning relationship management responsibility, scheduling meetings and briefings as necessary and dealing with ad-hoc issues as they arise Example of use:. The bank's contact with regulators is leveraged to streamline the resolution of compliance issues to the bank's benefit	
RewardPointsAccount	Reward Points Account		Accounting Services	service-domain	Operations	Track/log the allocation and remittance of rewards points. The service domain acts as a transaction log similar where the instrument is not subject to interest considerations (as with cash) but may have a finite life-time with expiry dates on reward points Example of use:. A customer transaction that generates reward points is captured on the log, resulting in an increase in their available point balance	
RewardPointsAwardsAndRedemption	Reward Points Awards And Redemption		Operational Services	service-domain	Operations	This service domain handles the allocation and redemption of rewards points for customer transaction activity. In order to determine the reward point transaction and apply associated costs the service domain will access reward point arrangement agreements with the customers, merchants and related rewards programs. Note that the interactions between reward programs can be quite complex when 3rd party reward programs are integrated with the bank's own reward programs Example of use:. A customer redeems bank reward points in order to finance a purchase with a bank associated vendor for air travel. The financial transaction engages the service domain in order to determine redemption requirements and associated payment requirements	
SalesProduct	Sales Product		Consumer Banking	service-domain	Products	A sales product defines specific constraints and terms that augment the features of the base product it 'wraps'. It is used to support customization or core products to address specific market needs and opportunities with more  narrowly targeted products A bank packages its Current Account product with features suited to students as part of a prospect campaign	
SalesProductAgreement	Sales Product Agreement		Relationship Management	service-domain	Customers	The Sales Product Agreement service domain captures and maintains the legal terms and conditions in force for a sold product. The product specific terms and conditions are subordinate to the terms of the customer master agreement that is maintained by the Customer Agreement service domain. The product contractual terms and conditions influence product and service fulfillment for example by defining applicable fees/rates/penalties and selected features/options. Note that there can be other product configuration features that are not contractually binding - these features are maintained in the associated product/service fulfillment service domain directly An established customer completes the application process for a new lending product and a new sales product agreement is established	
SavingsAccount	Savings Account		Loans and Deposits	service-domain	Products	The savings account product may share many features with a standard bank current account (e.g. standing orders, direct debits, payments and deposit services) with some constraints/limitations. There can be restrictions on the amount and frequency of withdrawals with an associated fee/penalty structure to offset higher interest benefits. Sweep mechanisms linked to other products (current account) can also be supported. A customer transfers money from a current account to savings account in order to obtain a better rate of interest.	
SecuritiesDeliveryAndReceiptManagement	Securities Delivery And Receipt Management		Market Operations	service-domain	Products	Initiate settlement transactions and track to completion The settlement of trades results in several clearing transactions for securities and cash exchanged	
SecuritiesFailsProcessing	Securities Fails Processing		Market Operations	service-domain	Products	Capture, diagnose, resolve and report on securities related issues and transaction failures The details for an executed trade are rejected by the counterparty. The back office has to work through the trade details to identify the source of the error obtain the agreement for the resolution and make the necessary changes to the trade and trade reporting	
SecuritiesPositionKeeping	Securities Position Keeping		Accounting Services	service-domain	Operations	Maintain a log of securities transactions for investment account management information, tracking and reconciliation purposes. The facility simply maintains transaction activity details for a collection of instruments, which includes dividend and other corporate action related actions where appropriate. The transaction log is used to maintain the holding positions Example of use:. An investment account is set up for a customer and the underlying securities position keeping facility is initialized to track subsequent transactions	
SecurityAdvisory	Security Advisory		Corporate Services	service-domain	Business Management	Provide specialist security advice and guidance for line management and projects as needed to ensure security arrangements across the organization Specialist security advice is sought for a major project	
SecurityAssurance	Security Assurance		Corporate Services	service-domain	Business Management	Maintain and apply a portfolio of security assurance checks, target selective assurance tests to ensure security countermeasures are in place and appropriate A security check of a new product operation is performed considering multiple threat categories	
SegmentDirection	Segment Direction		Marketing And Development	service-domain	Business Development	Define, implement, track and assess the business performance goals for defined market segments. This perspective supports a particular organizational structure where enterprise strategies and plans are aligned to market segments (often in addition to product divisions) Corporate direction notifies segment leadership of changed goals and priorities that impact their activity	
ServiceProduct	Service Product		Consumer Banking	service-domain	Products	Represent the general facility at the core of the consumer and small business banking activity. The fulfillment will focus on the pricing of the Service Product resulting in fees , charges, and equivalents such as bonus points Services such as tax consulting, fees for research information, advisory services	
ServicingActivityAnalysis	Servicing Activity Analysis		Channel Management	service-domain	Business Development	Analyze customer servicing position activity, including teller, case/contact center traffic and VoIP activity. Analysis includes captured call/channel/device type, activity, onward routing and resolution decisions for operational and procedural insights and facility/process and training improvement (Root Cause Analysis) Contact center management reviews servicing activity analysis in order to identify areas where additional training and guidance is needed to improve the customer experience	
ServicingEventHistory	Servicing Event History		Servicing	service-domain	Channels	The Servicing Event History service domain captures the details of servicing activity to support root cause analysis. The information captured can include summary details of the servicing activity, product access details and click-stream/voice records as necessary. The captured detail can be analyzed for staff assessment and training and to support procedural refinements A servicing contact is concluded and the contact details and result is captured. In cases the call is recorded	
ServicingIssue	Servicing Issue		Servicing	service-domain	Channels	Capture, track, resolve and report on customer servicing issues - note this excludes contacts that are resolved and cases that are raised. Issues are actions requiring some kind of follow-up by the contact service representative (CSR) A customer requests that the CSR arranges for marketing materials to be sent out - an action for which no standard case processing is available	
ServicingMandate	Servicing Mandate		Customer Care	service-domain	Customers	The Servicing Mandate service domain maintains an agreement between the bank and an external party that governs/constrains the allowed access given to the bank's products and services. This access permission can be defined at two levels - overall for the service provider and at a more detailed level as applied to a specific customer. A third party provider has accessed the bank on behalf of a customer to initiate payment for a purchased product. The bank checks that the service provider is permitted to perform payments in general and whether there are specific constrains for this customer	
ServicingOrder	Servicing Order		Customer Care	service-domain	Customers	The Servicing Order service domain handles the processing of a request that may impact multiple products and services and may involve processing cycles/steps and possibly have associated fees/charges. There can be several types of standard 'servicing order' defined for selection as appropriate. A servicing order can be initiated by a customer directly or may be requested on their behalf by an authorized third party service provider. If the request is made by a third party service provider on behalf of a customer the process can include a check that the associated permissions/mandates are in place A customer changes address and requests that all of their product and service arrangements are updated	
SessionDialogue	Session Dialogue		Cross Channel	service-domain	Channels	The customer contact dialogue handling capability can provide highly structured orchestration to streamline a customer interaction by consolidating and presenting customer related data in context. It can also use the session to gather additional customer intelligence. In a more advance implementation the customer interaction capabilities can be integrated into an automated self/service context in addition to the more conventional assisted service model. The structured customer dialogue can include tasks to check for other business activities that can be built into the exchange for example, delivering pending communications, sales/marketing attempts, capturing intelligence/triggers, updating relationship status/details, product fulfillment (such as synchronizing customer-side data). The facility can be designed to support multi-channel/multi-device deployments A customer dials into the contact center with a current account balance request. The customer identity is checked by the servicing representative (using a Party Profile Service Domain call). After the customer initial query has been addressed the dialogue is structured to attempt a sales pitch for an internal campaign that the customer has been pre-approved for as flagged in their Party Profile record	
SettlementObligationManagement	Settlement Obligation Management		Clearing And Settlement	service-domain	Operations	Orchestrate the clearing and settlement of market transactions A collection of market trades are cleared and settled. Counterparty specific SSIs are referenced in the process	
SiteAdministration	Site Administration		Buildings And Equipment	service-domain	Resource Management	Oversee the configuration and assignment of committed space and facilities to business units to optimize facility leverage and meet business space requirements. Manage the assignment of access rights and security tags etc. to staff as necessary for access control A business unit moves into a new location requiring that space and equipment be configured and suitable access controls and space assignments made	
SiteOperations	Site Operations		Buildings And Equipment	service-domain	Resource Management	Operate the day to day access and maintenance of work locations, including site access and environment security, assignable space and equipment allocation, facility/utility assurance and cleaning services coordination A day in the life of a site, administering access, allocating bookable space and overseeing maintenance and repair work	
SpecialPricingConditions	Special Pricing Conditions		Sales	service-domain	Customers	This service domain allows the bank to apply special pricing terms and conditions that override standard price calculations. These override facilities are to be used in specific situations where a bank level decision is taken to amend prices or pricing terms in response to some major event or business development action Example of use:. The bank suspends certain product fees during a major brand awareness campaign	
StandingOrder	Standing Order		Loans and Deposits	service-domain	Products	Customers can issue standing orders to the bank. In most cases this is for the execution of a periodical payment, but there are other standing instructions like, sweeping balances at end of month, topping off excess funds for a current account, etc. All Standing Orders have a certain periodicity. The Standing Order Service Domain is responsible for generating payment orders on each due date. - A customer issues a standing order for his or her monthly apartment rent amount to be paid to the landlord.. - A customer issues an instruction for any balance amount above 5,000 on his current account to be transferred to his savings account at EOD.	
StockLendingandRepos	Stock Lending and Repos		Market Trading	service-domain	Products	Orchestrate stock lending and repurchase agreement (repo) transactions A bank lends stock under a repo transaction to cover a short position	
SubCustodianAgreement	Sub Custodian Agreement		External Agency	service-domain	Operations	Maintain sub custodian agreement terms and track and report on sub custodian activity An equity sale involves updating scrip maintained by a sub custodian	
SuitabilityChecking	Suitability Checking		Market Trading	service-domain	Products	Confirm that all involved counterparties are suitable for a proposed market trade. The checks address regulatory requirements to ensure involved parties are suitably qualified/knowledgeable to participate in the type of trading activity (e.g. in the US suitability is defined by FINRA Rule 2111) An investment manager confirms that a proposed investment meets suitability requirements for the customer	
SyndicateManagement	Syndicate Management		External Agency	service-domain	Operations	Manage the membership and administration of syndicates in compliance with the agreed charter and operating agreement A project funding initiative assembles a syndicate of investors	
SyndicatedLoan	Syndicated Loan		Loans and Deposits	service-domain	Products	This service domain fulfills a syndicated loan, including the coordination with syndicate members and clarification/administration of their obligations under the arrangement. It is assumed the bank is acting as the syndicate lead in this arrangement, coordinating with other lending banks in the syndicate in order to manage the transfer of funds. The syndicated loan can be for a single amount or be implemented as a more general loan facility that the customer can draw upon over its term. Note that initial customer offer processing may have covered many of these tasks informally, but once the syndicated loan initiation is made more formal syndicate arrangements must be established as an aspect of fulfillment handled here Example of use:. A major corporate customer obtains a syndicated loan to finance a major project and the bank arranges to distribute the loan with several other interested banks to share the loan exposure	
SystemDeployment	System Deployment		Platform Operations	service-domain	Resource Management	Plan and execute the production roll-out of new and enhanced systems solutions, including pre-planning, training, acceptance testing and production cutover and adoption support A new version of a production system is rolled out, with the pre-cutover alignment, training and facility set up in advance of the roll-out	
SystemDevelopment	System Development		Solution Development	service-domain	Business Development	Manage and execute the multi-threaded development of application solutions spanning bespoke development and commercial package integration A new product design results in the need to extend functionality on existing product fulfillment applications	
SystemsAdministration	Systems Administration		Solution Development	service-domain	Business Development	Administer the installation, maintenance and configuration of computer systems, monitoring system performance and troubleshooting production issues. Also asses and ensuring the security and performance of systems, covering both licensed and owned technology for the complete range of hardware and software/middleware technology deployed throughout development and production activities within the bank. Oversee decommissioning and disposal of obsolete equipment Example of use:. Newly acquired hardware is purchased, registered and assigned for deployment to meet pre-approved production capacity requirements	
SystemsAssurance	Systems Assurance		Platform Operations	service-domain	Resource Management	Orchestrate scheduled maintenance, installation/upgrades and repairs/fixes or the IT infrastructure and production platforms A new operating system release for desktop systems is worked through production	
SystemsHelpDesk	Systems Help Desk		Platform Operations	service-domain	Resource Management	Operate the online/interactive production help desk and first level support activity. Capture, diagnose and resolve production systems issues and failures. Escalate issues to systems assurance as necessary A user reports a production system problem and is guided through short term resolution by the help desk. A follow up resolution is scheduled for the engineers	
SystemsOperations	Systems Operations		Platform Operations	service-domain	Resource Management	Operate the full suite of production applications. This includes scheduled operations and application data back-up/recovery procedures A product day is executed, including the initiation of key on-line systems during normal scheduled operations	
TermDeposit	Term Deposit		Loans and Deposits	service-domain	Products	A Term Deposit is an agreement between a customer and the bank to place a fixed amount of funds for a fixed amount of time in an interest bearing account. Customers may want to place several amounts in deposit accounts in parallel and over time. In order to avoid renewed negotiations about standard conditions, a customer and the bank may agree on an overal framework agreement for these standard conditions. Under this framework agreement individual Term Deposits can be opened more efficiently. The current Service Domain handles both the individual Term Deposits and the overall framework agreement.. . NB In BIAN demand deposits are seen as Savings Accounts. A corporate customer has a frequent need to to put excess liquidity on an interest bearing account for a shorter (e.g. overnight) or a longer period. The customer negotiates a framework agreement with the bank and if and when needed, instructs the bank to move funds from a Corporate Current Account to a Term Deposit account.	
TradeConfirmationMatching	Trade Confirmation Matching		Market Operations	service-domain	Products	Match buyers to sellers in market trades Trade are matched during the trading session	
TradeFinance	Trade Finance		Trade Banking	service-domain	Products	A collection of services associated with the support of international trade finance (including the coordination of correspondent banks, shipping, customs, lading, warehouse activity alongside financial management - LCs, Guarantees etc. A bank handles the many transactions associated with international trade activity for a corporate customer	
TradeandPriceReporting	Trade and Price Reporting		Market Operations	service-domain	Products	Operate a trade reporting facility as required by market regulation. Capture and transmit trades details to the exchange to an operating schedule Real-time trade reporting is processed during the trading period for the trading function at the bank	
TradingBookOversight	Trading Book Oversight		Market Operations	service-domain	Products	Define and track trading book activity against the established trading rules/entitlements and limits End of day trade analysis consolidates and activity report that highlights trading activity that approaches or breaches position limits. The trades behind the exceptions are included as a basis for assessing the causes for unwanted activity. G	
TradingModels	Trading Models		Models And Analytics	service-domain	Business Development	Manage the development and deployment of trading models to support automatic executions Automated trading activity is initiated	
TransactionAuthorization	Transaction Authorization		Cross Channel	service-domain	Channels	This service domain is used to mitigate transaction risk for interactive product and service access fulfillment and works in collaboration with customer identity authentication services. It analyses recent customer activity in order to detect possible out of pattern/fraudulent behavior and authorizes transactions accordingly. The authorization can be subject to obtaining increased levels of customer authentication by requiring the customer to provide additional proof of identity. A customer payment request from their current account is authorized during an assisted servicing session	
TransactionEngine	Transaction Engine		Clearing And Settlement	service-domain	Operations	The Service Domain provides a utility/background operational support service to orchestrate a schedule of payment transaction and reporting activities for the fulfillment of certain long term instruments or structured facilities. The Service Domain maintains a link to the associated fulfillment Service Domain and the applicable product instance for reporting and processing issues that may arise. The mortgage fulfillment Service Domain delegates repayment processing to the Transaction Engine for its active mortgage product instances	
TravelandExpenses	Travel and Expenses		Human Resources	service-domain	Resource Management	Administer the authorization, booking, payment, recompense and accounting for travel and expenses incurred in the execution of employment activity Monthly expense claims are processed for employees and approved reimbursements booked to payroll.	
TrustServices	Trust Services		Consumer Banking	service-domain	Products	Provide trust services A trust fund is set up on behalf of a parent for their offspring. The parent sets aside cash/assets for the trust. The trust handles the cash/assets until the offspring reaches a certain age.	
Underwriting	Underwriting		Loans and Deposits	service-domain	Products	The underwriting decision considers the ability of the borrower to finance the loan based on their known cash flows and credit worthiness. The underwriting decision refers to specific properties of the proposed loan (amount, term, repayment schedule, collateral etc.), the income and known commitments of the borrower and their credit history with the bank. The decision may factor perceived underwriting risks into the interest rate and/or collateral requirements to obtain approval A corporate loan offer is processed and at the appropriate point an underwriting authorization is requested	
UnitTrustAdministration	Unit Trust Administration		Corporate Finance	service-domain	Products	Administer unit trusts, allocate and rebalance the trust in response to market activity and funds sales and disbursements Changes in the unit trust holding and market conditions trigger trading requests to rebalance the trust	
UtilitiesAdministration	Utilities Administration		Buildings And Equipment	service-domain	Resource Management	Administer the sourcing, service agreements and delivery of site utilities (heat, cooling, water, power etc) Utilities service disruption and recovery is handled at a location	
VirtualAccount	Virtual Account		Corporate Banking	service-domain	Products	A Virtual Account is a bank account that is defined on an underlying real account. It can receive and send payments for the underlying account while behaving towards the outside as a separate account. In a light version it does not have a balance; it can be seen as only a funnel through which funds can move into and out of the underlying account. In a more full version it can have its own balance, but all incoming and outgoing transactions will be mirrored in the underlying real account. A real account can have many Virtual Accounts defined on it. Virtual Accounts based on a Corporate Current Account can for instance mirror the internal accounts of a group parent-subsidiaries structure. Typically the management of the Virtual Accounts is left to the (parent). customer. This implies that the customer will be able to open Virtual Accounts, once it has a Virtual Account agreement with the bank. The bank will be responsible for the correct execution of the customer’s instructions, for the correct validation (including AML and KYC) and for the reporting to the customer and government and central bank.. . The owner of the Corporate Current Account has a Virtual Account agreement with the bank. The persons or companies (typically subsidiaries) in whose names Virtual Accounts run, do not have a contract with the bank (at least not related to the Virtual Account), so they will not be account-holders in the formal sense of the word. Their names are recorded as Account Name and can be used in correspondence and payments.. . Virtual Accounts can be of different types. In a light form they are just funnels through which funds flow into and out of the Corporate Current Account. A light form could typically be used for Payments On Behalf Of (POBO) and Collections On Behalf Of (COBO). In a more complete form Virtual Accounts can have their own balances, for instance in order to calculate interest. The latter may make them look more like sub-accounts.	
WorkforceTraining	Workforce Training		Human Resources	service-domain	Resource Management	Develop and execute a training syllabus covering all general and specific business skills/knowledge requirements and leveraging different training mechanisms and channels as appropriate (classroom, on-line/context based, self taught, desk-side support etc.) A training program is developed and provided to the workforce	
eBranchManagement	eBranch Management		Channel Management	service-domain	Business Development	Handles the oversight and configuration of the e-branch (web/data) access channel. This includes assessing capacity, performance, scheduling maintenance and updates to the channel configuration. Also determining allowed access and usage and troubleshooting major production problems Management review and define the reconfiguration requirements for the e-branch channel based on capacity/volume projections	
eBranchOperations	eBranch Operations		Channel Specific	service-domain	Channels	This service domain operates the E-branch production systems conforming to planned service schedules. It handles customer and non-customer access checks, performs device load balancing and device failure and recovery handling - typically supporting a high performance 24/7 operation. It can include the integration of computer telephony integration (CTI) with branch and call center channels customers and non-bank customers browse the products and services available at the bank	
eTradingWorkbench	eTrading Workbench		Investment Services	service-domain	Customers	Operate the distributed consumer e-trading facility (local application and network connectivity to the bank). This environment hosts/supports a financial facility type product (service domain Consumer Investments) that customer use to trade securities on their own account through the bank. From the workbench environment using consumer investments a customer can initiate the execution of securities trades against their facility as well as applying service/facility fees and charges. The consumer investments capability accessed through the workbench integrates with the supporting customer accounting facilities which can include more complex margin accounts (and margin call initiation) as necessary A consumer customer logs on to the E-branch web portal to access their e-trading account, tracks prices and research relating to his portfolio and executes and sale/purchase pair of transactions.	
