# The Common Weakness Enumeration, as the terms a program working in security actually
# writes. A weakness's name is a phrase — improper access control, integer overflow, use
# after free — and a phrase is what a repository outside the domain does not hit by
# accident. Each concept is the weakness's own permalink, so a match cites MITRE's page
# for it.
#
# Columns: concept, prefLabel, altLabel, broader, kind, module, definition, note.
# prefLabel is the weakness's own name. broader is its ChildOf relation in the research
# view — view 1000, CWE's one hierarchical statement of what is a kind of what — under the
# parent's own name, joined with " | " where more than one parent is stated. kind is the
# abstraction level MITRE states: Pillar, Class, Base, Variant or Compound. altLabel pools
# the publisher's alternate terms. definition is the weakness's own description with its
# line breaks collapsed. NOT CARRIED, and said outright: categories and views — a category
# is a grouping a view draws for navigation, not a weakness.
#
# Source: the CWE 4.13 catalog XML as the OWASP cwe-sdk-javascript repository vendors it,
#   at https://github.com/OWASP/cwe-sdk-javascript/tree/477ff29b8a6fcb0c5e8fe7234f0af736d41c203c,
#   pinned by the blob id that revision holds:
#   8338e6520a20df70ca3f7b8cb7768750a842165f.
# Licence: CWE is copyright The MITRE Corporation, and the CWE Terms of Use at
#   https://cwe.mitre.org/about/termsofuse.html state that CWE is free to use by any
#   organization or individual for any research, development, and/or commercial purposes,
#   under a non-exclusive, royalty-free licence, on condition that MITRE's copyright
#   designation and the licence are reproduced in any copy — which this header and
#   NOTICE.md carry. The archive itself states no terms; the terms were read from MITRE's
#   own page, and this header records that.
# Generated by CweTermsExtraction: 959 weaknesses.
https://cwe.mitre.org/data/definitions/1004.html	Sensitive Cookie Without 'HttpOnly' Flag		Incorrect Permission Assignment for Critical Resource	Variant		The product uses a cookie to store sensitive information, but the cookie is not marked with the HttpOnly flag.	
https://cwe.mitre.org/data/definitions/1007.html	Insufficient Visual Distinction of Homoglyphs Presented to User	Homograph Attack	User Interface (UI) Misrepresentation of Critical Information	Base		The product displays information or identifiers to a user, but the display mechanism does not make it easy for the user to distinguish between visually similar or identical glyphs (homoglyphs), which may cause the user to misinterpret a glyph and perform an unintended, insecure action.	
https://cwe.mitre.org/data/definitions/102.html	Struts: Duplicate Validation Forms		Use of Multiple Resources with Duplicate Identifier | Improper Use of Validation Framework	Variant		The product uses multiple validation forms with the same name, which might cause the Struts Validator to validate a form that the programmer does not expect.	
https://cwe.mitre.org/data/definitions/1021.html	Improper Restriction of Rendered UI Layers or Frames	Clickjacking | UI Redress Attack | Tapjacking	Unintended Proxy or Intermediary ('Confused Deputy') | User Interface (UI) Misrepresentation of Critical Information	Base		The web application does not restrict or incorrectly restricts frame objects or UI layers that belong to another application or domain, which can lead to user confusion about which interface the user is interacting with.	
https://cwe.mitre.org/data/definitions/1022.html	Use of Web Link to Untrusted Target with window.opener Access	tabnabbing	Incorrect Privilege Assignment	Variant		The web application produces links to untrusted external sites outside of its sphere of control, but it does not properly prevent the external site from modifying security-critical properties of the window.opener object, such as the location property.	
https://cwe.mitre.org/data/definitions/1023.html	Incomplete Comparison with Missing Factors		Incorrect Comparison	Class		The product performs a comparison between entities that must consider multiple factors or characteristics of each entity, but the comparison does not include one or more of these factors.	
https://cwe.mitre.org/data/definitions/1024.html	Comparison of Incompatible Types		Incorrect Comparison	Base		The product performs a comparison between two entities, but the entities are of different, incompatible types that cannot be guaranteed to provide correct results when they are directly compared.	
https://cwe.mitre.org/data/definitions/1025.html	Comparison Using Wrong Factors		Incorrect Comparison	Base		The code performs a comparison between two entities, but the comparison examines the wrong factors or characteristics of the entities, which can lead to incorrect results and resultant weaknesses.	
https://cwe.mitre.org/data/definitions/103.html	Struts: Incomplete validate() Method Definition		Improper Following of Specification by Caller	Variant		The product has a validator form that either does not define a validate() method, or defines a validate() method but does not call super.validate().	
https://cwe.mitre.org/data/definitions/1037.html	Processor Optimization Removal or Modification of Security-critical Code		Insecure Automated Optimizations	Base		The developer builds a security-critical protection mechanism into the software, but the processor optimizes the execution of the program such that the mechanism is removed or modified.	
https://cwe.mitre.org/data/definitions/1038.html	Insecure Automated Optimizations		Improper Interaction Between Multiple Correctly-Behaving Entities | Reliance on Undefined, Unspecified, or Implementation-Defined Behavior	Class		The product uses a mechanism that automatically optimizes code, e.g. to improve a characteristic such as performance, but the optimizations can have an unintended side effect that might violate an intended security assumption.	
https://cwe.mitre.org/data/definitions/1039.html	Automated Recognition Mechanism with Inadequate Detection or Handling of Adversarial Input Perturbations		Protection Mechanism Failure | Incorrect Comparison	Class		The product uses an automated mechanism such as machine learning to recognize complex data inputs (e.g. image or audio) as a particular concept or category, but it does not properly detect or handle inputs that have been modified or constructed in a way that causes the mechanism to detect a different, incorrect concept.	
https://cwe.mitre.org/data/definitions/104.html	Struts: Form Bean Does Not Extend Validation Class		Improper Following of Specification by Caller	Variant		If a form bean does not extend an ActionForm subclass of the Validator framework, it can expose the application to other weaknesses related to insufficient input validation.	
https://cwe.mitre.org/data/definitions/1041.html	Use of Redundant Code		Improper Adherence to Coding Standards	Base		The product has multiple functions, methods, procedures, macros, etc. that contain the same code.	
https://cwe.mitre.org/data/definitions/1042.html	Static Member Data Element outside of a Singleton Class Element		Inefficient CPU Computation	Variant		The code contains a member element that is declared as static (but not final), in which its parent class element is not a singleton class - that is, a class element that can be used only once in the 'to' association of a Create action.	
https://cwe.mitre.org/data/definitions/1043.html	Data Element Aggregating an Excessively Large Number of Non-Primitive Elements		Excessively Complex Data Representation	Base		The product uses a data element that has an excessively large number of sub-elements with non-primitive data types such as structures or aggregated objects.	
https://cwe.mitre.org/data/definitions/1044.html	Architecture with Number of Horizontal Layers Outside of Expected Range		Improper Adherence to Coding Standards	Base		The product's architecture contains too many - or too few - horizontal layers.	
https://cwe.mitre.org/data/definitions/1045.html	Parent Class with a Virtual Destructor and a Child Class without a Virtual Destructor		Insufficient Adherence to Expected Conventions	Base		A parent class has a virtual destructor method, but the parent has a child class that does not have a virtual destructor.	
https://cwe.mitre.org/data/definitions/1046.html	Creation of Immutable Text Using String Concatenation		Inefficient CPU Computation	Base		The product creates an immutable text string using string concatenation operations.	
https://cwe.mitre.org/data/definitions/1047.html	Modules with Circular Dependencies		Excessive Code Complexity	Base		The product contains modules in which one module has references that cycle back to itself, i.e., there are circular dependencies.	
https://cwe.mitre.org/data/definitions/1048.html	Invokable Control Element with Large Number of Outward Calls		Improper Adherence to Coding Standards	Base		The code contains callable control elements that contain an excessively large number of references to other application objects external to the context of the callable, i.e. a Fan-Out value that is excessively large.	
https://cwe.mitre.org/data/definitions/1049.html	Excessive Data Query Operations in a Large Data Table		Inefficient CPU Computation	Base		The product performs a data query with a large number of joins and sub-queries on a large data table.	
https://cwe.mitre.org/data/definitions/105.html	Struts: Form Field Without Validator		Improper Use of Validation Framework	Variant		The product has a form field that is not validated by a corresponding validation form, which can introduce other weaknesses related to insufficient input validation.	
https://cwe.mitre.org/data/definitions/1050.html	Excessive Platform Resource Consumption within a Loop		Asymmetric Resource Consumption (Amplification)	Base		The product has a loop body or loop condition that contains a control element that directly or indirectly consumes platform resources, e.g. messaging, sessions, locks, or file descriptors.	
https://cwe.mitre.org/data/definitions/1051.html	Initialization with Hard-Coded Network Resource Configuration Data		Incorrect Initialization of Resource	Base		The product initializes data using hard-coded values that act as network resource identifiers.	
https://cwe.mitre.org/data/definitions/1052.html	Excessive Use of Hard-Coded Literals in Initialization		Incorrect Initialization of Resource	Base		The product initializes a data element using a hard-coded literal that is not a simple integer or static constant element.	
https://cwe.mitre.org/data/definitions/1053.html	Missing Documentation for Design		Insufficient Technical Documentation	Base		The product does not have documentation that represents how it is designed.	
https://cwe.mitre.org/data/definitions/1054.html	Invocation of a Control Element at an Unnecessarily Deep Horizontal Layer		Insufficient Encapsulation	Base		The code at one architectural layer invokes code that resides at a deeper layer than the adjacent layer, i.e., the invocation skips at least one layer, and the invoked code is not part of a vertical utility layer that can be referenced from any horizontal layer.	
https://cwe.mitre.org/data/definitions/1055.html	Multiple Inheritance from Concrete Classes		Excessively Complex Data Representation	Base		The product contains a class with inheritance from more than one concrete class.	
https://cwe.mitre.org/data/definitions/1056.html	Invokable Control Element with Variadic Parameters		Excessive Code Complexity	Base		A named-callable or method control element has a signature that supports a variable (variadic) number of parameters or arguments.	
https://cwe.mitre.org/data/definitions/1057.html	Data Access Operations Outside of Expected Data Manager Component		Insufficient Encapsulation	Base		The product uses a dedicated, central data manager component as required by design, but it contains code that performs data-access operations that do not use this data manager.	
https://cwe.mitre.org/data/definitions/1058.html	Invokable Control Element in Multi-Thread Context with non-Final Static Storable or Member Element		Improper Synchronization	Base		The code contains a function or method that operates in a multi-threaded environment but owns an unsafe non-final static storable or member data element.	
https://cwe.mitre.org/data/definitions/1059.html	Insufficient Technical Documentation		Improper Adherence to Coding Standards	Class		The product does not contain sufficient technical or engineering documentation (whether on paper or in electronic form) that contains descriptions of all the relevant software/hardware elements of the product, such as its usage, structure, architectural components, interfaces, design, implementation, configuration, operation, etc.	
https://cwe.mitre.org/data/definitions/106.html	Struts: Plug-in Framework not in Use		Improper Use of Validation Framework	Variant		When an application does not use an input validation framework such as the Struts Validator, there is a greater risk of introducing weaknesses related to insufficient input validation.	
https://cwe.mitre.org/data/definitions/1060.html	Excessive Number of Inefficient Server-Side Data Accesses		Excessive Code Complexity	Base		The product performs too many data queries without using efficient data processing functionality such as stored procedures.	
https://cwe.mitre.org/data/definitions/1061.html	Insufficient Encapsulation		Improper Adherence to Coding Standards	Class		The product does not sufficiently hide the internal representation and implementation details of data or methods, which might allow external components or modules to modify data unexpectedly, invoke unexpected functionality, or introduce dependencies that the programmer did not intend.	
https://cwe.mitre.org/data/definitions/1062.html	Parent Class with References to Child Class		Insufficient Encapsulation	Base		The code has a parent class that contains references to a child class, its methods, or its members.	
https://cwe.mitre.org/data/definitions/1063.html	Creation of Class Instance within a Static Code Block		Inefficient CPU Computation	Base		A static code block creates an instance of a class.	
https://cwe.mitre.org/data/definitions/1064.html	Invokable Control Element with Signature Containing an Excessive Number of Parameters		Excessive Code Complexity	Base		The product contains a function, subroutine, or method whose signature has an unnecessarily large number of parameters/arguments.	
https://cwe.mitre.org/data/definitions/1065.html	Runtime Resource Management Control Element in a Component Built to Run on Application Servers		Improper Adherence to Coding Standards	Base		The product uses deployed components from application servers, but it also uses low-level functions/methods for management of resources, instead of the API provided by the application server.	
https://cwe.mitre.org/data/definitions/1066.html	Missing Serialization Control Element		Improper Adherence to Coding Standards	Base		The product contains a serializable data element that does not have an associated serialization method.	
https://cwe.mitre.org/data/definitions/1067.html	Excessive Execution of Sequential Searches of Data Resource		Inefficient CPU Computation	Base		The product contains a data query against an SQL table or view that is configured in a way that does not utilize an index and may cause sequential searches to be performed.	
https://cwe.mitre.org/data/definitions/1068.html	Inconsistency Between Implementation and Documented Design		Improper Adherence to Coding Standards	Base		The implementation of the product is not consistent with the design as described within the relevant documentation.	
https://cwe.mitre.org/data/definitions/1069.html	Empty Exception Block		Empty Code Block	Variant		An invokable code block contains an exception handling block that does not contain any code, i.e. is empty.	
https://cwe.mitre.org/data/definitions/107.html	Struts: Unused Validation Form		Irrelevant Code	Variant		An unused validation form indicates that validation logic is not up-to-date.	
https://cwe.mitre.org/data/definitions/1070.html	Serializable Data Element Containing non-Serializable Item Elements		Improper Adherence to Coding Standards	Base		The product contains a serializable, storable data element such as a field or member, but the data element contains member elements that are not serializable.	
https://cwe.mitre.org/data/definitions/1071.html	Empty Code Block		Irrelevant Code	Base		The source code contains a block that does not contain any code, i.e., the block is empty.	
https://cwe.mitre.org/data/definitions/1072.html	Data Resource Access without Use of Connection Pooling		Asymmetric Resource Consumption (Amplification)	Base		The product accesses a data resource through a database without using a connection pooling capability.	
https://cwe.mitre.org/data/definitions/1073.html	Non-SQL Invokable Control Element with Excessive Number of Data Resource Accesses		Asymmetric Resource Consumption (Amplification)	Base		The product contains a client with a function or method that contains a large number of data accesses/queries that are sent through a data manager, i.e., does not use efficient database capabilities.	
https://cwe.mitre.org/data/definitions/1074.html	Class with Excessively Deep Inheritance		Excessively Complex Data Representation	Base		A class has an inheritance level that is too high, i.e., it has a large number of parent classes.	
https://cwe.mitre.org/data/definitions/1075.html	Unconditional Control Flow Transfer outside of Switch Block		Excessive Code Complexity	Base		The product performs unconditional control transfer (such as a "goto") in code outside of a branching structure such as a switch block.	
https://cwe.mitre.org/data/definitions/1076.html	Insufficient Adherence to Expected Conventions		Improper Adherence to Coding Standards	Class		The product's architecture, source code, design, documentation, or other artifact does not follow required conventions.	
https://cwe.mitre.org/data/definitions/1077.html	Floating Point Comparison with Incorrect Operator		Incorrect Comparison	Variant		The code performs a comparison such as an equality test between two float (floating point) values, but it uses comparison operators that do not account for the possibility of loss of precision.	
https://cwe.mitre.org/data/definitions/1078.html	Inappropriate Source Code Style or Formatting		Insufficient Adherence to Expected Conventions	Class		The source code does not follow desired style or formatting for indentation, white space, comments, etc.	
https://cwe.mitre.org/data/definitions/1079.html	Parent Class without Virtual Destructor Method		Insufficient Adherence to Expected Conventions	Base		A parent class contains one or more child classes, but the parent class does not have a virtual destructor method.	
https://cwe.mitre.org/data/definitions/108.html	Struts: Unvalidated Action Form		Improper Use of Validation Framework	Variant		Every Action Form must have a corresponding validation form.	
https://cwe.mitre.org/data/definitions/1080.html	Source Code File with Excessive Number of Lines of Code		Excessive Code Complexity	Base		A source code file has too many lines of code.	
https://cwe.mitre.org/data/definitions/1082.html	Class Instance Self Destruction Control Element		Insufficient Adherence to Expected Conventions	Base		The code contains a class instance that calls the method or function to delete or destroy itself.	
https://cwe.mitre.org/data/definitions/1083.html	Data Access from Outside Expected Data Manager Component		Insufficient Encapsulation	Base		The product is intended to manage data access through a particular data manager component such as a relational or non-SQL database, but it contains code that performs data access operations without using that component.	
https://cwe.mitre.org/data/definitions/1084.html	Invokable Control Element with Excessive File or Data Access Operations		Asymmetric Resource Consumption (Amplification)	Base		A function or method contains too many operations that utilize a data manager or file resource.	
https://cwe.mitre.org/data/definitions/1085.html	Invokable Control Element with Excessive Volume of Commented-out Code		Inappropriate Source Code Style or Formatting	Base		A function, method, procedure, etc. contains an excessive amount of code that has been commented out within its body.	
https://cwe.mitre.org/data/definitions/1086.html	Class with Excessive Number of Child Classes		Excessively Complex Data Representation	Base		A class contains an unnecessarily large number of children.	
https://cwe.mitre.org/data/definitions/1087.html	Class with Virtual Method without a Virtual Destructor		Insufficient Adherence to Expected Conventions	Base		A class contains a virtual method, but the method does not have an associated virtual destructor.	
https://cwe.mitre.org/data/definitions/1088.html	Synchronous Access of Remote Resource without Timeout		Incorrect Synchronization	Base		The code has a synchronous call to a remote resource, but there is no timeout for the call, or the timeout is set to infinite.	
https://cwe.mitre.org/data/definitions/1089.html	Large Data Table with Excessive Number of Indices		Asymmetric Resource Consumption (Amplification)	Base		The product uses a large data table that contains an excessively large number of indices.	
https://cwe.mitre.org/data/definitions/109.html	Struts: Validator Turned Off		Improper Use of Validation Framework	Variant		Automatic filtering via a Struts bean has been turned off, which disables the Struts Validator and custom validation logic. This exposes the application to other weaknesses related to insufficient input validation.	
https://cwe.mitre.org/data/definitions/1090.html	Method Containing Access of a Member Element from Another Class		Insufficient Encapsulation	Base		A method for a class performs an operation that directly accesses a member element from another class.	
https://cwe.mitre.org/data/definitions/1091.html	Use of Object without Invoking Destructor Method		Missing Release of Resource after Effective Lifetime | Insufficient Adherence to Expected Conventions	Base		The product contains a method that accesses an object but does not later invoke the element's associated finalize/destructor method.	
https://cwe.mitre.org/data/definitions/1092.html	Use of Same Invokable Control Element in Multiple Architectural Layers		Improper Adherence to Coding Standards	Base		The product uses the same control element across multiple architectural layers.	
https://cwe.mitre.org/data/definitions/1093.html	Excessively Complex Data Representation		Improper Adherence to Coding Standards	Class		The product uses an unnecessarily complex internal representation for its data structures or interrelationships between those structures.	
https://cwe.mitre.org/data/definitions/1094.html	Excessive Index Range Scan for a Data Resource		Asymmetric Resource Consumption (Amplification)	Base		The product contains an index range scan for a large data table, but the scan can cover a large number of rows.	
https://cwe.mitre.org/data/definitions/1095.html	Loop Condition Value Update within the Loop		Excessive Code Complexity	Base		The product uses a loop with a control flow condition based on a value that is updated within the body of the loop.	
https://cwe.mitre.org/data/definitions/1096.html	Singleton Class Instance Creation without Proper Locking or Synchronization		Missing Synchronization	Variant		The product implements a Singleton design pattern but does not use appropriate locking or other synchronization mechanism to ensure that the singleton class is only instantiated once.	
https://cwe.mitre.org/data/definitions/1097.html	Persistent Storable Data Element without Associated Comparison Control Element		Insufficient Adherence to Expected Conventions	Base		The product uses a storable data element that does not have all of the associated functions or methods that are necessary to support comparison.	
https://cwe.mitre.org/data/definitions/1098.html	Data Element containing Pointer Item without Proper Copy Control Element		Insufficient Adherence to Expected Conventions	Base		The code contains a data element with a pointer that does not have an associated copy or constructor method.	
https://cwe.mitre.org/data/definitions/1099.html	Inconsistent Naming Conventions for Identifiers		Inappropriate Source Code Style or Formatting	Base		The product's code, documentation, or other artifacts do not consistently use the same naming conventions for variables, callables, groups of related callables, I/O capabilities, data types, file names, or similar types of elements.	
https://cwe.mitre.org/data/definitions/11.html	ASP.NET Misconfiguration: Creating Debug Binary		Active Debug Code	Variant		Debugging messages help attackers learn about the system and plan a form of attack.	
https://cwe.mitre.org/data/definitions/110.html	Struts: Validator Without Form Field		Irrelevant Code	Variant		Validation fields that do not appear in forms they are associated with indicate that the validation logic is out of date.	
https://cwe.mitre.org/data/definitions/1100.html	Insufficient Isolation of System-Dependent Functions		Insufficient Encapsulation	Base		The product or code does not isolate system-dependent functionality into separate standalone modules.	
https://cwe.mitre.org/data/definitions/1101.html	Reliance on Runtime Component in Generated Code		Improper Adherence to Coding Standards	Base		The product uses automatically-generated code that cannot be executed without a specific runtime support component.	
https://cwe.mitre.org/data/definitions/1102.html	Reliance on Machine-Dependent Data Representation		Reliance on Undefined, Unspecified, or Implementation-Defined Behavior	Base		The code uses a data representation that relies on low-level data representation or constructs that may vary across different processors, physical machines, OSes, or other physical components.	
https://cwe.mitre.org/data/definitions/1103.html	Use of Platform-Dependent Third Party Components		Reliance on Undefined, Unspecified, or Implementation-Defined Behavior	Base		The product relies on third-party components that do not provide equivalent functionality across all desirable platforms.	
https://cwe.mitre.org/data/definitions/1104.html	Use of Unmaintained Third Party Components		Reliance on Insufficiently Trustworthy Component	Base		The product relies on third-party components that are not actively supported or maintained by the original developer or a trusted proxy for the original developer.	
https://cwe.mitre.org/data/definitions/1105.html	Insufficient Encapsulation of Machine-Dependent Functionality		Reliance on Undefined, Unspecified, or Implementation-Defined Behavior | Insufficient Encapsulation	Base		The product or code uses machine-dependent functionality, but it does not sufficiently encapsulate or isolate this functionality from the rest of the code.	
https://cwe.mitre.org/data/definitions/1106.html	Insufficient Use of Symbolic Constants		Inappropriate Source Code Style or Formatting	Base		The source code uses literal constants that may need to change or evolve over time, instead of using symbolic constants.	
https://cwe.mitre.org/data/definitions/1107.html	Insufficient Isolation of Symbolic Constant Definitions		Inappropriate Source Code Style or Formatting	Base		The source code uses symbolic constants, but it does not sufficiently place the definitions of these constants into a more centralized or isolated location.	
https://cwe.mitre.org/data/definitions/1108.html	Excessive Reliance on Global Variables		Insufficient Adherence to Expected Conventions	Base		The code is structured in a way that relies too much on using or setting global variables throughout various points in the code, instead of preserving the associated information in a narrower, more local context.	
https://cwe.mitre.org/data/definitions/1109.html	Use of Same Variable for Multiple Purposes		Inappropriate Source Code Style or Formatting	Base		The code contains a callable, block, or other code element in which the same variable is used to control more than one unique task or store more than one instance of data.	
https://cwe.mitre.org/data/definitions/111.html	Direct Use of Unsafe JNI		Use of Low-Level Functionality	Variant		When a Java application uses the Java Native Interface (JNI) to call code written in another programming language, it can expose the application to weaknesses in that code, even if those weaknesses cannot occur in Java.	
https://cwe.mitre.org/data/definitions/1110.html	Incomplete Design Documentation		Insufficient Technical Documentation	Base		The product's design documentation does not adequately describe control flow, data flow, system initialization, relationships between tasks, components, rationales, or other important aspects of the design.	
https://cwe.mitre.org/data/definitions/1111.html	Incomplete I/O Documentation		Insufficient Technical Documentation	Base		The product's documentation does not adequately define inputs, outputs, or system/software interfaces.	
https://cwe.mitre.org/data/definitions/1112.html	Incomplete Documentation of Program Execution		Insufficient Technical Documentation	Base		The document does not fully define all mechanisms that are used to control or influence how product-specific programs are executed.	
https://cwe.mitre.org/data/definitions/1113.html	Inappropriate Comment Style		Inappropriate Source Code Style or Formatting	Base		The source code uses comment styles or formats that are inconsistent or do not follow expected standards for the product.	
https://cwe.mitre.org/data/definitions/1114.html	Inappropriate Whitespace Style		Inappropriate Source Code Style or Formatting	Base		The source code contains whitespace that is inconsistent across the code or does not follow expected standards for the product.	
https://cwe.mitre.org/data/definitions/1115.html	Source Code Element without Standard Prologue		Inappropriate Source Code Style or Formatting	Base		The source code contains elements such as source files that do not consistently provide a prologue or header that has been standardized for the project.	
https://cwe.mitre.org/data/definitions/1116.html	Inaccurate Comments		Inappropriate Source Code Style or Formatting	Base		The source code contains comments that do not accurately describe or explain aspects of the portion of the code with which the comment is associated.	
https://cwe.mitre.org/data/definitions/1117.html	Callable with Insufficient Behavioral Summary		Inappropriate Source Code Style or Formatting	Base		The code contains a function or method whose signature and/or associated inline documentation does not sufficiently describe the callable's inputs, outputs, side effects, assumptions, or return codes.	
https://cwe.mitre.org/data/definitions/1118.html	Insufficient Documentation of Error Handling Techniques		Insufficient Technical Documentation	Base		The documentation does not sufficiently describe the techniques that are used for error handling, exception processing, or similar mechanisms.	
https://cwe.mitre.org/data/definitions/1119.html	Excessive Use of Unconditional Branching		Excessive Code Complexity	Base		The code uses too many unconditional branches (such as "goto").	
https://cwe.mitre.org/data/definitions/112.html	Missing XML Validation		Improper Validation of Syntactic Correctness of Input	Base		The product accepts XML from an untrusted source but does not validate the XML against the proper schema.	
https://cwe.mitre.org/data/definitions/1120.html	Excessive Code Complexity		Improper Adherence to Coding Standards	Class		The code is too complex, as calculated using a well-defined, quantitative measure.	
https://cwe.mitre.org/data/definitions/1121.html	Excessive McCabe Cyclomatic Complexity		Excessive Code Complexity	Base		The code contains McCabe cyclomatic complexity that exceeds a desirable maximum.	
https://cwe.mitre.org/data/definitions/1122.html	Excessive Halstead Complexity		Excessive Code Complexity	Base		The code is structured in a way that a Halstead complexity measure exceeds a desirable maximum.	
https://cwe.mitre.org/data/definitions/1123.html	Excessive Use of Self-Modifying Code		Excessive Code Complexity	Base		The product uses too much self-modifying code.	
https://cwe.mitre.org/data/definitions/1124.html	Excessively Deep Nesting		Excessive Code Complexity	Base		The code contains a callable or other code grouping in which the nesting / branching is too deep.	
https://cwe.mitre.org/data/definitions/1125.html	Excessive Attack Surface		Excessive Code Complexity	Base		The product has an attack surface whose quantitative measurement exceeds a desirable maximum.	
https://cwe.mitre.org/data/definitions/1126.html	Declaration of Variable with Unnecessarily Wide Scope		Improper Adherence to Coding Standards	Base		The source code declares a variable in one scope, but the variable is only used within a narrower scope.	
https://cwe.mitre.org/data/definitions/1127.html	Compilation with Insufficient Warnings or Errors		Improper Adherence to Coding Standards	Base		The code is compiled without sufficient warnings enabled, which may prevent the detection of subtle bugs or quality issues.	
https://cwe.mitre.org/data/definitions/113.html	Improper Neutralization of CRLF Sequences in HTTP Headers ('HTTP Request/Response Splitting')	HTTP Request/Response Splitting | HTTP Request Splitting | HTTP Response Splitting	Improper Neutralization of CRLF Sequences ('CRLF Injection') | Interpretation Conflict	Variant		The product receives data from an HTTP agent/component (e.g., web server, proxy, browser, etc.), but it does not neutralize or incorrectly neutralizes CR and LF characters before the data is included in outgoing HTTP headers.	
https://cwe.mitre.org/data/definitions/114.html	Process Control		External Control of File Name or Path	Class		Executing commands or loading libraries from an untrusted source or in an untrusted environment can cause an application to execute malicious commands (and payloads) on behalf of an attacker.	
https://cwe.mitre.org/data/definitions/115.html	Misinterpretation of Input		Interpretation Conflict	Base		The product misinterprets an input, whether from an attacker or another product, in a security-relevant fashion.	
https://cwe.mitre.org/data/definitions/116.html	Improper Encoding or Escaping of Output	Output Sanitization | Output Validation | Output Encoding	Improper Neutralization	Class		The product prepares a structured message for communication with another component, but encoding or escaping of the data is either missing or done incorrectly. As a result, the intended structure of the message is not preserved.	
https://cwe.mitre.org/data/definitions/1164.html	Irrelevant Code		Improper Adherence to Coding Standards	Class		The product contains code that is not essential for execution, i.e. makes no state changes and has no side effects that alter data or control flow, such that removal of the code would have no impact to functionality or correctness.	
https://cwe.mitre.org/data/definitions/117.html	Improper Output Neutralization for Logs		Improper Encoding or Escaping of Output	Base		The product does not neutralize or incorrectly neutralizes output that is written to logs.	
https://cwe.mitre.org/data/definitions/1173.html	Improper Use of Validation Framework		Improper Input Validation	Base		The product does not use, or incorrectly uses, an input validation framework that is provided by the source language or an independent library.	
https://cwe.mitre.org/data/definitions/1174.html	ASP.NET Misconfiguration: Improper Model Validation		Improper Use of Validation Framework	Variant		The ASP.NET application does not use, or incorrectly uses, the model validation framework.	
https://cwe.mitre.org/data/definitions/1176.html	Inefficient CPU Computation		Asymmetric Resource Consumption (Amplification)	Class		The product performs CPU computations using algorithms that are not as efficient as they could be for the needs of the developer, i.e., the computations can be optimized further.	
https://cwe.mitre.org/data/definitions/1177.html	Use of Prohibited Code		Improper Adherence to Coding Standards	Class		The product uses a function, library, or third party component that has been explicitly prohibited, whether by the developer or the customer.	
https://cwe.mitre.org/data/definitions/118.html	Incorrect Access of Indexable Resource ('Range Error')	Range Error	Improper Control of a Resource Through its Lifetime	Class		The product does not restrict or incorrectly restricts operations within the boundaries of a resource that is accessed using an index or pointer, such as memory or files.	
https://cwe.mitre.org/data/definitions/1187.html	DEPRECATED: Use of Uninitialized Resource			Base		This entry has been deprecated because it was a duplicate of CWE-908. All content has been transferred to CWE-908.	
https://cwe.mitre.org/data/definitions/1188.html	Initialization of a Resource with an Insecure Default		Incorrect Initialization of Resource	Base		The product initializes or sets a resource with a default that is intended to be changed by the administrator, but the default is not secure.	
https://cwe.mitre.org/data/definitions/1189.html	Improper Isolation of Shared Resources on System-on-a-Chip (SoC)		Improper Isolation or Compartmentalization | Exposure of Resource to Wrong Sphere	Base		The System-On-a-Chip (SoC) does not properly isolate shared resources between trusted and untrusted agents.	
https://cwe.mitre.org/data/definitions/119.html	Improper Restriction of Operations within the Bounds of a Memory Buffer	Buffer Overflow | buffer overrun | memory safety	Incorrect Access of Indexable Resource ('Range Error')	Class		The product performs operations on a memory buffer, but it can read from or write to a memory location that is outside of the intended boundary of the buffer.	
https://cwe.mitre.org/data/definitions/1190.html	DMA Device Enabled Too Early in Boot Phase		Incorrect Behavior Order	Base		The product enables a Direct Memory Access (DMA) capable device before the security configuration settings are established, which allows an attacker to extract data from or gain privileges on the product.	
https://cwe.mitre.org/data/definitions/1191.html	On-Chip Debug and Test Interface With Improper Access Control		Improper Access Control	Base		The chip does not implement or does not correctly perform access control to check whether users are authorized to access internal registers and test modes through the physical debug/test interface.	
https://cwe.mitre.org/data/definitions/1192.html	System-on-Chip (SoC) Using Components without Unique, Immutable Identifiers		Violation of Secure Design Principles	Base		The System-on-Chip (SoC) does not have unique, immutable identifiers for each of its components.	
https://cwe.mitre.org/data/definitions/1193.html	Power-On of Untrusted Execution Core Before Enabling Fabric Access Control		Incorrect Behavior Order	Base		The product enables components that contain untrusted firmware before memory and fabric access controls have been enabled.	
https://cwe.mitre.org/data/definitions/12.html	ASP.NET Misconfiguration: Missing Custom Error Page		Missing Custom Error Page	Variant		An ASP .NET application must enable custom error pages in order to prevent attackers from mining information from the framework's built-in responses.	
https://cwe.mitre.org/data/definitions/120.html	Buffer Copy without Checking Size of Input ('Classic Buffer Overflow')	Classic Buffer Overflow | Unbounded Transfer	Improper Restriction of Operations within the Bounds of a Memory Buffer	Base		The product copies an input buffer to an output buffer without verifying that the size of the input buffer is less than the size of the output buffer, leading to a buffer overflow.	
https://cwe.mitre.org/data/definitions/1204.html	Generation of Weak Initialization Vector (IV)		Use of Insufficiently Random Values	Base		The product uses a cryptographic primitive that uses an Initialization Vector (IV), but the product does not generate IVs that are sufficiently unpredictable or unique according to the expected cryptographic requirements for that primitive.	
https://cwe.mitre.org/data/definitions/1209.html	Failure to Disable Reserved Bits		Improper Adherence to Coding Standards	Base		The reserved bits in a hardware design are not disabled prior to production. Typically, reserved bits are used for future capabilities and should not support any functional logic in the design. However, designers might covertly use these bits to debug or further develop new capabilities in production hardware. Adversaries with access to these bits will write to them in hopes of compromising hardware state.	
https://cwe.mitre.org/data/definitions/121.html	Stack-based Buffer Overflow	Stack Overflow	Access of Memory Location After End of Buffer | Out-of-bounds Write	Variant		A stack-based buffer overflow condition is a condition where the buffer being overwritten is allocated on the stack (i.e., is a local variable or, rarely, a parameter to a function).	
https://cwe.mitre.org/data/definitions/122.html	Heap-based Buffer Overflow		Access of Memory Location After End of Buffer | Out-of-bounds Write	Variant		A heap overflow condition is a buffer overflow, where the buffer that can be overwritten is allocated in the heap portion of memory, generally meaning that the buffer was allocated using a routine such as malloc().	
https://cwe.mitre.org/data/definitions/1220.html	Insufficient Granularity of Access Control		Improper Access Control	Base		The product implements access controls via a policy or other feature with the intention to disable or restrict accesses (reads and/or writes) to assets in a system from untrusted agents. However, implemented access controls lack required granularity, which renders the control policy too broad because it allows accesses from unauthorized agents to the security-sensitive assets.	
https://cwe.mitre.org/data/definitions/1221.html	Incorrect Register Defaults or Module Parameters		Incorrect Initialization of Resource	Base		Hardware description language code incorrectly defines register defaults or hardware Intellectual Property (IP) parameters to insecure values.	
https://cwe.mitre.org/data/definitions/1222.html	Insufficient Granularity of Address Regions Protected by Register Locks		Insufficient Granularity of Access Control	Variant		The product defines a large address region protected from modification by the same register lock control bit. This results in a conflict between the functional requirement that some addresses need to be writable by software during operation and the security requirement that the system configuration lock bit must be set during the boot process.	
https://cwe.mitre.org/data/definitions/1223.html	Race Condition for Write-Once Attributes		Concurrent Execution using Shared Resource with Improper Synchronization ('Race Condition')	Base		A write-once register in hardware design is programmable by an untrusted software component earlier than the trusted software component, resulting in a race condition issue.	
https://cwe.mitre.org/data/definitions/1224.html	Improper Restriction of Write-Once Bit Fields		Improper Access Control	Base		The hardware design control register "sticky bits" or write-once bit fields are improperly implemented, such that they can be reprogrammed by software.	
https://cwe.mitre.org/data/definitions/1229.html	Creation of Emergent Resource		Improper Control of a Resource Through its Lifetime	Class		The product manages resources or behaves in a way that indirectly creates a new, distinct resource that can be used by attackers in violation of the intended policy.	
https://cwe.mitre.org/data/definitions/123.html	Write-what-where Condition		Out-of-bounds Write	Base		Any condition where the attacker has the ability to write an arbitrary value to an arbitrary location, often as the result of a buffer overflow.	
https://cwe.mitre.org/data/definitions/1230.html	Exposure of Sensitive Information Through Metadata		Improper Authorization	Base		The product prevents direct access to a resource containing sensitive information, but it does not sufficiently limit access to metadata that is derived from the original, sensitive information.	
https://cwe.mitre.org/data/definitions/1231.html	Improper Prevention of Lock Bit Modification		Improper Access Control	Base		The product uses a trusted lock bit for restricting access to registers, address regions, or other resources, but the product does not prevent the value of the lock bit from being modified after it has been set.	
https://cwe.mitre.org/data/definitions/1232.html	Improper Lock Behavior After Power State Transition		Improper Locking	Base		Register lock bit protection disables changes to system configuration once the bit is set. Some of the protected registers or lock bits become programmable after power state transitions (e.g., Entry and wake from low power sleep modes) causing the system configuration to be changeable.	
https://cwe.mitre.org/data/definitions/1233.html	Security-Sensitive Hardware Controls with Missing Lock Bit Protection		Improper Access Control | Improper Locking	Base		The product uses a register lock bit protection mechanism, but it does not ensure that the lock bit prevents modification of system registers or controls that perform changes to important hardware system configuration.	
https://cwe.mitre.org/data/definitions/1234.html	Hardware Internal or Debug Modes Allow Override of Locks		Improper Locking	Base		System configuration protection may be bypassed during debug mode.	
https://cwe.mitre.org/data/definitions/1235.html	Incorrect Use of Autoboxing and Unboxing for Performance Critical Operations		Uncontrolled Resource Consumption	Base		The code uses boxed primitives, which may introduce inefficiencies into performance-critical operations.	
https://cwe.mitre.org/data/definitions/1236.html	Improper Neutralization of Formula Elements in a CSV File	CSV Injection | Formula Injection | Excel Macro Injection	Improper Neutralization of Special Elements in Output Used by a Downstream Component ('Injection')	Base		The product saves user-provided information into a Comma-Separated Value (CSV) file, but it does not neutralize or incorrectly neutralizes special elements that could be interpreted as a command when the file is opened by a spreadsheet product.	
https://cwe.mitre.org/data/definitions/1239.html	Improper Zeroization of Hardware Register		Sensitive Information in Resource Not Removed Before Reuse	Variant		The hardware product does not properly clear sensitive information from built-in registers when the user of the hardware block changes.	
https://cwe.mitre.org/data/definitions/124.html	Buffer Underwrite ('Buffer Underflow')	Buffer Underflow | buffer underrun	Access of Memory Location Before Start of Buffer | Out-of-bounds Write	Base		The product writes to a buffer using an index or pointer that references a memory location prior to the beginning of the buffer.	
https://cwe.mitre.org/data/definitions/1240.html	Use of a Cryptographic Primitive with a Risky Implementation		Use of a Broken or Risky Cryptographic Algorithm	Base		To fulfill the need for a cryptographic primitive, the product implements a cryptographic algorithm using a non-standard, unproven, or disallowed/non-compliant cryptographic implementation.	
https://cwe.mitre.org/data/definitions/1241.html	Use of Predictable Algorithm in Random Number Generator		Use of Insufficiently Random Values	Base		The device uses an algorithm that is predictable and generates a pseudo-random number.	
https://cwe.mitre.org/data/definitions/1242.html	Inclusion of Undocumented Features or Chicken Bits		Improper Access Control	Base		The device includes chicken bits or undocumented features that can create entry points for unauthorized actors.	
https://cwe.mitre.org/data/definitions/1243.html	Sensitive Non-Volatile Information Not Protected During Debug		Improper Physical Access Control	Base		Access to security-sensitive information stored in fuses is not limited during debug.	
https://cwe.mitre.org/data/definitions/1244.html	Internal Asset Exposed to Unsafe Debug Access Level or State		Incorrect Authorization	Base		The product uses physical debug or test interfaces with support for multiple access levels, but it assigns the wrong debug access level to an internal asset, providing unintended access to the asset from untrusted debug agents.	
https://cwe.mitre.org/data/definitions/1245.html	Improper Finite State Machines (FSMs) in Hardware Logic		Incorrect Provision of Specified Functionality	Base		Faulty finite state machines (FSMs) in the hardware logic allow an attacker to put the system in an undefined state, to cause a denial of service (DoS) or gain privileges on the victim's system.	
https://cwe.mitre.org/data/definitions/1246.html	Improper Write Handling in Limited-write Non-Volatile Memories		Uncontrolled Resource Consumption	Base		The product does not implement or incorrectly implements wear leveling operations in limited-write non-volatile memories.	
https://cwe.mitre.org/data/definitions/1247.html	Improper Protection Against Voltage and Clock Glitches		Improper Handling of Physical or Environmental Conditions	Base		The device does not contain or contains incorrectly implemented circuitry or sensors to detect and mitigate voltage and clock glitches and protect sensitive information or software contained on the device.	
https://cwe.mitre.org/data/definitions/1248.html	Semiconductor Defects in Hardware Logic with Security-Sensitive Implications		Protection Mechanism Failure	Base		The security-sensitive hardware module contains semiconductor defects.	
https://cwe.mitre.org/data/definitions/1249.html	Application-Level Admin Tool with Inconsistent View of Underlying Operating System	Ghost in the Shell	Improper Preservation of Consistency Between Independent Representations of Shared State	Base		The product provides an application for administrators to manage parts of the underlying operating system, but the application does not accurately identify all of the relevant entities or resources that exist in the OS; that is, the application's model of the OS's state is inconsistent with the OS's actual state.	
https://cwe.mitre.org/data/definitions/125.html	Out-of-bounds Read		Improper Restriction of Operations within the Bounds of a Memory Buffer	Base		The product reads data past the end, or before the beginning, of the intended buffer.	
https://cwe.mitre.org/data/definitions/1250.html	Improper Preservation of Consistency Between Independent Representations of Shared State		Improper Control of a Resource Through its Lifetime	Base		The product has or supports multiple distributed components or sub-systems that are each required to keep their own local copy of shared data - such as state or cache - but the product does not ensure that all local copies remain consistent with each other.	
https://cwe.mitre.org/data/definitions/1251.html	Mirrored Regions with Different Values		Improper Preservation of Consistency Between Independent Representations of Shared State	Base		The product's architecture mirrors regions without ensuring that their contents always stay in sync.	
https://cwe.mitre.org/data/definitions/1252.html	CPU Hardware Not Configured to Support Exclusivity of Write and Execute Operations		Improper Access Control	Base		The CPU is not configured to provide hardware support for exclusivity of write and execute operations on memory. This allows an attacker to execute data from all of memory.	
https://cwe.mitre.org/data/definitions/1253.html	Incorrect Selection of Fuse Values		Protection Mechanism Failure	Base		The logic level used to set a system to a secure state relies on a fuse being unblown. An attacker can set the system to an insecure state merely by blowing the fuse.	
https://cwe.mitre.org/data/definitions/1254.html	Incorrect Comparison Logic Granularity		Observable Timing Discrepancy | Incorrect Comparison	Base		The product's comparison logic is performed over a series of steps rather than across the entire string in one operation. If there is a comparison logic failure on one of these steps, the operation may be vulnerable to a timing attack that can result in the interception of the process for nefarious purposes.	
https://cwe.mitre.org/data/definitions/1255.html	Comparison Logic is Vulnerable to Power Side-Channel Attacks		Improper Protection of Physical Side Channels	Variant		A device's real time power consumption may be monitored during security token evaluation and the information gleaned may be used to determine the value of the reference token.	
https://cwe.mitre.org/data/definitions/1256.html	Improper Restriction of Software Interfaces to Hardware Features		Improper Authorization	Base		The product provides software-controllable device functionality for capabilities such as power and clock management, but it does not properly limit functionality that can lead to modification of hardware memory or register bits, or the ability to observe physical side channels.	
https://cwe.mitre.org/data/definitions/1257.html	Improper Access Control Applied to Mirrored or Aliased Memory Regions		Improper Access Control	Base		Aliased or mirrored memory regions in hardware designs may have inconsistent read/write permissions enforced by the hardware. A possible result is that an untrusted agent is blocked from accessing a memory region but is not blocked from accessing the corresponding aliased memory region.	
https://cwe.mitre.org/data/definitions/1258.html	Exposure of Sensitive System Information Due to Uncleared Debug Information		Improper Removal of Sensitive Information Before Storage or Transfer | Exposure of Sensitive Information to an Unauthorized Actor	Base		The hardware does not fully clear security-sensitive values, such as keys and intermediate values in cryptographic operations, when debug mode is entered.	
https://cwe.mitre.org/data/definitions/1259.html	Improper Restriction of Security Token Assignment		Improper Access Control	Base		The System-On-A-Chip (SoC) implements a Security Token mechanism to differentiate what actions are allowed or disallowed when a transaction originates from an entity. However, the Security Tokens are improperly protected.	
https://cwe.mitre.org/data/definitions/126.html	Buffer Over-read		Out-of-bounds Read | Access of Memory Location After End of Buffer	Variant		The product reads from a buffer using buffer access mechanisms such as indexes or pointers that reference memory locations after the targeted buffer.	
https://cwe.mitre.org/data/definitions/1260.html	Improper Handling of Overlap Between Protected Memory Ranges		Improper Access Control	Base		The product allows address regions to overlap, which can result in the bypassing of intended memory protection.	
https://cwe.mitre.org/data/definitions/1261.html	Improper Handling of Single Event Upsets		Improper Handling of Physical or Environmental Conditions	Base		The hardware logic does not effectively handle when single-event upsets (SEUs) occur.	
https://cwe.mitre.org/data/definitions/1262.html	Improper Access Control for Register Interface		Improper Access Control	Base		The product uses memory-mapped I/O registers that act as an interface to hardware functionality from software, but there is improper access control to those registers.	
https://cwe.mitre.org/data/definitions/1263.html	Improper Physical Access Control		Improper Access Control	Class		The product is designed with access restricted to certain information, but it does not sufficiently protect against an unauthorized actor with physical access to these areas.	
https://cwe.mitre.org/data/definitions/1264.html	Hardware Logic with Insecure De-Synchronization between Control and Data Channels		Incorrect Synchronization	Base		The hardware logic for error handling and security checks can incorrectly forward data before the security check is complete.	
https://cwe.mitre.org/data/definitions/1265.html	Unintended Reentrant Invocation of Non-reentrant Code Via Nested Calls		Insufficient Control Flow Management	Base		During execution of non-reentrant code, the product performs a call that unintentionally produces a nested invocation of the non-reentrant code.	
https://cwe.mitre.org/data/definitions/1266.html	Improper Scrubbing of Sensitive Data from Decommissioned Device		Improper Resource Shutdown or Release	Base		The product does not properly provide a capability for the product administrator to remove sensitive data at the time the product is decommissioned. A scrubbing capability could be missing, insufficient, or incorrect.	
https://cwe.mitre.org/data/definitions/1267.html	Policy Uses Obsolete Encoding		Improper Access Control	Base		The product uses an obsolete encoding mechanism to implement access controls.	
https://cwe.mitre.org/data/definitions/1268.html	Policy Privileges are not Assigned Consistently Between Control and Data Agents		Improper Access Control	Base		The product's hardware-enforced access control for a particular resource improperly accounts for privilege discrepancies between control and write policies.	
https://cwe.mitre.org/data/definitions/1269.html	Product Released in Non-Release Configuration		Protection Mechanism Failure	Base		The product released to market is released in pre-production or manufacturing configuration.	
https://cwe.mitre.org/data/definitions/127.html	Buffer Under-read		Out-of-bounds Read | Access of Memory Location Before Start of Buffer	Variant		The product reads from a buffer using buffer access mechanisms such as indexes or pointers that reference memory locations prior to the targeted buffer.	
https://cwe.mitre.org/data/definitions/1270.html	Generation of Incorrect Security Tokens		Improper Access Control	Base		The product implements a Security Token mechanism to differentiate what actions are allowed or disallowed when a transaction originates from an entity. However, the Security Tokens generated in the system are incorrect.	
https://cwe.mitre.org/data/definitions/1271.html	Uninitialized Value on Reset for Registers Holding Security Settings		Missing Initialization of Resource	Base		Security-critical logic is not set to a known value on reset.	
https://cwe.mitre.org/data/definitions/1272.html	Sensitive Information Uncleared Before Debug/Power State Transition		Sensitive Information in Resource Not Removed Before Reuse	Base		The product performs a power or debug state transition, but it does not clear sensitive information that should no longer be accessible due to changes to information access restrictions.	
https://cwe.mitre.org/data/definitions/1273.html	Device Unlock Credential Sharing		Exposure of Sensitive Information to an Unauthorized Actor	Base		The credentials necessary for unlocking a device are shared across multiple parties and may expose sensitive information.	
https://cwe.mitre.org/data/definitions/1274.html	Improper Access Control for Volatile Memory Containing Boot Code		Improper Access Control	Base		The product conducts a secure-boot process that transfers bootloader code from Non-Volatile Memory (NVM) into Volatile Memory (VM), but it does not have sufficient access control or other protections for the Volatile Memory.	
https://cwe.mitre.org/data/definitions/1275.html	Sensitive Cookie with Improper SameSite Attribute		Improper Restriction of Communication Channel to Intended Endpoints	Variant		The SameSite attribute for sensitive cookies is not set, or an insecure value is used.	
https://cwe.mitre.org/data/definitions/1276.html	Hardware Child Block Incorrectly Connected to Parent System		Improper Access Control	Base		Signals between a hardware IP and the parent system design are incorrectly connected causing security risks.	
https://cwe.mitre.org/data/definitions/1277.html	Firmware Not Updateable		Reliance on Component That is Not Updateable	Base		The product does not provide its users with the ability to update or patch its firmware to address any vulnerabilities or weaknesses that may be present.	
https://cwe.mitre.org/data/definitions/1278.html	Missing Protection Against Hardware Reverse Engineering Using Integrated Circuit (IC) Imaging Techniques		Protection Mechanism Failure	Base		Information stored in hardware may be recovered by an attacker with the capability to capture and analyze images of the integrated circuit using techniques such as scanning electron microscopy.	
https://cwe.mitre.org/data/definitions/1279.html	Cryptographic Operations are run Before Supporting Units are Ready		Insufficient Control Flow Management | Improper Initialization	Base		Performing cryptographic operations without ensuring that the supporting inputs are ready to supply valid data may compromise the cryptographic result.	
https://cwe.mitre.org/data/definitions/128.html	Wrap-around Error		Incorrect Calculation	Base		Wrap around errors occur whenever a value is incremented past the maximum value for its type and therefore "wraps around" to a very small, negative, or undefined value.	
https://cwe.mitre.org/data/definitions/1280.html	Access Control Check Implemented After Asset is Accessed		Incorrect Behavior Order | Improper Access Control	Base		A product's hardware-based access control check occurs after the asset has been accessed.	
https://cwe.mitre.org/data/definitions/1281.html	Sequence of Processor Instructions Leads to Unexpected Behavior		Insufficient Control Flow Management	Base		Specific combinations of processor instructions lead to undesirable behavior such as locking the processor until a hard reset performed.	
https://cwe.mitre.org/data/definitions/1282.html	Assumed-Immutable Data is Stored in Writable Memory		Exposure of Resource to Wrong Sphere	Base		Immutable data, such as a first-stage bootloader, device identifiers, and "write-once" configuration settings are stored in writable memory that can be re-programmed or updated in the field.	
https://cwe.mitre.org/data/definitions/1283.html	Mutable Attestation or Measurement Reporting Data		Improper Access Control	Base		The register contents used for attestation or measurement reporting data to verify boot flow are modifiable by an adversary.	
https://cwe.mitre.org/data/definitions/1284.html	Improper Validation of Specified Quantity in Input		Improper Input Validation	Base		The product receives input that is expected to specify a quantity (such as size or length), but it does not validate or incorrectly validates that the quantity has the required properties.	
https://cwe.mitre.org/data/definitions/1285.html	Improper Validation of Specified Index, Position, or Offset in Input		Improper Input Validation	Base		The product receives input that is expected to specify an index, position, or offset into an indexable resource such as a buffer or file, but it does not validate or incorrectly validates that the specified index/position/offset has the required properties.	
https://cwe.mitre.org/data/definitions/1286.html	Improper Validation of Syntactic Correctness of Input		Improper Input Validation	Base		The product receives input that is expected to be well-formed - i.e., to comply with a certain syntax - but it does not validate or incorrectly validates that the input complies with the syntax.	
https://cwe.mitre.org/data/definitions/1287.html	Improper Validation of Specified Type of Input		Improper Input Validation	Base		The product receives input that is expected to be of a certain type, but it does not validate or incorrectly validates that the input is actually of the expected type.	
https://cwe.mitre.org/data/definitions/1288.html	Improper Validation of Consistency within Input		Improper Input Validation	Base		The product receives a complex input with multiple elements or fields that must be consistent with each other, but it does not validate or incorrectly validates that the input is actually consistent.	
https://cwe.mitre.org/data/definitions/1289.html	Improper Validation of Unsafe Equivalence in Input		Improper Input Validation	Base		The product receives an input value that is used as a resource identifier or other type of reference, but it does not validate or incorrectly validates that the input is equivalent to a potentially-unsafe value.	
https://cwe.mitre.org/data/definitions/129.html	Improper Validation of Array Index	out-of-bounds array index | index-out-of-range | array index underflow	Improper Validation of Specified Index, Position, or Offset in Input	Variant		The product uses untrusted input when calculating or using an array index, but the product does not validate or incorrectly validates the index to ensure the index references a valid position within the array.	
https://cwe.mitre.org/data/definitions/1290.html	Incorrect Decoding of Security Identifiers 		Improper Access Control	Base		The product implements a decoding mechanism to decode certain bus-transaction signals to security identifiers. If the decoding is implemented incorrectly, then untrusted agents can now gain unauthorized access to the asset.	
https://cwe.mitre.org/data/definitions/1291.html	Public Key Re-Use for Signing both Debug and Production Code		Protection Mechanism Failure	Base		The same public key is used for signing both debug and production code.	
https://cwe.mitre.org/data/definitions/1292.html	Incorrect Conversion of Security Identifiers		Improper Access Control	Base		The product implements a conversion mechanism to map certain bus-transaction signals to security identifiers. However, if the conversion is incorrectly implemented, untrusted agents can gain unauthorized access to the asset.	
https://cwe.mitre.org/data/definitions/1293.html	Missing Source Correlation of Multiple Independent Data		Insufficient Verification of Data Authenticity	Base		The product relies on one source of data, preventing the ability to detect if an adversary has compromised a data source.	
https://cwe.mitre.org/data/definitions/1294.html	Insecure Security Identifier Mechanism		Improper Access Control	Class		The System-on-Chip (SoC) implements a Security Identifier mechanism to differentiate what actions are allowed or disallowed when a transaction originates from an entity. However, the Security Identifiers are not correctly implemented.	
https://cwe.mitre.org/data/definitions/1295.html	Debug Messages Revealing Unnecessary Information		Exposure of Sensitive Information to an Unauthorized Actor	Base		The product fails to adequately prevent the revealing of unnecessary and potentially sensitive system information within debugging messages.	
https://cwe.mitre.org/data/definitions/1296.html	Incorrect Chaining or Granularity of Debug Components		Improper Access Control	Base		The product's debug components contain incorrect chaining or granularity of debug components.	
https://cwe.mitre.org/data/definitions/1297.html	Unprotected Confidential Information on Device is Accessible by OSAT Vendors		Improper Authorization	Base		The product does not adequately protect confidential information on the device from being accessed by Outsourced Semiconductor Assembly and Test (OSAT) vendors.	
https://cwe.mitre.org/data/definitions/1298.html	Hardware Logic Contains Race Conditions		Concurrent Execution using Shared Resource with Improper Synchronization ('Race Condition')	Base		A race condition in the hardware logic results in undermining security guarantees of the system.	
https://cwe.mitre.org/data/definitions/1299.html	Missing Protection Mechanism for Alternate Hardware Interface		Unprotected Alternate Channel | Authentication Bypass Using an Alternate Path or Channel	Base		The lack of protections on alternate paths to access control-protected assets (such as unprotected shadow registers and other external facing unguarded interfaces) allows an attacker to bypass existing protections to the asset that are only performed against the primary path.	
https://cwe.mitre.org/data/definitions/13.html	ASP.NET Misconfiguration: Password in Configuration File		Password in Configuration File	Variant		Storing a plaintext password in a configuration file allows anyone who can read the file access to the password-protected resource making them an easy target for attackers.	
https://cwe.mitre.org/data/definitions/130.html	Improper Handling of Length Parameter Inconsistency	length manipulation | length tampering	Improper Handling of Inconsistent Structural Elements	Base		The product parses a formatted message or structure, but it does not handle or incorrectly handles a length field that is inconsistent with the actual length of the associated data.	
https://cwe.mitre.org/data/definitions/1300.html	Improper Protection of Physical Side Channels		Observable Discrepancy	Base		The device does not contain sufficient protection mechanisms to prevent physical side channels from exposing sensitive information due to patterns in physically observable phenomena such as variations in power consumption, electromagnetic emissions (EME), or acoustic emissions.	
https://cwe.mitre.org/data/definitions/1301.html	Insufficient or Incomplete Data Removal within Hardware Component		Sensitive Information in Resource Not Removed Before Reuse	Base		The product's data removal process does not completely delete all data and potentially sensitive information within hardware components.	
https://cwe.mitre.org/data/definitions/1302.html	Missing Security Identifier		Insecure Security Identifier Mechanism	Base		The product implements a security identifier mechanism to differentiate what actions are allowed or disallowed when a transaction originates from an entity. A transaction is sent without a security identifier.	
https://cwe.mitre.org/data/definitions/1303.html	Non-Transparent Sharing of Microarchitectural Resources		Improper Isolation of Shared Resources on System-on-a-Chip (SoC) | Observable Discrepancy	Base		Hardware structures shared across execution contexts (e.g., caches and branch predictors) can violate the expected architecture isolation between contexts.	
https://cwe.mitre.org/data/definitions/1304.html	Improperly Preserved Integrity of Hardware Configuration State During a Power Save/Restore Operation		Improper Access Control	Base		The product performs a power save/restore operation, but it does not ensure that the integrity of the configuration state is maintained and/or verified between the beginning and ending of the operation.	
https://cwe.mitre.org/data/definitions/131.html	Incorrect Calculation of Buffer Size		Incorrect Calculation	Base		The product does not correctly calculate the size to be used when allocating a buffer, which could lead to a buffer overflow.	
https://cwe.mitre.org/data/definitions/1310.html	Missing Ability to Patch ROM Code		Reliance on Component That is Not Updateable	Base		Missing an ability to patch ROM code may leave a System or System-on-Chip (SoC) in a vulnerable state.	
https://cwe.mitre.org/data/definitions/1311.html	Improper Translation of Security Attributes by Fabric Bridge		Improper Access Control	Base		The bridge incorrectly translates security attributes from either trusted to untrusted or from untrusted to trusted when converting from one fabric protocol to another.	
https://cwe.mitre.org/data/definitions/1312.html	Missing Protection for Mirrored Regions in On-Chip Fabric Firewall		Improper Access Control	Base		The firewall in an on-chip fabric protects the main addressed region, but it does not protect any mirrored memory or memory-mapped-IO (MMIO) regions.	
https://cwe.mitre.org/data/definitions/1313.html	Hardware Allows Activation of Test or Debug Logic at Runtime		Improper Access Control	Base		During runtime, the hardware allows for test or debug logic (feature) to be activated, which allows for changing the state of the hardware. This feature can alter the intended behavior of the system and allow for alteration and leakage of sensitive data by an adversary.	
https://cwe.mitre.org/data/definitions/1314.html	Missing Write Protection for Parametric Data Values		Missing Authorization	Base		The device does not write-protect the parametric data values for sensors that scale the sensor value, allowing untrusted software to manipulate the apparent result and potentially damage hardware or cause operational failure.	
https://cwe.mitre.org/data/definitions/1315.html	Improper Setting of Bus Controlling Capability in Fabric End-point		Improper Access Control	Base		The bus controller enables bits in the fabric end-point to allow responder devices to control transactions on the fabric.	
https://cwe.mitre.org/data/definitions/1316.html	Fabric-Address Map Allows Programming of Unwarranted Overlaps of Protected and Unprotected Ranges		Improper Access Control	Base		The address map of the on-chip fabric has protected and unprotected regions overlapping, allowing an attacker to bypass access control to the overlapping portion of the protected region.	
https://cwe.mitre.org/data/definitions/1317.html	Improper Access Control in Fabric Bridge		Improper Access Control	Base		The product uses a fabric bridge for transactions between two Intellectual Property (IP) blocks, but the bridge does not properly perform the expected privilege, identity, or other access control checks between those IP blocks.	
https://cwe.mitre.org/data/definitions/1318.html	Missing Support for Security Features in On-chip Fabrics or Buses		Protection Mechanism Failure	Base		On-chip fabrics or buses either do not support or are not configured to support privilege separation or other security features, such as access control.	
https://cwe.mitre.org/data/definitions/1319.html	Improper Protection against Electromagnetic Fault Injection (EM-FI)		Protection Mechanism Failure	Base		The device is susceptible to electromagnetic fault injection attacks, causing device internal information to be compromised or security mechanisms to be bypassed.	
https://cwe.mitre.org/data/definitions/132.html	DEPRECATED: Miscalculated Null Termination			Base		This entry has been deprecated because it was a duplicate of CWE-170. All content has been transferred to CWE-170.	
https://cwe.mitre.org/data/definitions/1320.html	Improper Protection for Outbound Error Messages and Alert Signals		Improper Access Control	Base		Untrusted agents can disable alerts about signal conditions exceeding limits or the response mechanism that handles such alerts.	
https://cwe.mitre.org/data/definitions/1321.html	Improperly Controlled Modification of Object Prototype Attributes ('Prototype Pollution')	Prototype Pollution	Improperly Controlled Modification of Dynamically-Determined Object Attributes	Variant		The product receives input from an upstream component that specifies attributes that are to be initialized or updated in an object, but it does not properly control modifications of attributes of the object prototype.	
https://cwe.mitre.org/data/definitions/1322.html	Use of Blocking Code in Single-threaded, Non-blocking Context		Excessive Iteration	Base		The product uses a non-blocking model that relies on a single threaded process for features such as scalability, but it contains code that can block when it is invoked.	
https://cwe.mitre.org/data/definitions/1323.html	Improper Management of Sensitive Trace Data		Improper Access Control	Base		Trace data collected from several sources on the System-on-Chip (SoC) is stored in unprotected locations or transported to untrusted agents.	
https://cwe.mitre.org/data/definitions/1324.html	DEPRECATED: Sensitive Information Accessible by Physical Probing of JTAG Interface			Base		This entry has been deprecated because it was at a lower level of abstraction than supported by CWE. All relevant content has been integrated into CWE-319.	
https://cwe.mitre.org/data/definitions/1325.html	Improperly Controlled Sequential Memory Allocation	Stack Exhaustion	Allocation of Resources Without Limits or Throttling	Base		The product manages a group of objects or resources and performs a separate memory allocation for each object, but it does not properly limit the total amount of memory that is consumed by all of the combined objects.	
https://cwe.mitre.org/data/definitions/1326.html	Missing Immutable Root of Trust in Hardware		Protection Mechanism Failure	Base		A missing immutable root of trust in the hardware results in the ability to bypass secure boot or execute untrusted or adversarial boot code.	
https://cwe.mitre.org/data/definitions/1327.html	Binding to an Unrestricted IP Address		Exposure of Resource to Wrong Sphere	Base		The product assigns the address 0.0.0.0 for a database server, a cloud service/instance, or any computing resource that communicates remotely.	
https://cwe.mitre.org/data/definitions/1328.html	Security Version Number Mutable to Older Versions		Improper Authorization	Base		Security-version number in hardware is mutable, resulting in the ability to downgrade (roll-back) the boot firmware to vulnerable code versions.	
https://cwe.mitre.org/data/definitions/1329.html	Reliance on Component That is Not Updateable		Reliance on Insufficiently Trustworthy Component | Improper Control of a Resource Through its Lifetime	Base		The product contains a component that cannot be updated or patched in order to remove vulnerabilities or significant bugs.	
https://cwe.mitre.org/data/definitions/1330.html	Remanent Data Readable after Memory Erase		Insufficient or Incomplete Data Removal within Hardware Component	Variant		Confidential information stored in memory circuits is readable or recoverable after being cleared or erased.	
https://cwe.mitre.org/data/definitions/1331.html	Improper Isolation of Shared Resources in Network On Chip (NoC)		Improper Isolation or Compartmentalization | Exposure of Resource to Wrong Sphere	Base		The Network On Chip (NoC) does not isolate or incorrectly isolates its on-chip-fabric and internal resources such that they are shared between trusted and untrusted agents, creating timing channels.	
https://cwe.mitre.org/data/definitions/1332.html	Improper Handling of Faults that Lead to Instruction Skips		Improper Handling of Physical or Environmental Conditions	Base		The device is missing or incorrectly implements circuitry or sensors that detect and mitigate the skipping of security-critical CPU instructions when they occur.	
https://cwe.mitre.org/data/definitions/1333.html	Inefficient Regular Expression Complexity	ReDoS | Regular Expression Denial of Service | Catastrophic backtracking	Inefficient Algorithmic Complexity	Base		The product uses a regular expression with an inefficient, possibly exponential worst-case computational complexity that consumes excessive CPU cycles.	
https://cwe.mitre.org/data/definitions/1334.html	Unauthorized Error Injection Can Degrade Hardware Redundancy		Improper Access Control	Base		An unauthorized agent can inject errors into a redundant block to deprive the system of redundancy or put the system in a degraded operating mode.	
https://cwe.mitre.org/data/definitions/1335.html	Incorrect Bitwise Shift of Integer		Incorrect Calculation	Base		An integer value is specified to be shifted by a negative amount or an amount greater than or equal to the number of bits contained in the value causing an unexpected or indeterminate result.	
https://cwe.mitre.org/data/definitions/1336.html	Improper Neutralization of Special Elements Used in a Template Engine	Server-Side Template Injection / SSTI | Client-Side Template Injection / CSTI	Improper Control of Generation of Code ('Code Injection')	Base		The product uses a template engine to insert or process externally-influenced input, but it does not neutralize or incorrectly neutralizes special elements or syntax that can be interpreted as template expressions or other code directives when processed by the engine.	
https://cwe.mitre.org/data/definitions/1338.html	Improper Protections Against Hardware Overheating		Protection Mechanism Failure	Base		A hardware device is missing or has inadequate protection features to prevent overheating.	
https://cwe.mitre.org/data/definitions/1339.html	Insufficient Precision or Accuracy of a Real Number		Incorrect Calculation	Base		The product processes a real number with an implementation in which the number's representation does not preserve required accuracy and precision in its fractional part, causing an incorrect result.	
https://cwe.mitre.org/data/definitions/134.html	Use of Externally-Controlled Format String		Exposure of Resource to Wrong Sphere	Base		The product uses a function that accepts a format string as an argument, but the format string originates from an external source.	
https://cwe.mitre.org/data/definitions/1341.html	Multiple Releases of Same Resource or Handle		Multiple Operations on Resource in Single-Operation Context	Base		The product attempts to close or release a resource or handle more than once, without any successful open between the close operations.	
https://cwe.mitre.org/data/definitions/1342.html	Information Exposure through Microarchitectural State after Transient Execution		Sensitive Information in Resource Not Removed Before Reuse	Base		The processor does not properly clear microarchitectural state after incorrect microcode assists or speculative execution, resulting in transient execution.	
https://cwe.mitre.org/data/definitions/135.html	Incorrect Calculation of Multi-Byte String Length		Incorrect Calculation	Base		The product does not correctly calculate the length of strings that can contain wide or multi-byte characters.	
https://cwe.mitre.org/data/definitions/1351.html	Improper Handling of Hardware Behavior in Exceptionally Cold Environments		Improper Handling of Physical or Environmental Conditions	Base		A hardware device, or the firmware running on it, is missing or has incorrect protection features to maintain goals of security primitives when the device is cooled below standard operating temperatures.	
https://cwe.mitre.org/data/definitions/1357.html	Reliance on Insufficiently Trustworthy Component		Improper Adherence to Coding Standards	Class		The product is built from multiple separate components, but it uses a component that is not sufficiently trusted to meet expectations for security, reliability, updateability, and maintainability.	
https://cwe.mitre.org/data/definitions/138.html	Improper Neutralization of Special Elements		Improper Neutralization	Class		The product receives input from an upstream component, but it does not neutralize or incorrectly neutralizes special elements that could be interpreted as control elements or syntactic markers when they are sent to a downstream component.	
https://cwe.mitre.org/data/definitions/1384.html	Improper Handling of Physical or Environmental Conditions		Improper Check or Handling of Exceptional Conditions	Class		The product does not properly handle unexpected physical or environmental conditions that occur naturally or are artificially induced.	
https://cwe.mitre.org/data/definitions/1385.html	Missing Origin Validation in WebSockets	Cross-Site WebSocket hijacking (CSWSH)	Origin Validation Error	Variant		The product uses a WebSocket, but it does not properly verify that the source of data or communication is valid.	
https://cwe.mitre.org/data/definitions/1386.html	Insecure Operation on Windows Junction / Mount Point		Improper Link Resolution Before File Access ('Link Following')	Base		The product opens a file or directory, but it does not properly prevent the name from being associated with a junction or mount point to a destination that is outside of the intended control sphere.	
https://cwe.mitre.org/data/definitions/1389.html	Incorrect Parsing of Numbers with Different Radices		Incorrect Type Conversion or Cast	Base		The product parses numeric input assuming base 10 (decimal) values, but it does not account for inputs that use a different base number (radix).	
https://cwe.mitre.org/data/definitions/1390.html	Weak Authentication		Improper Authentication	Class		The product uses an authentication mechanism to restrict access to specific users or identities, but the mechanism does not sufficiently prove that the claimed identity is correct.	
https://cwe.mitre.org/data/definitions/1391.html	Use of Weak Credentials		Weak Authentication	Class		The product uses weak credentials (such as a default key or hard-coded password) that can be calculated, derived, reused, or guessed by an attacker.	
https://cwe.mitre.org/data/definitions/1392.html	Use of Default Credentials		Use of Weak Credentials	Base		The product uses default credentials (such as passwords or cryptographic keys) for potentially critical functionality.	
https://cwe.mitre.org/data/definitions/1393.html	Use of Default Password		Use of Default Credentials	Base		The product uses default passwords for potentially critical functionality.	
https://cwe.mitre.org/data/definitions/1394.html	Use of Default Cryptographic Key		Use of Default Credentials	Base		The product uses a default cryptographic key for potentially critical functionality.	
https://cwe.mitre.org/data/definitions/1395.html	Dependency on Vulnerable Third-Party Component		Violation of Secure Design Principles	Class		The product has a dependency on a third-party component that contains one or more known vulnerabilities.	
https://cwe.mitre.org/data/definitions/14.html	Compiler Removal of Code to Clear Buffers		Compiler Optimization Removal or Modification of Security-critical Code	Variant		Sensitive memory is cleared according to the source code, but compiler optimizations leave the memory untouched when it is not read from again, aka "dead store removal."	
https://cwe.mitre.org/data/definitions/140.html	Improper Neutralization of Delimiters		Improper Neutralization of Special Elements	Base		The product does not neutralize or incorrectly neutralizes delimiters.	
https://cwe.mitre.org/data/definitions/141.html	Improper Neutralization of Parameter/Argument Delimiters		Improper Neutralization of Delimiters	Variant		The product receives input from an upstream component, but it does not neutralize or incorrectly neutralizes special elements that could be interpreted as parameter or argument delimiters when they are sent to a downstream component.	
https://cwe.mitre.org/data/definitions/1419.html	Incorrect Initialization of Resource		Improper Initialization	Class		The product attempts to initialize a resource but does not correctly do so, which might leave the resource in an unexpected, incorrect, or insecure state when it is accessed.	
https://cwe.mitre.org/data/definitions/142.html	Improper Neutralization of Value Delimiters		Improper Neutralization of Delimiters	Variant		The product receives input from an upstream component, but it does not neutralize or incorrectly neutralizes special elements that could be interpreted as value delimiters when they are sent to a downstream component.	
https://cwe.mitre.org/data/definitions/143.html	Improper Neutralization of Record Delimiters		Improper Neutralization of Delimiters	Variant		The product receives input from an upstream component, but it does not neutralize or incorrectly neutralizes special elements that could be interpreted as record delimiters when they are sent to a downstream component.	
https://cwe.mitre.org/data/definitions/144.html	Improper Neutralization of Line Delimiters		Improper Neutralization of Delimiters	Variant		The product receives input from an upstream component, but it does not neutralize or incorrectly neutralizes special elements that could be interpreted as line delimiters when they are sent to a downstream component.	
https://cwe.mitre.org/data/definitions/145.html	Improper Neutralization of Section Delimiters		Improper Neutralization of Delimiters	Variant		The product receives input from an upstream component, but it does not neutralize or incorrectly neutralizes special elements that could be interpreted as section delimiters when they are sent to a downstream component.	
https://cwe.mitre.org/data/definitions/146.html	Improper Neutralization of Expression/Command Delimiters		Improper Neutralization of Delimiters	Variant		The product receives input from an upstream component, but it does not neutralize or incorrectly neutralizes special elements that could be interpreted as expression or command delimiters when they are sent to a downstream component.	
https://cwe.mitre.org/data/definitions/147.html	Improper Neutralization of Input Terminators		Improper Neutralization of Special Elements	Variant		The product receives input from an upstream component, but it does not neutralize or incorrectly neutralizes special elements that could be interpreted as input terminators when they are sent to a downstream component.	
https://cwe.mitre.org/data/definitions/148.html	Improper Neutralization of Input Leaders		Improper Neutralization of Special Elements	Variant		The product does not properly handle when a leading character or sequence ("leader") is missing or malformed, or if multiple leaders are used when only one should be allowed.	
https://cwe.mitre.org/data/definitions/149.html	Improper Neutralization of Quoting Syntax		Improper Neutralization of Special Elements	Variant		Quotes injected into a product can be used to compromise a system. As data are parsed, an injected/absent/duplicate/malformed use of quotes may cause the process to take unexpected actions.	
https://cwe.mitre.org/data/definitions/15.html	External Control of System or Configuration Setting		External Control of Critical State Data | Externally Controlled Reference to a Resource in Another Sphere	Base		One or more system settings or configuration elements can be externally controlled by a user.	
https://cwe.mitre.org/data/definitions/150.html	Improper Neutralization of Escape, Meta, or Control Sequences		Improper Neutralization of Special Elements	Variant		The product receives input from an upstream component, but it does not neutralize or incorrectly neutralizes special elements that could be interpreted as escape, meta, or control character sequences when they are sent to a downstream component.	
https://cwe.mitre.org/data/definitions/151.html	Improper Neutralization of Comment Delimiters		Improper Neutralization of Special Elements	Variant		The product receives input from an upstream component, but it does not neutralize or incorrectly neutralizes special elements that could be interpreted as comment delimiters when they are sent to a downstream component.	
https://cwe.mitre.org/data/definitions/152.html	Improper Neutralization of Macro Symbols		Improper Neutralization of Special Elements	Variant		The product receives input from an upstream component, but it does not neutralize or incorrectly neutralizes special elements that could be interpreted as macro symbols when they are sent to a downstream component.	
https://cwe.mitre.org/data/definitions/153.html	Improper Neutralization of Substitution Characters		Improper Neutralization of Special Elements	Variant		The product receives input from an upstream component, but it does not neutralize or incorrectly neutralizes special elements that could be interpreted as substitution characters when they are sent to a downstream component.	
https://cwe.mitre.org/data/definitions/154.html	Improper Neutralization of Variable Name Delimiters		Improper Neutralization of Special Elements	Variant		The product receives input from an upstream component, but it does not neutralize or incorrectly neutralizes special elements that could be interpreted as variable name delimiters when they are sent to a downstream component.	
https://cwe.mitre.org/data/definitions/155.html	Improper Neutralization of Wildcards or Matching Symbols		Improper Neutralization of Special Elements	Variant		The product receives input from an upstream component, but it does not neutralize or incorrectly neutralizes special elements that could be interpreted as wildcards or matching symbols when they are sent to a downstream component.	
https://cwe.mitre.org/data/definitions/156.html	Improper Neutralization of Whitespace	White space	Improper Neutralization of Special Elements	Variant		The product receives input from an upstream component, but it does not neutralize or incorrectly neutralizes special elements that could be interpreted as whitespace when they are sent to a downstream component.	
https://cwe.mitre.org/data/definitions/157.html	Failure to Sanitize Paired Delimiters		Improper Neutralization of Special Elements	Variant		The product does not properly handle the characters that are used to mark the beginning and ending of a group of entities, such as parentheses, brackets, and braces.	
https://cwe.mitre.org/data/definitions/158.html	Improper Neutralization of Null Byte or NUL Character		Improper Neutralization of Special Elements	Variant		The product receives input from an upstream component, but it does not neutralize or incorrectly neutralizes NUL characters or null bytes when they are sent to a downstream component.	
https://cwe.mitre.org/data/definitions/159.html	Improper Handling of Invalid Use of Special Elements		Improper Neutralization of Special Elements	Class		The product does not properly filter, remove, quote, or otherwise manage the invalid use of special elements in user-controlled input, which could cause adverse effect on its behavior and integrity.	
https://cwe.mitre.org/data/definitions/160.html	Improper Neutralization of Leading Special Elements		Improper Neutralization of Special Elements	Variant		The product receives input from an upstream component, but it does not neutralize or incorrectly neutralizes leading special elements that could be interpreted in unexpected ways when they are sent to a downstream component.	
https://cwe.mitre.org/data/definitions/161.html	Improper Neutralization of Multiple Leading Special Elements		Improper Neutralization of Leading Special Elements	Variant		The product receives input from an upstream component, but it does not neutralize or incorrectly neutralizes multiple leading special elements that could be interpreted in unexpected ways when they are sent to a downstream component.	
https://cwe.mitre.org/data/definitions/162.html	Improper Neutralization of Trailing Special Elements		Improper Neutralization of Special Elements	Variant		The product receives input from an upstream component, but it does not neutralize or incorrectly neutralizes trailing special elements that could be interpreted in unexpected ways when they are sent to a downstream component.	
https://cwe.mitre.org/data/definitions/163.html	Improper Neutralization of Multiple Trailing Special Elements		Improper Neutralization of Trailing Special Elements	Variant		The product receives input from an upstream component, but it does not neutralize or incorrectly neutralizes multiple trailing special elements that could be interpreted in unexpected ways when they are sent to a downstream component.	
https://cwe.mitre.org/data/definitions/164.html	Improper Neutralization of Internal Special Elements		Improper Neutralization of Special Elements	Variant		The product receives input from an upstream component, but it does not neutralize or incorrectly neutralizes internal special elements that could be interpreted in unexpected ways when they are sent to a downstream component.	
https://cwe.mitre.org/data/definitions/165.html	Improper Neutralization of Multiple Internal Special Elements		Improper Neutralization of Internal Special Elements	Variant		The product receives input from an upstream component, but it does not neutralize or incorrectly neutralizes multiple internal special elements that could be interpreted in unexpected ways when they are sent to a downstream component.	
https://cwe.mitre.org/data/definitions/166.html	Improper Handling of Missing Special Element		Improper Handling of Invalid Use of Special Elements | Improper Check or Handling of Exceptional Conditions	Base		The product receives input from an upstream component, but it does not handle or incorrectly handles when an expected special element is missing.	
https://cwe.mitre.org/data/definitions/167.html	Improper Handling of Additional Special Element		Improper Handling of Invalid Use of Special Elements | Improper Check or Handling of Exceptional Conditions	Base		The product receives input from an upstream component, but it does not handle or incorrectly handles when an additional unexpected special element is provided.	
https://cwe.mitre.org/data/definitions/168.html	Improper Handling of Inconsistent Special Elements		Improper Handling of Invalid Use of Special Elements | Improper Check or Handling of Exceptional Conditions	Base		The product does not properly handle input in which an inconsistency exists between two or more special characters or reserved words.	
https://cwe.mitre.org/data/definitions/170.html	Improper Null Termination		Improper Neutralization	Base		The product does not terminate or incorrectly terminates a string or array with a null character or equivalent terminator.	
https://cwe.mitre.org/data/definitions/172.html	Encoding Error		Improper Neutralization	Class		The product does not properly encode or decode the data, resulting in unexpected values.	
https://cwe.mitre.org/data/definitions/173.html	Improper Handling of Alternate Encoding		Encoding Error	Variant		The product does not properly handle when an input uses an alternate encoding that is valid for the control sphere to which the input is being sent.	
https://cwe.mitre.org/data/definitions/174.html	Double Decoding of the Same Data		Encoding Error | Multiple Operations on Resource in Single-Operation Context	Variant		The product decodes the same input twice, which can limit the effectiveness of any protection mechanism that occurs in between the decoding operations.	
https://cwe.mitre.org/data/definitions/175.html	Improper Handling of Mixed Encoding		Encoding Error	Variant		The product does not properly handle when the same input uses several different (mixed) encodings.	
https://cwe.mitre.org/data/definitions/176.html	Improper Handling of Unicode Encoding		Encoding Error	Variant		The product does not properly handle when an input contains Unicode encoding.	
https://cwe.mitre.org/data/definitions/177.html	Improper Handling of URL Encoding (Hex Encoding)		Encoding Error	Variant		The product does not properly handle when all or part of an input has been URL encoded.	
https://cwe.mitre.org/data/definitions/178.html	Improper Handling of Case Sensitivity		Use of Incorrectly-Resolved Name or Reference	Base		The product does not properly account for differences in case sensitivity when accessing or determining the properties of a resource, leading to inconsistent results.	
https://cwe.mitre.org/data/definitions/179.html	Incorrect Behavior Order: Early Validation		Improper Input Validation | Incorrect Behavior Order	Base		The product validates input before applying protection mechanisms that modify the input, which could allow an attacker to bypass the validation via dangerous inputs that only arise after the modification.	
https://cwe.mitre.org/data/definitions/180.html	Incorrect Behavior Order: Validate Before Canonicalize		Incorrect Behavior Order: Early Validation	Variant		The product validates input before it is canonicalized, which prevents the product from detecting data that becomes invalid after the canonicalization step.	
https://cwe.mitre.org/data/definitions/181.html	Incorrect Behavior Order: Validate Before Filter	Validate-before-cleanse	Incorrect Behavior Order: Early Validation	Variant		The product validates data before it has been filtered, which prevents the product from detecting data that becomes invalid after the filtering step.	
https://cwe.mitre.org/data/definitions/182.html	Collapse of Data into Unsafe Value		Protection Mechanism Failure	Base		The product filters data in a way that causes it to be reduced or "collapsed" into an unsafe value that violates an expected security property.	
https://cwe.mitre.org/data/definitions/183.html	Permissive List of Allowed Inputs	Allowlist / Allow List | Safelist / Safe List | Whitelist / White List	Incorrect Comparison	Base		The product implements a protection mechanism that relies on a list of inputs (or properties of inputs) that are explicitly allowed by policy because the inputs are assumed to be safe, but the list is too permissive - that is, it allows an input that is unsafe, leading to resultant weaknesses.	
https://cwe.mitre.org/data/definitions/184.html	Incomplete List of Disallowed Inputs	Denylist / Deny List | Blocklist / Block List | Blacklist / Black List	Protection Mechanism Failure | Incomplete Comparison with Missing Factors	Base		The product implements a protection mechanism that relies on a list of inputs (or properties of inputs) that are not allowed by policy or otherwise require other action to neutralize before additional processing takes place, but the list is incomplete, leading to resultant weaknesses.	
https://cwe.mitre.org/data/definitions/185.html	Incorrect Regular Expression		Incorrect Comparison	Class		The product specifies a regular expression in a way that causes data to be improperly matched or compared.	
https://cwe.mitre.org/data/definitions/186.html	Overly Restrictive Regular Expression		Incorrect Regular Expression	Base		A regular expression is overly restrictive, which prevents dangerous values from being detected.	
https://cwe.mitre.org/data/definitions/187.html	Partial String Comparison		Incomplete Comparison with Missing Factors	Variant		The product performs a comparison that only examines a portion of a factor before determining whether there is a match, such as a substring, leading to resultant weaknesses.	
https://cwe.mitre.org/data/definitions/188.html	Reliance on Data/Memory Layout		Insufficient Encapsulation of Machine-Dependent Functionality | Improper Interaction Between Multiple Correctly-Behaving Entities	Base		The product makes invalid assumptions about how protocol data or memory is organized at a lower level, resulting in unintended program behavior.	
https://cwe.mitre.org/data/definitions/190.html	Integer Overflow or Wraparound		Incorrect Calculation	Base		The product performs a calculation that can produce an integer overflow or wraparound, when the logic assumes that the resulting value will always be larger than the original value. This can introduce other weaknesses when the calculation is used for resource management or execution control.	
https://cwe.mitre.org/data/definitions/191.html	Integer Underflow (Wrap or Wraparound)	Integer underflow	Incorrect Calculation	Base		The product subtracts one value from another, such that the result is less than the minimum allowable integer value, which produces a value that is not equal to the correct result.	
https://cwe.mitre.org/data/definitions/192.html	Integer Coercion Error		Incorrect Conversion between Numeric Types	Variant		Integer coercion refers to a set of flaws pertaining to the type casting, extension, or truncation of primitive data types.	
https://cwe.mitre.org/data/definitions/193.html	Off-by-one Error	off-by-five	Incorrect Calculation	Base		A product calculates or uses an incorrect maximum or minimum value that is 1 more, or 1 less, than the correct value.	
https://cwe.mitre.org/data/definitions/194.html	Unexpected Sign Extension		Incorrect Conversion between Numeric Types	Variant		The product performs an operation on a number that causes it to be sign extended when it is transformed into a larger data type. When the original number is negative, this can produce unexpected values that lead to resultant weaknesses.	
https://cwe.mitre.org/data/definitions/195.html	Signed to Unsigned Conversion Error		Incorrect Conversion between Numeric Types	Variant		The product uses a signed primitive and performs a cast to an unsigned primitive, which can produce an unexpected value if the value of the signed primitive can not be represented using an unsigned primitive.	
https://cwe.mitre.org/data/definitions/196.html	Unsigned to Signed Conversion Error		Incorrect Conversion between Numeric Types	Variant		The product uses an unsigned primitive and performs a cast to a signed primitive, which can produce an unexpected value if the value of the unsigned primitive can not be represented using a signed primitive.	
https://cwe.mitre.org/data/definitions/197.html	Numeric Truncation Error		Incorrect Conversion between Numeric Types	Base		Truncation errors occur when a primitive is cast to a primitive of a smaller size and data is lost in the conversion.	
https://cwe.mitre.org/data/definitions/198.html	Use of Incorrect Byte Ordering		Reliance on Data/Memory Layout	Variant		The product receives input from an upstream component, but it does not account for byte ordering (e.g. big-endian and little-endian) when processing the input, causing an incorrect number or value to be used.	
https://cwe.mitre.org/data/definitions/20.html	Improper Input Validation		Improper Neutralization	Class		The product receives input or data, but it does not validate or incorrectly validates that the input has the properties that are required to process the data safely and correctly.	
https://cwe.mitre.org/data/definitions/200.html	Exposure of Sensitive Information to an Unauthorized Actor	Information Disclosure | Information Leak	Exposure of Resource to Wrong Sphere	Class		The product exposes sensitive information to an actor that is not explicitly authorized to have access to that information.	
https://cwe.mitre.org/data/definitions/201.html	Insertion of Sensitive Information Into Sent Data		Exposure of Sensitive Information to an Unauthorized Actor	Base		The code transmits data to another actor, but a portion of the data includes sensitive information that should not be accessible to that actor.	
https://cwe.mitre.org/data/definitions/202.html	Exposure of Sensitive Information Through Data Queries		Exposure of Sensitive Information Through Metadata	Base		When trying to keep information confidential, an attacker can often infer some of the information by using statistics.	
https://cwe.mitre.org/data/definitions/203.html	Observable Discrepancy	Side Channel Attack	Exposure of Sensitive Information to an Unauthorized Actor	Base		The product behaves differently or sends different responses under different circumstances in a way that is observable to an unauthorized actor, which exposes security-relevant information about the state of the product, such as whether a particular operation was successful or not.	
https://cwe.mitre.org/data/definitions/204.html	Observable Response Discrepancy		Observable Discrepancy	Base		The product provides different responses to incoming requests in a way that reveals internal state information to an unauthorized actor outside of the intended control sphere.	
https://cwe.mitre.org/data/definitions/205.html	Observable Behavioral Discrepancy		Observable Discrepancy	Base		The product's behaviors indicate important differences that may be observed by unauthorized actors in a way that reveals (1) its internal state or decision process, or (2) differences from other products with equivalent functionality.	
https://cwe.mitre.org/data/definitions/206.html	Observable Internal Behavioral Discrepancy		Observable Behavioral Discrepancy	Variant		The product performs multiple behaviors that are combined to produce a single result, but the individual behaviors are observable separately in a way that allows attackers to reveal internal state or internal decision points.	
https://cwe.mitre.org/data/definitions/207.html	Observable Behavioral Discrepancy With Equivalent Products		Observable Behavioral Discrepancy	Variant		The product operates in an environment in which its existence or specific identity should not be known, but it behaves differently than other products with equivalent functionality, in a way that is observable to an attacker.	
https://cwe.mitre.org/data/definitions/208.html	Observable Timing Discrepancy		Observable Discrepancy	Base		Two separate operations in a product require different amounts of time to complete, in a way that is observable to an actor and reveals security-relevant information about the state of the product, such as whether a particular operation was successful or not.	
https://cwe.mitre.org/data/definitions/209.html	Generation of Error Message Containing Sensitive Information		Exposure of Sensitive Information to an Unauthorized Actor | Improper Handling of Exceptional Conditions	Base		The product generates an error message that includes sensitive information about its environment, users, or associated data.	
https://cwe.mitre.org/data/definitions/210.html	Self-generated Error Message Containing Sensitive Information		Generation of Error Message Containing Sensitive Information	Base		The product identifies an error condition and creates its own diagnostic or error messages that contain sensitive information.	
https://cwe.mitre.org/data/definitions/211.html	Externally-Generated Error Message Containing Sensitive Information		Generation of Error Message Containing Sensitive Information	Base		The product performs an operation that triggers an external diagnostic or error message that is not directly generated or controlled by the product, such as an error generated by the programming language interpreter that a software application uses. The error can contain sensitive system information.	
https://cwe.mitre.org/data/definitions/212.html	Improper Removal of Sensitive Information Before Storage or Transfer		Incorrect Resource Transfer Between Spheres	Base		The product stores, transfers, or shares a resource that contains sensitive information, but it does not properly remove that information before the product makes the resource available to unauthorized actors.	
https://cwe.mitre.org/data/definitions/213.html	Exposure of Sensitive Information Due to Incompatible Policies		Exposure of Sensitive Information to an Unauthorized Actor	Base		The product's intended functionality exposes information to certain actors in accordance with the developer's security policy, but this information is regarded as sensitive according to the intended security policies of other stakeholders such as the product's administrator, users, or others whose information is being processed.	
https://cwe.mitre.org/data/definitions/214.html	Invocation of Process Using Visible Sensitive Information		Exposure of Sensitive System Information to an Unauthorized Control Sphere	Base		A process is invoked with sensitive command-line arguments, environment variables, or other elements that can be seen by other processes on the operating system.	
https://cwe.mitre.org/data/definitions/215.html	Insertion of Sensitive Information Into Debugging Code		Exposure of Sensitive Information to an Unauthorized Actor	Base		The product inserts sensitive information into debugging code, which could expose this information if the debugging code is not disabled in production.	
https://cwe.mitre.org/data/definitions/216.html	DEPRECATED: Containment Errors (Container Errors)			Class		This entry has been deprecated, as it was not effective as a weakness and was structured more like a category. In addition, the name is inappropriate, since the "container" term is widely understood by developers in different ways than originally intended by PLOVER, the original source for this entry.	
https://cwe.mitre.org/data/definitions/217.html	DEPRECATED: Failure to Protect Stored Data from Modification			Base		This entry has been deprecated because it incorporated and confused multiple weaknesses. The issues formerly covered in this entry can be found at CWE-766 and CWE-767.	
https://cwe.mitre.org/data/definitions/218.html	DEPRECATED: Failure to provide confidentiality for stored data			Base		This weakness has been deprecated because it was a duplicate of CWE-493. All content has been transferred to CWE-493.	
https://cwe.mitre.org/data/definitions/219.html	Storage of File with Sensitive Data Under Web Root		Files or Directories Accessible to External Parties	Variant		The product stores sensitive data under the web document root with insufficient access control, which might make it accessible to untrusted parties.	
https://cwe.mitre.org/data/definitions/22.html	Improper Limitation of a Pathname to a Restricted Directory ('Path Traversal')	Path Traversal | Directory traversal | Path traversal	Use of Incorrectly-Resolved Name or Reference | Exposure of Resource to Wrong Sphere	Base		The product uses external input to construct a pathname that is intended to identify a file or directory that is located underneath a restricted parent directory, but the product does not properly neutralize special elements within the pathname that can cause the pathname to resolve to a location that is outside of the restricted directory.	
https://cwe.mitre.org/data/definitions/220.html	Storage of File With Sensitive Data Under FTP Root		Files or Directories Accessible to External Parties	Variant		The product stores sensitive data under the FTP server root with insufficient access control, which might make it accessible to untrusted parties.	
https://cwe.mitre.org/data/definitions/221.html	Information Loss or Omission		Improper Control of a Resource Through its Lifetime	Class		The product does not record, or improperly records, security-relevant information that leads to an incorrect decision or hampers later analysis.	
https://cwe.mitre.org/data/definitions/222.html	Truncation of Security-relevant Information		Information Loss or Omission	Base		The product truncates the display, recording, or processing of security-relevant information in a way that can obscure the source or nature of an attack.	
https://cwe.mitre.org/data/definitions/223.html	Omission of Security-relevant Information		Information Loss or Omission	Base		The product does not record or display information that would be important for identifying the source or nature of an attack, or determining if an action is safe.	
https://cwe.mitre.org/data/definitions/224.html	Obscured Security-relevant Information by Alternate Name		Information Loss or Omission	Base		The product records security-relevant information according to an alternate name of the affected entity, instead of the canonical name.	
https://cwe.mitre.org/data/definitions/225.html	DEPRECATED: General Information Management Problems			Base		This weakness can be found at CWE-199.	
https://cwe.mitre.org/data/definitions/226.html	Sensitive Information in Resource Not Removed Before Reuse		Incomplete Cleanup | Improper Removal of Sensitive Information Before Storage or Transfer	Base		The product releases a resource such as memory or a file so that it can be made available for reuse, but it does not clear or "zeroize" the information contained in the resource before the product performs a critical state transition or makes the resource available for reuse by other entities.	
https://cwe.mitre.org/data/definitions/228.html	Improper Handling of Syntactically Invalid Structure		Improper Check or Handling of Exceptional Conditions | Improper Neutralization	Class		The product does not handle or incorrectly handles input that is not syntactically well-formed with respect to the associated specification.	
https://cwe.mitre.org/data/definitions/229.html	Improper Handling of Values		Improper Handling of Syntactically Invalid Structure	Base		The product does not properly handle when the expected number of values for parameters, fields, or arguments is not provided in input, or if those values are undefined.	
https://cwe.mitre.org/data/definitions/23.html	Relative Path Traversal	Zip Slip	Improper Limitation of a Pathname to a Restricted Directory ('Path Traversal')	Base		The product uses external input to construct a pathname that should be within a restricted directory, but it does not properly neutralize sequences such as ".." that can resolve to a location that is outside of that directory.	
https://cwe.mitre.org/data/definitions/230.html	Improper Handling of Missing Values		Improper Handling of Values	Variant		The product does not handle or incorrectly handles when a parameter, field, or argument name is specified, but the associated value is missing, i.e. it is empty, blank, or null.	
https://cwe.mitre.org/data/definitions/231.html	Improper Handling of Extra Values		Improper Handling of Values	Variant		The product does not handle or incorrectly handles when more values are provided than expected.	
https://cwe.mitre.org/data/definitions/232.html	Improper Handling of Undefined Values		Improper Handling of Values	Variant		The product does not handle or incorrectly handles when a value is not defined or supported for the associated parameter, field, or argument name.	
https://cwe.mitre.org/data/definitions/233.html	Improper Handling of Parameters		Improper Handling of Syntactically Invalid Structure	Base		The product does not properly handle when the expected number of parameters, fields, or arguments is not provided in input, or if those parameters are undefined.	
https://cwe.mitre.org/data/definitions/234.html	Failure to Handle Missing Parameter		Improper Handling of Parameters	Variant		If too few arguments are sent to a function, the function will still pop the expected number of arguments from the stack. Potentially, a variable number of arguments could be exhausted in a function as well.	
https://cwe.mitre.org/data/definitions/235.html	Improper Handling of Extra Parameters		Improper Handling of Parameters	Variant		The product does not handle or incorrectly handles when the number of parameters, fields, or arguments with the same name exceeds the expected amount.	
https://cwe.mitre.org/data/definitions/236.html	Improper Handling of Undefined Parameters		Improper Handling of Parameters	Variant		The product does not handle or incorrectly handles when a particular parameter, field, or argument name is not defined or supported by the product.	
https://cwe.mitre.org/data/definitions/237.html	Improper Handling of Structural Elements		Improper Handling of Syntactically Invalid Structure	Base		The product does not handle or incorrectly handles inputs that are related to complex structures.	
https://cwe.mitre.org/data/definitions/238.html	Improper Handling of Incomplete Structural Elements		Improper Handling of Structural Elements	Variant		The product does not handle or incorrectly handles when a particular structural element is not completely specified.	
https://cwe.mitre.org/data/definitions/239.html	Failure to Handle Incomplete Element		Improper Handling of Structural Elements	Variant		The product does not properly handle when a particular element is not completely specified.	
https://cwe.mitre.org/data/definitions/24.html	Path Traversal: '../filedir'		Relative Path Traversal	Variant		The product uses external input to construct a pathname that should be within a restricted directory, but it does not properly neutralize "../" sequences that can resolve to a location that is outside of that directory.	
https://cwe.mitre.org/data/definitions/240.html	Improper Handling of Inconsistent Structural Elements		Improper Handling of Structural Elements | Improper Neutralization	Base		The product does not handle or incorrectly handles when two or more structural elements should be consistent, but are not.	
https://cwe.mitre.org/data/definitions/241.html	Improper Handling of Unexpected Data Type		Improper Handling of Syntactically Invalid Structure	Base		The product does not handle or incorrectly handles when a particular element is not the expected type, e.g. it expects a digit (0-9) but is provided with a letter (A-Z).	
https://cwe.mitre.org/data/definitions/242.html	Use of Inherently Dangerous Function		Use of Prohibited Code	Base		The product calls a function that can never be guaranteed to work safely.	
https://cwe.mitre.org/data/definitions/243.html	Creation of chroot Jail Without Changing Working Directory		Improper Following of Specification by Caller | Incorrect Resource Transfer Between Spheres	Variant		The product uses the chroot() system call to create a jail, but does not change the working directory afterward. This does not prevent access to files outside of the jail.	
https://cwe.mitre.org/data/definitions/244.html	Improper Clearing of Heap Memory Before Release ('Heap Inspection')	Heap Inspection	Sensitive Information in Resource Not Removed Before Reuse	Variant		Using realloc() to resize buffers that store sensitive information can leave the sensitive information exposed to attack, because it is not removed from memory.	
https://cwe.mitre.org/data/definitions/245.html	J2EE Bad Practices: Direct Management of Connections		Use of Low-Level Functionality	Variant		The J2EE application directly manages connections, instead of using the container's connection management facilities.	
https://cwe.mitre.org/data/definitions/246.html	J2EE Bad Practices: Direct Use of Sockets		Use of Low-Level Functionality	Variant		The J2EE application directly uses sockets instead of using framework method calls.	
https://cwe.mitre.org/data/definitions/247.html	DEPRECATED: Reliance on DNS Lookups in a Security Decision			Base		This entry has been deprecated because it was a duplicate of CWE-350. All content has been transferred to CWE-350.	
https://cwe.mitre.org/data/definitions/248.html	Uncaught Exception		Incorrect Control Flow Scoping | Improper Handling of Exceptional Conditions	Base		An exception is thrown from a function, but it is not caught.	
https://cwe.mitre.org/data/definitions/249.html	DEPRECATED: Often Misused: Path Manipulation			Variant		This entry has been deprecated because of name confusion and an accidental combination of multiple weaknesses. Most of its content has been transferred to CWE-785.	
https://cwe.mitre.org/data/definitions/25.html	Path Traversal: '/../filedir'		Relative Path Traversal	Variant		The product uses external input to construct a pathname that should be within a restricted directory, but it does not properly neutralize "/../" sequences that can resolve to a location that is outside of that directory.	
https://cwe.mitre.org/data/definitions/250.html	Execution with Unnecessary Privileges		Improper Privilege Management | Violation of Secure Design Principles	Base		The product performs an operation at a privilege level that is higher than the minimum level required, which creates new weaknesses or amplifies the consequences of other weaknesses.	
https://cwe.mitre.org/data/definitions/252.html	Unchecked Return Value		Improper Check for Unusual or Exceptional Conditions	Base		The product does not check the return value from a method or function, which can prevent it from detecting unexpected states and conditions.	
https://cwe.mitre.org/data/definitions/253.html	Incorrect Check of Function Return Value		Improper Following of Specification by Caller | Improper Check for Unusual or Exceptional Conditions	Base		The product incorrectly checks a return value from a function, which prevents it from detecting errors or exceptional conditions.	
https://cwe.mitre.org/data/definitions/256.html	Plaintext Storage of a Password		Insufficiently Protected Credentials	Base		Storing a password in plaintext may result in a system compromise.	
https://cwe.mitre.org/data/definitions/257.html	Storing Passwords in a Recoverable Format		Insufficiently Protected Credentials	Base		The storage of passwords in a recoverable format makes them subject to password reuse attacks by malicious users. In fact, it should be noted that recoverable encrypted passwords provide no significant benefit over plaintext passwords since they are subject not only to reuse by malicious attackers but also by malicious insiders. If a system administrator can recover a password directly, or use a brute force search on the available information, the administrator can use the password on other accounts.	
https://cwe.mitre.org/data/definitions/258.html	Empty Password in Configuration File		Password in Configuration File | Weak Password Requirements	Variant		Using an empty string as a password is insecure.	
https://cwe.mitre.org/data/definitions/259.html	Use of Hard-coded Password		Use of Hard-coded Credentials	Variant		The product contains a hard-coded password, which it uses for its own inbound authentication or for outbound communication to external components.	
https://cwe.mitre.org/data/definitions/26.html	Path Traversal: '/dir/../filename'		Relative Path Traversal	Variant		The product uses external input to construct a pathname that should be within a restricted directory, but it does not properly neutralize "/dir/../filename" sequences that can resolve to a location that is outside of that directory.	
https://cwe.mitre.org/data/definitions/260.html	Password in Configuration File		Insufficiently Protected Credentials	Base		The product stores a password in a configuration file that might be accessible to actors who do not know the password.	
https://cwe.mitre.org/data/definitions/261.html	Weak Encoding for Password		Insufficiently Protected Credentials	Base		Obscuring a password with a trivial encoding does not protect the password.	
https://cwe.mitre.org/data/definitions/262.html	Not Using Password Aging		Weak Authentication	Base		The product does not have a mechanism in place for managing password aging.	
https://cwe.mitre.org/data/definitions/263.html	Password Aging with Long Expiration		Weak Authentication	Base		The product supports password aging, but the expiration period is too long.	
https://cwe.mitre.org/data/definitions/266.html	Incorrect Privilege Assignment		Improper Privilege Management	Base		A product incorrectly assigns a privilege to a particular actor, creating an unintended sphere of control for that actor.	
https://cwe.mitre.org/data/definitions/267.html	Privilege Defined With Unsafe Actions		Improper Privilege Management	Base		A particular privilege, role, capability, or right can be used to perform unsafe actions that were not intended, even when it is assigned to the correct entity.	
https://cwe.mitre.org/data/definitions/268.html	Privilege Chaining		Improper Privilege Management	Base		Two distinct privileges, roles, capabilities, or rights can be combined in a way that allows an entity to perform unsafe actions that would not be allowed without that combination.	
https://cwe.mitre.org/data/definitions/269.html	Improper Privilege Management		Improper Access Control	Class		The product does not properly assign, modify, track, or check privileges for an actor, creating an unintended sphere of control for that actor.	
https://cwe.mitre.org/data/definitions/27.html	Path Traversal: 'dir/../../filename'		Relative Path Traversal	Variant		The product uses external input to construct a pathname that should be within a restricted directory, but it does not properly neutralize multiple internal "../" sequences that can resolve to a location that is outside of that directory.	
https://cwe.mitre.org/data/definitions/270.html	Privilege Context Switching Error		Improper Privilege Management	Base		The product does not properly manage privileges while it is switching between different contexts that have different privileges or spheres of control.	
https://cwe.mitre.org/data/definitions/271.html	Privilege Dropping / Lowering Errors		Improper Privilege Management	Class		The product does not drop privileges before passing control of a resource to an actor that does not have those privileges.	
https://cwe.mitre.org/data/definitions/272.html	Least Privilege Violation		Privilege Dropping / Lowering Errors	Base		The elevated privilege level required to perform operations such as chroot() should be dropped immediately after the operation is performed.	
https://cwe.mitre.org/data/definitions/273.html	Improper Check for Dropped Privileges		Improper Check for Unusual or Exceptional Conditions | Privilege Dropping / Lowering Errors	Base		The product attempts to drop privileges but does not check or incorrectly checks to see if the drop succeeded.	
https://cwe.mitre.org/data/definitions/274.html	Improper Handling of Insufficient Privileges		Improper Handling of Exceptional Conditions | Improper Privilege Management	Base		The product does not handle or incorrectly handles when it has insufficient privileges to perform an operation, leading to resultant weaknesses.	
https://cwe.mitre.org/data/definitions/276.html	Incorrect Default Permissions		Incorrect Permission Assignment for Critical Resource	Base		During installation, installed file permissions are set to allow anyone to modify those files.	
https://cwe.mitre.org/data/definitions/277.html	Insecure Inherited Permissions		Incorrect Permission Assignment for Critical Resource	Variant		A product defines a set of insecure permissions that are inherited by objects that are created by the program.	
https://cwe.mitre.org/data/definitions/278.html	Insecure Preserved Inherited Permissions		Incorrect Permission Assignment for Critical Resource	Variant		A product inherits a set of insecure permissions for an object, e.g. when copying from an archive file, without user awareness or involvement.	
https://cwe.mitre.org/data/definitions/279.html	Incorrect Execution-Assigned Permissions		Incorrect Permission Assignment for Critical Resource	Variant		While it is executing, the product sets the permissions of an object in a way that violates the intended permissions that have been specified by the user.	
https://cwe.mitre.org/data/definitions/28.html	Path Traversal: '..\filedir'		Relative Path Traversal	Variant		The product uses external input to construct a pathname that should be within a restricted directory, but it does not properly neutralize "..\" sequences that can resolve to a location that is outside of that directory.	
https://cwe.mitre.org/data/definitions/280.html	Improper Handling of Insufficient Permissions or Privileges 		Improper Handling of Exceptional Conditions	Base		The product does not handle or incorrectly handles when it has insufficient privileges to access resources or functionality as specified by their permissions. This may cause it to follow unexpected code paths that may leave the product in an invalid state.	
https://cwe.mitre.org/data/definitions/281.html	Improper Preservation of Permissions		Incorrect Permission Assignment for Critical Resource	Base		The product does not preserve permissions or incorrectly preserves permissions when copying, restoring, or sharing objects, which can cause them to have less restrictive permissions than intended.	
https://cwe.mitre.org/data/definitions/282.html	Improper Ownership Management		Improper Access Control	Class		The product assigns the wrong ownership, or does not properly verify the ownership, of an object or resource.	
https://cwe.mitre.org/data/definitions/283.html	Unverified Ownership		Improper Ownership Management	Base		The product does not properly verify that a critical resource is owned by the proper entity.	
https://cwe.mitre.org/data/definitions/284.html	Improper Access Control	Authorization		Pillar		The product does not restrict or incorrectly restricts access to a resource from an unauthorized actor.	
https://cwe.mitre.org/data/definitions/285.html	Improper Authorization	AuthZ	Improper Access Control	Class		The product does not perform or incorrectly performs an authorization check when an actor attempts to access a resource or perform an action.	
https://cwe.mitre.org/data/definitions/286.html	Incorrect User Management		Improper Access Control	Class		The product does not properly manage a user within its environment.	
https://cwe.mitre.org/data/definitions/287.html	Improper Authentication	authentification | AuthN | AuthC	Improper Access Control	Class		When an actor claims to have a given identity, the product does not prove or insufficiently proves that the claim is correct.	
https://cwe.mitre.org/data/definitions/288.html	Authentication Bypass Using an Alternate Path or Channel		Missing Authentication for Critical Function	Base		A product requires authentication, but the product has an alternate path or channel that does not require authentication.	
https://cwe.mitre.org/data/definitions/289.html	Authentication Bypass by Alternate Name		Weak Authentication	Base		The product performs authentication based on the name of a resource being accessed, or the name of the actor performing the access, but it does not properly check all possible names for that resource or actor.	
https://cwe.mitre.org/data/definitions/29.html	Path Traversal: '\..\filename'		Relative Path Traversal	Variant		The product uses external input to construct a pathname that should be within a restricted directory, but it does not properly neutralize '\..\filename' (leading backslash dot dot) sequences that can resolve to a location that is outside of that directory.	
https://cwe.mitre.org/data/definitions/290.html	Authentication Bypass by Spoofing		Weak Authentication	Base		This attack-focused weakness is caused by incorrectly implemented authentication schemes that are subject to spoofing attacks.	
https://cwe.mitre.org/data/definitions/291.html	Reliance on IP Address for Authentication		Authentication Bypass by Spoofing | Improper Restriction of Communication Channel to Intended Endpoints | Modification of Assumed-Immutable Data (MAID)	Variant		The product uses an IP address for authentication.	
https://cwe.mitre.org/data/definitions/292.html	DEPRECATED: Trusting Self-reported DNS Name			Variant		This entry has been deprecated because it was a duplicate of CWE-350. All content has been transferred to CWE-350.	
https://cwe.mitre.org/data/definitions/293.html	Using Referer Field for Authentication	referrer	Authentication Bypass by Spoofing	Variant		The referer field in HTTP requests can be easily modified and, as such, is not a valid means of message integrity checking.	
https://cwe.mitre.org/data/definitions/294.html	Authentication Bypass by Capture-replay		Weak Authentication	Base		A capture-replay flaw exists when the design of the product makes it possible for a malicious user to sniff network traffic and bypass authentication by replaying it to the server in question to the same effect as the original message (or with minor changes).	
https://cwe.mitre.org/data/definitions/295.html	Improper Certificate Validation		Improper Authentication	Base		The product does not validate, or incorrectly validates, a certificate.	
https://cwe.mitre.org/data/definitions/296.html	Improper Following of a Certificate's Chain of Trust		Improper Certificate Validation | Improper Following of Specification by Caller	Base		The product does not follow, or incorrectly follows, the chain of trust for a certificate back to a trusted root certificate, resulting in incorrect trust of any resource that is associated with that certificate.	
https://cwe.mitre.org/data/definitions/297.html	Improper Validation of Certificate with Host Mismatch		Improper Restriction of Communication Channel to Intended Endpoints | Improper Certificate Validation	Variant		The product communicates with a host that provides a certificate, but the product does not properly ensure that the certificate is actually associated with that host.	
https://cwe.mitre.org/data/definitions/298.html	Improper Validation of Certificate Expiration		Improper Certificate Validation | Operation on a Resource after Expiration or Release	Variant		A certificate expiration is not validated or is incorrectly validated, so trust may be assigned to certificates that have been abandoned due to age.	
https://cwe.mitre.org/data/definitions/299.html	Improper Check for Certificate Revocation		Improper Certificate Validation | Improper Resource Shutdown or Release	Base		The product does not check or incorrectly checks the revocation status of a certificate, which may cause it to use a certificate that has been compromised.	
https://cwe.mitre.org/data/definitions/30.html	Path Traversal: '\dir\..\filename'		Relative Path Traversal	Variant		The product uses external input to construct a pathname that should be within a restricted directory, but it does not properly neutralize '\dir\..\filename' (leading backslash dot dot) sequences that can resolve to a location that is outside of that directory.	
https://cwe.mitre.org/data/definitions/300.html	Channel Accessible by Non-Endpoint	Adversary-in-the-Middle / AITM | Man-in-the-Middle / MITM | Person-in-the-Middle / PITM | Monkey-in-the-Middle | Monster-in-the-Middle | On-path attack | Interception attack	Improper Restriction of Communication Channel to Intended Endpoints	Class		The product does not adequately verify the identity of actors at both ends of a communication channel, or does not adequately ensure the integrity of the channel, in a way that allows the channel to be accessed or influenced by an actor that is not an endpoint.	
https://cwe.mitre.org/data/definitions/301.html	Reflection Attack in an Authentication Protocol		Weak Authentication	Base		Simple authentication protocols are subject to reflection attacks if a malicious user can use the target machine to impersonate a trusted user.	
https://cwe.mitre.org/data/definitions/302.html	Authentication Bypass by Assumed-Immutable Data		Weak Authentication | Reliance on Untrusted Inputs in a Security Decision	Base		The authentication scheme or implementation uses key data elements that are assumed to be immutable, but can be controlled or modified by the attacker.	
https://cwe.mitre.org/data/definitions/303.html	Incorrect Implementation of Authentication Algorithm		Weak Authentication	Base		The requirements for the product dictate the use of an established authentication algorithm, but the implementation of the algorithm is incorrect.	
https://cwe.mitre.org/data/definitions/304.html	Missing Critical Step in Authentication		Incorrect Implementation of Authentication Algorithm | Improper Following of Specification by Caller	Base		The product implements an authentication technique, but it skips a step that weakens the technique.	
https://cwe.mitre.org/data/definitions/305.html	Authentication Bypass by Primary Weakness		Weak Authentication	Base		The authentication algorithm is sound, but the implemented mechanism can be bypassed as the result of a separate weakness that is primary to the authentication error.	
https://cwe.mitre.org/data/definitions/306.html	Missing Authentication for Critical Function		Improper Authentication	Base		The product does not perform any authentication for functionality that requires a provable user identity or consumes a significant amount of resources.	
https://cwe.mitre.org/data/definitions/307.html	Improper Restriction of Excessive Authentication Attempts		Weak Authentication | Improper Control of Interaction Frequency	Base		The product does not implement sufficient measures to prevent multiple failed authentication attempts within a short time frame, making it more susceptible to brute force attacks.	
https://cwe.mitre.org/data/definitions/308.html	Use of Single-factor Authentication		Weak Authentication | Reliance on a Single Factor in a Security Decision	Base		The use of single-factor authentication can lead to unnecessary risk of compromise when compared with the benefits of a dual-factor authentication scheme.	
https://cwe.mitre.org/data/definitions/309.html	Use of Password System for Primary Authentication		Weak Authentication | Reliance on a Single Factor in a Security Decision	Base		The use of password systems as the primary means of authentication may be subject to several flaws or shortcomings, each reducing the effectiveness of the mechanism.	
https://cwe.mitre.org/data/definitions/31.html	Path Traversal: 'dir\..\..\filename'		Relative Path Traversal	Variant		The product uses external input to construct a pathname that should be within a restricted directory, but it does not properly neutralize 'dir\..\..\filename' (multiple internal backslash dot dot) sequences that can resolve to a location that is outside of that directory.	
https://cwe.mitre.org/data/definitions/311.html	Missing Encryption of Sensitive Data		Protection Mechanism Failure	Class		The product does not encrypt sensitive or critical information before storage or transmission.	
https://cwe.mitre.org/data/definitions/312.html	Cleartext Storage of Sensitive Information		Missing Encryption of Sensitive Data | Insecure Storage of Sensitive Information	Base		The product stores sensitive information in cleartext within a resource that might be accessible to another control sphere.	
https://cwe.mitre.org/data/definitions/313.html	Cleartext Storage in a File or on Disk		Cleartext Storage of Sensitive Information	Variant		The product stores sensitive information in cleartext in a file, or on disk.	
https://cwe.mitre.org/data/definitions/314.html	Cleartext Storage in the Registry		Cleartext Storage of Sensitive Information	Variant		The product stores sensitive information in cleartext in the registry.	
https://cwe.mitre.org/data/definitions/315.html	Cleartext Storage of Sensitive Information in a Cookie		Cleartext Storage of Sensitive Information	Variant		The product stores sensitive information in cleartext in a cookie.	
https://cwe.mitre.org/data/definitions/316.html	Cleartext Storage of Sensitive Information in Memory		Cleartext Storage of Sensitive Information	Variant		The product stores sensitive information in cleartext in memory.	
https://cwe.mitre.org/data/definitions/317.html	Cleartext Storage of Sensitive Information in GUI		Cleartext Storage of Sensitive Information	Variant		The product stores sensitive information in cleartext within the GUI.	
https://cwe.mitre.org/data/definitions/318.html	Cleartext Storage of Sensitive Information in Executable		Cleartext Storage of Sensitive Information	Variant		The product stores sensitive information in cleartext in an executable.	
https://cwe.mitre.org/data/definitions/319.html	Cleartext Transmission of Sensitive Information		Missing Encryption of Sensitive Data	Base		The product transmits sensitive or security-critical data in cleartext in a communication channel that can be sniffed by unauthorized actors.	
https://cwe.mitre.org/data/definitions/32.html	Path Traversal: '...' (Triple Dot)		Relative Path Traversal	Variant		The product uses external input to construct a pathname that should be within a restricted directory, but it does not properly neutralize '...' (triple dot) sequences that can resolve to a location that is outside of that directory.	
https://cwe.mitre.org/data/definitions/321.html	Use of Hard-coded Cryptographic Key		Use of Hard-coded Credentials	Variant		The use of a hard-coded cryptographic key significantly increases the possibility that encrypted data may be recovered.	
https://cwe.mitre.org/data/definitions/322.html	Key Exchange without Entity Authentication		Missing Authentication for Critical Function	Base		The product performs a key exchange with an actor without verifying the identity of that actor.	
https://cwe.mitre.org/data/definitions/323.html	Reusing a Nonce, Key Pair in Encryption		Use of Invariant Value in Dynamically Changing Context	Base		Nonces should be used for the present occasion and only once.	
https://cwe.mitre.org/data/definitions/324.html	Use of a Key Past its Expiration Date		Operation on a Resource after Expiration or Release	Base		The product uses a cryptographic key or password past its expiration date, which diminishes its safety significantly by increasing the timing window for cracking attacks against that key.	
https://cwe.mitre.org/data/definitions/325.html	Missing Cryptographic Step		Improper Following of Specification by Caller	Base		The product does not implement a required step in a cryptographic algorithm, resulting in weaker encryption than advertised by the algorithm.	
https://cwe.mitre.org/data/definitions/326.html	Inadequate Encryption Strength		Protection Mechanism Failure	Class		The product stores or transmits sensitive data using an encryption scheme that is theoretically sound, but is not strong enough for the level of protection required.	
https://cwe.mitre.org/data/definitions/327.html	Use of a Broken or Risky Cryptographic Algorithm		Protection Mechanism Failure	Class		The product uses a broken or risky cryptographic algorithm or protocol.	
https://cwe.mitre.org/data/definitions/328.html	Use of Weak Hash		Inadequate Encryption Strength | Use of a Broken or Risky Cryptographic Algorithm	Base		The product uses an algorithm that produces a digest (output value) that does not meet security expectations for a hash function that allows an adversary to reasonably determine the original input (preimage attack), find another input that can produce the same hash (2nd preimage attack), or find multiple inputs that evaluate to the same hash (birthday attack).	
https://cwe.mitre.org/data/definitions/329.html	Generation of Predictable IV with CBC Mode		Generation of Weak Initialization Vector (IV) | Improper Following of Specification by Caller	Variant		The product generates and uses a predictable initialization Vector (IV) with Cipher Block Chaining (CBC) Mode, which causes algorithms to be susceptible to dictionary attacks when they are encrypted under the same key.	
https://cwe.mitre.org/data/definitions/33.html	Path Traversal: '....' (Multiple Dot)		Relative Path Traversal	Variant		The product uses external input to construct a pathname that should be within a restricted directory, but it does not properly neutralize '....' (multiple dot) sequences that can resolve to a location that is outside of that directory.	
https://cwe.mitre.org/data/definitions/330.html	Use of Insufficiently Random Values		Protection Mechanism Failure	Class		The product uses insufficiently random numbers or values in a security context that depends on unpredictable numbers.	
https://cwe.mitre.org/data/definitions/331.html	Insufficient Entropy		Use of Insufficiently Random Values	Base		The product uses an algorithm or scheme that produces insufficient entropy, leaving patterns or clusters of values that are more likely to occur than others.	
https://cwe.mitre.org/data/definitions/332.html	Insufficient Entropy in PRNG		Insufficient Entropy	Variant		The lack of entropy available for, or used by, a Pseudo-Random Number Generator (PRNG) can be a stability and security threat.	
https://cwe.mitre.org/data/definitions/333.html	Improper Handling of Insufficient Entropy in TRNG		Insufficient Entropy | Improper Check or Handling of Exceptional Conditions	Variant		True random number generators (TRNG) generally have a limited source of entropy and therefore can fail or block.	
https://cwe.mitre.org/data/definitions/334.html	Small Space of Random Values		Use of Insufficiently Random Values	Base		The number of possible random values is smaller than needed by the product, making it more susceptible to brute force attacks.	
https://cwe.mitre.org/data/definitions/335.html	Incorrect Usage of Seeds in Pseudo-Random Number Generator (PRNG)		Use of Insufficiently Random Values	Base		The product uses a Pseudo-Random Number Generator (PRNG) but does not correctly manage seeds.	
https://cwe.mitre.org/data/definitions/336.html	Same Seed in Pseudo-Random Number Generator (PRNG)		Incorrect Usage of Seeds in Pseudo-Random Number Generator (PRNG)	Variant		A Pseudo-Random Number Generator (PRNG) uses the same seed each time the product is initialized.	
https://cwe.mitre.org/data/definitions/337.html	Predictable Seed in Pseudo-Random Number Generator (PRNG)		Incorrect Usage of Seeds in Pseudo-Random Number Generator (PRNG)	Variant		A Pseudo-Random Number Generator (PRNG) is initialized from a predictable seed, such as the process ID or system time.	
https://cwe.mitre.org/data/definitions/338.html	Use of Cryptographically Weak Pseudo-Random Number Generator (PRNG)		Use of Insufficiently Random Values	Base		The product uses a Pseudo-Random Number Generator (PRNG) in a security context, but the PRNG's algorithm is not cryptographically strong.	
https://cwe.mitre.org/data/definitions/339.html	Small Seed Space in PRNG		Incorrect Usage of Seeds in Pseudo-Random Number Generator (PRNG)	Variant		A Pseudo-Random Number Generator (PRNG) uses a relatively small seed space, which makes it more susceptible to brute force attacks.	
https://cwe.mitre.org/data/definitions/34.html	Path Traversal: '....//'		Relative Path Traversal	Variant		The product uses external input to construct a pathname that should be within a restricted directory, but it does not properly neutralize '....//' (doubled dot dot slash) sequences that can resolve to a location that is outside of that directory.	
https://cwe.mitre.org/data/definitions/340.html	Generation of Predictable Numbers or Identifiers		Use of Insufficiently Random Values	Class		The product uses a scheme that generates numbers or identifiers that are more predictable than required.	
https://cwe.mitre.org/data/definitions/341.html	Predictable from Observable State		Generation of Predictable Numbers or Identifiers	Base		A number or object is predictable based on observations that the attacker can make about the state of the system or network, such as time, process ID, etc.	
https://cwe.mitre.org/data/definitions/342.html	Predictable Exact Value from Previous Values		Generation of Predictable Numbers or Identifiers	Base		An exact value or random number can be precisely predicted by observing previous values.	
https://cwe.mitre.org/data/definitions/343.html	Predictable Value Range from Previous Values		Generation of Predictable Numbers or Identifiers	Base		The product's random number generator produces a series of values which, when observed, can be used to infer a relatively small range of possibilities for the next value that could be generated.	
https://cwe.mitre.org/data/definitions/344.html	Use of Invariant Value in Dynamically Changing Context		Use of Insufficiently Random Values	Base		The product uses a constant value, name, or reference, but this value can (or should) vary across different environments.	
https://cwe.mitre.org/data/definitions/345.html	Insufficient Verification of Data Authenticity		Protection Mechanism Failure	Class		The product does not sufficiently verify the origin or authenticity of data, in a way that causes it to accept invalid data.	
https://cwe.mitre.org/data/definitions/346.html	Origin Validation Error		Insufficient Verification of Data Authenticity | Improper Access Control	Class		The product does not properly verify that the source of data or communication is valid.	
https://cwe.mitre.org/data/definitions/347.html	Improper Verification of Cryptographic Signature		Insufficient Verification of Data Authenticity	Base		The product does not verify, or incorrectly verifies, the cryptographic signature for data.	
https://cwe.mitre.org/data/definitions/348.html	Use of Less Trusted Source		Insufficient Verification of Data Authenticity	Base		The product has two different sources of the same data or information, but it uses the source that has less support for verification, is less trusted, or is less resistant to attack.	
https://cwe.mitre.org/data/definitions/349.html	Acceptance of Extraneous Untrusted Data With Trusted Data		Insufficient Verification of Data Authenticity	Base		The product, when processing trusted data, accepts any untrusted data that is also included with the trusted data, treating the untrusted data as if it were trusted.	
https://cwe.mitre.org/data/definitions/35.html	Path Traversal: '.../...//'		Relative Path Traversal	Variant		The product uses external input to construct a pathname that should be within a restricted directory, but it does not properly neutralize '.../...//' (doubled triple dot slash) sequences that can resolve to a location that is outside of that directory.	
https://cwe.mitre.org/data/definitions/350.html	Reliance on Reverse DNS Resolution for a Security-Critical Action		Authentication Bypass by Spoofing | Reliance on Untrusted Inputs in a Security Decision	Variant		The product performs reverse DNS resolution on an IP address to obtain the hostname and make a security decision, but it does not properly ensure that the IP address is truly associated with the hostname.	
https://cwe.mitre.org/data/definitions/351.html	Insufficient Type Distinction		Insufficient Verification of Data Authenticity	Base		The product does not properly distinguish between different types of elements in a way that leads to insecure behavior.	
https://cwe.mitre.org/data/definitions/352.html	Cross-Site Request Forgery (CSRF)	Session Riding | Cross Site Reference Forgery | XSRF	Insufficient Verification of Data Authenticity	Compound		The web application does not, or can not, sufficiently verify whether a well-formed, valid, consistent request was intentionally provided by the user who submitted the request.	
https://cwe.mitre.org/data/definitions/353.html	Missing Support for Integrity Check		Insufficient Verification of Data Authenticity	Base		The product uses a transmission protocol that does not include a mechanism for verifying the integrity of the data during transmission, such as a checksum.	
https://cwe.mitre.org/data/definitions/354.html	Improper Validation of Integrity Check Value		Insufficient Verification of Data Authenticity | Improper Check for Unusual or Exceptional Conditions	Base		The product does not validate or incorrectly validates the integrity check values or "checksums" of a message. This may prevent it from detecting if the data has been modified or corrupted in transmission.	
https://cwe.mitre.org/data/definitions/356.html	Product UI does not Warn User of Unsafe Actions		Information Loss or Omission	Base		The product's user interface does not warn the user before undertaking an unsafe action on behalf of that user. This makes it easier for attackers to trick users into inflicting damage to their system.	
https://cwe.mitre.org/data/definitions/357.html	Insufficient UI Warning of Dangerous Operations		Protection Mechanism Failure	Base		The user interface provides a warning to a user regarding dangerous or sensitive operations, but the warning is not noticeable enough to warrant attention.	
https://cwe.mitre.org/data/definitions/358.html	Improperly Implemented Security Check for Standard		Improper Following of Specification by Caller | Protection Mechanism Failure	Base		The product does not implement or incorrectly implements one or more security-relevant checks as specified by the design of a standardized algorithm, protocol, or technique.	
https://cwe.mitre.org/data/definitions/359.html	Exposure of Private Personal Information to an Unauthorized Actor	Privacy violation | Privacy leak | Privacy leakage	Exposure of Sensitive Information to an Unauthorized Actor	Base		The product does not properly prevent a person's private, personal information from being accessed by actors who either (1) are not explicitly authorized to access the information or (2) do not have the implicit consent of the person about whom the information is collected.	
https://cwe.mitre.org/data/definitions/36.html	Absolute Path Traversal		Improper Limitation of a Pathname to a Restricted Directory ('Path Traversal')	Base		The product uses external input to construct a pathname that should be within a restricted directory, but it does not properly neutralize absolute path sequences such as "/abs/path" that can resolve to a location that is outside of that directory.	
https://cwe.mitre.org/data/definitions/360.html	Trust of System Event Data		Insufficient Verification of Data Authenticity	Base		Security based on event locations are insecure and can be spoofed.	
https://cwe.mitre.org/data/definitions/362.html	Concurrent Execution using Shared Resource with Improper Synchronization ('Race Condition')	Race Condition	Insufficient Control Flow Management	Class		The product contains a code sequence that can run concurrently with other code, and the code sequence requires temporary, exclusive access to a shared resource, but a timing window exists in which the shared resource can be modified by another code sequence that is operating concurrently.	
https://cwe.mitre.org/data/definitions/363.html	Race Condition Enabling Link Following		Time-of-check Time-of-use (TOCTOU) Race Condition	Base		The product checks the status of a file or directory before accessing it, which produces a race condition in which the file can be replaced with a link before the access is performed, causing the product to access the wrong file.	
https://cwe.mitre.org/data/definitions/364.html	Signal Handler Race Condition		Concurrent Execution using Shared Resource with Improper Synchronization ('Race Condition')	Base		The product uses a signal handler that introduces a race condition.	
https://cwe.mitre.org/data/definitions/365.html	DEPRECATED: Race Condition in Switch			Base		This entry has been deprecated. There are no documented cases in which a switch's control expression is evaluated more than once.	
https://cwe.mitre.org/data/definitions/366.html	Race Condition within a Thread		Concurrent Execution using Shared Resource with Improper Synchronization ('Race Condition')	Base		If two threads of execution use a resource simultaneously, there exists the possibility that resources may be used while invalid, in turn making the state of execution undefined.	
https://cwe.mitre.org/data/definitions/367.html	Time-of-check Time-of-use (TOCTOU) Race Condition	TOCTTOU | TOCCTOU	Concurrent Execution using Shared Resource with Improper Synchronization ('Race Condition')	Base		The product checks the state of a resource before using that resource, but the resource's state can change between the check and the use in a way that invalidates the results of the check. This can cause the product to perform invalid actions when the resource is in an unexpected state.	
https://cwe.mitre.org/data/definitions/368.html	Context Switching Race Condition		Concurrent Execution using Shared Resource with Improper Synchronization ('Race Condition')	Base		A product performs a series of non-atomic actions to switch between contexts that cross privilege or other security boundaries, but a race condition allows an attacker to modify or misrepresent the product's behavior during the switch.	
https://cwe.mitre.org/data/definitions/369.html	Divide By Zero		Incorrect Calculation	Base		The product divides a value by zero.	
https://cwe.mitre.org/data/definitions/37.html	Path Traversal: '/absolute/pathname/here'		Absolute Path Traversal | Improper Neutralization of Leading Special Elements	Variant		The product accepts input in the form of a slash absolute path ('/absolute/pathname/here') without appropriate validation, which can allow an attacker to traverse the file system to unintended locations or access arbitrary files.	
https://cwe.mitre.org/data/definitions/370.html	Missing Check for Certificate Revocation after Initial Check		Improper Check for Certificate Revocation	Variant		The product does not check the revocation status of a certificate after its initial revocation check, which can cause the product to perform privileged actions even after the certificate is revoked at a later time.	
https://cwe.mitre.org/data/definitions/372.html	Incomplete Internal State Distinction		Improper Control of a Resource Through its Lifetime	Base		The product does not properly determine which state it is in, causing it to assume it is in state X when in fact it is in state Y, causing it to perform incorrect operations in a security-relevant manner.	
https://cwe.mitre.org/data/definitions/373.html	DEPRECATED: State Synchronization Error			Base		This entry was deprecated because it overlapped the same concepts as race condition (CWE-362) and Improper Synchronization (CWE-662).	
https://cwe.mitre.org/data/definitions/374.html	Passing Mutable Objects to an Untrusted Method		Exposure of Resource to Wrong Sphere	Base		The product sends non-cloned mutable data as an argument to a method or function.	
https://cwe.mitre.org/data/definitions/375.html	Returning a Mutable Object to an Untrusted Caller		Exposure of Resource to Wrong Sphere	Base		Sending non-cloned mutable data as a return value may result in that data being altered or deleted by the calling function.	
https://cwe.mitre.org/data/definitions/377.html	Insecure Temporary File		Exposure of Resource to Wrong Sphere	Class		Creating and using insecure temporary files can leave application and system data vulnerable to attack.	
https://cwe.mitre.org/data/definitions/378.html	Creation of Temporary File With Insecure Permissions		Insecure Temporary File	Base		Opening temporary files without appropriate measures or controls can leave the file, its contents and any function that it impacts vulnerable to attack.	
https://cwe.mitre.org/data/definitions/379.html	Creation of Temporary File in Directory with Insecure Permissions		Insecure Temporary File	Base		The product creates a temporary file in a directory whose permissions allow unintended actors to determine the file's existence or otherwise access that file.	
https://cwe.mitre.org/data/definitions/38.html	Path Traversal: '\absolute\pathname\here'		Absolute Path Traversal	Variant		The product accepts input in the form of a backslash absolute path ('\absolute\pathname\here') without appropriate validation, which can allow an attacker to traverse the file system to unintended locations or access arbitrary files.	
https://cwe.mitre.org/data/definitions/382.html	J2EE Bad Practices: Use of System.exit()		Incorrect Control Flow Scoping	Variant		A J2EE application uses System.exit(), which also shuts down its container.	
https://cwe.mitre.org/data/definitions/383.html	J2EE Bad Practices: Direct Use of Threads		Use of Low-Level Functionality	Variant		Thread management in a Web application is forbidden in some circumstances and is always highly error prone.	
https://cwe.mitre.org/data/definitions/384.html	Session Fixation		Externally Controlled Reference to a Resource in Another Sphere	Compound		Authenticating a user, or otherwise establishing a new user session, without invalidating any existing session identifier gives an attacker the opportunity to steal authenticated sessions.	
https://cwe.mitre.org/data/definitions/385.html	Covert Timing Channel		Covert Channel	Base		Covert timing channels convey information by modulating some aspect of system behavior over time, so that the program receiving the information can observe system behavior and infer protected information.	
https://cwe.mitre.org/data/definitions/386.html	Symbolic Name not Mapping to Correct Object		Use of Incorrectly-Resolved Name or Reference	Base		A constant symbolic reference to an object is used, even though the reference can resolve to a different object over time.	
https://cwe.mitre.org/data/definitions/39.html	Path Traversal: 'C:dirname'		Absolute Path Traversal	Variant		The product accepts input that contains a drive letter or Windows volume letter ('C:dirname') that potentially redirects access to an unintended location or arbitrary file.	
https://cwe.mitre.org/data/definitions/390.html	Detection of Error Condition Without Action		Improper Handling of Exceptional Conditions	Base		The product detects a specific error, but takes no actions to handle the error.	
https://cwe.mitre.org/data/definitions/391.html	Unchecked Error Condition		Improper Check for Unusual or Exceptional Conditions	Base		[PLANNED FOR DEPRECATION. SEE MAINTENANCE NOTES AND CONSIDER CWE-252, CWE-248, OR CWE-1069.] Ignoring exceptions and other error conditions may allow an attacker to induce unexpected behavior unnoticed.	
https://cwe.mitre.org/data/definitions/392.html	Missing Report of Error Condition		Improper Handling of Exceptional Conditions | Incorrect Provision of Specified Functionality	Base		The product encounters an error but does not provide a status code or return value to indicate that an error has occurred.	
https://cwe.mitre.org/data/definitions/393.html	Return of Wrong Status Code		Incorrect Provision of Specified Functionality | Improper Check or Handling of Exceptional Conditions	Base		A function or operation returns an incorrect return value or status code that does not indicate an error, but causes the product to modify its behavior based on the incorrect result.	
https://cwe.mitre.org/data/definitions/394.html	Unexpected Status Code or Return Value		Improper Check for Unusual or Exceptional Conditions	Base		The product does not properly check when a function or operation returns a value that is legitimate for the function, but is not expected by the product.	
https://cwe.mitre.org/data/definitions/395.html	Use of NullPointerException Catch to Detect NULL Pointer Dereference		Incorrect Control Flow Scoping | Improper Handling of Exceptional Conditions	Base		Catching NullPointerException should not be used as an alternative to programmatic checks to prevent dereferencing a null pointer.	
https://cwe.mitre.org/data/definitions/396.html	Declaration of Catch for Generic Exception		Incorrect Control Flow Scoping | Improper Handling of Exceptional Conditions | Information Loss or Omission	Base		Catching overly broad exceptions promotes complex error handling code that is more likely to contain security vulnerabilities.	
https://cwe.mitre.org/data/definitions/397.html	Declaration of Throws for Generic Exception		Incorrect Control Flow Scoping | Information Loss or Omission | Improper Check or Handling of Exceptional Conditions	Base		Throwing overly broad exceptions promotes complex error handling code that is more likely to contain security vulnerabilities.	
https://cwe.mitre.org/data/definitions/40.html	Path Traversal: '\\UNC\share\name\' (Windows UNC Share)		Absolute Path Traversal	Variant		The product accepts input that identifies a Windows UNC share ('\\UNC\share\name') that potentially redirects access to an unintended location or arbitrary file.	
https://cwe.mitre.org/data/definitions/400.html	Uncontrolled Resource Consumption	Resource Exhaustion	Improper Control of a Resource Through its Lifetime	Class		The product does not properly control the allocation and maintenance of a limited resource, thereby enabling an actor to influence the amount of resources consumed, eventually leading to the exhaustion of available resources.	
https://cwe.mitre.org/data/definitions/401.html	Missing Release of Memory after Effective Lifetime	Memory Leak	Missing Release of Resource after Effective Lifetime	Variant		The product does not sufficiently track and release allocated memory after it has been used, which slowly consumes remaining memory.	
https://cwe.mitre.org/data/definitions/402.html	Transmission of Private Resources into a New Sphere ('Resource Leak')	Resource Leak	Exposure of Resource to Wrong Sphere	Class		The product makes resources available to untrusted parties when those resources are only intended to be accessed by the product.	
https://cwe.mitre.org/data/definitions/403.html	Exposure of File Descriptor to Unintended Control Sphere ('File Descriptor Leak')	File Descriptor Leak | File descriptor leak	Transmission of Private Resources into a New Sphere ('Resource Leak')	Base		A process does not close sensitive file descriptors before invoking a child process, which allows the child to perform unauthorized I/O operations using those descriptors.	
https://cwe.mitre.org/data/definitions/404.html	Improper Resource Shutdown or Release		Improper Control of a Resource Through its Lifetime	Class		The product does not release or incorrectly releases a resource before it is made available for re-use.	
https://cwe.mitre.org/data/definitions/405.html	Asymmetric Resource Consumption (Amplification)		Uncontrolled Resource Consumption	Class		The product does not properly control situations in which an adversary can cause the product to consume or produce excessive resources without requiring the adversary to invest equivalent work or otherwise prove authorization, i.e., the adversary's influence is "asymmetric."	
https://cwe.mitre.org/data/definitions/406.html	Insufficient Control of Network Message Volume (Network Amplification)		Asymmetric Resource Consumption (Amplification)	Class		The product does not sufficiently monitor or control transmitted network traffic volume, so that an actor can cause the product to transmit more traffic than should be allowed for that actor.	
https://cwe.mitre.org/data/definitions/407.html	Inefficient Algorithmic Complexity	Quadratic Complexity	Asymmetric Resource Consumption (Amplification)	Class		An algorithm in a product has an inefficient worst-case computational complexity that may be detrimental to system performance and can be triggered by an attacker, typically using crafted manipulations that ensure that the worst case is being reached.	
https://cwe.mitre.org/data/definitions/408.html	Incorrect Behavior Order: Early Amplification		Asymmetric Resource Consumption (Amplification) | Incorrect Behavior Order	Base		The product allows an entity to perform a legitimate but expensive operation before authentication or authorization has taken place.	
https://cwe.mitre.org/data/definitions/409.html	Improper Handling of Highly Compressed Data (Data Amplification)		Asymmetric Resource Consumption (Amplification)	Base		The product does not handle or incorrectly handles a compressed input with a very high compression ratio that produces a large output.	
https://cwe.mitre.org/data/definitions/41.html	Improper Resolution of Path Equivalence		Use of Incorrectly-Resolved Name or Reference	Base		The product is vulnerable to file system contents disclosure through path equivalence. Path equivalence involves the use of special characters in file and directory names. The associated manipulations are intended to generate multiple names for the same object.	
https://cwe.mitre.org/data/definitions/410.html	Insufficient Resource Pool		Improper Control of a Resource Through its Lifetime	Base		The product's resource pool is not large enough to handle peak demand, which allows an attacker to prevent others from accessing the resource by using a (relatively) large number of requests for resources.	
https://cwe.mitre.org/data/definitions/412.html	Unrestricted Externally Accessible Lock		Improper Locking	Base		The product properly checks for the existence of a lock, but the lock can be externally controlled or influenced by an actor that is outside of the intended sphere of control.	
https://cwe.mitre.org/data/definitions/413.html	Improper Resource Locking		Improper Locking	Base		The product does not lock or does not correctly lock a resource when the product must have exclusive access to the resource.	
https://cwe.mitre.org/data/definitions/414.html	Missing Lock Check		Improper Locking	Base		A product does not check to see if a lock is present before performing sensitive operations on a resource.	
https://cwe.mitre.org/data/definitions/415.html	Double Free	Double-free	Expired Pointer Dereference | Multiple Releases of Same Resource or Handle | Operation on Resource in Wrong Phase of Lifetime	Variant		The product calls free() twice on the same memory address, potentially leading to modification of unexpected memory locations.	
https://cwe.mitre.org/data/definitions/416.html	Use After Free	Dangling pointer | Use-After-Free	Expired Pointer Dereference	Variant		Referencing memory after it has been freed can cause a program to crash, use unexpected values, or execute code.	
https://cwe.mitre.org/data/definitions/419.html	Unprotected Primary Channel		Improper Restriction of Communication Channel to Intended Endpoints	Base		The product uses a primary channel for administration or restricted functionality, but it does not properly protect the channel.	
https://cwe.mitre.org/data/definitions/42.html	Path Equivalence: 'filename.' (Trailing Dot)		Improper Resolution of Path Equivalence | Improper Neutralization of Trailing Special Elements	Variant		The product accepts path input in the form of trailing dot ('filedir.') without appropriate validation, which can lead to ambiguous path resolution and allow an attacker to traverse the file system to unintended locations or access arbitrary files.	
https://cwe.mitre.org/data/definitions/420.html	Unprotected Alternate Channel		Improper Restriction of Communication Channel to Intended Endpoints	Base		The product protects a primary channel, but it does not use the same level of protection for an alternate channel.	
https://cwe.mitre.org/data/definitions/421.html	Race Condition During Access to Alternate Channel		Unprotected Alternate Channel | Concurrent Execution using Shared Resource with Improper Synchronization ('Race Condition')	Base		The product opens an alternate channel to communicate with an authorized user, but the channel is accessible to other actors.	
https://cwe.mitre.org/data/definitions/422.html	Unprotected Windows Messaging Channel ('Shatter')	Shatter	Unprotected Alternate Channel | Trust of System Event Data	Variant		The product does not properly verify the source of a message in the Windows Messaging System while running at elevated privileges, creating an alternate channel through which an attacker can directly send a message to the product.	
https://cwe.mitre.org/data/definitions/423.html	DEPRECATED: Proxied Trusted Channel			Base		This entry has been deprecated because it was a duplicate of CWE-441. All content has been transferred to CWE-441.	
https://cwe.mitre.org/data/definitions/424.html	Improper Protection of Alternate Path		Protection Mechanism Failure | Not Using Complete Mediation	Class		The product does not sufficiently protect all possible paths that a user can take to access restricted functionality or resources.	
https://cwe.mitre.org/data/definitions/425.html	Direct Request ('Forced Browsing')	Forced Browsing | forced browsing	Missing Authorization | Authentication Bypass Using an Alternate Path or Channel | Improper Protection of Alternate Path	Base		The web application does not adequately enforce appropriate authorization on all restricted URLs, scripts, or files.	
https://cwe.mitre.org/data/definitions/426.html	Untrusted Search Path	Untrusted Path	External Control of Critical State Data | External Influence of Sphere Definition	Base		The product searches for critical resources using an externally-supplied search path that can point to resources that are not under the product's direct control.	
https://cwe.mitre.org/data/definitions/427.html	Uncontrolled Search Path Element	DLL preloading | Binary planting | Insecure library loading | Dependency confusion	Exposure of Resource to Wrong Sphere	Base		The product uses a fixed or controlled search path to find resources, but one or more locations in that path can be under the control of unintended actors.	
https://cwe.mitre.org/data/definitions/428.html	Unquoted Search Path or Element		Exposure of Resource to Wrong Sphere	Base		The product uses a search path that contains an unquoted element, in which the element contains whitespace or other separators. This can cause the product to access resources in a parent path.	
https://cwe.mitre.org/data/definitions/43.html	Path Equivalence: 'filename....' (Multiple Trailing Dot)		Path Equivalence: 'filename.' (Trailing Dot) | Improper Neutralization of Multiple Trailing Special Elements	Variant		The product accepts path input in the form of multiple trailing dot ('filedir....') without appropriate validation, which can lead to ambiguous path resolution and allow an attacker to traverse the file system to unintended locations or access arbitrary files.	
https://cwe.mitre.org/data/definitions/430.html	Deployment of Wrong Handler		Insufficient Control Flow Management	Base		The wrong "handler" is assigned to process an object.	
https://cwe.mitre.org/data/definitions/431.html	Missing Handler		Insufficient Control Flow Management	Base		A handler is not available or implemented.	
https://cwe.mitre.org/data/definitions/432.html	Dangerous Signal Handler not Disabled During Sensitive Operations		Signal Handler Race Condition	Base		The product uses a signal handler that shares state with other signal handlers, but it does not properly mask or prevent those signal handlers from being invoked while the original signal handler is still running.	
https://cwe.mitre.org/data/definitions/433.html	Unparsed Raw Web Content Delivery		Storage of File with Sensitive Data Under Web Root	Variant		The product stores raw content or supporting code under the web document root with an extension that is not specifically handled by the server.	
https://cwe.mitre.org/data/definitions/434.html	Unrestricted Upload of File with Dangerous Type	Unrestricted File Upload	Incorrect Resource Transfer Between Spheres	Base		The product allows the attacker to upload or transfer files of dangerous types that can be automatically processed within the product's environment.	
https://cwe.mitre.org/data/definitions/435.html	Improper Interaction Between Multiple Correctly-Behaving Entities	Interaction Error | Emergent Fault		Pillar		An interaction error occurs when two entities have correct behavior when running independently of each other, but when they are integrated as components in a larger system or process, they introduce incorrect behaviors that may cause resultant weaknesses.	
https://cwe.mitre.org/data/definitions/436.html	Interpretation Conflict		Improper Interaction Between Multiple Correctly-Behaving Entities	Class		Product A handles inputs or steps differently than Product B, which causes A to perform incorrect actions based on its perception of B's state.	
https://cwe.mitre.org/data/definitions/437.html	Incomplete Model of Endpoint Features		Interpretation Conflict	Base		A product acts as an intermediary or monitor between two or more endpoints, but it does not have a complete model of an endpoint's features, behaviors, or state, potentially causing the product to perform incorrect actions based on this incomplete model.	
https://cwe.mitre.org/data/definitions/439.html	Behavioral Change in New Version or Environment	Functional change	Improper Interaction Between Multiple Correctly-Behaving Entities	Base		A's behavior or functionality changes with a new version of A, or a new environment, which is not known (or manageable) by B.	
https://cwe.mitre.org/data/definitions/44.html	Path Equivalence: 'file.name' (Internal Dot)		Improper Resolution of Path Equivalence	Variant		The product accepts path input in the form of internal dot ('file.ordir') without appropriate validation, which can lead to ambiguous path resolution and allow an attacker to traverse the file system to unintended locations or access arbitrary files.	
https://cwe.mitre.org/data/definitions/440.html	Expected Behavior Violation		Incorrect Provision of Specified Functionality	Base		A feature, API, or function does not perform according to its specification.	
https://cwe.mitre.org/data/definitions/441.html	Unintended Proxy or Intermediary ('Confused Deputy')	Confused Deputy	Externally Controlled Reference to a Resource in Another Sphere	Class		The product receives a request, message, or directive from an upstream component, but the product does not sufficiently preserve the original source of the request before forwarding the request to an external actor that is outside of the product's control sphere. This causes the product to appear to be the source of the request, leading it to act as a proxy or other intermediary between the upstream component and the external actor.	
https://cwe.mitre.org/data/definitions/443.html	DEPRECATED: HTTP response splitting			Base		This weakness can be found at CWE-113.	
https://cwe.mitre.org/data/definitions/444.html	Inconsistent Interpretation of HTTP Requests ('HTTP Request/Response Smuggling')	HTTP Request/Response Smuggling | HTTP Request Smuggling | HTTP Response Smuggling | HTTP Smuggling	Interpretation Conflict	Base		The product acts as an intermediary HTTP agent (such as a proxy or firewall) in the data flow between two entities such as a client and server, but it does not interpret malformed HTTP requests or responses in ways that are consistent with how the messages will be processed by those entities that are at the ultimate destination.	
https://cwe.mitre.org/data/definitions/446.html	UI Discrepancy for Security Feature		Incorrect Provision of Specified Functionality	Class		The user interface does not correctly enable or configure a security feature, but the interface provides feedback that causes the user to believe that the feature is in a secure state.	
https://cwe.mitre.org/data/definitions/447.html	Unimplemented or Unsupported Feature in UI		UI Discrepancy for Security Feature | Lack of Administrator Control over Security	Base		A UI function for a security feature appears to be supported and gives feedback to the user that suggests that it is supported, but the underlying functionality is not implemented.	
https://cwe.mitre.org/data/definitions/448.html	Obsolete Feature in UI		UI Discrepancy for Security Feature	Base		A UI function is obsolete and the product does not warn the user.	
https://cwe.mitre.org/data/definitions/449.html	The UI Performs the Wrong Action		UI Discrepancy for Security Feature	Base		The UI performs the wrong action with respect to the user's request.	
https://cwe.mitre.org/data/definitions/45.html	Path Equivalence: 'file...name' (Multiple Internal Dot)		Path Equivalence: 'file.name' (Internal Dot) | Improper Neutralization of Multiple Internal Special Elements	Variant		The product accepts path input in the form of multiple internal dot ('file...dir') without appropriate validation, which can lead to ambiguous path resolution and allow an attacker to traverse the file system to unintended locations or access arbitrary files.	
https://cwe.mitre.org/data/definitions/450.html	Multiple Interpretations of UI Input		Insufficient UI Warning of Dangerous Operations	Base		The UI has multiple interpretations of user input but does not prompt the user when it selects the less secure interpretation.	
https://cwe.mitre.org/data/definitions/451.html	User Interface (UI) Misrepresentation of Critical Information		Incorrect Provision of Specified Functionality | Information Loss or Omission	Class		The user interface (UI) does not properly represent critical information to the user, allowing the information - or its source - to be obscured or spoofed. This is often a component in phishing attacks.	
https://cwe.mitre.org/data/definitions/453.html	Insecure Default Variable Initialization		Initialization of a Resource with an Insecure Default	Variant		The product, by default, initializes an internal variable with an insecure or less secure value than is possible.	
https://cwe.mitre.org/data/definitions/454.html	External Initialization of Trusted Variables or Data Stores		Incorrect Initialization of Resource	Base		The product initializes critical internal variables or data stores using inputs that can be modified by untrusted actors.	
https://cwe.mitre.org/data/definitions/455.html	Non-exit on Failed Initialization		Improper Initialization | Incorrect Control Flow Scoping | Not Failing Securely ('Failing Open')	Base		The product does not exit or otherwise modify its operation when security-relevant errors occur during initialization, such as when a configuration file has a format error or a hardware security module (HSM) cannot be activated, which can cause the product to execute in a less secure fashion than intended by the administrator.	
https://cwe.mitre.org/data/definitions/456.html	Missing Initialization of a Variable		Missing Initialization of Resource	Variant		The product does not initialize critical variables, which causes the execution environment to use unexpected values.	
https://cwe.mitre.org/data/definitions/457.html	Use of Uninitialized Variable		Use of Uninitialized Resource	Variant		The code uses a variable that has not been initialized, leading to unpredictable or unintended results.	
https://cwe.mitre.org/data/definitions/458.html	DEPRECATED: Incorrect Initialization			Base		This weakness has been deprecated because its name and description did not match. The description duplicated CWE-454, while the name suggested a more abstract initialization problem. Please refer to CWE-665 for the more abstract problem.	
https://cwe.mitre.org/data/definitions/459.html	Incomplete Cleanup	Insufficient Cleanup	Improper Resource Shutdown or Release	Base		The product does not properly "clean up" and remove temporary or supporting resources after they have been used.	
https://cwe.mitre.org/data/definitions/46.html	Path Equivalence: 'filename ' (Trailing Space)		Improper Resolution of Path Equivalence | Improper Neutralization of Trailing Special Elements	Variant		The product accepts path input in the form of trailing space ('filedir ') without appropriate validation, which can lead to ambiguous path resolution and allow an attacker to traverse the file system to unintended locations or access arbitrary files.	
https://cwe.mitre.org/data/definitions/460.html	Improper Cleanup on Thrown Exception		Incomplete Cleanup | Improper Handling of Exceptional Conditions	Base		The product does not clean up its state or incorrectly cleans up its state when an exception is thrown, leading to unexpected state or control flow.	
https://cwe.mitre.org/data/definitions/462.html	Duplicate Key in Associative List (Alist)		Use of Multiple Resources with Duplicate Identifier	Variant		Duplicate keys in associative lists can lead to non-unique keys being mistaken for an error.	
https://cwe.mitre.org/data/definitions/463.html	Deletion of Data Structure Sentinel		Improper Neutralization	Base		The accidental deletion of a data-structure sentinel can cause serious programming logic problems.	
https://cwe.mitre.org/data/definitions/464.html	Addition of Data Structure Sentinel		Improper Neutralization of Special Elements	Base		The accidental addition of a data-structure sentinel can cause serious programming logic problems.	
https://cwe.mitre.org/data/definitions/466.html	Return of Pointer Value Outside of Expected Range		Improper Restriction of Operations within the Bounds of a Memory Buffer	Base		A function can return a pointer to memory that is outside of the buffer that the pointer is expected to reference.	
https://cwe.mitre.org/data/definitions/467.html	Use of sizeof() on a Pointer Type		Incorrect Calculation of Buffer Size	Variant		The code calls sizeof() on a malloced pointer type, which always returns the wordsize/8. This can produce an unexpected result if the programmer intended to determine how much memory has been allocated.	
https://cwe.mitre.org/data/definitions/468.html	Incorrect Pointer Scaling		Incorrect Calculation	Base		In C and C++, one may often accidentally refer to the wrong memory due to the semantics of when math operations are implicitly scaled.	
https://cwe.mitre.org/data/definitions/469.html	Use of Pointer Subtraction to Determine Size		Incorrect Calculation	Base		The product subtracts one pointer from another in order to determine size, but this calculation can be incorrect if the pointers do not exist in the same memory chunk.	
https://cwe.mitre.org/data/definitions/47.html	Path Equivalence: ' filename' (Leading Space)		Improper Resolution of Path Equivalence	Variant		The product accepts path input in the form of leading space (' filedir') without appropriate validation, which can lead to ambiguous path resolution and allow an attacker to traverse the file system to unintended locations or access arbitrary files.	
https://cwe.mitre.org/data/definitions/470.html	Use of Externally-Controlled Input to Select Classes or Code ('Unsafe Reflection')	Unsafe Reflection | Reflection Injection	Improper Control of Dynamically-Managed Code Resources | Externally Controlled Reference to a Resource in Another Sphere	Base		The product uses external input with reflection to select which classes or code to use, but it does not sufficiently prevent the input from selecting improper classes or code.	
https://cwe.mitre.org/data/definitions/471.html	Modification of Assumed-Immutable Data (MAID)		Improper Control of a Resource Through its Lifetime	Base		The product does not properly protect an assumed-immutable element from being modified by an attacker.	
https://cwe.mitre.org/data/definitions/472.html	External Control of Assumed-Immutable Web Parameter	Assumed-Immutable Parameter Tampering	External Control of Critical State Data | Modification of Assumed-Immutable Data (MAID)	Base		The web application does not sufficiently verify inputs that are assumed to be immutable but are actually externally controllable, such as hidden form fields.	
https://cwe.mitre.org/data/definitions/473.html	PHP External Variable Modification		Modification of Assumed-Immutable Data (MAID)	Variant		A PHP application does not properly protect against the modification of variables from external sources, such as query parameters or cookies. This can expose the application to numerous weaknesses that would not exist otherwise.	
https://cwe.mitre.org/data/definitions/474.html	Use of Function with Inconsistent Implementations		Reliance on Undefined, Unspecified, or Implementation-Defined Behavior	Base		The code uses a function that has inconsistent implementations across operating systems and versions.	
https://cwe.mitre.org/data/definitions/475.html	Undefined Behavior for Input to API		Improper Following of Specification by Caller	Base		The behavior of this function is undefined unless its control parameter is set to a specific value.	
https://cwe.mitre.org/data/definitions/476.html	NULL Pointer Dereference	NPD | null deref | nil pointer dereference	Improper Adherence to Coding Standards | Improper Check for Unusual or Exceptional Conditions	Base		A NULL pointer dereference occurs when the application dereferences a pointer that it expects to be valid, but is NULL, typically causing a crash or exit.	
https://cwe.mitre.org/data/definitions/477.html	Use of Obsolete Function		Improper Adherence to Coding Standards	Base		The code uses deprecated or obsolete functions, which suggests that the code has not been actively reviewed or maintained.	
https://cwe.mitre.org/data/definitions/478.html	Missing Default Case in Multiple Condition Expression		Incomplete Comparison with Missing Factors	Base		The code does not have a default case in an expression with multiple conditions, such as a switch statement.	
https://cwe.mitre.org/data/definitions/479.html	Signal Handler Use of a Non-reentrant Function		Signal Handler with Functionality that is not Asynchronous-Safe | Use of a Non-reentrant Function in a Concurrent Context	Variant		The product defines a signal handler that calls a non-reentrant function.	
https://cwe.mitre.org/data/definitions/48.html	Path Equivalence: 'file name' (Internal Whitespace)		Improper Resolution of Path Equivalence	Variant		The product accepts path input in the form of internal space ('file(SPACE)name') without appropriate validation, which can lead to ambiguous path resolution and allow an attacker to traverse the file system to unintended locations or access arbitrary files.	
https://cwe.mitre.org/data/definitions/480.html	Use of Incorrect Operator		Always-Incorrect Control Flow Implementation	Base		The product accidentally uses the wrong operator, which changes the logic in security-relevant ways.	
https://cwe.mitre.org/data/definitions/481.html	Assigning instead of Comparing		Use of Incorrect Operator	Variant		The code uses an operator for assignment when the intention was to perform a comparison.	
https://cwe.mitre.org/data/definitions/482.html	Comparing instead of Assigning		Use of Incorrect Operator	Variant		The code uses an operator for comparison when the intention was to perform an assignment.	
https://cwe.mitre.org/data/definitions/483.html	Incorrect Block Delimitation		Always-Incorrect Control Flow Implementation	Base		The code does not explicitly delimit a block that is intended to contain 2 or more statements, creating a logic error.	
https://cwe.mitre.org/data/definitions/484.html	Omitted Break Statement in Switch		Improper Adherence to Coding Standards | Always-Incorrect Control Flow Implementation	Base		The product omits a break statement within a switch or similar construct, causing code associated with multiple conditions to execute. This can cause problems when the programmer only intended to execute code associated with one condition.	
https://cwe.mitre.org/data/definitions/486.html	Comparison of Classes by Name		Comparison Using Wrong Factors	Variant		The product compares classes by name, which can cause it to use the wrong class when multiple classes can have the same name.	
https://cwe.mitre.org/data/definitions/487.html	Reliance on Package-level Scope		Improper Control of a Resource Through its Lifetime	Base		Java packages are not inherently closed; therefore, relying on them for code security is not a good practice.	
https://cwe.mitre.org/data/definitions/488.html	Exposure of Data Element to Wrong Session		Exposure of Resource to Wrong Sphere	Base		The product does not sufficiently enforce boundaries between the states of different sessions, causing data to be provided to, or used by, the wrong session.	
https://cwe.mitre.org/data/definitions/489.html	Active Debug Code	Leftover debug code	Improper Adherence to Coding Standards	Base		The product is deployed to unauthorized actors with debugging code still enabled or active, which can create unintended entry points or expose sensitive information.	
https://cwe.mitre.org/data/definitions/49.html	Path Equivalence: 'filename/' (Trailing Slash)		Improper Resolution of Path Equivalence | Improper Neutralization of Trailing Special Elements	Variant		The product accepts path input in the form of trailing slash ('filedir/') without appropriate validation, which can lead to ambiguous path resolution and allow an attacker to traverse the file system to unintended locations or access arbitrary files.	
https://cwe.mitre.org/data/definitions/491.html	Public cloneable() Method Without Final ('Object Hijack')	Object Hijack	Exposure of Resource to Wrong Sphere	Variant		A class has a cloneable() method that is not declared final, which allows an object to be created without calling the constructor. This can cause the object to be in an unexpected state.	
https://cwe.mitre.org/data/definitions/492.html	Use of Inner Class Containing Sensitive Data		Exposure of Resource to Wrong Sphere	Variant		Inner classes are translated into classes that are accessible at package scope and may expose code that the programmer intended to keep private to attackers.	
https://cwe.mitre.org/data/definitions/493.html	Critical Public Variable Without Final Modifier		Exposure of Resource to Wrong Sphere	Variant		The product has a critical public variable that is not final, which allows the variable to be modified to contain unexpected values.	
https://cwe.mitre.org/data/definitions/494.html	Download of Code Without Integrity Check		Insufficient Verification of Data Authenticity | Incorrect Resource Transfer Between Spheres	Base		The product downloads source code or an executable from a remote location and executes the code without sufficiently verifying the origin and integrity of the code.	
https://cwe.mitre.org/data/definitions/495.html	Private Data Structure Returned From A Public Method		Improper Control of a Resource Through its Lifetime	Variant		The product has a method that is declared public, but returns a reference to a private data structure, which could then be modified in unexpected ways.	
https://cwe.mitre.org/data/definitions/496.html	Public Data Assigned to Private Array-Typed Field		Improper Control of a Resource Through its Lifetime	Variant		Assigning public data to a private array is equivalent to giving public access to the array.	
https://cwe.mitre.org/data/definitions/497.html	Exposure of Sensitive System Information to an Unauthorized Control Sphere		Exposure of Sensitive Information to an Unauthorized Actor	Base		The product does not properly prevent sensitive system-level information from being accessed by unauthorized actors who do not have the same level of access to the underlying system as the product does.	
https://cwe.mitre.org/data/definitions/498.html	Cloneable Class Containing Sensitive Information		Exposure of Resource to Wrong Sphere	Variant		The code contains a class with sensitive data, but the class is cloneable. The data can then be accessed by cloning the class.	
https://cwe.mitre.org/data/definitions/499.html	Serializable Class Containing Sensitive Data		Exposure of Resource to Wrong Sphere	Variant		The code contains a class with sensitive data, but the class does not explicitly deny serialization. The data can be accessed by serializing the class through another class.	
https://cwe.mitre.org/data/definitions/5.html	J2EE Misconfiguration: Data Transmission Without Encryption		Cleartext Transmission of Sensitive Information	Variant		Information sent over a network can be compromised while in transit. An attacker may be able to read or modify the contents if the data are sent in plaintext or are weakly encrypted.	
https://cwe.mitre.org/data/definitions/50.html	Path Equivalence: '//multiple/leading/slash'		Improper Resolution of Path Equivalence | Improper Neutralization of Multiple Leading Special Elements	Variant		The product accepts path input in the form of multiple leading slash ('//multiple/leading/slash') without appropriate validation, which can lead to ambiguous path resolution and allow an attacker to traverse the file system to unintended locations or access arbitrary files.	
https://cwe.mitre.org/data/definitions/500.html	Public Static Field Not Marked Final		Critical Public Variable Without Final Modifier	Variant		An object contains a public static field that is not marked final, which might allow it to be modified in unexpected ways.	
https://cwe.mitre.org/data/definitions/501.html	Trust Boundary Violation		Improper Control of a Resource Through its Lifetime	Base		The product mixes trusted and untrusted data in the same data structure or structured message.	
https://cwe.mitre.org/data/definitions/502.html	Deserialization of Untrusted Data	Marshaling, Unmarshaling | Pickling, Unpickling | PHP Object Injection	Improper Control of Dynamically-Managed Code Resources	Base		The product deserializes untrusted data without sufficiently verifying that the resulting data will be valid.	
https://cwe.mitre.org/data/definitions/506.html	Embedded Malicious Code		Hidden Functionality	Class		The product contains code that appears to be malicious in nature.	
https://cwe.mitre.org/data/definitions/507.html	Trojan Horse		Embedded Malicious Code	Base		The product appears to contain benign or useful functionality, but it also contains code that is hidden from normal operation that violates the intended security policy of the user or the system administrator.	
https://cwe.mitre.org/data/definitions/508.html	Non-Replicating Malicious Code		Trojan Horse	Base		Non-replicating malicious code only resides on the target system or product that is attacked; it does not attempt to spread to other systems.	
https://cwe.mitre.org/data/definitions/509.html	Replicating Malicious Code (Virus or Worm)		Trojan Horse	Base		Replicating malicious code, including viruses and worms, will attempt to attack other systems once it has successfully compromised the target system or the product.	
https://cwe.mitre.org/data/definitions/51.html	Path Equivalence: '/multiple//internal/slash'		Improper Resolution of Path Equivalence	Variant		The product accepts path input in the form of multiple internal slash ('/multiple//internal/slash/') without appropriate validation, which can lead to ambiguous path resolution and allow an attacker to traverse the file system to unintended locations or access arbitrary files.	
https://cwe.mitre.org/data/definitions/510.html	Trapdoor		Embedded Malicious Code	Base		A trapdoor is a hidden piece of code that responds to a special input, allowing its user access to resources without passing through the normal security enforcement mechanism.	
https://cwe.mitre.org/data/definitions/511.html	Logic/Time Bomb		Embedded Malicious Code	Base		The product contains code that is designed to disrupt the legitimate operation of the product (or its environment) when a certain time passes, or when a certain logical condition is met.	
https://cwe.mitre.org/data/definitions/512.html	Spyware		Embedded Malicious Code	Base		The product collects personally identifiable information about a human user or the user's activities, but the product accesses this information using other resources besides itself, and it does not require that user's explicit approval or direct input into the product.	
https://cwe.mitre.org/data/definitions/514.html	Covert Channel		Creation of Emergent Resource	Class		A covert channel is a path that can be used to transfer information in a way not intended by the system's designers.	
https://cwe.mitre.org/data/definitions/515.html	Covert Storage Channel		Covert Channel	Base		A covert storage channel transfers information through the setting of bits by one program and the reading of those bits by another. What distinguishes this case from that of ordinary operation is that the bits are used to convey encoded information.	
https://cwe.mitre.org/data/definitions/516.html	DEPRECATED: Covert Timing Channel			Base		This weakness can be found at CWE-385.	
https://cwe.mitre.org/data/definitions/52.html	Path Equivalence: '/multiple/trailing/slash//'		Improper Resolution of Path Equivalence | Improper Neutralization of Multiple Trailing Special Elements	Variant		The product accepts path input in the form of multiple trailing slash ('/multiple/trailing/slash//') without appropriate validation, which can lead to ambiguous path resolution and allow an attacker to traverse the file system to unintended locations or access arbitrary files.	
https://cwe.mitre.org/data/definitions/520.html	.NET Misconfiguration: Use of Impersonation		Incorrect Privilege Assignment	Variant		Allowing a .NET application to run at potentially escalated levels of access to the underlying operating and file systems can be dangerous and result in various forms of attacks.	
https://cwe.mitre.org/data/definitions/521.html	Weak Password Requirements		Use of Weak Credentials	Base		The product does not require that users should have strong passwords, which makes it easier for attackers to compromise user accounts.	
https://cwe.mitre.org/data/definitions/522.html	Insufficiently Protected Credentials		Weak Authentication | Exposure of Resource to Wrong Sphere	Class		The product transmits or stores authentication credentials, but it uses an insecure method that is susceptible to unauthorized interception and/or retrieval.	
https://cwe.mitre.org/data/definitions/523.html	Unprotected Transport of Credentials		Insufficiently Protected Credentials	Base		Login pages do not use adequate measures to protect the user name and password while they are in transit from the client to the server.	
https://cwe.mitre.org/data/definitions/524.html	Use of Cache Containing Sensitive Information		Exposure of Resource to Wrong Sphere	Base		The code uses a cache that contains sensitive information, but the cache can be read by an actor outside of the intended control sphere.	
https://cwe.mitre.org/data/definitions/525.html	Use of Web Browser Cache Containing Sensitive Information		Use of Cache Containing Sensitive Information	Variant		The web application does not use an appropriate caching policy that specifies the extent to which each web page and associated form fields should be cached.	
https://cwe.mitre.org/data/definitions/526.html	Cleartext Storage of Sensitive Information in an Environment Variable		Cleartext Storage of Sensitive Information	Variant		The product uses an environment variable to store unencrypted sensitive information.	
https://cwe.mitre.org/data/definitions/527.html	Exposure of Version-Control Repository to an Unauthorized Control Sphere		Files or Directories Accessible to External Parties	Variant		The product stores a CVS, git, or other repository in a directory, archive, or other resource that is stored, transferred, or otherwise made accessible to unauthorized actors.	
https://cwe.mitre.org/data/definitions/528.html	Exposure of Core Dump File to an Unauthorized Control Sphere		Files or Directories Accessible to External Parties	Variant		The product generates a core dump file in a directory, archive, or other resource that is stored, transferred, or otherwise made accessible to unauthorized actors.	
https://cwe.mitre.org/data/definitions/529.html	Exposure of Access Control List Files to an Unauthorized Control Sphere		Files or Directories Accessible to External Parties	Variant		The product stores access control list files in a directory or other container that is accessible to actors outside of the intended control sphere.	
https://cwe.mitre.org/data/definitions/53.html	Path Equivalence: '\multiple\\internal\backslash'		Improper Resolution of Path Equivalence | Improper Neutralization of Multiple Internal Special Elements	Variant		The product accepts path input in the form of multiple internal backslash ('\multiple\trailing\\slash') without appropriate validation, which can lead to ambiguous path resolution and allow an attacker to traverse the file system to unintended locations or access arbitrary files.	
https://cwe.mitre.org/data/definitions/530.html	Exposure of Backup File to an Unauthorized Control Sphere		Files or Directories Accessible to External Parties	Variant		A backup file is stored in a directory or archive that is made accessible to unauthorized actors.	
https://cwe.mitre.org/data/definitions/531.html	Inclusion of Sensitive Information in Test Code		Inclusion of Sensitive Information in Source Code	Variant		Accessible test applications can pose a variety of security risks. Since developers or administrators rarely consider that someone besides themselves would even know about the existence of these applications, it is common for them to contain sensitive information or functions.	
https://cwe.mitre.org/data/definitions/532.html	Insertion of Sensitive Information into Log File		Insertion of Sensitive Information into Externally-Accessible File or Directory	Base		Information written to log files can be of a sensitive nature and give valuable guidance to an attacker or expose sensitive user information.	
https://cwe.mitre.org/data/definitions/533.html	DEPRECATED: Information Exposure Through Server Log Files			Variant		This entry has been deprecated because its abstraction was too low-level. See CWE-532.	
https://cwe.mitre.org/data/definitions/534.html	DEPRECATED: Information Exposure Through Debug Log Files			Variant		This entry has been deprecated because its abstraction was too low-level. See CWE-532.	
https://cwe.mitre.org/data/definitions/535.html	Exposure of Information Through Shell Error Message		Externally-Generated Error Message Containing Sensitive Information	Variant		A command shell error message indicates that there exists an unhandled exception in the web application code. In many cases, an attacker can leverage the conditions that cause these errors in order to gain unauthorized access to the system.	
https://cwe.mitre.org/data/definitions/536.html	Servlet Runtime Error Message Containing Sensitive Information		Externally-Generated Error Message Containing Sensitive Information	Variant		A servlet error message indicates that there exists an unhandled exception in your web application code and may provide useful information to an attacker.	
https://cwe.mitre.org/data/definitions/537.html	Java Runtime Error Message Containing Sensitive Information		Externally-Generated Error Message Containing Sensitive Information	Variant		In many cases, an attacker can leverage the conditions that cause unhandled exception errors in order to gain unauthorized access to the system.	
https://cwe.mitre.org/data/definitions/538.html	Insertion of Sensitive Information into Externally-Accessible File or Directory		Exposure of Sensitive Information to an Unauthorized Actor	Base		The product places sensitive information into files or directories that are accessible to actors who are allowed to have access to the files, but not to the sensitive information.	
https://cwe.mitre.org/data/definitions/539.html	Use of Persistent Cookies Containing Sensitive Information		Files or Directories Accessible to External Parties	Variant		The web application uses persistent cookies, but the cookies contain sensitive information.	
https://cwe.mitre.org/data/definitions/54.html	Path Equivalence: 'filedir\' (Trailing Backslash)		Improper Resolution of Path Equivalence | Improper Neutralization of Trailing Special Elements	Variant		The product accepts path input in the form of trailing backslash ('filedir\') without appropriate validation, which can lead to ambiguous path resolution and allow an attacker to traverse the file system to unintended locations or access arbitrary files.	
https://cwe.mitre.org/data/definitions/540.html	Inclusion of Sensitive Information in Source Code		Insertion of Sensitive Information into Externally-Accessible File or Directory	Base		Source code on a web server or repository often contains sensitive information and should generally not be accessible to users.	
https://cwe.mitre.org/data/definitions/541.html	Inclusion of Sensitive Information in an Include File		Inclusion of Sensitive Information in Source Code	Variant		If an include file source is accessible, the file can contain usernames and passwords, as well as sensitive information pertaining to the application and system.	
https://cwe.mitre.org/data/definitions/542.html	DEPRECATED: Information Exposure Through Cleanup Log Files			Variant		This entry has been deprecated because its abstraction was too low-level. See CWE-532.	
https://cwe.mitre.org/data/definitions/543.html	Use of Singleton Pattern Without Synchronization in a Multithreaded Context		Missing Synchronization	Variant		The product uses the singleton pattern when creating a resource within a multithreaded environment.	
https://cwe.mitre.org/data/definitions/544.html	Missing Standardized Error Handling Mechanism		Improper Handling of Exceptional Conditions	Base		The product does not use a standardized method for handling errors throughout the code, which might introduce inconsistent error handling and resultant weaknesses.	
https://cwe.mitre.org/data/definitions/545.html	DEPRECATED: Use of Dynamic Class Loading			Variant		This weakness has been deprecated because it partially overlaps CWE-470, it describes legitimate programmer behavior, and other portions will need to be integrated into other entries.	
https://cwe.mitre.org/data/definitions/546.html	Suspicious Comment		Inappropriate Source Code Style or Formatting	Variant		The code contains comments that suggest the presence of bugs, incomplete functionality, or weaknesses.	
https://cwe.mitre.org/data/definitions/547.html	Use of Hard-coded, Security-relevant Constants		Inappropriate Source Code Style or Formatting	Base		The product uses hard-coded constants instead of symbolic names for security-critical values, which increases the likelihood of mistakes during code maintenance or security policy change.	
https://cwe.mitre.org/data/definitions/548.html	Exposure of Information Through Directory Listing		Exposure of Sensitive System Information to an Unauthorized Control Sphere	Variant		A directory listing is inappropriately exposed, yielding potentially sensitive information to attackers.	
https://cwe.mitre.org/data/definitions/549.html	Missing Password Field Masking		Insufficiently Protected Credentials	Base		The product does not mask passwords during entry, increasing the potential for attackers to observe and capture passwords.	
https://cwe.mitre.org/data/definitions/55.html	Path Equivalence: '/./' (Single Dot Directory)		Improper Resolution of Path Equivalence	Variant		The product accepts path input in the form of single dot directory exploit ('/./') without appropriate validation, which can lead to ambiguous path resolution and allow an attacker to traverse the file system to unintended locations or access arbitrary files.	
https://cwe.mitre.org/data/definitions/550.html	Server-generated Error Message Containing Sensitive Information		Generation of Error Message Containing Sensitive Information	Variant		Certain conditions, such as network failure, will cause a server error message to be displayed.	
https://cwe.mitre.org/data/definitions/551.html	Incorrect Behavior Order: Authorization Before Parsing and Canonicalization		Incorrect Authorization | Incorrect Behavior Order	Base		If a web server does not fully parse requested URLs before it examines them for authorization, it may be possible for an attacker to bypass authorization protection.	
https://cwe.mitre.org/data/definitions/552.html	Files or Directories Accessible to External Parties		Exposure of Resource to Wrong Sphere | Improper Authorization	Base		The product makes files or directories accessible to unauthorized actors, even though they should not be.	
https://cwe.mitre.org/data/definitions/553.html	Command Shell in Externally Accessible Directory		Files or Directories Accessible to External Parties	Variant		A possible shell file exists in /cgi-bin/ or other accessible directories. This is extremely dangerous and can be used by an attacker to execute commands on the web server.	
https://cwe.mitre.org/data/definitions/554.html	ASP.NET Misconfiguration: Not Using Input Validation Framework		Improper Use of Validation Framework	Variant		The ASP.NET application does not use an input validation framework.	
https://cwe.mitre.org/data/definitions/555.html	J2EE Misconfiguration: Plaintext Password in Configuration File		Password in Configuration File	Variant		The J2EE application stores a plaintext password in a configuration file.	
https://cwe.mitre.org/data/definitions/556.html	ASP.NET Misconfiguration: Use of Identity Impersonation		Incorrect Privilege Assignment	Variant		Configuring an ASP.NET application to run with impersonated credentials may give the application unnecessary privileges.	
https://cwe.mitre.org/data/definitions/558.html	Use of getlogin() in Multithreaded Application		Use of a Non-reentrant Function in a Concurrent Context	Variant		The product uses the getlogin() function in a multithreaded context, potentially causing it to return incorrect values.	
https://cwe.mitre.org/data/definitions/56.html	Path Equivalence: 'filedir*' (Wildcard)		Improper Resolution of Path Equivalence | Improper Neutralization of Wildcards or Matching Symbols	Variant		The product accepts path input in the form of asterisk wildcard ('filedir*') without appropriate validation, which can lead to ambiguous path resolution and allow an attacker to traverse the file system to unintended locations or access arbitrary files.	
https://cwe.mitre.org/data/definitions/560.html	Use of umask() with chmod-style Argument		Function Call With Incorrectly Specified Argument Value	Variant		The product calls umask() with an incorrect argument that is specified as if it is an argument to chmod().	
https://cwe.mitre.org/data/definitions/561.html	Dead Code		Irrelevant Code	Base		The product contains dead code, which can never be executed.	
https://cwe.mitre.org/data/definitions/562.html	Return of Stack Variable Address		Reliance on Undefined, Unspecified, or Implementation-Defined Behavior	Base		A function returns the address of a stack variable, which will cause unintended program behavior, typically in the form of a crash.	
https://cwe.mitre.org/data/definitions/563.html	Assignment to Variable without Use	Unused Variable	Irrelevant Code	Base		The variable's value is assigned but never used, making it a dead store.	
https://cwe.mitre.org/data/definitions/564.html	SQL Injection: Hibernate		Improper Neutralization of Special Elements used in an SQL Command ('SQL Injection')	Variant		Using Hibernate to execute a dynamic SQL statement built with user-controlled input can allow an attacker to modify the statement's meaning or to execute arbitrary SQL commands.	
https://cwe.mitre.org/data/definitions/565.html	Reliance on Cookies without Validation and Integrity Checking		External Control of Critical State Data | Client-Side Enforcement of Server-Side Security	Base		The product relies on the existence or values of cookies when performing security-critical operations, but it does not properly ensure that the setting is valid for the associated user.	
https://cwe.mitre.org/data/definitions/566.html	Authorization Bypass Through User-Controlled SQL Primary Key		Authorization Bypass Through User-Controlled Key	Variant		The product uses a database table that includes records that should not be accessible to an actor, but it executes a SQL statement with a primary key that can be controlled by that actor.	
https://cwe.mitre.org/data/definitions/567.html	Unsynchronized Access to Shared Data in a Multithreaded Context		Missing Synchronization	Base		The product does not properly synchronize shared data, such as static variables across threads, which can lead to undefined behavior and unpredictable data changes.	
https://cwe.mitre.org/data/definitions/568.html	finalize() Method Without super.finalize()		Improper Following of Specification by Caller | Incomplete Cleanup	Variant		The product contains a finalize() method that does not call super.finalize().	
https://cwe.mitre.org/data/definitions/57.html	Path Equivalence: 'fakedir/../realdir/filename'		Improper Resolution of Path Equivalence	Variant		The product contains protection mechanisms to restrict access to 'realdir/filename', but it constructs pathnames using external input in the form of 'fakedir/../realdir/filename' that are not handled by those mechanisms. This allows attackers to perform unauthorized actions against the targeted file.	
https://cwe.mitre.org/data/definitions/570.html	Expression is Always False		Improper Adherence to Coding Standards	Base		The product contains an expression that will always evaluate to false.	
https://cwe.mitre.org/data/definitions/571.html	Expression is Always True		Improper Adherence to Coding Standards	Base		The product contains an expression that will always evaluate to true.	
https://cwe.mitre.org/data/definitions/572.html	Call to Thread run() instead of start()		Incorrect Synchronization	Variant		The product calls a thread's run() method instead of calling start(), which causes the code to run in the thread of the caller instead of the callee.	
https://cwe.mitre.org/data/definitions/573.html	Improper Following of Specification by Caller		Improper Adherence to Coding Standards	Class		The product does not follow or incorrectly follows the specifications as required by the implementation language, environment, framework, protocol, or platform.	
https://cwe.mitre.org/data/definitions/574.html	EJB Bad Practices: Use of Synchronization Primitives		Use of Low-Level Functionality | Incorrect Synchronization	Variant		The product violates the Enterprise JavaBeans (EJB) specification by using thread synchronization primitives.	
https://cwe.mitre.org/data/definitions/575.html	EJB Bad Practices: Use of AWT Swing		Use of Low-Level Functionality	Variant		The product violates the Enterprise JavaBeans (EJB) specification by using AWT/Swing.	
https://cwe.mitre.org/data/definitions/576.html	EJB Bad Practices: Use of Java I/O		Use of Low-Level Functionality	Variant		The product violates the Enterprise JavaBeans (EJB) specification by using the java.io package.	
https://cwe.mitre.org/data/definitions/577.html	EJB Bad Practices: Use of Sockets		Improper Following of Specification by Caller	Variant		The product violates the Enterprise JavaBeans (EJB) specification by using sockets.	
https://cwe.mitre.org/data/definitions/578.html	EJB Bad Practices: Use of Class Loader		Improper Following of Specification by Caller	Variant		The product violates the Enterprise JavaBeans (EJB) specification by using the class loader.	
https://cwe.mitre.org/data/definitions/579.html	J2EE Bad Practices: Non-serializable Object Stored in Session		Improper Following of Specification by Caller	Variant		The product stores a non-serializable object as an HttpSession attribute, which can hurt reliability.	
https://cwe.mitre.org/data/definitions/58.html	Path Equivalence: Windows 8.3 Filename		Improper Resolution of Path Equivalence	Variant		The product contains a protection mechanism that restricts access to a long filename on a Windows operating system, but it does not properly restrict access to the equivalent short "8.3" filename.	
https://cwe.mitre.org/data/definitions/580.html	clone() Method Without super.clone()		Improper Control of a Resource Through its Lifetime | Improper Following of Specification by Caller	Variant		The product contains a clone() method that does not call super.clone() to obtain the new object.	
https://cwe.mitre.org/data/definitions/581.html	Object Model Violation: Just One of Equals and Hashcode Defined		Improper Following of Specification by Caller | Incorrect Comparison	Base		The product does not maintain equal hashcodes for equal objects.	
https://cwe.mitre.org/data/definitions/582.html	Array Declared Public, Final, and Static		Exposure of Resource to Wrong Sphere	Variant		The product declares an array public, final, and static, which is not sufficient to prevent the array's contents from being modified.	
https://cwe.mitre.org/data/definitions/583.html	finalize() Method Declared Public		Exposure of Resource to Wrong Sphere	Variant		The product violates secure coding principles for mobile code by declaring a finalize() method public.	
https://cwe.mitre.org/data/definitions/584.html	Return Inside Finally Block		Incorrect Control Flow Scoping	Base		The code has a return statement inside a finally block, which will cause any thrown exception in the try block to be discarded.	
https://cwe.mitre.org/data/definitions/585.html	Empty Synchronized Block		Empty Code Block	Variant		The product contains an empty synchronized block.	
https://cwe.mitre.org/data/definitions/586.html	Explicit Call to Finalize()		Insufficient Adherence to Expected Conventions	Base		The product makes an explicit call to the finalize() method from outside the finalizer.	
https://cwe.mitre.org/data/definitions/587.html	Assignment of a Fixed Address to a Pointer		Use of Invariant Value in Dynamically Changing Context | Reliance on Undefined, Unspecified, or Implementation-Defined Behavior	Variant		The product sets a pointer to a specific address other than NULL or 0.	
https://cwe.mitre.org/data/definitions/588.html	Attempt to Access Child of a Non-structure Pointer		Incorrect Type Conversion or Cast | Reliance on Undefined, Unspecified, or Implementation-Defined Behavior	Variant		Casting a non-structure type to a structure type and accessing a field can lead to memory access errors or data corruption.	
https://cwe.mitre.org/data/definitions/589.html	Call to Non-ubiquitous API		Use of Function with Inconsistent Implementations	Variant		The product uses an API function that does not exist on all versions of the target platform. This could cause portability problems or inconsistencies that allow denial of service or other consequences.	
https://cwe.mitre.org/data/definitions/59.html	Improper Link Resolution Before File Access ('Link Following')	Link Following | insecure temporary file | Zip Slip	Use of Incorrectly-Resolved Name or Reference	Base		The product attempts to access a file based on the filename, but it does not properly prevent that filename from identifying a link or shortcut that resolves to an unintended resource.	
https://cwe.mitre.org/data/definitions/590.html	Free of Memory not on the Heap		Mismatched Memory Management Routines	Variant		The product calls free() on a pointer to memory that was not allocated using associated heap allocation functions such as malloc(), calloc(), or realloc().	
https://cwe.mitre.org/data/definitions/591.html	Sensitive Data Storage in Improperly Locked Memory		Improper Resource Locking	Variant		The product stores sensitive data in memory that is not locked, or that has been incorrectly locked, which might cause the memory to be written to swap files on disk by the virtual memory manager. This can make the data more accessible to external actors.	
https://cwe.mitre.org/data/definitions/592.html	DEPRECATED: Authentication Bypass Issues			Class		This weakness has been deprecated because it covered redundant concepts already described in CWE-287.	
https://cwe.mitre.org/data/definitions/593.html	Authentication Bypass: OpenSSL CTX Object Modified after SSL Objects are Created		Operation on Resource in Wrong Phase of Lifetime | Weak Authentication	Variant		The product modifies the SSL context after connection creation has begun.	
https://cwe.mitre.org/data/definitions/594.html	J2EE Framework: Saving Unserializable Objects to Disk		Improper Adherence to Coding Standards	Variant		When the J2EE container attempts to write unserializable objects to disk there is no guarantee that the process will complete successfully.	
https://cwe.mitre.org/data/definitions/595.html	Comparison of Object References Instead of Object Contents		Comparison Using Wrong Factors	Variant		The product compares object references instead of the contents of the objects themselves, preventing it from detecting equivalent objects.	
https://cwe.mitre.org/data/definitions/596.html	DEPRECATED: Incorrect Semantic Object Comparison			Base		This weakness has been deprecated. It was poorly described and difficult to distinguish from other entries. It was also inappropriate to assign a separate ID solely because of domain-specific considerations. Its closest equivalent is CWE-1023.	
https://cwe.mitre.org/data/definitions/597.html	Use of Wrong Operator in String Comparison		Comparison of Object References Instead of Object Contents | Use of Incorrect Operator	Variant		The product uses the wrong operator when comparing a string, such as using "==" when the .equals() method should be used instead.	
https://cwe.mitre.org/data/definitions/598.html	Use of GET Request Method With Sensitive Query Strings		Insertion of Sensitive Information Into Sent Data	Variant		The web application uses the HTTP GET method to process a request and includes sensitive information in the query string of that request.	
https://cwe.mitre.org/data/definitions/599.html	Missing Validation of OpenSSL Certificate		Improper Certificate Validation	Variant		The product uses OpenSSL and trusts or uses a certificate without using the SSL_get_verify_result() function to ensure that the certificate satisfies all necessary security requirements.	
https://cwe.mitre.org/data/definitions/6.html	J2EE Misconfiguration: Insufficient Session-ID Length		Small Space of Random Values	Variant		The J2EE application is configured to use an insufficient session ID length.	
https://cwe.mitre.org/data/definitions/600.html	Uncaught Exception in Servlet 	Missing Catch Block	Uncaught Exception	Variant		The Servlet does not catch all exceptions, which may reveal sensitive debugging information.	
https://cwe.mitre.org/data/definitions/601.html	URL Redirection to Untrusted Site ('Open Redirect')	Open Redirect | Cross-site Redirect | Cross-domain Redirect	Externally Controlled Reference to a Resource in Another Sphere	Base		A web application accepts a user-controlled input that specifies a link to an external site, and uses that link in a Redirect. This simplifies phishing attacks.	
https://cwe.mitre.org/data/definitions/602.html	Client-Side Enforcement of Server-Side Security		Protection Mechanism Failure	Class		The product is composed of a server that relies on the client to implement a mechanism that is intended to protect the server.	
https://cwe.mitre.org/data/definitions/603.html	Use of Client-Side Authentication		Weak Authentication | Client-Side Enforcement of Server-Side Security	Base		A client/server product performs authentication within client code but not in server code, allowing server-side authentication to be bypassed via a modified client that omits the authentication check.	
https://cwe.mitre.org/data/definitions/605.html	Multiple Binds to the Same Port		Multiple Operations on Resource in Single-Operation Context | Operation on Resource in Wrong Phase of Lifetime	Variant		When multiple sockets are allowed to bind to the same port, other services on that port may be stolen or spoofed.	
https://cwe.mitre.org/data/definitions/606.html	Unchecked Input for Loop Condition		Improper Validation of Specified Quantity in Input	Base		The product does not properly check inputs that are used for loop conditions, potentially leading to a denial of service or other consequences because of excessive looping.	
https://cwe.mitre.org/data/definitions/607.html	Public Static Final Field References Mutable Object		Modification of Assumed-Immutable Data (MAID)	Variant		A public or protected static final field references a mutable object, which allows the object to be changed by malicious code, or accidentally from another package.	
https://cwe.mitre.org/data/definitions/608.html	Struts: Non-private Field in ActionForm Class		Exposure of Resource to Wrong Sphere	Variant		An ActionForm class contains a field that has not been declared private, which can be accessed without using a setter or getter.	
https://cwe.mitre.org/data/definitions/609.html	Double-Checked Locking		Improper Locking	Base		The product uses double-checked locking to access a resource without the overhead of explicit synchronization, but the locking is insufficient.	
https://cwe.mitre.org/data/definitions/61.html	UNIX Symbolic Link (Symlink) Following	Symlink following | symlink vulnerability	Improper Link Resolution Before File Access ('Link Following')	Compound		The product, when opening a file or directory, does not sufficiently account for when the file is a symbolic link that resolves to a target outside of the intended control sphere. This could allow an attacker to cause the product to operate on unauthorized files.	
https://cwe.mitre.org/data/definitions/610.html	Externally Controlled Reference to a Resource in Another Sphere		Improper Control of a Resource Through its Lifetime	Class		The product uses an externally controlled name or reference that resolves to a resource that is outside of the intended control sphere.	
https://cwe.mitre.org/data/definitions/611.html	Improper Restriction of XML External Entity Reference	XXE	Externally Controlled Reference to a Resource in Another Sphere	Base		The product processes an XML document that can contain XML entities with URIs that resolve to documents outside of the intended sphere of control, causing the product to embed incorrect documents into its output.	
https://cwe.mitre.org/data/definitions/612.html	Improper Authorization of Index Containing Sensitive Information		Exposure of Sensitive Information Through Metadata	Base		The product creates a search index of private or sensitive documents, but it does not properly limit index access to actors who are authorized to see the original information.	
https://cwe.mitre.org/data/definitions/613.html	Insufficient Session Expiration		Operation on a Resource after Expiration or Release	Base		According to WASC, "Insufficient Session Expiration is when a web site permits an attacker to reuse old session credentials or session IDs for authorization."	
https://cwe.mitre.org/data/definitions/614.html	Sensitive Cookie in HTTPS Session Without 'Secure' Attribute		Cleartext Transmission of Sensitive Information	Variant		The Secure attribute for sensitive cookies in HTTPS sessions is not set, which could cause the user agent to send those cookies in plaintext over an HTTP session.	
https://cwe.mitre.org/data/definitions/615.html	Inclusion of Sensitive Information in Source Code Comments		Inclusion of Sensitive Information in Source Code	Variant		While adding general comments is very useful, some programmers tend to leave important data, such as: filenames related to the web application, old links or links which were not meant to be browsed by users, old code fragments, etc.	
https://cwe.mitre.org/data/definitions/616.html	Incomplete Identification of Uploaded File Variables (PHP)		Insufficient Verification of Data Authenticity	Variant		The PHP application uses an old method for processing uploaded files by referencing the four global variables that are set for each file (e.g. $varname, $varname_size, $varname_name, $varname_type). These variables could be overwritten by attackers, causing the application to process unauthorized files.	
https://cwe.mitre.org/data/definitions/617.html	Reachable Assertion	assertion failure	Always-Incorrect Control Flow Implementation	Base		The product contains an assert() or similar statement that can be triggered by an attacker, which leads to an application exit or other behavior that is more severe than necessary.	
https://cwe.mitre.org/data/definitions/618.html	Exposed Unsafe ActiveX Method		Exposed Dangerous Method or Function	Variant		An ActiveX control is intended for use in a web browser, but it exposes dangerous methods that perform actions that are outside of the browser's security model (e.g. the zone or domain).	
https://cwe.mitre.org/data/definitions/619.html	Dangling Database Cursor ('Cursor Injection')	Cursor Injection	Transmission of Private Resources into a New Sphere ('Resource Leak')	Base		If a database cursor is not closed properly, then it could become accessible to other users while retaining the same privileges that were originally assigned, leaving the cursor "dangling."	
https://cwe.mitre.org/data/definitions/62.html	UNIX Hard Link		Improper Link Resolution Before File Access ('Link Following')	Variant		The product, when opening a file or directory, does not sufficiently account for when the name is associated with a hard link to a target that is outside of the intended control sphere. This could allow an attacker to cause the product to operate on unauthorized files.	
https://cwe.mitre.org/data/definitions/620.html	Unverified Password Change		Weak Authentication	Base		When setting a new password for a user, the product does not require knowledge of the original password, or using another form of authentication.	
https://cwe.mitre.org/data/definitions/621.html	Variable Extraction Error	Variable overwrite	Improper Control of Dynamically-Identified Variables	Variant		The product uses external input to determine the names of variables into which information is extracted, without verifying that the names of the specified variables are valid. This could cause the program to overwrite unintended variables.	
https://cwe.mitre.org/data/definitions/622.html	Improper Validation of Function Hook Arguments		Improper Input Validation	Variant		The product adds hooks to user-accessible API functions, but it does not properly validate the arguments. This could lead to resultant vulnerabilities.	
https://cwe.mitre.org/data/definitions/623.html	Unsafe ActiveX Control Marked Safe For Scripting		Privilege Defined With Unsafe Actions	Variant		An ActiveX control is intended for restricted use, but it has been marked as safe-for-scripting.	
https://cwe.mitre.org/data/definitions/624.html	Executable Regular Expression Error		Improper Neutralization of Special Elements used in a Command ('Command Injection')	Base		The product uses a regular expression that either (1) contains an executable component with user-controlled inputs, or (2) allows a user to enable execution by inserting pattern modifiers.	
https://cwe.mitre.org/data/definitions/625.html	Permissive Regular Expression		Incorrect Regular Expression	Base		The product uses a regular expression that does not sufficiently restrict the set of allowed values.	
https://cwe.mitre.org/data/definitions/626.html	Null Byte Interaction Error (Poison Null Byte)		Improper Neutralization of Input Terminators | Interpretation Conflict	Variant		The product does not properly handle null bytes or NUL characters when passing data between different representations or components.	
https://cwe.mitre.org/data/definitions/627.html	Dynamic Variable Evaluation	Dynamic evaluation	Improper Control of Dynamically-Identified Variables	Variant		In a language where the user can influence the name of a variable at runtime, if the variable names are not controlled, an attacker can read or write to arbitrary variables, or access arbitrary functions.	
https://cwe.mitre.org/data/definitions/628.html	Function Call with Incorrectly Specified Arguments		Improper Following of Specification by Caller	Base		The product calls a function, procedure, or routine with arguments that are not correctly specified, leading to always-incorrect behavior and resultant weaknesses.	
https://cwe.mitre.org/data/definitions/636.html	Not Failing Securely ('Failing Open')	Failing Open	Violation of Secure Design Principles | Improper Handling of Exceptional Conditions	Class		When the product encounters an error condition or failure, its design requires it to fall back to a state that is less secure than other options that are available, such as selecting the weakest encryption algorithm or using the most permissive access control restrictions.	
https://cwe.mitre.org/data/definitions/637.html	Unnecessary Complexity in Protection Mechanism (Not Using 'Economy of Mechanism')	Unnecessary Complexity	Violation of Secure Design Principles	Class		The product uses a more complex mechanism than necessary, which could lead to resultant weaknesses when the mechanism is not correctly understood, modeled, configured, implemented, or used.	
https://cwe.mitre.org/data/definitions/638.html	Not Using Complete Mediation		Violation of Secure Design Principles | Missing Authorization	Class		The product does not perform access checks on a resource every time the resource is accessed by an entity, which can create resultant weaknesses if that entity's rights or privileges change over time.	
https://cwe.mitre.org/data/definitions/639.html	Authorization Bypass Through User-Controlled Key	Insecure Direct Object Reference / IDOR | Broken Object Level Authorization / BOLA | Horizontal Authorization	Incorrect Authorization	Base		The system's authorization functionality does not prevent one user from gaining access to another user's data or record by modifying the key value identifying the data.	
https://cwe.mitre.org/data/definitions/64.html	Windows Shortcut Following (.LNK)	Windows symbolic link following | symlink	Improper Link Resolution Before File Access ('Link Following')	Variant		The product, when opening a file or directory, does not sufficiently handle when the file is a Windows shortcut (.LNK) whose target is outside of the intended control sphere. This could allow an attacker to cause the product to operate on unauthorized files.	
https://cwe.mitre.org/data/definitions/640.html	Weak Password Recovery Mechanism for Forgotten Password		Weak Authentication	Base		The product contains a mechanism for users to recover or change their passwords without knowing the original password, but the mechanism is weak.	
https://cwe.mitre.org/data/definitions/641.html	Improper Restriction of Names for Files and Other Resources		Improper Control of Resource Identifiers ('Resource Injection')	Base		The product constructs the name of a file or other resource using input from an upstream component, but it does not restrict or incorrectly restricts the resulting name.	
https://cwe.mitre.org/data/definitions/642.html	External Control of Critical State Data		Exposure of Resource to Wrong Sphere	Class		The product stores security-critical state information about its users, or the product itself, in a location that is accessible to unauthorized actors.	
https://cwe.mitre.org/data/definitions/643.html	Improper Neutralization of Data within XPath Expressions ('XPath Injection')	XPath Injection	Improper Neutralization of Special Elements in Data Query Logic | XML Injection (aka Blind XPath Injection)	Base		The product uses external input to dynamically construct an XPath expression used to retrieve data from an XML database, but it does not neutralize or incorrectly neutralizes that input. This allows an attacker to control the structure of the query.	
https://cwe.mitre.org/data/definitions/644.html	Improper Neutralization of HTTP Headers for Scripting Syntax		Improper Encoding or Escaping of Output	Variant		The product does not neutralize or incorrectly neutralizes web scripting syntax in HTTP headers that can be used by web browser components that can process raw headers, such as Flash.	
https://cwe.mitre.org/data/definitions/645.html	Overly Restrictive Account Lockout Mechanism		Improper Authentication	Base		The product contains an account lockout protection mechanism, but the mechanism is too restrictive and can be triggered too easily, which allows attackers to deny service to legitimate users by causing their accounts to be locked out.	
https://cwe.mitre.org/data/definitions/646.html	Reliance on File Name or Extension of Externally-Supplied File		Insufficient Verification of Data Authenticity	Variant		The product allows a file to be uploaded, but it relies on the file name or extension of the file to determine the appropriate behaviors. This could be used by attackers to cause the file to be misclassified and processed in a dangerous fashion.	
https://cwe.mitre.org/data/definitions/647.html	Use of Non-Canonical URL Paths for Authorization Decisions		Incorrect Authorization	Variant		The product defines policy namespaces and makes authorization decisions based on the assumption that a URL is canonical. This can allow a non-canonical URL to bypass the authorization.	
https://cwe.mitre.org/data/definitions/648.html	Incorrect Use of Privileged APIs		Improper Privilege Management	Base		The product does not conform to the API requirements for a function call that requires extra privileges. This could allow attackers to gain privileges by causing the function to be called incorrectly.	
https://cwe.mitre.org/data/definitions/649.html	Reliance on Obfuscation or Encryption of Security-Relevant Inputs without Integrity Checking		Insufficient Verification of Data Authenticity	Base		The product uses obfuscation or encryption of inputs that should not be mutable by an external actor, but the product does not use integrity checks to detect if those inputs have been modified.	
https://cwe.mitre.org/data/definitions/65.html	Windows Hard Link		Improper Link Resolution Before File Access ('Link Following')	Variant		The product, when opening a file or directory, does not sufficiently handle when the name is associated with a hard link to a target that is outside of the intended control sphere. This could allow an attacker to cause the product to operate on unauthorized files.	
https://cwe.mitre.org/data/definitions/650.html	Trusting HTTP Permission Methods on the Server Side		Interpretation Conflict	Variant		The server contains a protection mechanism that assumes that any URI that is accessed using HTTP GET will not cause a state change to the associated resource. This might allow attackers to bypass intended access restrictions and conduct resource modification and deletion attacks, since some applications allow GET to modify state.	
https://cwe.mitre.org/data/definitions/651.html	Exposure of WSDL File Containing Sensitive Information		Insertion of Sensitive Information into Externally-Accessible File or Directory	Variant		The Web services architecture may require exposing a Web Service Definition Language (WSDL) file that contains information on the publicly accessible services and how callers of these services should interact with them (e.g. what parameters they expect and what types they return).	
https://cwe.mitre.org/data/definitions/652.html	Improper Neutralization of Data within XQuery Expressions ('XQuery Injection')	XQuery Injection	Improper Neutralization of Special Elements in Data Query Logic | XML Injection (aka Blind XPath Injection)	Base		The product uses external input to dynamically construct an XQuery expression used to retrieve data from an XML database, but it does not neutralize or incorrectly neutralizes that input. This allows an attacker to control the structure of the query.	
https://cwe.mitre.org/data/definitions/653.html	Improper Isolation or Compartmentalization	Separation of Privilege	Violation of Secure Design Principles | Protection Mechanism Failure	Base		The product does not properly compartmentalize or isolate functionality, processes, or resources that require different privilege levels, rights, or permissions.	
https://cwe.mitre.org/data/definitions/654.html	Reliance on a Single Factor in a Security Decision	Separation of Privilege	Violation of Secure Design Principles | Protection Mechanism Failure	Base		A protection mechanism relies exclusively, or to a large extent, on the evaluation of a single condition or the integrity of a single object or entity in order to make a decision about granting access to restricted resources or functionality.	
https://cwe.mitre.org/data/definitions/655.html	Insufficient Psychological Acceptability		Violation of Secure Design Principles | Protection Mechanism Failure	Class		The product has a protection mechanism that is too difficult or inconvenient to use, encouraging non-malicious users to disable or bypass the mechanism, whether by accident or on purpose.	
https://cwe.mitre.org/data/definitions/656.html	Reliance on Security Through Obscurity	Never Assuming your secrets are safe	Violation of Secure Design Principles | Protection Mechanism Failure	Class		The product uses a protection mechanism whose strength depends heavily on its obscurity, such that knowledge of its algorithms or key data is sufficient to defeat the mechanism.	
https://cwe.mitre.org/data/definitions/657.html	Violation of Secure Design Principles		Improper Adherence to Coding Standards	Class		The product violates well-established principles for secure design.	
https://cwe.mitre.org/data/definitions/66.html	Improper Handling of File Names that Identify Virtual Resources		Use of Incorrectly-Resolved Name or Reference	Base		The product does not handle or incorrectly handles a file name that identifies a "virtual" resource that is not directly specified within the directory that is associated with the file name, causing the product to perform file-based operations on a resource that is not a file.	
https://cwe.mitre.org/data/definitions/662.html	Improper Synchronization		Improper Control of a Resource Through its Lifetime | Insufficient Control Flow Management	Class		The product utilizes multiple threads or processes to allow temporary access to a shared resource that can only be exclusive to one process at a time, but it does not properly synchronize these actions, which might cause simultaneous accesses of this resource by multiple threads or processes.	
https://cwe.mitre.org/data/definitions/663.html	Use of a Non-reentrant Function in a Concurrent Context		Improper Synchronization	Base		The product calls a non-reentrant function in a concurrent context in which a competing code sequence (e.g. thread or signal handler) may have an opportunity to call the same function or otherwise influence its state.	
https://cwe.mitre.org/data/definitions/664.html	Improper Control of a Resource Through its Lifetime			Pillar		The product does not maintain or incorrectly maintains control over a resource throughout its lifetime of creation, use, and release.	
https://cwe.mitre.org/data/definitions/665.html	Improper Initialization		Improper Control of a Resource Through its Lifetime	Class		The product does not initialize or incorrectly initializes a resource, which might leave the resource in an unexpected state when it is accessed or used.	
https://cwe.mitre.org/data/definitions/666.html	Operation on Resource in Wrong Phase of Lifetime		Improper Control of a Resource Through its Lifetime	Class		The product performs an operation on a resource at the wrong phase of the resource's lifecycle, which can lead to unexpected behaviors.	
https://cwe.mitre.org/data/definitions/667.html	Improper Locking		Improper Synchronization	Class		The product does not properly acquire or release a lock on a resource, leading to unexpected resource state changes and behaviors.	
https://cwe.mitre.org/data/definitions/668.html	Exposure of Resource to Wrong Sphere		Improper Control of a Resource Through its Lifetime	Class		The product exposes a resource to the wrong control sphere, providing unintended actors with inappropriate access to the resource.	
https://cwe.mitre.org/data/definitions/669.html	Incorrect Resource Transfer Between Spheres		Improper Control of a Resource Through its Lifetime	Class		The product does not properly transfer a resource/behavior to another sphere, or improperly imports a resource/behavior from another sphere, in a manner that provides unintended control over that resource.	
https://cwe.mitre.org/data/definitions/67.html	Improper Handling of Windows Device Names		Improper Handling of File Names that Identify Virtual Resources	Variant		The product constructs pathnames from user input, but it does not handle or incorrectly handles a pathname containing a Windows device name such as AUX or CON. This typically leads to denial of service or an information exposure when the application attempts to process the pathname as a regular file.	
https://cwe.mitre.org/data/definitions/670.html	Always-Incorrect Control Flow Implementation		Insufficient Control Flow Management	Class		The code contains a control flow path that does not reflect the algorithm that the path is intended to implement, leading to incorrect behavior any time this path is navigated.	
https://cwe.mitre.org/data/definitions/671.html	Lack of Administrator Control over Security		Violation of Secure Design Principles	Class		The product uses security features in a way that prevents the product's administrator from tailoring security settings to reflect the environment in which the product is being used. This introduces resultant weaknesses or prevents it from operating at a level of security that is desired by the administrator.	
https://cwe.mitre.org/data/definitions/672.html	Operation on a Resource after Expiration or Release		Operation on Resource in Wrong Phase of Lifetime	Class		The product uses, accesses, or otherwise operates on a resource after that resource has been expired, released, or revoked.	
https://cwe.mitre.org/data/definitions/673.html	External Influence of Sphere Definition		Improper Control of a Resource Through its Lifetime	Class		The product does not prevent the definition of control spheres from external actors.	
https://cwe.mitre.org/data/definitions/674.html	Uncontrolled Recursion	Stack Exhaustion	Excessive Iteration	Class		The product does not properly control the amount of recursion that takes place, consuming excessive resources, such as allocated memory or the program stack.	
https://cwe.mitre.org/data/definitions/675.html	Multiple Operations on Resource in Single-Operation Context		Improper Following of Specification by Caller	Class		The product performs the same operation on a resource two or more times, when the operation should only be applied once.	
https://cwe.mitre.org/data/definitions/676.html	Use of Potentially Dangerous Function		Use of Prohibited Code	Base		The product invokes a potentially dangerous function that could introduce a vulnerability if it is used incorrectly, but the function can also be used safely.	
https://cwe.mitre.org/data/definitions/680.html	Integer Overflow to Buffer Overflow		Integer Overflow or Wraparound	Compound		The product performs a calculation to determine how much memory to allocate, but an integer overflow can occur that causes less memory to be allocated than expected, leading to a buffer overflow.	
https://cwe.mitre.org/data/definitions/681.html	Incorrect Conversion between Numeric Types		Incorrect Type Conversion or Cast	Base		When converting from one data type to another, such as long to integer, data can be omitted or translated in a way that produces unexpected values. If the resulting values are used in a sensitive context, then dangerous behaviors may occur.	
https://cwe.mitre.org/data/definitions/682.html	Incorrect Calculation			Pillar		The product performs a calculation that generates incorrect or unintended results that are later used in security-critical decisions or resource management.	
https://cwe.mitre.org/data/definitions/683.html	Function Call With Incorrect Order of Arguments		Function Call with Incorrectly Specified Arguments	Variant		The product calls a function, procedure, or routine, but the caller specifies the arguments in an incorrect order, leading to resultant weaknesses.	
https://cwe.mitre.org/data/definitions/684.html	Incorrect Provision of Specified Functionality		Improper Adherence to Coding Standards	Class		The code does not function according to its published specifications, potentially leading to incorrect usage.	
https://cwe.mitre.org/data/definitions/685.html	Function Call With Incorrect Number of Arguments		Function Call with Incorrectly Specified Arguments	Variant		The product calls a function, procedure, or routine, but the caller specifies too many arguments, or too few arguments, which may lead to undefined behavior and resultant weaknesses.	
https://cwe.mitre.org/data/definitions/686.html	Function Call With Incorrect Argument Type		Function Call with Incorrectly Specified Arguments	Variant		The product calls a function, procedure, or routine, but the caller specifies an argument that is the wrong data type, which may lead to resultant weaknesses.	
https://cwe.mitre.org/data/definitions/687.html	Function Call With Incorrectly Specified Argument Value		Function Call with Incorrectly Specified Arguments	Variant		The product calls a function, procedure, or routine, but the caller specifies an argument that contains the wrong value, which may lead to resultant weaknesses.	
https://cwe.mitre.org/data/definitions/688.html	Function Call With Incorrect Variable or Reference as Argument		Function Call with Incorrectly Specified Arguments	Variant		The product calls a function, procedure, or routine, but the caller specifies the wrong variable or reference as one of the arguments, which may lead to undefined behavior and resultant weaknesses.	
https://cwe.mitre.org/data/definitions/689.html	Permission Race Condition During Resource Copy		Concurrent Execution using Shared Resource with Improper Synchronization ('Race Condition')	Compound		The product, while copying or cloning a resource, does not set the resource's permissions or access control until the copy is complete, leaving the resource exposed to other spheres while the copy is taking place.	
https://cwe.mitre.org/data/definitions/69.html	Improper Handling of Windows ::DATA Alternate Data Stream		Improper Handling of File Names that Identify Virtual Resources	Variant		The product does not properly prevent access to, or detect usage of, alternate data streams (ADS).	
https://cwe.mitre.org/data/definitions/690.html	Unchecked Return Value to NULL Pointer Dereference		Unchecked Return Value	Compound		The product does not check for an error after calling a function that can return with a NULL pointer if the function fails, which leads to a resultant NULL pointer dereference.	
https://cwe.mitre.org/data/definitions/691.html	Insufficient Control Flow Management			Pillar		The code does not sufficiently manage its control flow during execution, creating conditions in which the control flow can be modified in unexpected ways.	
https://cwe.mitre.org/data/definitions/692.html	Incomplete Denylist to Cross-Site Scripting		Incomplete List of Disallowed Inputs	Compound		The product uses a denylist-based protection mechanism to defend against XSS attacks, but the denylist is incomplete, allowing XSS variants to succeed.	
https://cwe.mitre.org/data/definitions/693.html	Protection Mechanism Failure			Pillar		The product does not use or incorrectly uses a protection mechanism that provides sufficient defense against directed attacks against the product.	
https://cwe.mitre.org/data/definitions/694.html	Use of Multiple Resources with Duplicate Identifier		Improper Control of Resource Identifiers ('Resource Injection') | Improper Following of Specification by Caller	Base		The product uses multiple resources that can have the same identifier, in a context in which unique identifiers are required.	
https://cwe.mitre.org/data/definitions/695.html	Use of Low-Level Functionality		Improper Following of Specification by Caller	Base		The product uses low-level functionality that is explicitly prohibited by the framework or specification under which the product is supposed to operate.	
https://cwe.mitre.org/data/definitions/696.html	Incorrect Behavior Order		Insufficient Control Flow Management	Class		The product performs multiple related behaviors, but the behaviors are performed in the wrong order in ways which may produce resultant weaknesses.	
https://cwe.mitre.org/data/definitions/697.html	Incorrect Comparison			Pillar		The product compares two entities in a security-relevant context, but the comparison is incorrect, which may lead to resultant weaknesses.	
https://cwe.mitre.org/data/definitions/698.html	Execution After Redirect (EAR)	Redirect Without Exit	Incorrect Control Flow Scoping | Always-Incorrect Control Flow Implementation	Base		The web application sends a redirect to another location, but instead of exiting, it executes additional code.	
https://cwe.mitre.org/data/definitions/7.html	J2EE Misconfiguration: Missing Custom Error Page		Missing Custom Error Page	Variant		The default error page of a web application should not display sensitive information about the product.	
https://cwe.mitre.org/data/definitions/703.html	Improper Check or Handling of Exceptional Conditions			Pillar		The product does not properly anticipate or handle exceptional conditions that rarely occur during normal operation of the product.	
https://cwe.mitre.org/data/definitions/704.html	Incorrect Type Conversion or Cast		Improper Control of a Resource Through its Lifetime	Class		The product does not correctly convert an object, resource, or structure from one type to a different type.	
https://cwe.mitre.org/data/definitions/705.html	Incorrect Control Flow Scoping		Insufficient Control Flow Management	Class		The product does not properly return control flow to the proper location after it has completed a task or detected an unusual condition.	
https://cwe.mitre.org/data/definitions/706.html	Use of Incorrectly-Resolved Name or Reference		Improper Control of a Resource Through its Lifetime	Class		The product uses a name or reference to access a resource, but the name/reference resolves to a resource that is outside of the intended control sphere.	
https://cwe.mitre.org/data/definitions/707.html	Improper Neutralization			Pillar		The product does not ensure or incorrectly ensures that structured messages or data are well-formed and that certain security properties are met before being read from an upstream component or sent to a downstream component.	
https://cwe.mitre.org/data/definitions/708.html	Incorrect Ownership Assignment		Improper Ownership Management	Base		The product assigns an owner to a resource, but the owner is outside of the intended control sphere.	
https://cwe.mitre.org/data/definitions/71.html	DEPRECATED: Apple '.DS_Store'			Variant		This entry has been deprecated as it represents a specific observed example of a UNIX Hard Link weakness type rather than its own individual weakness type. Please refer to CWE-62.	
https://cwe.mitre.org/data/definitions/710.html	Improper Adherence to Coding Standards			Pillar		The product does not follow certain coding rules for development, which can lead to resultant weaknesses or increase the severity of the associated vulnerabilities.	
https://cwe.mitre.org/data/definitions/72.html	Improper Handling of Apple HFS+ Alternate Data Stream Path		Improper Handling of File Names that Identify Virtual Resources	Variant		The product does not properly handle special paths that may identify the data or resource fork of a file on the HFS+ file system.	
https://cwe.mitre.org/data/definitions/73.html	External Control of File Name or Path		External Control of Critical State Data | Externally Controlled Reference to a Resource in Another Sphere	Base		The product allows user input to control or influence paths or file names that are used in filesystem operations.	
https://cwe.mitre.org/data/definitions/732.html	Incorrect Permission Assignment for Critical Resource		Improper Authorization | Exposure of Resource to Wrong Sphere	Class		The product specifies permissions for a security-critical resource in a way that allows that resource to be read or modified by unintended actors.	
https://cwe.mitre.org/data/definitions/733.html	Compiler Optimization Removal or Modification of Security-critical Code		Insecure Automated Optimizations	Base		The developer builds a security-critical protection mechanism into the software, but the compiler optimizes the program such that the mechanism is removed or modified.	
https://cwe.mitre.org/data/definitions/74.html	Improper Neutralization of Special Elements in Output Used by a Downstream Component ('Injection')	Injection	Improper Neutralization	Class		The product constructs all or part of a command, data structure, or record using externally-influenced input from an upstream component, but it does not neutralize or incorrectly neutralizes special elements that could modify how it is parsed or interpreted when it is sent to a downstream component.	
https://cwe.mitre.org/data/definitions/749.html	Exposed Dangerous Method or Function		Improper Access Control	Base		The product provides an Applications Programming Interface (API) or similar interface for interaction with external actors, but the interface includes a dangerous method or function that is not properly restricted.	
https://cwe.mitre.org/data/definitions/75.html	Failure to Sanitize Special Elements into a Different Plane (Special Element Injection)		Improper Neutralization of Special Elements in Output Used by a Downstream Component ('Injection')	Class		The product does not adequately filter user-controlled input for special elements with control implications.	
https://cwe.mitre.org/data/definitions/754.html	Improper Check for Unusual or Exceptional Conditions		Improper Check or Handling of Exceptional Conditions	Class		The product does not check or incorrectly checks for unusual or exceptional conditions that are not expected to occur frequently during day to day operation of the product.	
https://cwe.mitre.org/data/definitions/755.html	Improper Handling of Exceptional Conditions		Improper Check or Handling of Exceptional Conditions	Class		The product does not handle or incorrectly handles an exceptional condition.	
https://cwe.mitre.org/data/definitions/756.html	Missing Custom Error Page		Improper Handling of Exceptional Conditions	Base		The product does not return custom error pages to the user, possibly exposing sensitive information.	
https://cwe.mitre.org/data/definitions/757.html	Selection of Less-Secure Algorithm During Negotiation ('Algorithm Downgrade')	Algorithm Downgrade	Protection Mechanism Failure	Base		A protocol or its implementation supports interaction between multiple actors and allows those actors to negotiate which algorithm should be used as a protection mechanism such as encryption or authentication, but it does not select the strongest algorithm that is available to both parties.	
https://cwe.mitre.org/data/definitions/758.html	Reliance on Undefined, Unspecified, or Implementation-Defined Behavior		Improper Adherence to Coding Standards	Class		The product uses an API function, data structure, or other entity in a way that relies on properties that are not always guaranteed to hold for that entity.	
https://cwe.mitre.org/data/definitions/759.html	Use of a One-Way Hash without a Salt		Use of Password Hash With Insufficient Computational Effort	Variant		The product uses a one-way cryptographic hash against an input that should not be reversible, such as a password, but the product does not also use a salt as part of the input.	
https://cwe.mitre.org/data/definitions/76.html	Improper Neutralization of Equivalent Special Elements		Failure to Sanitize Special Elements into a Different Plane (Special Element Injection)	Base		The product correctly neutralizes certain special elements, but it improperly neutralizes equivalent special elements.	
https://cwe.mitre.org/data/definitions/760.html	Use of a One-Way Hash with a Predictable Salt		Use of Password Hash With Insufficient Computational Effort	Variant		The product uses a one-way cryptographic hash against an input that should not be reversible, such as a password, but the product uses a predictable salt as part of the input.	
https://cwe.mitre.org/data/definitions/761.html	Free of Pointer not at Start of Buffer		Release of Invalid Pointer or Reference	Variant		The product calls free() on a pointer to a memory resource that was allocated on the heap, but the pointer is not at the start of the buffer.	
https://cwe.mitre.org/data/definitions/762.html	Mismatched Memory Management Routines		Release of Invalid Pointer or Reference	Variant		The product attempts to return a memory resource to the system, but it calls a release function that is not compatible with the function that was originally used to allocate that resource.	
https://cwe.mitre.org/data/definitions/763.html	Release of Invalid Pointer or Reference		Improper Resource Shutdown or Release	Base		The product attempts to return a memory resource to the system, but it calls the wrong release function or calls the appropriate release function incorrectly.	
https://cwe.mitre.org/data/definitions/764.html	Multiple Locks of a Critical Resource		Improper Locking | Multiple Operations on Resource in Single-Operation Context	Base		The product locks a critical resource more times than intended, leading to an unexpected state in the system.	
https://cwe.mitre.org/data/definitions/765.html	Multiple Unlocks of a Critical Resource		Improper Locking | Multiple Operations on Resource in Single-Operation Context	Base		The product unlocks a critical resource more times than intended, leading to an unexpected state in the system.	
https://cwe.mitre.org/data/definitions/766.html	Critical Data Element Declared Public		Incorrect Permission Assignment for Critical Resource | Insufficient Encapsulation	Base		The product declares a critical variable, field, or member to be public when intended security policy requires it to be private.	
https://cwe.mitre.org/data/definitions/767.html	Access to Critical Private Variable via Public Method		Exposure of Resource to Wrong Sphere	Base		The product defines a public method that reads or modifies a private variable.	
https://cwe.mitre.org/data/definitions/768.html	Incorrect Short Circuit Evaluation		Insufficient Control Flow Management	Variant		The product contains a conditional statement with multiple logical expressions in which one of the non-leading expressions may produce side effects. This may lead to an unexpected state in the program after the execution of the conditional, because short-circuiting logic may prevent the side effects from occurring.	
https://cwe.mitre.org/data/definitions/769.html	DEPRECATED: Uncontrolled File Descriptor Consumption			Base		This entry has been deprecated because it was a duplicate of CWE-774. All content has been transferred to CWE-774.	
https://cwe.mitre.org/data/definitions/77.html	Improper Neutralization of Special Elements used in a Command ('Command Injection')	Command Injection	Improper Neutralization of Special Elements in Output Used by a Downstream Component ('Injection')	Class		The product constructs all or part of a command using externally-influenced input from an upstream component, but it does not neutralize or incorrectly neutralizes special elements that could modify the intended command when it is sent to a downstream component.	
https://cwe.mitre.org/data/definitions/770.html	Allocation of Resources Without Limits or Throttling		Uncontrolled Resource Consumption | Improper Initialization	Base		The product allocates a reusable resource or group of resources on behalf of an actor without imposing any restrictions on the size or number of resources that can be allocated, in violation of the intended security policy for that actor.	
https://cwe.mitre.org/data/definitions/771.html	Missing Reference to Active Allocated Resource		Uncontrolled Resource Consumption	Base		The product does not properly maintain a reference to a resource that has been allocated, which prevents the resource from being reclaimed.	
https://cwe.mitre.org/data/definitions/772.html	Missing Release of Resource after Effective Lifetime		Improper Resource Shutdown or Release	Base		The product does not release a resource after its effective lifetime has ended, i.e., after the resource is no longer needed.	
https://cwe.mitre.org/data/definitions/773.html	Missing Reference to Active File Descriptor or Handle		Missing Reference to Active Allocated Resource	Variant		The product does not properly maintain references to a file descriptor or handle, which prevents that file descriptor/handle from being reclaimed.	
https://cwe.mitre.org/data/definitions/774.html	Allocation of File Descriptors or Handles Without Limits or Throttling	File Descriptor Exhaustion	Allocation of Resources Without Limits or Throttling	Variant		The product allocates file descriptors or handles on behalf of an actor without imposing any restrictions on how many descriptors can be allocated, in violation of the intended security policy for that actor.	
https://cwe.mitre.org/data/definitions/775.html	Missing Release of File Descriptor or Handle after Effective Lifetime		Missing Release of Resource after Effective Lifetime	Variant		The product does not release a file descriptor or handle after its effective lifetime has ended, i.e., after the file descriptor/handle is no longer needed.	
https://cwe.mitre.org/data/definitions/776.html	Improper Restriction of Recursive Entity References in DTDs ('XML Entity Expansion')	XML Entity Expansion | XEE | Billion Laughs Attack | XML Bomb	Uncontrolled Recursion | Asymmetric Resource Consumption (Amplification)	Base		The product uses XML documents and allows their structure to be defined with a Document Type Definition (DTD), but it does not properly control the number of recursive definitions of entities.	
https://cwe.mitre.org/data/definitions/777.html	Regular Expression without Anchors		Permissive Regular Expression	Variant		The product uses a regular expression to perform neutralization, but the regular expression is not anchored and may allow malicious or malformed data to slip through.	
https://cwe.mitre.org/data/definitions/778.html	Insufficient Logging		Omission of Security-relevant Information | Protection Mechanism Failure	Base		When a security-critical event occurs, the product either does not record the event or omits important details about the event when logging it.	
https://cwe.mitre.org/data/definitions/779.html	Logging of Excessive Data		Uncontrolled Resource Consumption	Base		The product logs too much information, making log files hard to process and possibly hindering recovery efforts or forensic analysis after an attack.	
https://cwe.mitre.org/data/definitions/78.html	Improper Neutralization of Special Elements used in an OS Command ('OS Command Injection')	OS Command Injection | Shell injection | Shell metacharacters	Improper Neutralization of Special Elements used in a Command ('Command Injection')	Base		The product constructs all or part of an OS command using externally-influenced input from an upstream component, but it does not neutralize or incorrectly neutralizes special elements that could modify the intended OS command when it is sent to a downstream component.	
https://cwe.mitre.org/data/definitions/780.html	Use of RSA Algorithm without OAEP		Use of a Broken or Risky Cryptographic Algorithm	Variant		The product uses the RSA algorithm but does not incorporate Optimal Asymmetric Encryption Padding (OAEP), which might weaken the encryption.	
https://cwe.mitre.org/data/definitions/781.html	Improper Address Validation in IOCTL with METHOD_NEITHER I/O Control Code		Improper Validation of Specified Index, Position, or Offset in Input	Variant		The product defines an IOCTL that uses METHOD_NEITHER for I/O, but it does not validate or incorrectly validates the addresses that are provided.	
https://cwe.mitre.org/data/definitions/782.html	Exposed IOCTL with Insufficient Access Control		Exposed Dangerous Method or Function	Variant		The product implements an IOCTL with functionality that should be restricted, but it does not properly enforce access control for the IOCTL.	
https://cwe.mitre.org/data/definitions/783.html	Operator Precedence Logic Error		Always-Incorrect Control Flow Implementation	Base		The product uses an expression in which operator precedence causes incorrect logic to be used.	
https://cwe.mitre.org/data/definitions/784.html	Reliance on Cookies without Validation and Integrity Checking in a Security Decision		Reliance on Untrusted Inputs in a Security Decision | Reliance on Cookies without Validation and Integrity Checking	Variant		The product uses a protection mechanism that relies on the existence or values of a cookie, but it does not properly ensure that the cookie is valid for the associated user.	
https://cwe.mitre.org/data/definitions/785.html	Use of Path Manipulation Function without Maximum-sized Buffer		Use of Potentially Dangerous Function | Buffer Copy without Checking Size of Input ('Classic Buffer Overflow')	Variant		The product invokes a function for normalizing paths or file names, but it provides an output buffer that is smaller than the maximum possible size, such as PATH_MAX.	
https://cwe.mitre.org/data/definitions/786.html	Access of Memory Location Before Start of Buffer		Improper Restriction of Operations within the Bounds of a Memory Buffer	Base		The product reads or writes to a buffer using an index or pointer that references a memory location prior to the beginning of the buffer.	
https://cwe.mitre.org/data/definitions/787.html	Out-of-bounds Write	Memory Corruption	Improper Restriction of Operations within the Bounds of a Memory Buffer	Base		The product writes data past the end, or before the beginning, of the intended buffer.	
https://cwe.mitre.org/data/definitions/788.html	Access of Memory Location After End of Buffer		Improper Restriction of Operations within the Bounds of a Memory Buffer	Base		The product reads or writes to a buffer using an index or pointer that references a memory location after the end of the buffer.	
https://cwe.mitre.org/data/definitions/789.html	Memory Allocation with Excessive Size Value	Stack Exhaustion	Allocation of Resources Without Limits or Throttling	Variant		The product allocates memory based on an untrusted, large size value, but it does not ensure that the size is within expected limits, allowing arbitrary amounts of memory to be allocated.	
https://cwe.mitre.org/data/definitions/79.html	Improper Neutralization of Input During Web Page Generation ('Cross-site Scripting')	Cross-site Scripting | XSS | HTML Injection | CSS	Improper Neutralization of Special Elements in Output Used by a Downstream Component ('Injection')	Base		The product does not neutralize or incorrectly neutralizes user-controllable input before it is placed in output that is used as a web page that is served to other users.	
https://cwe.mitre.org/data/definitions/790.html	Improper Filtering of Special Elements		Improper Neutralization of Special Elements	Class		The product receives data from an upstream component, but does not filter or incorrectly filters special elements before sending it to a downstream component.	
https://cwe.mitre.org/data/definitions/791.html	Incomplete Filtering of Special Elements		Improper Filtering of Special Elements	Base		The product receives data from an upstream component, but does not completely filter special elements before sending it to a downstream component.	
https://cwe.mitre.org/data/definitions/792.html	Incomplete Filtering of One or More Instances of Special Elements		Incomplete Filtering of Special Elements	Variant		The product receives data from an upstream component, but does not completely filter one or more instances of special elements before sending it to a downstream component.	
https://cwe.mitre.org/data/definitions/793.html	Only Filtering One Instance of a Special Element		Incomplete Filtering of One or More Instances of Special Elements	Variant		The product receives data from an upstream component, but only filters a single instance of a special element before sending it to a downstream component.	
https://cwe.mitre.org/data/definitions/794.html	Incomplete Filtering of Multiple Instances of Special Elements		Incomplete Filtering of One or More Instances of Special Elements	Variant		The product receives data from an upstream component, but does not filter all instances of a special element before sending it to a downstream component.	
https://cwe.mitre.org/data/definitions/795.html	Only Filtering Special Elements at a Specified Location		Incomplete Filtering of Special Elements	Base		The product receives data from an upstream component, but only accounts for special elements at a specified location, thereby missing remaining special elements that may exist before sending it to a downstream component.	
https://cwe.mitre.org/data/definitions/796.html	Only Filtering Special Elements Relative to a Marker		Only Filtering Special Elements at a Specified Location	Variant		The product receives data from an upstream component, but only accounts for special elements positioned relative to a marker (e.g. "at the beginning/end of a string; the second argument"), thereby missing remaining special elements that may exist before sending it to a downstream component.	
https://cwe.mitre.org/data/definitions/797.html	Only Filtering Special Elements at an Absolute Position		Only Filtering Special Elements at a Specified Location	Variant		The product receives data from an upstream component, but only accounts for special elements at an absolute position (e.g. "byte number 10"), thereby missing remaining special elements that may exist before sending it to a downstream component.	
https://cwe.mitre.org/data/definitions/798.html	Use of Hard-coded Credentials		Use of Weak Credentials | Use of Invariant Value in Dynamically Changing Context | Lack of Administrator Control over Security	Base		The product contains hard-coded credentials, such as a password or cryptographic key, which it uses for its own inbound authentication, outbound communication to external components, or encryption of internal data.	
https://cwe.mitre.org/data/definitions/799.html	Improper Control of Interaction Frequency	Insufficient anti-automation | Brute force	Insufficient Control Flow Management	Class		The product does not properly limit the number or frequency of interactions that it has with an actor, such as the number of incoming requests.	
https://cwe.mitre.org/data/definitions/8.html	J2EE Misconfiguration: Entity Bean Declared Remote		Exposure of Resource to Wrong Sphere	Variant		When an application exposes a remote interface for an entity bean, it might also expose methods that get or set the bean's data. These methods could be leveraged to read sensitive information, or to change data in ways that violate the application's expectations, potentially leading to other vulnerabilities.	
https://cwe.mitre.org/data/definitions/80.html	Improper Neutralization of Script-Related HTML Tags in a Web Page (Basic XSS)		Improper Neutralization of Input During Web Page Generation ('Cross-site Scripting')	Variant		The product receives input from an upstream component, but it does not neutralize or incorrectly neutralizes special characters such as "<", ">", and "&" that could be interpreted as web-scripting elements when they are sent to a downstream component that processes web pages.	
https://cwe.mitre.org/data/definitions/804.html	Guessable CAPTCHA		Incorrect Authorization | Weak Authentication	Base		The product uses a CAPTCHA challenge, but the challenge can be guessed or automatically recognized by a non-human actor.	
https://cwe.mitre.org/data/definitions/805.html	Buffer Access with Incorrect Length Value		Improper Restriction of Operations within the Bounds of a Memory Buffer	Base		The product uses a sequential operation to read or write a buffer, but it uses an incorrect length value that causes it to access memory that is outside of the bounds of the buffer.	
https://cwe.mitre.org/data/definitions/806.html	Buffer Access Using Size of Source Buffer		Buffer Access with Incorrect Length Value	Variant		The product uses the size of a source buffer when reading from or writing to a destination buffer, which may cause it to access memory that is outside of the bounds of the buffer.	
https://cwe.mitre.org/data/definitions/807.html	Reliance on Untrusted Inputs in a Security Decision		Protection Mechanism Failure	Base		The product uses a protection mechanism that relies on the existence or values of an input, but the input can be modified by an untrusted actor in a way that bypasses the protection mechanism.	
https://cwe.mitre.org/data/definitions/81.html	Improper Neutralization of Script in an Error Message Web Page		Improper Neutralization of Input During Web Page Generation ('Cross-site Scripting')	Variant		The product receives input from an upstream component, but it does not neutralize or incorrectly neutralizes special characters that could be interpreted as web-scripting elements when they are sent to an error page.	
https://cwe.mitre.org/data/definitions/82.html	Improper Neutralization of Script in Attributes of IMG Tags in a Web Page		Improper Neutralization of Script in Attributes in a Web Page	Variant		The web application does not neutralize or incorrectly neutralizes scripting elements within attributes of HTML IMG tags, such as the src attribute.	
https://cwe.mitre.org/data/definitions/820.html	Missing Synchronization		Improper Synchronization	Base		The product utilizes a shared resource in a concurrent manner but does not attempt to synchronize access to the resource.	
https://cwe.mitre.org/data/definitions/821.html	Incorrect Synchronization		Improper Synchronization	Base		The product utilizes a shared resource in a concurrent manner, but it does not correctly synchronize access to the resource.	
https://cwe.mitre.org/data/definitions/822.html	Untrusted Pointer Dereference		Improper Restriction of Operations within the Bounds of a Memory Buffer	Base		The product obtains a value from an untrusted source, converts this value to a pointer, and dereferences the resulting pointer.	
https://cwe.mitre.org/data/definitions/823.html	Use of Out-of-range Pointer Offset	Untrusted pointer offset	Improper Restriction of Operations within the Bounds of a Memory Buffer	Base		The product performs pointer arithmetic on a valid pointer, but it uses an offset that can point outside of the intended range of valid memory locations for the resulting pointer.	
https://cwe.mitre.org/data/definitions/824.html	Access of Uninitialized Pointer		Improper Restriction of Operations within the Bounds of a Memory Buffer	Base		The product accesses or uses a pointer that has not been initialized.	
https://cwe.mitre.org/data/definitions/825.html	Expired Pointer Dereference	Dangling pointer	Improper Restriction of Operations within the Bounds of a Memory Buffer | Operation on a Resource after Expiration or Release	Base		The product dereferences a pointer that contains a location for memory that was previously valid, but is no longer valid.	
https://cwe.mitre.org/data/definitions/826.html	Premature Release of Resource During Expected Lifetime		Operation on Resource in Wrong Phase of Lifetime	Base		The product releases a resource that is still intended to be used by itself or another actor.	
https://cwe.mitre.org/data/definitions/827.html	Improper Control of Document Type Definition		Use of Incorrectly-Resolved Name or Reference | Inclusion of Functionality from Untrusted Control Sphere	Variant		The product does not restrict a reference to a Document Type Definition (DTD) to the intended control sphere. This might allow attackers to reference arbitrary DTDs, possibly causing the product to expose files, consume excessive system resources, or execute arbitrary http requests on behalf of the attacker.	
https://cwe.mitre.org/data/definitions/828.html	Signal Handler with Functionality that is not Asynchronous-Safe		Signal Handler Race Condition	Variant		The product defines a signal handler that contains code sequences that are not asynchronous-safe, i.e., the functionality is not reentrant, or it can be interrupted.	
https://cwe.mitre.org/data/definitions/829.html	Inclusion of Functionality from Untrusted Control Sphere		Incorrect Resource Transfer Between Spheres	Base		The product imports, requires, or includes executable functionality (such as a library) from a source that is outside of the intended control sphere.	
https://cwe.mitre.org/data/definitions/83.html	Improper Neutralization of Script in Attributes in a Web Page		Improper Neutralization of Input During Web Page Generation ('Cross-site Scripting')	Variant		The product does not neutralize or incorrectly neutralizes "javascript:" or other URIs from dangerous attributes within tags, such as onmouseover, onload, onerror, or style.	
https://cwe.mitre.org/data/definitions/830.html	Inclusion of Web Functionality from an Untrusted Source		Inclusion of Functionality from Untrusted Control Sphere	Variant		The product includes web functionality (such as a web widget) from another domain, which causes it to operate within the domain of the product, potentially granting total access and control of the product to the untrusted source.	
https://cwe.mitre.org/data/definitions/831.html	Signal Handler Function Associated with Multiple Signals		Signal Handler Race Condition	Variant		The product defines a function that is used as a handler for more than one signal.	
https://cwe.mitre.org/data/definitions/832.html	Unlock of a Resource that is not Locked		Improper Locking	Base		The product attempts to unlock a resource that is not locked.	
https://cwe.mitre.org/data/definitions/833.html	Deadlock		Improper Locking	Base		The product contains multiple threads or executable segments that are waiting for each other to release a necessary lock, resulting in deadlock.	
https://cwe.mitre.org/data/definitions/834.html	Excessive Iteration		Insufficient Control Flow Management	Class		The product performs an iteration or loop without sufficiently limiting the number of times that the loop is executed.	
https://cwe.mitre.org/data/definitions/835.html	Loop with Unreachable Exit Condition ('Infinite Loop')	Infinite Loop	Excessive Iteration	Base		The product contains an iteration or loop with an exit condition that cannot be reached, i.e., an infinite loop.	
https://cwe.mitre.org/data/definitions/836.html	Use of Password Hash Instead of Password for Authentication		Weak Authentication	Base		The product records password hashes in a data store, receives a hash of a password from a client, and compares the supplied hash to the hash obtained from the data store.	
https://cwe.mitre.org/data/definitions/837.html	Improper Enforcement of a Single, Unique Action		Improper Control of Interaction Frequency	Base		The product requires that an actor should only be able to perform an action once, or to have only one unique action, but the product does not enforce or improperly enforces this restriction.	
https://cwe.mitre.org/data/definitions/838.html	Inappropriate Encoding for Output Context		Improper Encoding or Escaping of Output	Base		The product uses or specifies an encoding when generating output to a downstream component, but the specified encoding is not the same as the encoding that is expected by the downstream component.	
https://cwe.mitre.org/data/definitions/839.html	Numeric Range Comparison Without Minimum Check	Signed comparison	Incomplete Comparison with Missing Factors	Base		The product checks a value to ensure that it is less than or equal to a maximum, but it does not also verify that the value is greater than or equal to the minimum.	
https://cwe.mitre.org/data/definitions/84.html	Improper Neutralization of Encoded URI Schemes in a Web Page		Improper Neutralization of Input During Web Page Generation ('Cross-site Scripting')	Variant		The web application improperly neutralizes user-controlled input for executable script disguised with URI encodings.	
https://cwe.mitre.org/data/definitions/841.html	Improper Enforcement of Behavioral Workflow		Insufficient Control Flow Management	Base		The product supports a session in which more than one behavior must be performed by an actor, but it does not properly ensure that the actor performs the behaviors in the required sequence.	
https://cwe.mitre.org/data/definitions/842.html	Placement of User into Incorrect Group		Incorrect User Management	Base		The product or the administrator places a user into an incorrect group.	
https://cwe.mitre.org/data/definitions/843.html	Access of Resource Using Incompatible Type ('Type Confusion')	Type Confusion | Object Type Confusion	Incorrect Type Conversion or Cast	Base		The product allocates or initializes a resource such as a pointer, object, or variable using one type, but it later accesses that resource using a type that is incompatible with the original type.	
https://cwe.mitre.org/data/definitions/85.html	Doubled Character XSS Manipulations		Improper Neutralization of Input During Web Page Generation ('Cross-site Scripting')	Variant		The web application does not filter user-controlled input for executable script disguised using doubling of the involved characters.	
https://cwe.mitre.org/data/definitions/86.html	Improper Neutralization of Invalid Characters in Identifiers in Web Pages		Improper Neutralization of Input During Web Page Generation ('Cross-site Scripting') | Interpretation Conflict	Variant		The product does not neutralize or incorrectly neutralizes invalid characters or byte sequences in the middle of tag names, URI schemes, and other identifiers.	
https://cwe.mitre.org/data/definitions/862.html	Missing Authorization	AuthZ	Improper Authorization	Class		The product does not perform an authorization check when an actor attempts to access a resource or perform an action.	
https://cwe.mitre.org/data/definitions/863.html	Incorrect Authorization	AuthZ	Improper Authorization	Class		The product performs an authorization check when an actor attempts to access a resource or perform an action, but it does not correctly perform the check. This allows attackers to bypass intended access restrictions.	
https://cwe.mitre.org/data/definitions/87.html	Improper Neutralization of Alternate XSS Syntax		Improper Neutralization of Input During Web Page Generation ('Cross-site Scripting')	Variant		The product does not neutralize or incorrectly neutralizes user-controlled input for alternate script syntax.	
https://cwe.mitre.org/data/definitions/88.html	Improper Neutralization of Argument Delimiters in a Command ('Argument Injection')	Argument Injection	Improper Neutralization of Special Elements used in a Command ('Command Injection')	Base		The product constructs a string for a command to be executed by a separate component in another control sphere, but it does not properly delimit the intended arguments, options, or switches within that command string.	
https://cwe.mitre.org/data/definitions/89.html	Improper Neutralization of Special Elements used in an SQL Command ('SQL Injection')	SQL Injection	Improper Neutralization of Special Elements in Data Query Logic	Base		The product constructs all or part of an SQL command using externally-influenced input from an upstream component, but it does not neutralize or incorrectly neutralizes special elements that could modify the intended SQL command when it is sent to a downstream component.	
https://cwe.mitre.org/data/definitions/9.html	J2EE Misconfiguration: Weak Access Permissions for EJB Methods		Incorrect Privilege Assignment	Variant		If elevated access rights are assigned to EJB methods, then an attacker can take advantage of the permissions to exploit the product.	
https://cwe.mitre.org/data/definitions/90.html	Improper Neutralization of Special Elements used in an LDAP Query ('LDAP Injection')	LDAP Injection	Improper Neutralization of Special Elements in Data Query Logic	Base		The product constructs all or part of an LDAP query using externally-influenced input from an upstream component, but it does not neutralize or incorrectly neutralizes special elements that could modify the intended LDAP query when it is sent to a downstream component.	
https://cwe.mitre.org/data/definitions/908.html	Use of Uninitialized Resource		Improper Initialization	Base		The product uses or accesses a resource that has not been initialized.	
https://cwe.mitre.org/data/definitions/909.html	Missing Initialization of Resource		Improper Initialization	Class		The product does not initialize a critical resource.	
https://cwe.mitre.org/data/definitions/91.html	XML Injection (aka Blind XPath Injection)		Improper Neutralization of Special Elements in Output Used by a Downstream Component ('Injection')	Base		The product does not properly neutralize special elements that are used in XML, allowing attackers to modify the syntax, content, or commands of the XML before it is processed by an end system.	
https://cwe.mitre.org/data/definitions/910.html	Use of Expired File Descriptor	Stale file descriptor	Operation on a Resource after Expiration or Release	Base		The product uses or accesses a file descriptor after it has been closed.	
https://cwe.mitre.org/data/definitions/911.html	Improper Update of Reference Count		Improper Control of a Resource Through its Lifetime	Base		The product uses a reference count to manage a resource, but it does not update or incorrectly updates the reference count.	
https://cwe.mitre.org/data/definitions/912.html	Hidden Functionality		Incorrect Provision of Specified Functionality	Class		The product contains functionality that is not documented, not part of the specification, and not accessible through an interface or command sequence that is obvious to the product's users or administrators.	
https://cwe.mitre.org/data/definitions/913.html	Improper Control of Dynamically-Managed Code Resources		Improper Control of a Resource Through its Lifetime	Class		The product does not properly restrict reading from or writing to dynamically-managed code resources such as variables, objects, classes, attributes, functions, or executable instructions or statements.	
https://cwe.mitre.org/data/definitions/914.html	Improper Control of Dynamically-Identified Variables		Improper Control of Resource Identifiers ('Resource Injection') | Improper Control of Dynamically-Managed Code Resources	Base		The product does not properly restrict reading from or writing to dynamically-identified variables.	
https://cwe.mitre.org/data/definitions/915.html	Improperly Controlled Modification of Dynamically-Determined Object Attributes	Mass Assignment | AutoBinding | PHP Object Injection	Improper Control of Dynamically-Managed Code Resources	Base		The product receives input from an upstream component that specifies multiple attributes, properties, or fields that are to be initialized or updated in an object, but it does not properly control which attributes can be modified.	
https://cwe.mitre.org/data/definitions/916.html	Use of Password Hash With Insufficient Computational Effort		Use of Weak Hash	Base		The product generates a hash for a password, but it uses a scheme that does not provide a sufficient level of computational effort that would make password cracking attacks infeasible or expensive.	
https://cwe.mitre.org/data/definitions/917.html	Improper Neutralization of Special Elements used in an Expression Language Statement ('Expression Language Injection')	Expression Language Injection | EL Injection	Improper Neutralization of Special Elements used in a Command ('Command Injection')	Base		The product constructs all or part of an expression language (EL) statement in a framework such as a Java Server Page (JSP) using externally-influenced input from an upstream component, but it does not neutralize or incorrectly neutralizes special elements that could modify the intended EL statement before it is executed.	
https://cwe.mitre.org/data/definitions/918.html	Server-Side Request Forgery (SSRF)	XSPA	Unintended Proxy or Intermediary ('Confused Deputy')	Base		The web server receives a URL or similar request from an upstream component and retrieves the contents of this URL, but it does not sufficiently ensure that the request is being sent to the expected destination.	
https://cwe.mitre.org/data/definitions/92.html	DEPRECATED: Improper Sanitization of Custom Special Characters			Base		This entry has been deprecated. It originally came from PLOVER, which sometimes defined "other" and "miscellaneous" categories in order to satisfy exhaustiveness requirements for taxonomies. Within the context of CWE, the use of a more abstract entry is preferred in mapping situations. CWE-75 is a more appropriate mapping.	
https://cwe.mitre.org/data/definitions/920.html	Improper Restriction of Power Consumption		Uncontrolled Resource Consumption	Base		The product operates in an environment in which power is a limited resource that cannot be automatically replenished, but the product does not properly restrict the amount of power that its operation consumes.	
https://cwe.mitre.org/data/definitions/921.html	Storage of Sensitive Data in a Mechanism without Access Control		Insecure Storage of Sensitive Information	Base		The product stores sensitive information in a file system or device that does not have built-in access control.	
https://cwe.mitre.org/data/definitions/922.html	Insecure Storage of Sensitive Information		Improper Control of a Resource Through its Lifetime	Class		The product stores sensitive information without properly limiting read or write access by unauthorized actors.	
https://cwe.mitre.org/data/definitions/923.html	Improper Restriction of Communication Channel to Intended Endpoints		Improper Access Control	Class		The product establishes a communication channel to (or from) an endpoint for privileged or protected operations, but it does not properly ensure that it is communicating with the correct endpoint.	
https://cwe.mitre.org/data/definitions/924.html	Improper Enforcement of Message Integrity During Transmission in a Communication Channel		Insufficient Verification of Data Authenticity	Base		The product establishes a communication channel with an endpoint and receives a message from that endpoint, but it does not sufficiently ensure that the message was not modified during transmission.	
https://cwe.mitre.org/data/definitions/925.html	Improper Verification of Intent by Broadcast Receiver	Intent Spoofing	Improper Verification of Source of a Communication Channel	Variant		The Android application uses a Broadcast Receiver that receives an Intent but does not properly verify that the Intent came from an authorized source.	
https://cwe.mitre.org/data/definitions/926.html	Improper Export of Android Application Components		Improper Authorization	Variant		The Android application exports a component for use by other applications, but does not properly restrict which applications can launch the component or access the data it contains.	
https://cwe.mitre.org/data/definitions/927.html	Use of Implicit Intent for Sensitive Communication		Improper Authorization | Exposure of Resource to Wrong Sphere	Variant		The Android application uses an implicit intent for transmitting sensitive data to other applications.	
https://cwe.mitre.org/data/definitions/93.html	Improper Neutralization of CRLF Sequences ('CRLF Injection')	CRLF Injection	Improper Neutralization of Special Elements in Output Used by a Downstream Component ('Injection')	Base		The product uses CRLF (carriage return line feeds) as a special element, e.g. to separate lines or records, but it does not neutralize or incorrectly neutralizes CRLF sequences from inputs.	
https://cwe.mitre.org/data/definitions/939.html	Improper Authorization in Handler for Custom URL Scheme		Missing Authorization	Base		The product uses a handler for a custom URL scheme, but it does not properly restrict which actors can invoke the handler using the scheme.	
https://cwe.mitre.org/data/definitions/94.html	Improper Control of Generation of Code ('Code Injection')	Code Injection	Improper Neutralization of Special Elements in Output Used by a Downstream Component ('Injection') | Improper Control of Dynamically-Managed Code Resources	Base		The product constructs all or part of a code segment using externally-influenced input from an upstream component, but it does not neutralize or incorrectly neutralizes special elements that could modify the syntax or behavior of the intended code segment.	
https://cwe.mitre.org/data/definitions/940.html	Improper Verification of Source of a Communication Channel		Improper Restriction of Communication Channel to Intended Endpoints | Origin Validation Error	Base		The product establishes a communication channel to handle an incoming request that has been initiated by an actor, but it does not properly verify that the request is coming from the expected origin.	
https://cwe.mitre.org/data/definitions/941.html	Incorrectly Specified Destination in a Communication Channel		Improper Restriction of Communication Channel to Intended Endpoints	Base		The product creates a communication channel to initiate an outgoing request to an actor, but it does not correctly specify the intended destination for that actor.	
https://cwe.mitre.org/data/definitions/942.html	Permissive Cross-domain Policy with Untrusted Domains		Incorrect Authorization | Improper Restriction of Communication Channel to Intended Endpoints | Permissive List of Allowed Inputs	Variant		The product uses a cross-domain policy file that includes domains that should not be trusted.	
https://cwe.mitre.org/data/definitions/943.html	Improper Neutralization of Special Elements in Data Query Logic		Improper Neutralization of Special Elements in Output Used by a Downstream Component ('Injection')	Class		The product generates a query intended to access or manipulate data in a data store such as a database, but it does not neutralize or incorrectly neutralizes special elements that can modify the intended logic of the query.	
https://cwe.mitre.org/data/definitions/95.html	Improper Neutralization of Directives in Dynamically Evaluated Code ('Eval Injection')	Eval Injection	Improper Control of Generation of Code ('Code Injection')	Variant		The product receives input from an upstream component, but it does not neutralize or incorrectly neutralizes code syntax before using the input in a dynamic evaluation call (e.g. "eval").	
https://cwe.mitre.org/data/definitions/96.html	Improper Neutralization of Directives in Statically Saved Code ('Static Code Injection')	Static Code Injection	Improper Control of Generation of Code ('Code Injection')	Base		The product receives input from an upstream component, but it does not neutralize or incorrectly neutralizes code syntax before inserting the input into an executable resource, such as a library, configuration file, or template.	
https://cwe.mitre.org/data/definitions/97.html	Improper Neutralization of Server-Side Includes (SSI) Within a Web Page		Improper Neutralization of Directives in Statically Saved Code ('Static Code Injection')	Variant		The product generates a web page, but does not neutralize or incorrectly neutralizes user-controllable input that could be interpreted as a server-side include (SSI) directive.	
https://cwe.mitre.org/data/definitions/98.html	Improper Control of Filename for Include/Require Statement in PHP Program ('PHP Remote File Inclusion')	PHP Remote File Inclusion | Remote file include | RFI | Local file inclusion	Use of Incorrectly-Resolved Name or Reference | Inclusion of Functionality from Untrusted Control Sphere	Variant		The PHP application receives input from an upstream component, but it does not restrict or incorrectly restricts the input before its usage in "require," "include," or similar functions.	
https://cwe.mitre.org/data/definitions/99.html	Improper Control of Resource Identifiers ('Resource Injection')	Resource Injection | Insecure Direct Object Reference	Improper Neutralization of Special Elements in Output Used by a Downstream Component ('Injection')	Class		The product receives input from an upstream component, but it does not restrict or incorrectly restricts the input before it is used as an identifier for a resource that may be outside the intended sphere of control.	
