# The Financial Industry Business Ontology, as the terms a program working in finance
# actually writes. Like olia-terms.tsv this vocabulary is meant to be matched, and unlike it
# most of these terms are phrases: 89% of FIBO's labels are more than one word — interest
# rate swap, asset backed security, credit default swap. That is why it is bundled. A
# one-word term is what a repository outside the domain hits by accident, and a phrase is
# what it does not, so a vocabulary of phrases is the arm that can show a domain reading
# firing where its publisher's field is and staying silent everywhere else.
#
# Columns: concept, prefLabel, altLabel, broader, kind, module, definition, note.
# prefLabel is the class's own URI fragment, which is already an identifier a trading system
# writes. altLabel pools rdfs:label, cmns-av:synonym and cmns-av:abbreviation — each one a
# published statement of what else the concept is called, never a synonym borrowed from a
# dictionary that knows nothing about finance — and drops a label that says only what the
# identifier already says. definition is skos:definition. note pools cmns-av:adaptedFrom,
# which names the standard or statute a definition was taken from, then
# cmns-av:explanatoryNote, skos:note and skos:example. Where a property is stated more than
# once the statements are joined with " | " in the order the publisher wrote them.
#
# NOT CARRIED, and said outright rather than left to be noticed: owl:disjointWith,
# owl:equivalentClass and rdfs:seeAlso. Each states a relation between two concepts rather
# than something about one, and a shape with one row per concept has no column that could
# hold them without inventing a meaning for it. broader is the one relation this shape does
# carry, and it is dropped where the superclass belongs to an ontology this file does not
# itself carry — a roll-up must not climb to a concept nothing here can answer for.
#
# Which ontologies: FIBO publishes no merged document, so something has to decide what the
# vocabulary is. FIBO decides. AboutFIBOProd-TBoxOnly.rdf exists, in its own words, to load
# "the latest FIBO production ontologies, excluding reference data and examples", and names
# each by owl:imports. Named and read at this revision: 106.
# Walking a directory instead would make this project's own selection the corpus.
#
# Source: the FIBO repository at https://github.com/edmcouncil/fibo/tree/119fa8c091aa4beece7d22aefa6fe138021a4355.
#   The manifest is pinned by the blob id that revision holds. The ontologies it names are
#   pinned together by a SHA-256 over each one's own git blob id, recorded at extraction:
#   4799041cdc99a1d970e4f6a6285bd17d981ef71e51e1e156017158957271748f.
#   That digest is OURS and not the publisher's — FIBO states no checksum over the set — so
#   it says the members have not moved since this file was written, not that the publisher
#   vouches for them. The revision above is the publisher's own content address and does.
# Licence: MIT, stated by the manifest itself in dct:license and by the repository's own
#   LICENSE file. Copyright (c) 2018-2026 EDM Association dba EDM Council, Inc. and
#   Copyright (c) 2018-2025 Object Management Group, Inc. Permission is granted free of
#   charge to any person obtaining a copy to deal in the software without restriction,
#   including the rights to use, copy, modify, merge, publish, distribute, sublicense and
#   sell copies, subject to the copyright notice and this permission notice being included.
#   The software is provided as is, without warranty of any kind.
# Generated by FiboTermsExtraction: 1833 concepts.
https://spec.edmcouncil.org/fibo/ontology/BE/FunctionalEntities/FunctionalEntities/Association	Association		NotForProfitOrganization	class	BE	not-for-profit organization that is owned by and acts on behalf of its members	Associations include trade or business associations, industry sector-specific groups, and professional associations, among others. They also commonly include cooperative farms and markets.
https://spec.edmcouncil.org/fibo/ontology/BE/FunctionalEntities/FunctionalEntities/CooperativeSociety	CooperativeSociety	cooperative	FunctionalBusinessEntity	class	BE	organization owned by and operated for the benefit of those using its services	In agriculture, there are broadly three types of cooperatives: a machinery pool, a manufacturing/marketing cooperative, and a credit union
https://spec.edmcouncil.org/fibo/ontology/BE/FunctionalEntities/FunctionalEntities/FamilyOffice	FamilyOffice		FunctionalBusinessEntity	class	BE	organization that assumes the day-to-day administration and management of a family's affairs	Family offices are often privately held companies set up to handle investment and wealth management for wealthy families.
https://spec.edmcouncil.org/fibo/ontology/BE/FunctionalEntities/FunctionalEntities/FunctionalBusinessEntity	FunctionalBusinessEntity		FunctionalEntity	class	BE	functional entity defined in terms of the nature of the commercial activity it conducts	
https://spec.edmcouncil.org/fibo/ontology/BE/FunctionalEntities/FunctionalEntities/FunctionalEntity	FunctionalEntity			class	BE	party defined in terms of a function they or it performs	
https://spec.edmcouncil.org/fibo/ontology/BE/FunctionalEntities/FunctionalEntities/Merchant	Merchant		FunctionalBusinessEntity	class	BE	party engaged in the purchase and sales of goods produced by others for profit	
https://spec.edmcouncil.org/fibo/ontology/BE/FunctionalEntities/FunctionalEntities/MerchantCategoryCode	MerchantCategoryCode	MCC	IndustrySectorClassifier	class	BE	code used internationally to classify a merchant	ISO 18245:2003 Retail financial services - Merchant category codes | Merchant categories are organized by the type of business, trade or services supplied. Certain category codes including those for very large businesses, such as airlines and some hotel chains, may be delineated to the point of identifying the business. Merchant category codes and/or the descriptions of the service categories are frequently used in credit card and other banking transactions for analysis, transaction classification, such as for use in promotional rewards, and sometimes tax-related purposes. | Values are specified only for those merchant categories that are generally expected to originate retail financial transactions. Criteria for establishing a new category code includes (a) the merchant category is reasonable and substantially different from all other merchant categories currently represented in the list of code values; (b) the merchant category is separate and distinct from all other industries currently represented in the list of code values; (c) the proposal describes a merchant category or industry, and not a process; (d) the minimum annual sales volume of merchants included in the merchant category, taken as a whole, is USD 10 million; and (e) sufficient justification for the addition of a new code value is found.
https://spec.edmcouncil.org/fibo/ontology/BE/FunctionalEntities/FunctionalEntities/MerchantCategoryCodeScheme	MerchantCategoryCodeScheme		IndustrySectorClassificationScheme	class	BE	scheme defining a set of codes for classifying merchant services	ISO 18245:2003 Retail financial services - Merchant category codes | ISO 18245 provides a set of merchant category codes that are used internationally. Some countries, regional governments, banks, and other large organizations extend the basic codes with custom additions to fit business needs.
https://spec.edmcouncil.org/fibo/ontology/BE/FunctionalEntities/FunctionalEntities/MerchantIdentifier	MerchantIdentifier			class	BE	unique identifier for a merchant that is used, for example, for transaction interchange purposes	
https://spec.edmcouncil.org/fibo/ontology/BE/FunctionalEntities/FunctionalEntities/Syndicate	Syndicate		Organization	class	BE	temporary, self-organizing group of people, companies, corporations or entities organized as an alliance whose purpose is to transact some specific business, or to pursue or promote a shared interest	A syndicate is a temporary alliance formed by people or businesses to handle a large transaction that would be hard to execute individually. Syndication makes it easy for businesses to pool their resources and share risks. | For example, when a group of investment banks work together to bring a new issue of securities to the market, they form a distributing syndicate. Other types of syndicates are created for underwriting, banking, and insurance.
https://spec.edmcouncil.org/fibo/ontology/BE/FunctionalEntities/FunctionalEntities/SyndicateMember	SyndicateMember	participating member | syndicate participant		class	BE	role of an individual or organization that is a member of an alliance set up to pool resources and share risk with respect to a large transaction	
https://spec.edmcouncil.org/fibo/ontology/BE/FunctionalEntities/Publishers/APIFirstMarketDataProvider	APIFirstMarketDataProvider	API-first market data provider	MarketDataProvider	class	BE	market data provider that delivers financial information primarily through programmatic interfaces, offering real-time or historical data via APIs for automated consumption	
https://spec.edmcouncil.org/fibo/ontology/BE/FunctionalEntities/Publishers/AlternativeDataProvider	AlternativeDataProvider		MarketDataProvider	class	BE	market data provider that supplies non-traditional datasets derived from sources such as web activity, sentiment analysis, geospatial signals, or other alternative information channels	
https://spec.edmcouncil.org/fibo/ontology/BE/FunctionalEntities/Publishers/CryptoDigitalAssetDataProvider	CryptoDigitalAssetDataProvider	crypto and digital-asset data provider	MarketDataProvider	class	BE	market data provider that supplies pricing, reference data, and analytics for digital tokens and crypto-assets	
https://spec.edmcouncil.org/fibo/ontology/BE/FunctionalEntities/Publishers/DerivativesVolatilityDataProvider	DerivativesVolatilityDataProvider	derivatives and volatility data provider	MarketDataProvider	class	BE	market data provider that supplies pricing, implied-volatility surfaces, and analytics for derivatives, including options, futures, and structured products	
https://spec.edmcouncil.org/fibo/ontology/BE/FunctionalEntities/Publishers/ExchangeSourcedDataProvider	ExchangeSourcedDataProvider	exchange-sourced data provider	MarketDataProvider	class	BE	market data provider that distributes financial information originating directly from trading venues, including order-book data, trades, quotes, and venue-specific reference data	
https://spec.edmcouncil.org/fibo/ontology/BE/FunctionalEntities/Publishers/FixedIncomeSpecialistProvider	FixedIncomeSpecialistProvider		MarketDataProvider	class	BE	market data provider that focuses on pricing, reference data, and analytics for fixed-income instruments such as bonds, credit products, and money-market securities	
https://spec.edmcouncil.org/fibo/ontology/BE/FunctionalEntities/Publishers/InstitutionalMarketDataProvider	InstitutionalMarketDataProvider		MarketDataProvider	class	BE	market data provider that supplies multi-asset financial information, analytics, and reference data to financial institutions such as banks, asset managers, and trading firms	Institutional market data providers Offer real-time and historical market data for various asset classes. They ensure data accuracy and compliance with regulatory standards. They typically provide tools for data visualization and analysis to aid decision-making. They may also facilitate access to proprietary research and market insights. Many such firms provide APIs and other options for ease of integration with trading platforms and risk management systems
https://spec.edmcouncil.org/fibo/ontology/BE/FunctionalEntities/Publishers/MarketDataProvider	MarketDataProvider		Publisher	class	BE	publisher that supplies financial information, reference data, analytics, or related datasets used in financial markets	Market data providers include exchanges and independent data vendors, among others. Market valuation and related control and risk processes typically require explicit documentation of the source for a given market rate, such as an interest rate benchmark, exchange rate, stock prices, and so forth.
https://spec.edmcouncil.org/fibo/ontology/BE/FunctionalEntities/Publishers/Publication	Publication			class	BE	document offered for general distribution and usually produced in multiple copies	ISO 5127:2017, Information and documentation - Foundation and vocabulary | A publication can be anything made public by print (such as a newspaper, magazine, pamphlet, letter, telegram, via computer modem or program, or in a poster, brochure or pamphlet), orally, or by broadcast (radio, television).
https://spec.edmcouncil.org/fibo/ontology/BE/FunctionalEntities/Publishers/Publisher	Publisher			class	BE	role of person(s) or organization(s) responsible for the printing or distribution of an item, whether in digital or print (physical) form	ISO 10161-1:2014(en), Information and documentation - Open Systems Interconnection - Interlibrary Loan Application Protocol Specification - Part 1: Protocol specification | Publishers may also include banks, government agencies and the like.
https://spec.edmcouncil.org/fibo/ontology/BE/FunctionalEntities/Publishers/ReferenceDataSpecialistProvider	ReferenceDataSpecialistProvider		MarketDataProvider	class	BE	market data provider that focuses on authoritative reference data, including corporate actions, instrument identifiers, classifications, and entity information aligned with ISO standards	
https://spec.edmcouncil.org/fibo/ontology/BE/GovernmentEntities/GovernmentEntities/BranchOfGovernment	BranchOfGovernment		GovernmentBody	class	BE	division of the government of a state, with separate and independent powers and areas of responsibility so that the powers of one branch are not in conflict with the powers associated with the other branches	https://www.usa.gov/branches-of-government
https://spec.edmcouncil.org/fibo/ontology/BE/GovernmentEntities/GovernmentEntities/DevolvedGovernment	DevolvedGovernment		Government	class	BE	government and the politicians that that run a subnational territory with powers that may be temporary and reversible, ultimately residing with the central government	
https://spec.edmcouncil.org/fibo/ontology/BE/GovernmentEntities/GovernmentEntities/ExecutiveBranch	ExecutiveBranch		BranchOfGovernment	class	BE	the branch of government that is authorized and responsible for the daily administration of the government	https://www.usa.gov/branches-of-government | The executive branch executes and enforces the law.
https://spec.edmcouncil.org/fibo/ontology/BE/GovernmentEntities/GovernmentEntities/FederalGovernment	FederalGovernment		NationalGovernment	class	BE	union of states under a central government distinct from the individual governments of the separate states	A federation is a political entity characterized by a union of partially self-governing states or regions under a central (federal) government. In a federation, the self-governing status of the component states, as well as the division of power between them and the central government, are typically constitutionally entrenched and may not be altered by a unilateral decision of either party, the states or the federal political body.
https://spec.edmcouncil.org/fibo/ontology/BE/GovernmentEntities/GovernmentEntities/FederatedSovereignty	FederatedSovereignty		SovereignState	class	BE	polity characterized by a union of partially self-governing states or regions under a central (federal) government	The federated sovereignty is the legal entity that can incur debt for a federal government, as distinct from the Federal government.
https://spec.edmcouncil.org/fibo/ontology/BE/GovernmentEntities/GovernmentEntities/Government	Government		FunctionalEntity	class	BE	system by which a state or community is controlled	In the Commonwealth of Nations, the word government is also used more narrowly to refer to the collective group of people that exercises executive authority in a state. This usage is analogous to what is called an 'administration' in American English. Furthermore, especially in American English, the concepts of the state and the government may be used synonymously to refer to the person or group of people exercising authority over a politically organized territory.
https://spec.edmcouncil.org/fibo/ontology/BE/GovernmentEntities/GovernmentEntities/GovernmentAgency	GovernmentAgency		GovernmentBody	class	BE	permanent or semi-permanent organization, often an appointed commission, in the machinery of government that is responsible for the oversight and administration of specific functions	There is a notable variety of agency types. Although usage differs, a government agency is normally distinct both from a department or ministry, and other types of public body established by government. The functions of an agency are normally executive in character, since different types of organizations (such as commissions) are most often constituted in an advisory role; this distinction is often blurred in practice however.
https://spec.edmcouncil.org/fibo/ontology/BE/GovernmentEntities/GovernmentEntities/GovernmentAppointee	GovernmentAppointee		GovernmentOfficial	class	BE	individual designated by government decree to lead, or participate in some capacity in a government body	
https://spec.edmcouncil.org/fibo/ontology/BE/GovernmentEntities/GovernmentEntities/GovernmentBody	GovernmentBody		FormalOrganization	class	BE	formal organization that is an agency, instrumentality, or other body of a supranational, national, federal, state, or local government, including certain multijurisdictional agencies and departments that carry out the business of government	Identifying government bodies is a pre-requisite for identifying government officials. This information is needed to help ensure compliance with applicable laws relating to bribery or corruption, including the U.S. Foreign Corrupt Practices Act (FCPA), the UK Bribery Act 2010 (UKBA), the U.S. Bank Bribery Act (Bribery Act), and other anti-bribery and corruption laws in the jurisdictions where financial institutions conduct business.
https://spec.edmcouncil.org/fibo/ontology/BE/GovernmentEntities/GovernmentEntities/GovernmentDepartment	GovernmentDepartment		GovernmentBody	class	BE	specialized organization responsible for a sector of government public administration	
https://spec.edmcouncil.org/fibo/ontology/BE/GovernmentEntities/GovernmentEntities/GovernmentMinister	GovernmentMinister		GovernmentOfficial	class	BE	government official that is an executive, who is either appointed or elected to a high office in the government	Minister of Finance, Secretary of State, Attorney General of California
https://spec.edmcouncil.org/fibo/ontology/BE/GovernmentEntities/GovernmentEntities/GovernmentOfficial	GovernmentOfficial		ResponsibleParty	class	BE	person elected or appointed to administer some aspect of a government	
https://spec.edmcouncil.org/fibo/ontology/BE/GovernmentEntities/GovernmentEntities/Instrumentality	Instrumentality		GovernmentBody	class	BE	organization that serves a public purpose and is closely tied to a government, but is not a government agency	An instrumentality is a non-governmental agency that acts independently but whose obligations are backed by a government because of its role in providing a public service. Many instrumentalities are private companies, and some are chartered directly by government. Instrumentalities are subject to a unique set of laws that shape their activities. Certain organizations, such as Sallie Mae in the United States, may be considered instrumentalities from some perspectives but not others. Sallie Mae's status was changed in 2004, when it was privatized, and since that time it is no longer considered a government-sponsored enterprise (GSE).
https://spec.edmcouncil.org/fibo/ontology/BE/GovernmentEntities/GovernmentEntities/Judiciary	Judiciary		BranchOfGovernment	class	BE	branch of government that comprises the system of courts that interprets and applies the law in the name of the supranational, national, federal, or regional government, depending on its jurisdiction	The judiciary also provides a mechanism for the resolution of disputes. Under the doctrine of the separation of powers, the judiciary generally does not make law (that is, in a plenary fashion, which is the responsibility of the legislature) or enforce law (which is the responsibility of the executive), but rather interprets law and applies it to the facts of each case.
https://spec.edmcouncil.org/fibo/ontology/BE/GovernmentEntities/GovernmentEntities/Legislature	Legislature		BranchOfGovernment	class	BE	the law-making body of a political unit, usually a national government, that has power to enact, amend, and repeal public policy	Laws enacted by legislatures are known as legislation. Legislatures observe and steer governing actions and usually have exclusive authority to amend the budget or budgets involved in the process.
https://spec.edmcouncil.org/fibo/ontology/BE/GovernmentEntities/GovernmentEntities/MunicipalEntity	MunicipalEntity	municipality	Polity	class	BE	polity that typically represents a city, township, or other administrative subdivision having corporate status and powers of self-government or jurisdiction	Municipal entity in the sense of a legal entity, that is, what it is that incurs debt for a municipality, as distinct from the Municipal government. A municipal entity has a Government which sets laws applicable within the geographical area corresponding to its jurisdiction.
https://spec.edmcouncil.org/fibo/ontology/BE/GovernmentEntities/GovernmentEntities/MunicipalGovernment	MunicipalGovernment		Government	class	BE	regional government of a city, township, or other administrative subdivision	
https://spec.edmcouncil.org/fibo/ontology/BE/GovernmentEntities/GovernmentEntities/NationalGovernment	NationalGovernment		Government	class	BE	government and the politicians that that run a country as a whole (as opposed to local government)	
https://spec.edmcouncil.org/fibo/ontology/BE/GovernmentEntities/GovernmentEntities/Polity	Polity		GovernmentBody	class	BE	legal person that is a supranational entity, crown, state, or subordinate civil authority, such as a province, prefecture, county, municipality, city, or district representing the people of that entity	
https://spec.edmcouncil.org/fibo/ontology/BE/GovernmentEntities/GovernmentEntities/RegionalGovernment	RegionalGovernment	local government	Government	class	BE	administrative body for a geographic area, such as a county, smaller town, or other similar community	A local government will typically only have control over their specific geographical region, and cannot pass or enforce laws that will affect a wider area. Local governments can elect officials, enact taxes, and do many other things that a national government would do, just on a smaller scale.
https://spec.edmcouncil.org/fibo/ontology/BE/GovernmentEntities/GovernmentEntities/RegionalSovereignty	RegionalSovereignty		Polity	class	BE	legal person that corresponds to an administrative division, administrative unit, administrative entity or country subdivision (or, sometimes, geopolitical division or subnational entity), that has the capacity to incur debt, issue contracts, and enter into relations with other similar entities	A country may be divided into provinces, which, in turn, are divided into counties, which, in turn, may be divided in whole or in part into municipalities; and so on.
https://spec.edmcouncil.org/fibo/ontology/BE/GovernmentEntities/GovernmentEntities/SovereignState	SovereignState		Polity	class	BE	non-physical juridical entity that is represented by one centralized government that has sovereignty over a geographic area	A legal entity that is represented by one centralized government, has a permanent population, defined territory, and the capacity to enter into relations with other sovereign states.
https://spec.edmcouncil.org/fibo/ontology/BE/GovernmentEntities/GovernmentEntities/SupranationalEntity	SupranationalEntity		Polity	class	BE	governmental or non-governmental entity that is established by international law or treaty or incorporated at an international level	ISO 20275:2017, Financial services - Entity legal forms (ELF), First Edition, July 2017. | Kiljunen, Kimmo (2004). The European Constitution in the Making. Centre for European Policy Studies. pp. 21-26. ISBN 978-92-9079-493-6 | A supranational union is a supranational polity which lies somewhere between a confederation that is an association of states and a federation that is a state. Unlike states in a federal super-state, member states retain ultimate sovereignty, although some sovereignty is shared with, or ceded to, the supranational body.
https://spec.edmcouncil.org/fibo/ontology/BE/GovernmentEntities/GovernmentEntities/TribalArea	TribalArea			class	BE	designation for geographic region administered by a group of indigenous people rather than by a sovereign state or regional governmental entity	
https://spec.edmcouncil.org/fibo/ontology/BE/GovernmentEntities/GovernmentEntities/TribalEntity	TribalEntity		Polity	class	BE	legal entity that represents fundamental unit of sovereign tribal (indigenous) government	Any indigenous group or community which is recognized as having rights and obligations independent of the central government.
https://spec.edmcouncil.org/fibo/ontology/BE/GovernmentEntities/GovernmentEntities/TribalGovernment	TribalGovernment		Government	class	BE	government representing a group of indigenous people that has legal authority to govern those people, including authority to legislate the existence of tribal entities	
https://spec.edmcouncil.org/fibo/ontology/BE/LegalEntities/CorporateBodies/BenefitCorporation	BenefitCorporation		NotForProfitCorporation	class	BE	not-for-profit corporation set up under specific state legislation, typically to provide some social benefit, without an obligation to maximize shareholder return	This is a US-specific type of non-profit corporation defined in recent legislation in a number of states. In California, for example, benefit corporations may be defined as public benefit or mutual benefit corporations, depending on their purpose.
https://spec.edmcouncil.org/fibo/ontology/BE/LegalEntities/CorporateBodies/BoardAgreement	BoardAgreement		OrganizationCoveringAgreement	class	BE	formal, legally binding agreement between members of the Board of Directors of the organization	
https://spec.edmcouncil.org/fibo/ontology/BE/LegalEntities/CorporateBodies/CommonInterestDevelopmentCorporation	CommonInterestDevelopmentCorporation		NotForProfitCorporation	class	BE	not-for-profit corporation set up under specific state legislation as a business entity for homeowners' associations	A common interest development is typically a type of housing, composed of individually owned units, such as condominiums, townhouses, or single-family homes, that share ownership of common areas, such as swimming pools, landscaping, and parking. Common interest developments (also known as community interest developments or CIDs) are managed by homeowners' associations. | http://www.dre.ca.gov/files/pdf/re39.pdf
https://spec.edmcouncil.org/fibo/ontology/BE/LegalEntities/CorporateBodies/Corporation	Corporation	body corporate	LegalEntity	class	BE	formal organization that is a legal entity (artificial person) distinct from its owners, created under the jurisdiction of the laws of a state or nation	A corporation has three distinguishing characteristics: (1) separation of ownership from management and general liability, i.e., its liability to creditors is limited to its resources, unlike some partnerships and sole proprietorships, (2) the ability to negotiate contracts and own property, and (3) transferable ownership, irrespective of changes in membership or the lifetimes of its stockholders. | A corporation is managed by or under the direction of a board of directors, which generally determines corporate policy. Officers manage the day-to-day affairs of the corporation.
https://spec.edmcouncil.org/fibo/ontology/BE/LegalEntities/CorporateBodies/ForProfitCorporation	ForProfitCorporation		Corporation	class	BE	corporation whose objective is to make money, i.e., to ensure realization of a financial benefit such that the amount of revenue gained from a business activity exceeds the expenses, costs and taxes needed to sustain that activity	
https://spec.edmcouncil.org/fibo/ontology/BE/LegalEntities/CorporateBodies/IncorporationGuarantee	IncorporationGuarantee		Constitution	class	BE	guarantee that is part of the financial basis by which some legal entity is incorporated	
https://spec.edmcouncil.org/fibo/ontology/BE/LegalEntities/CorporateBodies/InstrumentOfIncorporation	InstrumentOfIncorporation		Constitution	class	BE	memorandum and articles of association by which some legal entity is established	This may be the issuance of shares, the existence of some agreement, guaranties and so on.
https://spec.edmcouncil.org/fibo/ontology/BE/LegalEntities/CorporateBodies/JointStockCompany	JointStockCompany		BusinessEntity	class	BE	for-profit, unincorporated business that has some characteristics of a corporation and some features of a partnership, with ownership interests represented by shares of stock	1. In the UK, the original (17th century) name for a corporation in which the liability of the owners is limited to the nominal value of the stock (shares) held by them. 2. In the US, a joint stock company is similar to a corporation, but with unlimited liability for the shareholders. Investors in a US joint stock company receive stock (shares) which can be transferred, and can elect a board of directors, but are jointly-and-severally liable for the company's debts and obligations. A US joint stock company cannot hold title to a real property.
https://spec.edmcouncil.org/fibo/ontology/BE/LegalEntities/CorporateBodies/NotForProfitCorporation	NotForProfitCorporation	not-for-profit corporation | non-profit corporation	Corporation	class	BE	corporation approved by its jurisdictional oversight and tax authorities as operating for educational, charitable, social, religious, civic or humanitarian purposes	A not-for-profit corporation is formed by incorporators, and has a board of directors and officers, but no shareholders. These incorporators, directors and officers may not receive a distribution of (any money from) profits, but officers and management may be paid reasonable salaries for services to the corporation.
https://spec.edmcouncil.org/fibo/ontology/BE/LegalEntities/CorporateBodies/PrivatelyHeldCompany	PrivatelyHeldCompany	closed corporation | privately held corporation	StockCorporation	class	BE	corporation whose issued shares are all held by a family or a small group of investors and, therefore, cannot be bought by the public	For British or Commonwealth companies, a privately held company limited by shares is a type of company incorporated under the laws of England and Wales, Scotland, certain Commonwealth countries and the Republic of Ireland. It has shareholders with limited liability and its shares may not be offered to the general public, unlike those of public limited companies. Limited by shares means that the company has shareholders, and that the liability of the shareholders to creditors of the company is limited to the capital originally invested, i.e. the nominal value of the shares and any premium paid in return for the issue of the shares by the company. A shareholders personal assets are thereby protected in the event of the company's insolvency, but money invested in the company will be lost. A limited company may be private or public. A private limited companys disclosure requirements are lighter, but for this reason its shares may not be offered to the general public (and therefore cannot be traded on a public stock exchange). This is the major distinguishing feature between a private limited company and a public limited company. Most companies, particularly small companies, are private. Private companies limited by shares are required to have the suffix Limited (often written Ltd or Ltd.) or Incorporated (Inc.) as part of their name, though the latter cannot be used in the UK or the Republic of Ireland. In the Republic of Ireland, Teoranta (Teo.) may be used instead, largely by Gaeltacht companies. Cyfyngedig (Cyf.) may be used by Welsh companies in a similar fashion.
https://spec.edmcouncil.org/fibo/ontology/BE/LegalEntities/CorporateBodies/PubliclyHeldCompany	PubliclyHeldCompany		StockCorporation	class	BE	corporation whose shares are traded and held publicly	
https://spec.edmcouncil.org/fibo/ontology/BE/LegalEntities/CorporateBodies/RegistrationIdentifier	RegistrationIdentifier		OrganizationIdentifier	class	BE	identifier that is officially allocated to an organization at the time of registration, typically in a jurisdiction in which said organization is organized or registered and used in that jurisdiction to identify the organization	A registration identifier may be required for official communications and is publicly available. The relationship to the jurisdiction in which the organization is organized or registered is typically required, but is optional here to cover cases where jurisdictions may overlap or are not as clearly defined.
https://spec.edmcouncil.org/fibo/ontology/BE/LegalEntities/CorporateBodies/RegistrationIdentifierScheme	RegistrationIdentifierScheme			class	BE	scheme that defines the registration identifier per the issuing registration authority	
https://spec.edmcouncil.org/fibo/ontology/BE/LegalEntities/CorporateBodies/ReligiousCorporation	ReligiousCorporation		NotForProfitCorporation	class	BE	not-for-profit corporation whose objective is specific to some fundamental set of beliefs and practices generally agreed upon by a number of people, and that is incorporated under the law	Often religious corporations are recognized under the law on a sub-national level, for instance by a state or provincial government. The government agency responsible for regulating such corporations is usually the official holder of records, for instance a state department of corporations.
https://spec.edmcouncil.org/fibo/ontology/BE/LegalEntities/CorporateBodies/StockCorporation	StockCorporation		Corporation	class	BE	corporation that has shareholders, each of whom receives a portion of the ownership of the corporation through shares of stock	https://www.oecd.org/corporate/OECD-Corporate-Governance-Factbook.pdf | The shares in a stock corporation may receive a return on their investment in the form of dividends. Shares are used for voting on matters of corporate policy or to elect directors, at the corporation's annual meeting and at other meetings of the corporation.
https://spec.edmcouncil.org/fibo/ontology/BE/LegalEntities/FormalBusinessOrganizations/Branch	Branch			class	BE	part of a larger organization that might not be co-located with it	
https://spec.edmcouncil.org/fibo/ontology/BE/LegalEntities/FormalBusinessOrganizations/Division	Division			class	BE	part of an organization, such as a line of business, that may have separate accounting and reporting requirements	
https://spec.edmcouncil.org/fibo/ontology/BE/LegalEntities/FormalBusinessOrganizations/JointVenture	JointVenture		LegalEntity	class	BE	legal entity that is formed between parties that pool their resources for the purpose of accomplishing a specific task but otherwise retain their distinct identities	In a joint venture, each of the participants is responsible for profits, losses, and costs associated with it. However, the venture is its own entity, separate from the participants' other business interests.
https://spec.edmcouncil.org/fibo/ontology/BE/LegalEntities/FormalBusinessOrganizations/NonGovernmentalOrganization	NonGovernmentalOrganization	non-governmental organization | NGO	NotForProfitOrganization	class	BE	not-for-profit organization that functions independently of government	NGOs, sometimes called civil societies, are organized on community, national and international levels to serve specific social or political purposes, and are cooperative, rather than commercial, in nature. | Some NGOs avoid formal funding altogether and are run primarily by volunteers. NGOs are highly diverse groups of organizations engaged in a wide range of activities, and take different forms in different parts of the world. Some may have charitable status, while others may be registered for tax exemption based on recognition of social purposes. Others may be fronts for political, religious, or other interests.
https://spec.edmcouncil.org/fibo/ontology/BE/LegalEntities/FormalBusinessOrganizations/NotForProfitOrganization	NotForProfitOrganization	non-profit organization	FormalOrganization	class	BE	organization that uses its surplus revenues to further achieve its purpose rather than distributing its surplus income to the organization's owners (directors, investors, and equivalents) as profit / dividends	In the US, a nonprofit organization is an association that explicitly is not required to pay taxes on its income. Such organizations are qualified for this exemption due to their socially desirable objective (e.g. hospitals, charitable organizations, etc., or because they meet some set of requirements as determined by the US Internal Revenue Service. | The nonprofit landscape is highly varied, although many people have come to associate NPOs with charitable organizations. Although charities do comprise an often high profile or visible aspect of the sector, there are many other types of nonprofits. Overall, they tend to be either member-serving or community-serving. Member-serving organizations include mutual societies, cooperatives, trade unions, credit unions, industry associations, sports clubs, retired serviceman's clubs and other organizations that benefit a particular group of people - the members of the organization. Typically, community-serving organizations are focused on providing services to the community in general, either globally or locally: organizations delivering human services programs or projects, aid and development programs, medical research, education and health services, and so on.
https://spec.edmcouncil.org/fibo/ontology/BE/LegalEntities/FormalBusinessOrganizations/OrganizationCoveringAgreement	OrganizationCoveringAgreement		WrittenContract	class	BE	contract between the principals in a formal organization that specifies the relationship between the principals, and between the principals and the entity	Also covers the aims and purposes of the Entity.
https://spec.edmcouncil.org/fibo/ontology/BE/LegalEntities/FormalBusinessOrganizations/ValueAddedTaxIdentificationNumber	ValueAddedTaxIdentificationNumber	value-added tax identification number | VAT identification number | VAT registration number | VATIN	TaxIdentifier	class	BE	tax identifier that identifies a taxable person (business) or non-taxable legal entity for a consumption tax that is assessed incrementally, levied on the price of a product or service at each stage of production, distribution, and sale to the end consumer	https://ec.europa.eu/taxation_customs/business/vat/eu-vat-rules-topic/vat-identification-numbers_en | If the ultimate consumer is a business that collects and pays to the government VAT on its products or services, it can reclaim the tax paid. Not all localities require VAT to be charged, and exports are often exempt. VAT is usually implemented as a destination-based tax, where the tax rate is based on the location of the consumer and applied to the sales price.
https://spec.edmcouncil.org/fibo/ontology/BE/LegalEntities/LEIEntities/AccountingFramework	AccountingFramework		RelationshipQualifier	class	BE	framework, including policies, methods, rules, and processes, used to measure, recognize, present, and disclose the information appearing in an entity's financial statements, and, from a legal ownership perspective, that is applied for accounting consolidation determination	GLEIF Level 2 Relationship Record (RR) Common Data Format (CDF), see https://www.gleif.org/en/about-lei/common-data-file-format/relationship-record-cdf-format#
https://spec.edmcouncil.org/fibo/ontology/BE/LegalEntities/LEIEntities/ContractuallyCapableEntity	ContractuallyCapableEntity			class	BE	a unique entity that is legally or financially responsible for the performance of financial transactions, or has the legal right in its jurisdiction to enter independently into legal contracts, regardless of whether it is incorporated or constituted in some other way (e.g. trust, partnership, contractual). This excludes natural persons, but includes governmental organizations and supranationals.	ISO 17442
https://spec.edmcouncil.org/fibo/ontology/BE/LegalEntities/LEIEntities/EntityLegalForm	EntityLegalForm			class	BE	a classifier for a legal entity that indicates the nature of that entity as defined from a legal or regulatory perspective, in the jurisdiction in which it was established	https://www.gleif.org/en/about-lei/common-data-file-format/lei-cdf-format/lei-cdf-format-version-2-1 | https://www.iso.org/obp/ui/#iso:std:iso:20275:ed-1:v1:en
https://spec.edmcouncil.org/fibo/ontology/BE/LegalEntities/LEIEntities/EntityLegalFormIdentifier	EntityLegalFormIdentifier			class	BE	code that denotes an entity legal form as defined in ISO 20275	https://www.gleif.org/en/about-lei/code-lists/iso-20275-entity-legal-forms-code-list | https://www.iso.org/obp/ui/#iso:std:iso:20275:ed-1:v1:en
https://spec.edmcouncil.org/fibo/ontology/BE/LegalEntities/LEIEntities/EntityLegalFormScheme	EntityLegalFormScheme		ClassificationScheme	class	BE	scheme that specifies the elements of the codes for entity legal forms, such as those that are sanctioned in a given jurisdiction as defined in ISO 20725	https://www.gleif.org/en/about-lei/code-lists/iso-20275-entity-legal-forms-code-list | https://www.iso.org/obp/ui/#iso:std:iso:20275:ed-1:v1:en
https://spec.edmcouncil.org/fibo/ontology/BE/LegalEntities/LEIEntities/LEIRegisteredEntity	LEIRegisteredEntity		LegalPerson	class	BE	a legal person that has registered for and is identified by a legal entity identifier	Note that the GLEIF data includes multiple LEIs for some entities due to corporate actions or other situations. The duplicates are typically archived after some period of time, but in order to reflect the reality in the data, the restriction is modeled as someValuesFrom rather than exactly 1 LEI for a given entity.
https://spec.edmcouncil.org/fibo/ontology/BE/LegalEntities/LEIEntities/LegalEntityIdentifier	LegalEntityIdentifier		OrganizationIdentifier	class	BE	an organization identifier that uniquely identifies a legal person as defined in ISO 17442	https://www.gleif.org/en/about-lei/common-data-file-format/lei-cdf-format/lei-cdf-format-version-2-1 | https://www.iso.org/standard/59771.html
https://spec.edmcouncil.org/fibo/ontology/BE/LegalEntities/LEIEntities/LegalEntityIdentifierScheme	LegalEntityIdentifierScheme			class	BE	a scheme that specifies the elements of an unambiguous legal entity identifier (LEI) scheme to identify the legal entities relevant to any financial transaction	https://www.gleif.org/en/about-lei/common-data-file-format/lei-cdf-format/lei-cdf-format-version-2-1 | https://www.iso.org/standard/59771.html
https://spec.edmcouncil.org/fibo/ontology/BE/LegalEntities/LEIEntities/RelationshipPeriodQualifier	RelationshipPeriodQualifier			class	BE	a classifier that qualifies something about the reporting period specified, such as that the date period reflects an accounting or document filing period	GLEIF Level 2 Relationship Record (RR) Common Data Format (CDF), see https://www.gleif.org/en/about-lei/common-data-file-format/relationship-record-cdf-format#
https://spec.edmcouncil.org/fibo/ontology/BE/LegalEntities/LEIEntities/RelationshipQualifier	RelationshipQualifier			class	BE	a classifier that qualifies something about the relationship between consolidated entities during the reporting period, such as the accounting framework used	GLEIF Level 2 Relationship Record (RR) Common Data Format (CDF), see https://www.gleif.org/en/about-lei/common-data-file-format/relationship-record-cdf-format#
https://spec.edmcouncil.org/fibo/ontology/BE/LegalEntities/LEIEntities/RelationshipRecord	RelationshipRecord			class	BE	a record describing relationships between legal entities	GLEIF Level 2 Relationship Record (RR) Common Data Format (CDF), see https://www.gleif.org/en/about-lei/common-data-file-format/relationship-record-cdf-format#
https://spec.edmcouncil.org/fibo/ontology/BE/LegalEntities/LEIEntities/RelationshipStatus	RelationshipStatus			class	BE	a classifier that specifies the status of the relationship between consolidated entities during the reporting period (active or inactive)	GLEIF Level 2 Relationship Record (RR) Common Data Format (CDF), see https://www.gleif.org/en/about-lei/common-data-file-format/relationship-record-cdf-format#
https://spec.edmcouncil.org/fibo/ontology/BE/LegalEntities/LegalPersons/BusinessEntity	BusinessEntity		FormalOrganization	class	BE	entity that is formed and administered as per commercial law in order to engage in business activities	There are many types of business entities defined in the legal systems of various countries. These include corporations, cooperatives, partnerships, sole proprietorships, sole traders, limited liability companies, certain trusts and trust companies, and so forth. The rules vary by country and by state or province. Some of the more widely recognized types in the US, UK, and EU are defined in FIBO, by region. However, the regulations governing particular types of entity, even those described as roughly equivalent, differ from jurisdiction to jurisdiction.
https://spec.edmcouncil.org/fibo/ontology/BE/LegalEntities/LegalPersons/BusinessLicense	BusinessLicense		License	class	BE	license that allows the holder to conduct business or carry out a specific profession within some jurisdiction for some period of time	
https://spec.edmcouncil.org/fibo/ontology/BE/LegalEntities/LegalPersons/CharteredLegalPerson	CharteredLegalPerson		LegalEntity	class	BE	a legal person created by a royal charter or decree	In a monarchy or principality, the monarch typically vests the power to create such bodies, in an entity called (for example) the Privy Council. | Anything with 'Royal Institute' in the name. Also universities are generally set up by royal charter in a monarchy or principality, (often pre-dating any Privy Council i.e. directly be the monarch in the case of older universities). The Bank of England and the British Broadcasting Council (BBC) are also incorporated through Royal Charter.
https://spec.edmcouncil.org/fibo/ontology/BE/LegalEntities/LegalPersons/LegallyCompetentNaturalPerson	LegallyCompetentNaturalPerson		Person	class	BE	person who is considered competent, under the circumstances, to enter into a contract, conduct business, or participate in other activities that generally require the mental ability to understand problems and make decisions on his or her own behalf	The definition of mental competence, and potentially of the age of majority, is a function of the situation and law in a given jurisdiction.
https://spec.edmcouncil.org/fibo/ontology/BE/LegalEntities/LegalPersons/NotForProfitObjective	NotForProfitObjective	nonprofit objective	Objective	class	BE	objective that reflects the charitable, educational, religious, humanitarian, public services, or other not for profit goals of an organization	The objective of all business activities is not to earn profits for its owners. All of the money earned by or donated to a not for profit organization is used in pursuing the organization's objectives.
https://spec.edmcouncil.org/fibo/ontology/BE/LegalEntities/LegalPersons/PowerOfAttorney	PowerOfAttorney		LegalCapacity	class	BE	legal authorization given by one party (the principal) to another (the agent or attorney-in-fact) to perform certain acts on the principal's behalf	The appointment can be effective immediately or if the principal is unable to make decisions or perform certain actions on their own. It may be a (1) general power of attorney that authorizes the agent to act generally on behalf of the principal, such as to transfer funds from one account to another, pay debts, make investments, and so forth, or (2) limited to a specific act or situation, such as for management of an individual's finances in a single account, such as a brokerage account, or for management of healthcare. Decisions made and actions taken by an attorney in fact (within the scope of his or her authority) are legally binding on the principal.
https://spec.edmcouncil.org/fibo/ontology/BE/LegalEntities/LegalPersons/ProfitObjective	ProfitObjective	for profit objective | profit motive	BusinessObjective	class	BE	objective that reflects pursuit of a financial benefit that may be realized when the amount of revenue gained from a business activity exceeds the expenses, costs and taxes needed to sustain that activity	Any profit that is gained goes to the business's owners, who may or may not decide to spend it on the business.
https://spec.edmcouncil.org/fibo/ontology/BE/LegalEntities/LegalPersons/PublicPurpose	PublicPurpose	public interest	Objective	class	BE	objective that reflects values generally thought to be shared by and that is intended to benefit the populace as a whole	
https://spec.edmcouncil.org/fibo/ontology/BE/LegalEntities/LegalPersons/ReligiousObjective	ReligiousObjective		NotForProfitObjective	class	BE	not-for-profit objective that reflects the religious goals of an organization	
https://spec.edmcouncil.org/fibo/ontology/BE/LegalEntities/LegalPersons/SpecialPurposeVehicle	SpecialPurposeVehicle	fonds commun de placement | special purpose entity | SPE | SPV	LegalEntity	class	BE	legal entity created to fulfill narrow, specific, and frequently temporary objectives	A special purpose vehicle (SPV), also known as a special purpose entity (SPE), refers to a legal entity, typically a limited company or partnership, created to isolate a parent company from financial risk, including bankruptcy.
https://spec.edmcouncil.org/fibo/ontology/BE/LegalEntities/LegalPersons/StatutoryBody	StatutoryBody		LegalEntity	class	BE	legal entity established by a government to consider evidence and make judgements in some field of activity	
https://spec.edmcouncil.org/fibo/ontology/BE/LegalEntities/LegalPersons/VariableInterestEntity	VariableInterestEntity	shell company | VIE	LegalEntity	class	BE	legal entity whose shareholders are entitled to a percentage of a named company's profits via a private contract	Variable interest entity (VIE) is a term used by the Financial Accounting Standards Board (FASB) to refer to a legal entity with certain characteristics such that a public company with a financial interest in the entity is subject to certain financial reporting requirements. Examples include certain Chinese companies, such as Alibaba, that leverage VIEs to gain access to foreign capital that would otherwise not be available due to Chinese government regulations.
https://spec.edmcouncil.org/fibo/ontology/BE/OwnershipAndControl/ControlParties/ContractualControl	ContractualControl		DeJureControl	class	BE	control established through the terms of some contract	
https://spec.edmcouncil.org/fibo/ontology/BE/OwnershipAndControl/ControlParties/ControlledParty	ControlledParty		ControlledThing	class	BE	person or organization over which some party exercises some form of authority or influence with respect to some situation	
https://spec.edmcouncil.org/fibo/ontology/BE/OwnershipAndControl/ControlParties/ControllingAlliance	ControllingAlliance		Group	class	BE	group that has formed some alliance to jointly exercise control over some entity	
https://spec.edmcouncil.org/fibo/ontology/BE/OwnershipAndControl/ControlParties/CourtAppointedControl	CourtAppointedControl		DeJureControl	class	BE	control conferred by the actions of some court, for example in the context of receivership	
https://spec.edmcouncil.org/fibo/ontology/BE/OwnershipAndControl/ControlParties/DeFactoControllingInterestParty	DeFactoControllingInterestParty		ControllingParty	class	BE	party that exercises some control over an entity other than via explicit, legal means	A control owner (i.e., control person, per SEC regulations) may have some means or right that allows them to exercise control over board composition, other than through proxy assignment or vote. Not all control persons have this facility, as it is not inherent to having a significant (for example, 20 percent or more) ownership stake. | a silent partner, i.e. where someone has made a large investment, which is bilateral (not part of the constitutional framework of the company)
https://spec.edmcouncil.org/fibo/ontology/BE/OwnershipAndControl/ControlParties/DeJureControllingInterestParty	DeJureControllingInterestParty		ControllingParty	class	BE	party that has the legal authority to exercise control	
https://spec.edmcouncil.org/fibo/ontology/BE/OwnershipAndControl/ControlParties/EntityControllingParty	EntityControllingParty		ControllingParty	class	BE	party that has the authority to control some legal entity	
https://spec.edmcouncil.org/fibo/ontology/BE/OwnershipAndControl/ControlParties/InfluenceBasedDeFactoControl	InfluenceBasedDeFactoControl	influence-based de facto control	DeFactoControl	class	BE	informal control that involves influence over some party	
https://spec.edmcouncil.org/fibo/ontology/BE/OwnershipAndControl/ControlParties/InfluenceBasedDeFactoControllingParty	InfluenceBasedDeFactoControllingParty	influence-based de facto controlling party	DeFactoControllingInterestParty	class	BE	party that holds influence-based control over some other party	
https://spec.edmcouncil.org/fibo/ontology/BE/OwnershipAndControl/ControlParties/InvestmentBasedDeFactoControl	InvestmentBasedDeFactoControl	investment-based de facto control	DeFactoControl	class	BE	control that arises through some investment in some entity, other than via the holding of constitutional equity (shares etc.) in that entity	
https://spec.edmcouncil.org/fibo/ontology/BE/OwnershipAndControl/ControlParties/InvestmentBasedDeFactoControllingInterestParty	InvestmentBasedDeFactoControllingInterestParty	investment-based de facto controlling interest party	DeFactoControllingInterestParty	class	BE	party that holds investment-based control over some other party	
https://spec.edmcouncil.org/fibo/ontology/BE/OwnershipAndControl/ControlParties/JointControllingParty	JointControllingParty		EntityControllingParty	class	BE	party that collectively has the authority to control the affairs of some business organization	
https://spec.edmcouncil.org/fibo/ontology/BE/OwnershipAndControl/ControlParties/MajorityControllingParty	MajorityControllingParty		EntityControllingParty	class	BE	controlling party that possesses, either directly or indirectly, the power to direct or cause the direction of the management and policies of a legal person, whether through the ownership of a majority of voting securities, by contract, or otherwise	Electronic Code of Federal Regulations, Title 17, Chapter 1, Section 49.2
https://spec.edmcouncil.org/fibo/ontology/BE/OwnershipAndControl/ControlParties/Receiver	Receiver		DeJureControllingInterestParty	class	BE	party appointed by some court for the purposes of winding up the affairs of some entity which is no longer solvent	
https://spec.edmcouncil.org/fibo/ontology/BE/OwnershipAndControl/ControlParties/SoleControllingParty	SoleControllingParty		EntityControllingParty	class	BE	party that has sole control over and directs the affairs of some legal entity	
https://spec.edmcouncil.org/fibo/ontology/BE/OwnershipAndControl/ControlParties/TotalOwner	TotalOwner		ConstitutionalOwner	class	BE	party that has 100 percent ownership some legal entity	
https://spec.edmcouncil.org/fibo/ontology/BE/OwnershipAndControl/CorporateControl/Affiliate	Affiliate			class	BE	party that is related to a legal entity, directly, or indirectly through one or more intermediaries, and controls, or is controlled by, or is under common control with that entity, typically determined by the degree of ownership	
https://spec.edmcouncil.org/fibo/ontology/BE/OwnershipAndControl/CorporateControl/Affiliation	Affiliation		Control	class	BE	situation in which a controlled party is affiliated with a controlling party for some period of time	
https://spec.edmcouncil.org/fibo/ontology/BE/OwnershipAndControl/CorporateControl/ControlledAffiliate	ControlledAffiliate		ControlledParty	class	BE	controlled party in an affiliation situation	
https://spec.edmcouncil.org/fibo/ontology/BE/OwnershipAndControl/CorporateControl/ControllingAffiliate	ControllingAffiliate		MajorityControllingParty	class	BE	controlling party in an affiliation situation	
https://spec.edmcouncil.org/fibo/ontology/BE/OwnershipAndControl/CorporateControl/DomesticUltimateParent	DomesticUltimateParent		TotalControllingInterestParty	class	BE	party that is recognized as the ultimate parent of a given organization within the country or jurisdiction of incorporation or organization	
https://spec.edmcouncil.org/fibo/ontology/BE/OwnershipAndControl/CorporateControl/GlobalUltimateParent	GlobalUltimateParent		TotalControllingInterestParty	class	BE	party that is recognized as the ultimate parent of a given organization world-wide	
https://spec.edmcouncil.org/fibo/ontology/BE/OwnershipAndControl/CorporateControl/JointVenturePartner	JointVenturePartner		EntityControllingParty	class	BE	party that shares capital, technology, human resources, risks, and benefits of an entity under shared control	
https://spec.edmcouncil.org/fibo/ontology/BE/OwnershipAndControl/CorporateControl/SignificantShareholder	SignificantShareholder		VotingShareholder	class	BE	party that owns a significant voting stake in an organization that is less than 50 percent but greater than some threshold	Note that the concept of significance varies depending on the jurisdiction, and particularly with respect to reporting requirements. For example, in some cases, three (3) percent ownership of any class or series of shares is considered significant, and in others it means more than five or ten percent of the total combined voting power across all classes of securities.
https://spec.edmcouncil.org/fibo/ontology/BE/OwnershipAndControl/CorporateControl/Subsidiary	Subsidiary		ControlledAffiliate	class	BE	legal entity that is entirely or majority owned and controlled by another legal entity	A subsidiary is a separate, distinct legal entity from its parent company(ies) for the purposes of taxation, regulatory compliance, and with respect to liability.
https://spec.edmcouncil.org/fibo/ontology/BE/OwnershipAndControl/CorporateControl/TotalControllingInterestParty	TotalControllingInterestParty	parent company	TotalOwner	class	BE	voting shareholder that owns 100 percent of the voting shares in some legal entity	By virtue of holding 100 percent of the share ownership, the total controlling interest company also holds 100 percent of the controlling equity, if there is a difference. Therefore, it is both a total owner and a total controlling party.
https://spec.edmcouncil.org/fibo/ontology/BE/OwnershipAndControl/CorporateControl/VotingShareholder	VotingShareholder		DeJureControllingInterestParty	class	BE	shareholder whose shares confer the right to vote in corporate elections, including the right to elect directors at annual or special meetings, and to express their views to corporate management and directors on significant issues that may affect the value of those shares	A voting shareholder may exercise control over board composition by (1) attending a shareholder meeting and voting directly, (2) assigning a proxy to vote on their behalf, either as specified in the recommendations made in the proxy card or as indicated in a manner that deviates from those recommendations but is detailed on the proxy card, (3) by rejection of the proxy, either implicitly or explicitly, or (4) through a direct ballot that they create themselves.
https://spec.edmcouncil.org/fibo/ontology/BE/OwnershipAndControl/CorporateOwnership/BeneficialOwner	BeneficialOwner		Owner	class	BE	party that enjoys the benefits of ownership (such as receipt of income) of something even though its ownership (title) may be in the name of another party (called a nominee or registered owner)	https://en.wikipedia.org/wiki/Beneficial_ownership#Financial_Action_Task_Force_on_Money_Laundering_(FATF) | https://www.fincen.gov/resources/statutes-regulations/guidance/guidance-obtaining-and-retaining-beneficial-ownership | https://www.ncua.gov/regulation-supervision/letters-credit-unions-other-guidance/beneficial-ownership-requirements-legal-entity-customers-overview | From World Bank Report: In identifying the beneficial owner, the focus should be on two factors: the control exercised and the benefit derived. Control of a corporate vehicle will always depend on context, as control can be exercised in many different ways, including through ownership, contractually or informally. | The Financial Action Task Force on Money Laundering (FATF) refers to a 'beneficial owner' as the natural person(s) who ultimately owns or controls a legal entity and/or the natural person on whose behalf a transaction is being conducted. It also includes those persons who exercise ultimate effective control over a legal person or arrangement. | The National Credit Union Administration (NCUA) defines a 'beneficial owner' as (1) a single individual with significant responsibility to control, manage or direct a legal entity customer, or (2) each individual, if any, who, directly or indirectly, through any contract, arrangement, understanding, relationship or otherwise, owns 25 percent or more of the equity interests of a legal entity customer; if a trust owns directly or indirectly, through any contract, arrangement, understanding, relationship or otherwise, 25 percent or more of the equity interests of a legal entity customer, the beneficial owner is the trustee. | Use of a nominee (who may be an agent, custodian, or a trustee) does not change the position regarding tax reporting and tax liability, and the beneficial owner remains responsible.
https://spec.edmcouncil.org/fibo/ontology/BE/OwnershipAndControl/CorporateOwnership/BeneficialOwnership	BeneficialOwnership		Ownership	class	BE	situation linking party that enjoys the benefits of ownership (such as receipt of income) of something even though its ownership (title) may be in the name of another party (called a nominee or registered owner) to the asset that they own	Beneficial ownership may be shared among a group of individuals. If a beneficial owner acquires a position of more than 5 percent in the United States, it must file Schedule 13D or 13G under Section 12 of the Securities Exchange Act of 1934.
https://spec.edmcouncil.org/fibo/ontology/BE/OwnershipAndControl/CorporateOwnership/PurchaseLot	PurchaseLot		FinancialAsset	class	BE	financial asset that is a block of securities or other financial assets bought in one transaction on a given date at a specific price	Purchase lot is typically used as a trading term by brokers and portfolio managers to describe how holdings are grouped. | Buying 100 shares of Apple on Jan 10 at $150/share is one purchase lot; buying 50 more shares on Mar 15 at $160/share is another purchase lot.
https://spec.edmcouncil.org/fibo/ontology/BE/OwnershipAndControl/CorporateOwnership/Shareholder	Shareholder	stockholder	ConstitutionalOwner	class	BE	party that owns shares in and has rights and responsibilities with respect to some asset, provided in exchange for investment	The shares represent an ownership interest in a corporation, mutual fund, or partnership, or a unit of ownership in a structured product, such as a real estate investment trust.
https://spec.edmcouncil.org/fibo/ontology/BE/OwnershipAndControl/CorporateOwnership/Shareholding	Shareholding		FinancialAsset	class	BE	ownership interest in the equity of a company, represented by shares that confer financial rights and governance privileges	Shareholding refers to the total ownership a party has in some organization, and determines voting power, dividend entitlement, and exposure to risk.
https://spec.edmcouncil.org/fibo/ontology/BE/OwnershipAndControl/CorporateOwnership/TaxLot	TaxLot		FinancialAsset	class	BE	financial asset that is a block of securities or other financial assets with a distinct cost basis for tax reporting purposes	Tax lots reflect how shares or other assets are tracked for capital gains and may be adjusted by events including: - reinvested dividends (creates very small, new tax lots); - stock splits or mergers (adjusts basis, may create fractional lots); - Wash sale rules (can change which lots are recognized). When an investor sells, they select which tax lot to sell (specific ID, FIFO, etc.), which determines realized gain or loss.
https://spec.edmcouncil.org/fibo/ontology/BE/OwnershipAndControl/Executives/ArticlesOfIncorporation	ArticlesOfIncorporation	articles of association	InstrumentOfIncorporation	class	BE	contract that establishes a new corporation or, when amended, adjusts the legal basis for the corporation, and outlines basic information about the corporation, including the type of business, and a description of the business' operational characteristics	
https://spec.edmcouncil.org/fibo/ontology/BE/OwnershipAndControl/Executives/Auditor	Auditor		AuthorizedParty	class	BE	party qualified and authorized to review and verify the accuracy of financial records and ensure that companies comply with tax laws	An auditor is authorized to audit one or more specific organizations, i.e., by the authorizing party indicated by the situation. | An auditor may be an internal auditor - an individual whose primary job function is to audit his or her own company, or an external auditor - an individual from outside the company, who typically is employed by an auditing firm who handles many different clients.
https://spec.edmcouncil.org/fibo/ontology/BE/OwnershipAndControl/Executives/Authorization	Authorization			class	BE		
https://spec.edmcouncil.org/fibo/ontology/BE/OwnershipAndControl/Executives/AuthorizedIndividual	AuthorizedIndividual		ResponsibleParty	class	BE	role of an individual that has been given the responsibility to act on behalf of another party under some set of guidelines	
https://spec.edmcouncil.org/fibo/ontology/BE/OwnershipAndControl/Executives/AuthorizedParty	AuthorizedParty			class	BE		
https://spec.edmcouncil.org/fibo/ontology/BE/OwnershipAndControl/Executives/AuthorizingParty	AuthorizingParty			class	BE		
https://spec.edmcouncil.org/fibo/ontology/BE/OwnershipAndControl/Executives/BoardCapacity	BoardCapacity		DelegatedLegalAuthority	class	BE	authority to act in a fiduciary capacity with respect to the organization, including but not limited to determining and executing corporate policy	
https://spec.edmcouncil.org/fibo/ontology/BE/OwnershipAndControl/Executives/BoardCompositionControl	BoardCompositionControl		Control	class	BE	situation in which a voting shareholder, entity owner, or some other party in the case of a not-for-profit organization, appoints and/or nominates someone to the board of directors of an organization for some period of time	
https://spec.edmcouncil.org/fibo/ontology/BE/OwnershipAndControl/Executives/BoardMember	BoardMember		LegallyDelegatedAuthority	class	BE	party that has fiduciary responsibility with respect to the organization, including but not limited to determining and executing corporate policy	
https://spec.edmcouncil.org/fibo/ontology/BE/OwnershipAndControl/Executives/BoardMembership	BoardMembership		Control	class	BE	situation relating an individual member of the board of directors to the organization	
https://spec.edmcouncil.org/fibo/ontology/BE/OwnershipAndControl/Executives/BoardOfDirectors	BoardOfDirectors		EntityControllingParty	class	BE	group of people comprising the governing body of an organization that has the authority to set organizational strategy and policies as well as to select and, to some degree manage, leadership	For a public, for profit organization, its members (directors) are elected normally by the subscribers (stockholders) of the firm (generally at an annual general meeting) to govern the firm and look after the subscribers' interests. In the case of a not-for-profit organization, the board ensures the organization is acting in line with its mission. The board has the ultimate decision-making authority and, in general, is empowered to (1) set the company's policy, objectives, and overall direction, (2) adopt bylaws, (3) name members of the advisory, executive, finance, and other committees, (4) hire, monitor, evaluate, and fire the managing director and senior executives, (5) determine and pay the dividend, and (6) issue additional shares. Though all its members might not be engaged in the company's day-to-day operations, the entire board is held liable (under the doctrine of collective responsibility) for the consequences of the firm's policies, actions, and failures to act. Members of the board usually include senior-most executives (called inside directors or executive directors) as well as experts or respected persons chosen from the wider community (called outside directors or non-executive directors).
https://spec.edmcouncil.org/fibo/ontology/BE/OwnershipAndControl/Executives/Bylaws	Bylaws	byelaws | membership agreement	Law	class	BE	written rules for conduct of a corporation, association, partnership or any organization	
https://spec.edmcouncil.org/fibo/ontology/BE/OwnershipAndControl/Executives/ChiefExecutiveOfficer	ChiefExecutiveOfficer	CEO	CorporateOfficer	class	BE	top corporate officer responsible for an organization's overall operations and performance	He or she is the leader of the firm, serves as the main link between the board of directors (the board) and the firm's various parts or levels, and is held solely responsible for the firm's success or failure. One of the major duties of a CEO is to maintain and implement corporate policy, as established by the board. Also called President or managing director, he or she may also be the chairman (or chairperson) of the board.
https://spec.edmcouncil.org/fibo/ontology/BE/OwnershipAndControl/Executives/ChiefFinancialOfficer	ChiefFinancialOfficer	CFO	CorporateOfficer	class	BE	senior-most corporate officer responsible for financial control and planning for an organization or project	He or she is in charge of all accounting functions including (1) credit control, (2) preparing budgets and financial statements, (3) coordinating financing and fund raising, (4) monitoring expenditure and liquidity, (5) managing investment and taxation issues, (6) reporting financial performance to the board, and (7) providing timely financial data to the CEO. Also called chief finance officer, comptroller, controller, or finance controller.
https://spec.edmcouncil.org/fibo/ontology/BE/OwnershipAndControl/Executives/CompanyLaw	CompanyLaw	corporate law	StatuteLaw	class	BE	legislation under which the formation, registration or incorporation, governance, and dissolution of a firm is administered and controlled	
https://spec.edmcouncil.org/fibo/ontology/BE/OwnershipAndControl/Executives/CompanySecretary	CompanySecretary	corporate secretary	CorporateOfficer	class	BE	corporate officer appointed by the directors of an organization, responsible for ensuring compliance with legal obligations related to corporate governance	His or her formal duties include (1) calling meetings, (2) recording minutes of the meetings, (3) keeping statutory record books, (4) proper payment of dividend and interest payments, and (5) proper drafting and execution of agreements, contracts, and resolutions.
https://spec.edmcouncil.org/fibo/ontology/BE/OwnershipAndControl/Executives/ControllingNominee	ControllingNominee		LegallyDelegatedAuthority	class	BE	party that holds legal title to an asset (e.g., stocks, bonds, or property) on behalf of the beneficial owner	The nominee is typically the registered owner of an asset, named in official records.
https://spec.edmcouncil.org/fibo/ontology/BE/OwnershipAndControl/Executives/CorporateBylaws	CorporateBylaws		Bylaws	class	BE	written rules for conduct of a corporation, adopted by the board of directors	Corporate bylaws may contain any provision, not inconsistent with law or with the certificate of incorporation, relating to the business of the corporation, the conduct of its affairs, and its rights or powers or the rights or powers of its stockholders, directors, officers or employees. Changes to the bylaws of a corporation require a board-level resolution and may require a vote of the shareholders.
https://spec.edmcouncil.org/fibo/ontology/BE/OwnershipAndControl/Executives/CorporateOfficer	CorporateOfficer		Executive	class	BE	high-level management executive of a corporation or other organization, hired by the board of directors or the business owner(s), charged with certain operational responsibilities, and who has the authority to act on behalf of the organization, including the authority to enter into contracts on behalf of the organization	In banking, corporate officers have the legal capacity to execute some documents and make certain decisions on behalf of the institution due to the nature of the business. The level of authority varies depending on the role the officer plays, however, and based on bank policy. In large institutions, corporate officers may include loan/lending officers, those in certain supervisory roles, and others with varying degrees of authority, and frequently they are given a 'vice president' title, particularly if they are customer facing. Hiring and other decisions related to such corporate officers may be delegated to more operational levels, rather than by the board directly, with respect to such personnel. | Note that in most cases in the United States, corporate officers, especially those with signatory capacity and other fiduciary responsibilities must be employees, especially with respect to financial institutions and other highly regulated domains. There are cases, however, when an independent contractor or professional services provider may play the role of a corporate officer, such as a 'CFO for hire', which is a common practice in start-up organizations. | Corporate officers may include a Chief Executive Officer (CEO), Chief Financial Officer (CFO), president, vice president(s), and in some cases a Chief Operating Officer (COO), Chief Compliance Officer (CCO), or other executive responsible for a critical function in the organization.
https://spec.edmcouncil.org/fibo/ontology/BE/OwnershipAndControl/Executives/Executive	Executive		LegallyDelegatedAuthority	class	BE	person appointed and given the responsibility to manage the affairs of an organization and the authority to make decisions within specified role-specific boundaries	
https://spec.edmcouncil.org/fibo/ontology/BE/OwnershipAndControl/Executives/ExecutiveBoardMember	ExecutiveBoardMember	inside director	BoardMember	class	BE	member of a board of directors that is also an employee of the organization	
https://spec.edmcouncil.org/fibo/ontology/BE/OwnershipAndControl/Executives/ExternalAuditor	ExternalAuditor		Auditor	class	BE	independent party qualified and authorized to examine and report on the accuracy of financial records and ensure that companies comply with tax laws	An external auditor is an individual or organization from outside the company, who typically is employed by an auditing firm that handles many different clients.
https://spec.edmcouncil.org/fibo/ontology/BE/OwnershipAndControl/Executives/InternalAuditor	InternalAuditor		Auditor	class	BE	employee who is qualified and authorized to review and verify the accuracy of financial records and evaluate internal controls and compliance	
https://spec.edmcouncil.org/fibo/ontology/BE/OwnershipAndControl/Executives/LegallyDelegatedAuthority	LegallyDelegatedAuthority			class	BE		
https://spec.edmcouncil.org/fibo/ontology/BE/OwnershipAndControl/Executives/NonExecutiveBoardMember	NonExecutiveBoardMember	non-executive board member | outside director	BoardMember	class	BE	member of the board of directors of an organization that has no executive responsibilities towards the running of that organization	
https://spec.edmcouncil.org/fibo/ontology/BE/OwnershipAndControl/Executives/PrincipalParty	PrincipalParty		Signatory	class	BE	controlling party that is responsible for the management of daily business operations of an organization	
https://spec.edmcouncil.org/fibo/ontology/BE/OwnershipAndControl/Executives/Signatory	Signatory		AuthorizedIndividual	class	BE	responsible party authorized to sign agreements on behalf of themselves, another person, or an organization	
https://spec.edmcouncil.org/fibo/ontology/BE/OwnershipAndControl/OwnershipParties/ConstitutionalOwner	ConstitutionalOwner		EntityOwner	class	BE	entity owner that holds an equity stake in said entity, in the form of shareholders' equity	Typically this would be share ownership or the holding of partnership equity. Ownership in this 'constitutional' sense means that the owner is in some way a member of the organization, such as an employee or director, as distinct from some outside investor.
https://spec.edmcouncil.org/fibo/ontology/BE/OwnershipAndControl/OwnershipParties/ControllingEquity	ControllingEquity		ShareholdersEquity	class	BE	shareholders's equity that formally confers control in the entity, either by law or as explicitly stated in a corresponding equity instrument	
https://spec.edmcouncil.org/fibo/ontology/BE/OwnershipAndControl/OwnershipParties/DirectConsolidation	DirectConsolidation		EntityOwnership	class	BE	direct ownership of an entity recorded as accounting consolidation	
https://spec.edmcouncil.org/fibo/ontology/BE/OwnershipAndControl/OwnershipParties/EntityOwner	EntityOwner		Owner	class	BE	owner (person, group of people, or other business entity) that owns, or holds an ownership interest in, a formal business organization	
https://spec.edmcouncil.org/fibo/ontology/BE/OwnershipAndControl/OwnershipParties/EntityOwnership	EntityOwnership		Ownership	class	BE	ownership by some party of an interest in some non-governmental formal organization	
https://spec.edmcouncil.org/fibo/ontology/BE/OwnershipAndControl/OwnershipParties/ForeignBranchOwnership	ForeignBranchOwnership		EntityOwnership	class	BE	ownership by some party of some formal organization or organizational sub-unit that is a foreign affiliate and legally part of the owning entity	
https://spec.edmcouncil.org/fibo/ontology/BE/OwnershipAndControl/OwnershipParties/InvestmentEquity	InvestmentEquity		OwnersEquity	class	BE	equity that represents an ownership interest in some entity, but may or may not take the form of shareholders's equity	
https://spec.edmcouncil.org/fibo/ontology/BE/OwnershipAndControl/OwnershipParties/Investor	Investor		EntityOwner	class	BE	party that owns some stake in some organization by way of investment	
https://spec.edmcouncil.org/fibo/ontology/BE/OwnershipAndControl/OwnershipParties/InvestorContract	InvestorContract		WrittenContract	class	BE	Contract setting out the terms under which some investor invests in the entity and setting out the rights which are conferred on that investor.	
https://spec.edmcouncil.org/fibo/ontology/BE/OwnershipAndControl/OwnershipParties/UltimateConsolidation	UltimateConsolidation	ultimate ownership	EntityOwnership	class	BE	highest-level (top, end) ancestral ownership, evidenced by accounting consolidation, by some party of some other legal entity	
https://spec.edmcouncil.org/fibo/ontology/BE/Partnerships/Partnerships/GeneralPartner	GeneralPartner		DeJureControllingInterestParty	class	BE	partner and part-owner that is responsible for managing the day to day operations of the partnership and that may be jointly and severally liable for the obligations of the partnership	Note that although typically a general partner is a person, in the context of certain funds, such as private equity, a general partner may be a firm that manages the fund.
https://spec.edmcouncil.org/fibo/ontology/BE/Partnerships/Partnerships/GeneralPartnership	GeneralPartnership	GP	Partnership	class	BE	partnership that has at least two general partners that agree to share in all assets, profits, and financial and legal liabilities of the business	General partnerships are the most basic and common form of partnership world-wide.
https://spec.edmcouncil.org/fibo/ontology/BE/Partnerships/Partnerships/LimitedLiabilityLimitedPartnership	LimitedLiabilityLimitedPartnership	LLLP	LimitedPartnership	class	BE	limited partnership that consists of one or more general partners who are liable for the obligations of the entity as well as one or more protected limited liability partners	The primary difference between an LLLP and more traditional limited partnership is that an LLLP allows liability transfer from the general partner's (to external insurer) for debts and obligations of the limited partnership. Typically, general partners manage the LLLP, while the limited partners' interest is primarily for investment purposes.
https://spec.edmcouncil.org/fibo/ontology/BE/Partnerships/Partnerships/LimitedLiabilityPartnership	LimitedLiabilityPartnership	LLP	Partnership	class	BE	partnership that has general partners but provides its individual partners some level of protection against personal liability for certain partnership liabilities	LLPs are a flexible legal and tax entity that allows partners to benefit from economies of scale by working together while also reducing their liability for the actions of other partners. | Law firms, accountancies, wealth managers, professional medical groups, and other professional consultancies often take the form of a limited liability partnership. | One example of a limited liability partnership is that of an incorporated limited partnership (ILP) in Australia.
https://spec.edmcouncil.org/fibo/ontology/BE/Partnerships/Partnerships/LimitedPartner	LimitedPartner		Partner	class	BE	partner whose liabilities are limited to the extent of their investment or guarantees and that has no involvement in the day to day operations of the partnership	
https://spec.edmcouncil.org/fibo/ontology/BE/Partnerships/Partnerships/LimitedPartnership	LimitedPartnership	LP	Partnership	class	BE	partnership that has at least one general partner and at least one limited partner	Limited partnerships are distinct from limited liability partnerships, in which all partners have limited liability. Similar to a general partnership, the general partners have management control, share the right to use partnership property, share the profits of the firm in predefined proportions, and have joint and several liability for the debts of the partnership. | In the United States, film production companies, real estate investment firms, and private equity firms are typically formed as limited partnerships. In the United Kingdom, limited partnerships are governed by the Limited Partnerships Act 1907 and, on matters on which that Act is silent, also by the Partnership Act 1890.
https://spec.edmcouncil.org/fibo/ontology/BE/Partnerships/Partnerships/Partner	Partner		ConstitutionalOwner	class	BE	co-owner, member, and agent of a partnership whose participation level, including proportional liabilities and share in the profit / loss of the business is specified in a partnership agreement	
https://spec.edmcouncil.org/fibo/ontology/BE/Partnerships/Partnerships/Partnership	Partnership		BusinessEntity	class	BE	association of two or more legal persons to carry on as co-owners a business for profit	Partnerships exist in many countries world-wide. Examples of the laws related to the establishment and operation of partnerships include the Partnership Act of 1890 in the United Kingdom and the Uniform Partnership Act in the United States. | Whether or not partnerships are established through, for example, incorporation, depends on the jurisdiction. Partnerships typically not corporations in the US, but can be in Australia and Ghana. See https://legalvision.com.au/what-are-incorporated-limited-partnerships/ and http://swiftlaw.co/incorporated-partnership/ for additional details.
https://spec.edmcouncil.org/fibo/ontology/BE/Partnerships/Partnerships/PartnershipAgreement	PartnershipAgreement	articles of partnership	OrganizationCoveringAgreement	class	BE	contract between partners in a partnership that establishes the terms and conditions of the relationship between the partners	
https://spec.edmcouncil.org/fibo/ontology/BE/PrivateLimitedCompanies/PrivateLimitedCompanies/LimitedLiabilityCompany	LimitedLiabilityCompany	LLC	PrivateCompanyWithLimitedLiability	class	BE	private limited company that combines the pass through taxation of a sole proprietorship or partnership with the limited liability of a corporation	
https://spec.edmcouncil.org/fibo/ontology/BE/PrivateLimitedCompanies/PrivateLimitedCompanies/LimitedLiabilityCompanyMember	LimitedLiabilityCompanyMember		DeJureControllingInterestParty	class	BE	owner of an interest in a limited liability company	
https://spec.edmcouncil.org/fibo/ontology/BE/PrivateLimitedCompanies/PrivateLimitedCompanies/LimitedLiabilityCompanyTaxedAsACorporation	LimitedLiabilityCompanyTaxedAsACorporation	C-LLC	LimitedLiabilityCompany	class	BE	limited liability company that has elected to have corporate tax status	In the United States, LLCs that elect to be taxed as a corporation do so by filing an IRS Form 8832.
https://spec.edmcouncil.org/fibo/ontology/BE/PrivateLimitedCompanies/PrivateLimitedCompanies/ManagerManagedLimitedLiabilityCompany	ManagerManagedLimitedLiabilityCompany	manager-managed limited liability company	LimitedLiabilityCompany	class	BE	limited liability company in which the members appoint one or more managers to handle the daily operations and administrative responsibilities of the organization	If no members are interested in managing the LLC, an external manager (someone who doesn't own any portion of the LLC) can be hired to run the business operations, including, in some jurisdictions, a third-party entity, such as another company.
https://spec.edmcouncil.org/fibo/ontology/BE/PrivateLimitedCompanies/PrivateLimitedCompanies/ManagingMember	ManagingMember		PrincipalParty	class	BE	owner of an interest in a limited liability company who also runs the day-to-day business operations	
https://spec.edmcouncil.org/fibo/ontology/BE/PrivateLimitedCompanies/PrivateLimitedCompanies/PrivateCompanyWithLimitedLiability	PrivateCompanyWithLimitedLiability		BusinessEntity	class	BE	hybrid business entity having characteristics of both a corporation and a partnership or sole proprietorship (depending on how many owners there are)	https://en.wikipedia.org/wiki/Limited_liability_company#Overview | A private company with limited liability, although a business entity, is not a corporation. The primary characteristic this legal form shares with a corporation is limited liability, and the primary characteristic it shares with a partnership is the availability of pass-through income taxation. It is often more flexible than a corporation, and it is well-suited for companies with a single owner.
https://spec.edmcouncil.org/fibo/ontology/BE/PrivateLimitedCompanies/PrivateLimitedCompanies/PrivateLimitedCompany	PrivateLimitedCompany	Ltd.	PrivateCompanyWithLimitedLiability	class	BE	private limited company whose shareholders' liability is limited to the capital they originally invested	Private limited companies are common in countries including the U.K., Ireland, and Canada. They have one or more members, also called shareholders or owners, who buy in through private sales. Directors are company employees who keep up with all administrative tasks and tax filings but do not need to be shareholders.
https://spec.edmcouncil.org/fibo/ontology/BE/SoleProprietorships/SoleProprietorships/SoleProprietor	SoleProprietor	sole owner | sole trader	EntityOwner	class	BE	party that owns a business, has the rights to all profits from that business and is considered a single entity (unincorporated) together with that business for tax and liability purposes	A sole proprietor has unlimited liability with respect to any business debts.
https://spec.edmcouncil.org/fibo/ontology/BE/SoleProprietorships/SoleProprietorships/SoleProprietorship	SoleProprietorship		BusinessEntity	class	BE	unincorporated business owned by a single person	
https://spec.edmcouncil.org/fibo/ontology/BE/Trusts/Trusts/IrrevocableTrust	IrrevocableTrust		Trust	class	BE	trust that cannot be modified, amended or terminated except under certain legal circumstances and typically not without the permission of the grantor's named beneficiary or beneficiaries	Irrevocable trusts also offer asset protection from future creditors and lawsuits.
https://spec.edmcouncil.org/fibo/ontology/BE/Trusts/Trusts/LivingTrust	LivingTrust		Trust	class	BE	trust created during an individual's lifetime where a designated person, the trustee, is given responsibility for managing that individual's assets for the benefit of the eventual beneficiary	A living trust is designed to allow for the easy transfer of the trust creator or settlor's assets while bypassing the often complex and expensive legal process of probate. Living trust agreements designate a trustee who holds legal possession of assets and property that flow into the trust.
https://spec.edmcouncil.org/fibo/ontology/BE/Trusts/Trusts/RevocableTrust	RevocableTrust		Trust	class	BE	trust in which legal ownership of the trust property is transferred to the trustee, but the trustor retains full power to revoke, modify or amend the trust	
https://spec.edmcouncil.org/fibo/ontology/BE/Trusts/Trusts/TestamentaryTrust	TestamentaryTrust		IrrevocableTrust	class	BE	trust established in accordance with the instructions contained in a last will and testament	A will could have more than one testamentary trust. The trustee named is responsible for managing and distributing the trustor's assets to the beneficiaries as directed in the will. Sometimes called a will trust, the testamentary trust is irrevocable.
https://spec.edmcouncil.org/fibo/ontology/BE/Trusts/Trusts/Trust	Trust		BusinessEntity	class	BE	fiduciary relationship and legal entity in which one party, known as a trustor, gives another party, the trustee, the right to hold title to and manage assets for the benefit of a third party, the beneficiary	
https://spec.edmcouncil.org/fibo/ontology/BE/Trusts/Trusts/TrustAgreement	TrustAgreement	trust deed | trust document | trust instrument	OrganizationCoveringAgreement	class	BE	formal agreement that establishes a trust, whereby the trustor(s) gives the trustee(s) the responsibility to hold and manage assets for the beneficiary(ies)	A trust agreement typically states the (1) purpose for which the trust was established and fulfillment of which will terminate the trust, (2) details of the assets placed in the trust, (3) powers and limitations of the trustees, their reporting requirements, and other associated provisions, and (4) may also specify the trustees' compensation, if any. A trust agreement involving real estate requires its exact description and the trustor's express, written consent to create the trust to be valid.
https://spec.edmcouncil.org/fibo/ontology/BE/Trusts/Trusts/TrustBeneficiary	TrustBeneficiary		Beneficiary	class	BE	party for whose interest (benefit) an annuity, assignment (such as a letter of credit), contract, insurance policy, judgment, promise, trust, will, etc., is made	
https://spec.edmcouncil.org/fibo/ontology/BE/Trusts/Trusts/TrustFundManager	TrustFundManager		LegallyDelegatedAuthority	class	BE	party empowered to act on behalf of the trustee to manage the assets of the trust	
https://spec.edmcouncil.org/fibo/ontology/BE/Trusts/Trusts/Trustee	Trustee		LegallyDelegatedAuthority	class	BE	party that holds and manages assets for the benefit of another	The trustee is legally obliged to make all trust-related decisions with the beneficiary's interests in mind, and may be liable for damages in the event of not doing so. Trustees may be entitled to a payment for their services, if specified in the trust agreement. In the specific case of the bond market, a trustee administers a bond issue for a borrower, and ensures that the issuer meets all the terms and conditions associated with the borrowing.
https://spec.edmcouncil.org/fibo/ontology/BE/Trusts/Trusts/Trustor	Trustor	grantor | settlor		class	BE	party that establishes a trust and places property under the protection and management of one or more trustees for the benefit of at least one beneficiary	It is not always necessary to identify the trustor who may be also be a trustee and/or one of the beneficiaries. In legal parlance, a trustor is called a settlor in the UK and a grantor in the US, whereas in common usage he or she may also be called a creator, donor, initiator, owner, or trust maker.
https://spec.edmcouncil.org/fibo/ontology/CAE/CorporateEvents/CorporateActions/Action	Action		Occurrence	class	CAE	event announced, initiated or carried out by an organization that affects a legal entity or the securities it issues and may have a material impact on that entity's stakeholders, such as shareholders and creditors	Actions initiated by an issuer are typically approved by that company's board of directors and authorized by their shareholders. | Actions that impact an entity may be initiated by an issuer, exchange, regulator, creditor, or other third party.
https://spec.edmcouncil.org/fibo/ontology/CAE/CorporateEvents/CorporateActions/ActionClassificationScheme	ActionClassificationScheme		ClassificationScheme	class	CAE	scheme for classifying the kinds of actions and events that may be announced, initiated or carried out by an organization that affects a legal entity or the securities it issues	
https://spec.edmcouncil.org/fibo/ontology/CAE/CorporateEvents/CorporateActions/ActionClassifier	ActionClassifier		OccurrenceKind	class	CAE	classifier that distinguishes the kinds of actions and events that may be announced, initiated or carried out by an organization that affects a legal entity or the securities it issues, such as income-oriented events	ISO 15022 classifies events as impacting income vs. others. Other classification schemes distinguish between actions that return profits to shareholders, actions that are designed to influence the share price, and actions involving a change in structure to the issuer organization.
https://spec.edmcouncil.org/fibo/ontology/CAE/CorporateEvents/CorporateActions/ActionStatus	ActionStatus		LifecycleStatus	class	CAE	state of some action at some point in time	
https://spec.edmcouncil.org/fibo/ontology/CAE/CorporateEvents/CorporateActions/BusinessStrategyClassifier	BusinessStrategyClassifier		ActionClassifier	class	CAE	classifier of corporate actions that involve improving liquidity or changing the overall structure of the organization through diversification, combining and closing parts of the business, etc, to increase long-term profitability	
https://spec.edmcouncil.org/fibo/ontology/CAE/CorporateEvents/CorporateActions/ChangeAction	ChangeAction		MandatoryCorporateAction	class	CAE	corporate action to disseminate information regarding a change further described in the corporate action details	Generic changes may include a change in the terms of an issue, change in the identification of a security, change of board lot, change from global to definitive, etc.
https://spec.edmcouncil.org/fibo/ontology/CAE/CorporateEvents/CorporateActions/ClassAction	ClassAction	proposed settlement	VoluntaryCorporateAction	class	CAE	corporate action involving a situation where interested parties seek restitution for financial loss	The security holder may be offered the opportunity to join a class action proceeding and would need to respond with an instruction.
https://spec.edmcouncil.org/fibo/ontology/CAE/CorporateEvents/CorporateActions/ConsentSolicitation	ConsentSolicitation		VoluntaryCorporateAction	class	CAE	corporate action that is a procedure that aims to obtain consent of holder to a proposal by the issuer or a third party without convening a meeting	For example, consent to change the terms of a bond.
https://spec.edmcouncil.org/fibo/ontology/CAE/CorporateEvents/CorporateActions/CorporateAction	CorporateAction		Action	class	CAE	action carried out by or specifically relating to a legal entity that may affect the securities it issues and may have a material impact on its stakeholders, such as shareholders and creditors	Corporate actions are typically approved by a company's board of directors and authorized by the shareholders. | Examples of corporate actions include share issues, stock splits, consolidation, dividends, mergers and acquisitions, rights issues, spin-offs, and the inception of court actions.
https://spec.edmcouncil.org/fibo/ontology/CAE/CorporateEvents/CorporateActions/DisclosureAction	DisclosureAction		VoluntaryCorporateAction	class	CAE	corporate action involving a request for holders or beneficial owners to disclose their name, location and holdings of any issue to the issuer	
https://spec.edmcouncil.org/fibo/ontology/CAE/CorporateEvents/CorporateActions/Divestiture	Divestiture		MandatoryCorporateAction	class	CAE	corporate action involving the sales of subsidiary business interests or investments	Divestiture is an action or process involving the sale, spinoff, or liquidation of business assets, including product lines, services, subsidiaries, business property, or even an entire business. Companies may pursue a divestment strategy to refocus on their core business, in response to the operating environment in their industry, to raise capital, or to release underperforming assets.
https://spec.edmcouncil.org/fibo/ontology/CAE/CorporateEvents/CorporateActions/IncomeOrientedClassifier	IncomeOrientedClassifier	income-oriented classifier	ActionClassifier	class	CAE	classifier of corporate actions that impacts income to shareholders	Cash dividends are a classic example where a public company declares a dividend to be paid on each outstanding share. Bonus is another case where the shareholder is rewarded. In a stricter sense, the bonus issue should not impact the share price but in reality, in rare cases, it does and results in an overall increase in value.
https://spec.edmcouncil.org/fibo/ontology/CAE/CorporateEvents/CorporateActions/LegalFormChange	LegalFormChange		MandatoryCorporateAction	class	CAE	corporate action indicating a modification of the legal form of the organization	In the United States it is common for companies established as Subchapter S Corporations (S-Corp), typically early stage companies, to modify their structure to become full-fledged Subchapter C Corporations (C-Corp) to facilitate outside fundraising, mergers, acquisitions, and public offerings. Other common form changes include migration from sole proprietorships to more formally registered organizations (e.g., LLC, S-Corp, C-Corp, etc.)
https://spec.edmcouncil.org/fibo/ontology/CAE/CorporateEvents/CorporateActions/Liquidation	Liquidation		Divestiture	class	CAE	corporate action related to winding up a business, including but not limited to distribution of cash, assets, or both	Debt may be paid in order of priority based on preferred claims to assets specified by a security, for example.
https://spec.edmcouncil.org/fibo/ontology/CAE/CorporateEvents/CorporateActions/MandatoryCorporateAction	MandatoryCorporateAction		CorporateAction	class	CAE	action initiated by the board of directors of a corporation that affects all shareholders	Mandatory means mandatory participation by all shareholders, however the shareholder is not required to do anything. | Examples of mandatory corporate actions include cash dividends, stock splits, mergers, pre-refunding, return of capital, bonus issue, asset ID change, and spin-offs.
https://spec.edmcouncil.org/fibo/ontology/CAE/CorporateEvents/CorporateActions/MandatoryWithChoiceCorporateAction	MandatoryWithChoiceCorporateAction		MandatoryCorporateAction	class	CAE	mandatory corporate action where shareholders are given an opportunity to choose among several options	In case a shareholder does not submit the election, the default option will be applied.
https://spec.edmcouncil.org/fibo/ontology/CAE/CorporateEvents/CorporateActions/MarketAction	MarketAction		Action	class	CAE	action that is initiated by a market, such as a securities exchange, that affects a legal entity or the securities it issues and may have a material impact on that entity's stakeholders, such as shareholders and creditors	
https://spec.edmcouncil.org/fibo/ontology/CAE/CorporateEvents/CorporateActions/MergerAcquisition	MergerAcquisition	merger / acquisition	MandatoryCorporateAction	class	CAE	corporate action involving the consolidation of legal entities or assets	Such consolidation may be accomplished via financial transactions such as mergers, acquisitions, consolidations, tender offers, purchase of assets, and management acquisitions.
https://spec.edmcouncil.org/fibo/ontology/CAE/CorporateEvents/CorporateActions/Notification	Notification		MandatoryCorporateAction	class	CAE	corporate action involving information provided by the issuer having no accounting/financial impact on the holder	
https://spec.edmcouncil.org/fibo/ontology/CAE/CorporateEvents/CorporateActions/OrganizationAddressChange	OrganizationAddressChange		Notification	class	CAE	information action that provides details of address changes for a legal entity	Address changes may impact securities master data management, including but not limited to where shares are registered and by whom.
https://spec.edmcouncil.org/fibo/ontology/CAE/CorporateEvents/CorporateActions/OrganizationNameChange	OrganizationNameChange		Notification	class	CAE	information action that provides details of name changes for a legal entity	Name changes may include legal name changes as well as 'doing business as', and other operational names for an organization.
https://spec.edmcouncil.org/fibo/ontology/CAE/CorporateEvents/CorporateActions/PriorityIssue	PriorityIssue		VoluntaryCorporateAction	class	CAE	corporate action that is a public offer where, due to a limited amount of securities available, priority is given to existing shareholders	
https://spec.edmcouncil.org/fibo/ontology/CAE/CorporateEvents/CorporateActions/RegulatoryAction	RegulatoryAction		Action	class	CAE	action initiated by a regulatory agency that affects a legal entity or the securities it issues and may have a material impact on that entity's stakeholders, such as shareholders and creditors	
https://spec.edmcouncil.org/fibo/ontology/CAE/CorporateEvents/CorporateActions/SpinOff	SpinOff		Divestiture	class	CAE	corporate action involving the distribution of subsidiary stock to the shareholders of the parent company without a surrender of shares	Spin-off represents a form of divestiture usually resulting in an independent company or in an existing company. Examples include demerger, distribution, and unbundling.
https://spec.edmcouncil.org/fibo/ontology/CAE/CorporateEvents/CorporateActions/VoluntaryCorporateAction	VoluntaryCorporateAction		CorporateAction	class	CAE	event in which the shareholders elect to participate and must respond in order for the issuer to process the action	Shareholders send responses to the issuer's agents, and the issuer will send the proceeds of the action to those shareholders who elect to participate. | An example of a voluntary corporate action is a tender offer, in which the issuer may request shareholders to tender their shares at a predetermined price.
https://spec.edmcouncil.org/fibo/ontology/DER/CreditDerivatives/CreditDefaultSwaps/AssetBackedCreditDefaultSwap	AssetBackedCreditDefaultSwap	asset-backed credit default swap | ABCDS	CreditDefaultSwap	class	DER	credit default swap whose underlying reference obligation is an asset-backed security rather than corporate credit	In the case of an ABCDS, the buyer receives protection for defaults on asset-backed securities or tranches of securities, rather than protecting against the default of a particular issuer. Asset-backed securities are securities backed by a pool of loans or receivables, such as auto loans, home equity loans or credit cards loans.
https://spec.edmcouncil.org/fibo/ontology/DER/CreditDerivatives/CreditDefaultSwaps/BasketCreditDefaultSwap	BasketCreditDefaultSwap		MultiNameCreditDefaultSwap	class	DER	credit default swap that references a bespoke, synthetic portfolio of underlying assets whose components have been agreed to for a specific OTC derivative by the parties to the transaction	Draft paper on Credit Default Swaps from the Federal Reserve Board, available at https://www.federalreserve.gov/econres/feds/files/2022023pap.pdf | ISO 10962:2019, Securities and related financial instruments - Classification of financial instruments (CFI) code
https://spec.edmcouncil.org/fibo/ontology/DER/CreditDerivatives/CreditDefaultSwaps/BasketOfCreditDefaultSwaps	BasketOfCreditDefaultSwaps		WeightedBasket	class	DER	basket of reference obligations are credit default swap instruments	Note that the CDS Index is broken down into tranches depending on different types of credits, for example, investment grade and high yield. Tranches are defined by attachment and detachment points for the index loss distribution. It means that when default events occur the lower-level tranches absorb the loss up to the detachment point, before moving to the next senior tranche.
https://spec.edmcouncil.org/fibo/ontology/DER/CreditDerivatives/CreditDefaultSwaps/CashSettlementMethod	CashSettlementMethod		PriceDeterminationMethod	class	DER	strategy for calculating or otherwise establishing a reference final price for the contract	ISO 10962:2019, Securities and related financial instruments - Classification of financial instruments (CFI) code | The method may include an independently administered synthetic auction process that sets the reference final price.
https://spec.edmcouncil.org/fibo/ontology/DER/CreditDerivatives/CreditDefaultSwaps/ContingentCreditDefaultSwap	ContingentCreditDefaultSwap	CCDS	CreditDefaultSwap	class	DER	credit default swap in which an additional triggering event is required	In a contingent credit default swap, the trigger requires both a credit event (as in a traditional credit default swap) and another specified event. The additional specified event is usually a significant movement in an index covering equities, commodities, interest rates, or some other overall measure of the economy or relevant industry.
https://spec.edmcouncil.org/fibo/ontology/DER/CreditDerivatives/CreditDefaultSwaps/CreditDefaultSwap	CreditDefaultSwap	CDS	CreditDerivative	class	DER	bilateral contract in which one party (protection seller) agrees to provide payment to the other party (protection buyer) should a credit event occur against the underlying, which could be a specified debt (the reference obligation), a specific debt issuer (reference entity), a basket of reference entities and/or reference obligations, or a credit index (reference index)	ISO 10962:2019, Securities and related financial instruments - Classification of financial instruments (CFI) code | According to a 2022 working paper from the Federal Reserve, "credit default swaps (CDS) are, by far, the most common type of credit derivative. They are financial instruments that allow the transfer of credit risk among market participants, potentially facilitating greater efficiency in the pricing and distribution of credit risk. In its most basic form, a CDS is a contract where a 'protection buyer' agrees to make periodic payments (the CDS 'spread' or premium) over a predetermined number of years (the maturity or term of the CDS) to a 'protection seller' in exchange for a payment from the protection seller in the event of default by a 'reference entity.' CDS premiums tend to be paid quarterly and are set as a percentage of the total amount of protection bought (the 'notional amount' of the contract). CDS maturities generally range from one to ten years, with the five-year maturity being particularly common." See https://www.federalreserve.gov/econres/feds/files/2022023pap.pdf for more detail. | Note that the effective date of the contract indicates the starting date of the credit protection defined therein.
https://spec.edmcouncil.org/fibo/ontology/DER/CreditDerivatives/CreditDefaultSwaps/CreditDefaultSwapIndex	CreditDefaultSwapIndex		ReferenceIndex	class	DER	index whose underlying reference obligations are credit default swap instruments	
https://spec.edmcouncil.org/fibo/ontology/DER/CreditDerivatives/CreditDefaultSwaps/CreditEventNotice	CreditEventNotice			class	DER	irrevocable written or verbal notice that states that a triggering event has occurred	Notices of certain kinds of credit events are required as a condition of a credit default swap. Such notices are sent from a notifying party (either the buyer or the seller) to the counterparty. They provide information that assists the contract parties in determining whether a triggering credit event has occurred.
https://spec.edmcouncil.org/fibo/ontology/DER/CreditDerivatives/CreditDefaultSwaps/CreditProtectionTerms	CreditProtectionTerms	contingent leg	DerivativeTerms	class	DER	legal terms that define triggering events and associated conditions related to settlement	Note that there may be additional payment schedules or a more complex calculation formula required depending on the terms of the contract.
https://spec.edmcouncil.org/fibo/ontology/DER/CreditDerivatives/CreditDefaultSwaps/DeliverableObligation	DeliverableObligation	deliverable asset	Asset	class	DER	asset that must be delivered as a part of the process of settling a credit default swap	If the reference obligation is a bond, the deliverable asset (obligation) may be a different bond. If it is a loan, the deliverable asset may involve assigment of a loan.
https://spec.edmcouncil.org/fibo/ontology/DER/CreditDerivatives/CreditDefaultSwaps/DeliverableObligationBuyer	DeliverableObligationBuyer		ContractParty	class	DER	contract party that is obliged to purchase a deliverable obligation (asset) if a triggering event occurs, depending on the event and the contract	
https://spec.edmcouncil.org/fibo/ontology/DER/CreditDerivatives/CreditDefaultSwaps/DeliverableObligationSeller	DeliverableObligationSeller		ContractParty	class	DER	contract party that is obliged to sell a deliverable obligation (asset) if a triggering event occurs, depending on the event and the contract	
https://spec.edmcouncil.org/fibo/ontology/DER/CreditDerivatives/CreditDefaultSwaps/EscrowAgent	EscrowAgent		RegisteredAgent	class	DER	third party that holds an asset or funds before they are formally transferred from one party to another party, per the terms of a contract, within some specified time period and/or when a triggering event occurs	Use of an escrow agent is one possible mechanism that may be used in some cases, as specified in a credit default swap contract, for delivery purposes.
https://spec.edmcouncil.org/fibo/ontology/DER/CreditDerivatives/CreditDefaultSwaps/IndexCreditDefaultSwap	IndexCreditDefaultSwap		MultiNameCreditDefaultSwap	class	DER	credit default swap that references a family of standardized credit derivative indices, where the underlying reference entities are a defined basket of credit from a particular geographic region (e.g. Asia, North America, Europe), and/or credit rating level (e.g. emerging markets, high yield, investment grade)	Draft paper on Credit Default Swaps from the Federal Reserve Board, available at https://www.federalreserve.gov/econres/feds/files/2022023pap.pdf | ISO 10962:2019, Securities and related financial instruments - Classification of financial instruments (CFI) code | Credit default indices trade in standard maturities, and the reference entities are typically the most liquid; the reference portfolio is reassessed periodically to maintain this.
https://spec.edmcouncil.org/fibo/ontology/DER/CreditDerivatives/CreditDefaultSwaps/IndexTrancheCreditDefaultSwap	IndexTrancheCreditDefaultSwap		MultiNameCreditDefaultSwap	class	DER	credit default swap that references a synthetic collateralized debt obligation (CDO) based on a credit index where each tranche references a different segment of the loss distribution of the underlying index	ISO 10962:2019, Securities and related financial instruments - Classification of financial instruments (CFI) code | Each tranche has a different priority of claims on the principal and interest flows from the collateral pool, and is traditionally portioned into rising levels of seniority.
https://spec.edmcouncil.org/fibo/ontology/DER/CreditDerivatives/CreditDefaultSwaps/LoanCreditDefaultSwap	LoanCreditDefaultSwap	LCDS	CreditDefaultSwap	class	DER	credit default swap whose underlying reference obligation is limited strictly to syndicated secured loans, rather than any type of corporate debt	
https://spec.edmcouncil.org/fibo/ontology/DER/CreditDerivatives/CreditDefaultSwaps/MultiNameCreditDefaultSwap	MultiNameCreditDefaultSwap	multi-name credit default swap	CreditDefaultSwap	class	DER	credit default swap that references more than one obligation or borrower	Draft paper on Credit Default Swaps from the Federal Reserve Board, available at https://www.federalreserve.gov/econres/feds/files/2022023pap.pdf | ISO 10962:2019, Securities and related financial instruments - Classification of financial instruments (CFI) code | For instance, a multiname contract could be written to cover defaults in a reference portfolio (such as in the case of a basket credit default swap) or, as has been increasingly common over the past couple of decades,be based on an index of commonly negotiated single-name CDS. The latter are generally called CDS indexes.
https://spec.edmcouncil.org/fibo/ontology/DER/CreditDerivatives/CreditDefaultSwaps/NotifyingParty	NotifyingParty			class	DER	party responsible for issuing one or more formal notices indicating that an event that is relevant to a given contract has taken place	The notifying party is the party that notifies the other party when a credit or other triggering event has occurred by means of a credit event notice. If more than one party is referenced as being the notifying party then either party may notify the other of such an occurrence.
https://spec.edmcouncil.org/fibo/ontology/DER/CreditDerivatives/CreditDefaultSwaps/SettlementAuction	SettlementAuction		SettlementEvent	class	DER	independently administered synthetic auction process on a set of defined deliverable obligations that sets the reference final price that can be used to facilitate cash settlement of all covered transactions following a credit event	ISO 10962:2019, Securities and related financial instruments - Classification of financial instruments (CFI) code
https://spec.edmcouncil.org/fibo/ontology/DER/CreditDerivatives/CreditDefaultSwaps/SingleNameCreditDefaultSwap	SingleNameCreditDefaultSwap		CreditDefaultSwap	class	DER	credit default swap whose underlying risk is a single reference obligation, or a single reference entity, such as a corporation or a sovereign borrower	Draft paper on Credit Default Swaps from the Federal Reserve Board, available at https://www.federalreserve.gov/econres/feds/files/2022023pap.pdf | ISO 10962:2019, Securities and related financial instruments - Classification of financial instruments (CFI) code
https://spec.edmcouncil.org/fibo/ontology/DER/CreditDerivatives/CreditDefaultSwaps/TriggeringEvent	TriggeringEvent		Occurrence	class	DER	event that relates to or triggers some aspect of a credit default swap	A triggering event is typically a credit event, but could be anything that happens in the marketplace. For example, a weather-specific contract could be triggered by a hurricane - which wouldn't be considered a credit event per se.
https://spec.edmcouncil.org/fibo/ontology/DER/DerivativesContracts/CommoditiesContracts/AgriculturalResource	AgriculturalResource		NegotiableCommodity	class	DER	negotiable commodity that is obtained via some agricultural process, including forestry, fishing, livestock, grain, dairy, corn, cocoa, soybeans, sugar, coffee	ISO 10962, Securities and related financial instruments - Classification of financial instruments (CFI) code, Fourth Edition, 2019-10
https://spec.edmcouncil.org/fibo/ontology/DER/DerivativesContracts/CommoditiesContracts/BaseMetal	BaseMetal		Metal	class	DER	common metal that tarnishes, oxidizes, or corrodes relatively quickly when exposed to air or moisture, that is widely used in commercial and industrial applications, such as construction and manufacturing	Base metals or alloys include metals other than precious metals, such as copper, lead, zinc, tin, iron, steel, or brass. Note that iron and steel are included under metal and metal products in some classification schemes - see https://fred.stlouisfed.org/series/WPU101 for example.
https://spec.edmcouncil.org/fibo/ontology/DER/DerivativesContracts/CommoditiesContracts/BasketOfCommodities	BasketOfCommodities		WeightedBasket	class	DER	custom basket whose constituents consist of one or more negotiable commodities	ISO 10962, Securities and related financial instruments - Classification of financial instruments (CFI) code, Fourth Edition, 2019-10 | A commodity basket may contain constituents from one of the potential underlying assets or from multiple underlying assets.
https://spec.edmcouncil.org/fibo/ontology/DER/DerivativesContracts/CommoditiesContracts/Bullion	Bullion		PreciousMetal	class	DER	physical precious metal that is officially recognized as being at least 99.5 percent pure	Physical metals fall into two categories: (1) bullion, which are coins, ingots or bars of a specific weight and purity; and (2) "numismatic" or collectible coins, which can be rare or old coins, or special proofs that are newly minted as collectibles. If a particular asset is identified as "numismatic" or "collectible", it is, by definition, not considered bullion aside from its melt value. | In the United States, bullion that is eligible for reference in a commodities contract may include U.S. gold Buffalo coins minted by the U.S. Mint that are 1 troy ounce, 0.5 ounce, 0.25 ounce, or 0.10 ounce; 1 ounce silver coins; certain platinum coins; and gold, silver, palladium, and platinum bullion that meet or exceed the fineness requirements of a regulated futures contract. Bullion must also be certified by an approved certifier, typically identified by an exchange, including but not limited to the U.S. Mint.
https://spec.edmcouncil.org/fibo/ontology/DER/DerivativesContracts/CommoditiesContracts/CommodityBasketConstituent	CommodityBasketConstituent		WeightedBasketConstituent	class	DER	component of a custom commodity basket whose relative importance with respect to other basket constituents is known	
https://spec.edmcouncil.org/fibo/ontology/DER/DerivativesContracts/CommoditiesContracts/CommodityDerivative	CommodityDerivative		CommodityInstrument	class	DER	derivative instrument whose primary underlying item is a physical commodity, or the price, or related index, or any other aspect related to a physical commodity	The price of any commodity used as the basis for a commodity derivative may vary according to supply and demand as of the execution date of the contract and at various other times during the lifetime of the contract depending on contract terms. Valuation of a commodity derivative may depend on the spot price for the underlying commodity, futures price, supply and demand, convenience yield, cost of money and/or interest rates, volatility, which models were used to predict future pricing, and so forth.
https://spec.edmcouncil.org/fibo/ontology/DER/DerivativesContracts/CommoditiesContracts/CommodityDerivativeUnderlier	CommodityDerivativeUnderlier		Underlier	class	DER	underlier of a commodity derivative, including, but not limited to, the negotiable commodity itself	The underlying of a commodity swap may include a physical commodity, or the price, or behavior of the price, or any other aspect of a physical commodity.
https://spec.edmcouncil.org/fibo/ontology/DER/DerivativesContracts/CommoditiesContracts/CommodityForward	CommodityForward		CommodityDerivative	class	DER	forward contract in which a buyer and seller agree upon delivery of a specified quality and quantity of goods at a specified future date	CFTC glossary | ISO 10962, Securities and related financial instruments - Classification of financial instruments (CFI) code, Fourth Edition, 2019-10 | Commodity forwards are often settled via cash transactions in many industries, including for the purposes of commodity merchandising. Terms may be more "personalized" than is the case with standardized futures contracts (i.e., delivery time and amount are as determined between seller and buyer). A price may be agreed upon in advance, or there may be agreement that the price will be determined at the time of delivery. A forward contract is a private and customizable agreement that settles at the end of the agreement and is traded over-the-counter.
https://spec.edmcouncil.org/fibo/ontology/DER/DerivativesContracts/CommoditiesContracts/CommodityFuture	CommodityFuture		CommodityDerivative	class	DER	futures contract to buy or sell a predetermined amount of a commodity at a specific price on a specific date in the future	CFTC glossary | ISO 10962, Securities and related financial instruments - Classification of financial instruments (CFI) code, Fourth Edition, 2019-10 | A commodity future is an agreement to purchase or sell a commodity for delivery in the future: (1) at a price that is determined at initiation of the contract; (2) that obligates each party to the contract to fulfill the contract at the specified price; (3) that is used to assume or shift price risk; and (4) that may be satisfied by delivery or offset.
https://spec.edmcouncil.org/fibo/ontology/DER/DerivativesContracts/CommoditiesContracts/CommodityIndex	CommodityIndex		ReferenceIndex	class	DER	investment vehicle that tracks a basket of commodities to measure their price and investment return performance	ISO 10962, Securities and related financial instruments - Classification of financial instruments (CFI) code, Fourth Edition, 2019-10
https://spec.edmcouncil.org/fibo/ontology/DER/DerivativesContracts/CommoditiesContracts/CommodityOption	CommodityOption		CommodityDerivative	class	DER	option where the option buyer has the right to buy or sell specified commodities or commodity related index at a fixed price or formula, on or before a specified date	ISO 10962, Securities and related financial instruments - Classification of financial instruments (CFI) code, Fourth Edition, 2019-10
https://spec.edmcouncil.org/fibo/ontology/DER/DerivativesContracts/CommoditiesContracts/CommodityReturnLeg	CommodityReturnLeg		ReturnLeg	class	DER	leg of a commodity return swap in which the return is based on a physical commodity, or the price, or behavior of the price, or any other aspect related to a physical commodity	The cash flows from a commodity may be negative as you have a cost from holding the commodity but there are no interim cash flows, so it equates to a negative interest rate. So a commodity swap is like a TRS in that it is based on the return on the increase in value.
https://spec.edmcouncil.org/fibo/ontology/DER/DerivativesContracts/CommoditiesContracts/CommoditySpotContract	CommoditySpotContract		CommodityInstrument	class	DER	contract that involves physical delivery of the commodity asset at settlement	ISO 10962, Securities and related financial instruments - Classification of financial instruments (CFI) code, Fourth Edition, 2019-10
https://spec.edmcouncil.org/fibo/ontology/DER/DerivativesContracts/CommoditiesContracts/CommoditySwap	CommoditySwap		CommodityDerivative	class	DER	commodity derivative that includes, without limitation, any swap for which the primary underlying notional item is a physical commodity, or the price, or behavior of the price, or the level of a commodity index, or other aspect related to a physical commodity	CFTC glossary | ISO 10962, Securities and related financial instruments - Classification of financial instruments (CFI) code, Fourth Edition, 2019-10 | Commodities that can be swapped include: energy. metal, agriculture, environmental, freight, polypropylene products, fertilizer, paper, single and multiple commodity indexes and baskets, and multi-commodity assets where each leg references a different commodity. | Commodity swaps typically involve the exchange of a floating commodity price for a set price over an agreed-upon period.
https://spec.edmcouncil.org/fibo/ontology/DER/DerivativesContracts/CommoditiesContracts/EnergyResource	EnergyResource		NegotiableCommodity	class	DER	negotiable commodity that is an energy-related product, or a derivative of an energy-related product, including electricity, renewable energy, or any power/energy delivered through a utility network of provider; diesel fuel, fuel oil, gas oil, gasoline, heating oil, jet fuel, kerosene, natural gas, oil (Brent, Tapis, Dubai, WTI)	ISO 10962, Securities and related financial instruments - Classification of financial instruments (CFI) code, Fourth Edition, 2019-10
https://spec.edmcouncil.org/fibo/ontology/DER/DerivativesContracts/CommoditiesContracts/EnergyTransmissionRights	EnergyTransmissionRights		EnergyResource	class	DER	rights to the transmission of power across an electricity distribution network	
https://spec.edmcouncil.org/fibo/ontology/DER/DerivativesContracts/CommoditiesContracts/EnvironmentalResource	EnvironmentalResource		NegotiableCommodity	class	DER	negotiable commodity including offset credits	ISO 10962, Securities and related financial instruments - Classification of financial instruments (CFI) code, Fourth Edition, 2019-10
https://spec.edmcouncil.org/fibo/ontology/DER/DerivativesContracts/CommoditiesContracts/ExtractionResource	ExtractionResource		NegotiableCommodity	class	DER	negotiable commodity that is a mineral resource obtained via withdrawal from the natural environment	ISO 10962, Securities and related financial instruments - Classification of financial instruments (CFI) code, Fourth Edition, 2019-10 | These resources include ores, which contain commercially valuable amounts of metals, such as iron and aluminum, as well as precious metals, such as silver, gold, and platinum; precious stones, such as diamonds; building stones, such as granite; and solid fuels, such as coal and oil shale.
https://spec.edmcouncil.org/fibo/ontology/DER/DerivativesContracts/CommoditiesContracts/FertilizerResource	FertilizerResource		NegotiableCommodity	class	DER	negotiable commodity that includes ammonia, diammonium phosphate (DAP), potash, sulphur, urea, urea and ammonium nitrate (UAN)	ISO 10962, Securities and related financial instruments - Classification of financial instruments (CFI) code, Fourth Edition, 2019-10
https://spec.edmcouncil.org/fibo/ontology/DER/DerivativesContracts/CommoditiesContracts/FreightResource	FreightResource		NegotiableCommodity	class	DER	negotiable commodity that is a freight index route	ISO 10962, Securities and related financial instruments - Classification of financial instruments (CFI) code, Fourth Edition, 2019-10
https://spec.edmcouncil.org/fibo/ontology/DER/DerivativesContracts/CommoditiesContracts/GasCommodity	GasCommodity		EnergyResource	class	DER	extraction resource that is natural gas	
https://spec.edmcouncil.org/fibo/ontology/DER/DerivativesContracts/CommoditiesContracts/GeneratedResource	GeneratedResource		NegotiableCommodity	class	DER	negotiable commodity obtained via some generation process, including electricity, renewable energy, or any power/energy delivered through a utility network or provider	ISO 10962, Securities and related financial instruments - Classification of financial instruments (CFI) code, Fourth Edition, 2019-10
https://spec.edmcouncil.org/fibo/ontology/DER/DerivativesContracts/CommoditiesContracts/GrainCommodity	GrainCommodity		AgriculturalResource	class	DER	agricultural resource that is a small, hard seed, of a food plant, especially of a cereal plant, such as wheat, corn, rye, oats, rice, and millet	
https://spec.edmcouncil.org/fibo/ontology/DER/DerivativesContracts/CommoditiesContracts/IndustrialResource	IndustrialResource		NegotiableCommodity	class	DER	negotiable commodity that is obtained via some industrial process, including construction and manufacturing	ISO 10962, Securities and related financial instruments - Classification of financial instruments (CFI) code, Fourth Edition, 2019-10
https://spec.edmcouncil.org/fibo/ontology/DER/DerivativesContracts/CommoditiesContracts/MeatCommodity	MeatCommodity		AgriculturalResource	class	DER	agricultural resource derived from the flesh of an animal (especially a mammal), such as pork bellies	
https://spec.edmcouncil.org/fibo/ontology/DER/DerivativesContracts/CommoditiesContracts/Metal	Metal		ExtractionResource	class	DER	material that, when freshly prepared, polished, or fractured, shows a lustrous appearance, and conducts electricity and heat relatively well	ISO 10962, Securities and related financial instruments - Classification of financial instruments (CFI) code, Fourth Edition, 2019-10 | https://en.wikipedia.org/wiki/Metal | Examples include precious or industrial metal, such as aluminium, copper, gold, lead, nickel, platinum, silver, tin, zinc.
https://spec.edmcouncil.org/fibo/ontology/DER/DerivativesContracts/CommoditiesContracts/OilCommodity	OilCommodity		GeneratedResource	class	DER	generated resource that is a viscous liquid derived from petroleum, including for use as fuel, or as a lubricant, and the manufacture of many types of paints, plastics, and other materials	
https://spec.edmcouncil.org/fibo/ontology/DER/DerivativesContracts/CommoditiesContracts/OilGrade	OilGrade			class	DER	measure of the viscosity of oil during operation	
https://spec.edmcouncil.org/fibo/ontology/DER/DerivativesContracts/CommoditiesContracts/PaperResource	PaperResource		NegotiableCommodity	class	DER	negotiable commodity that is a paper product, including containerboard, newsprint, pulp, recovered paper	ISO 10962, Securities and related financial instruments - Classification of financial instruments (CFI) code, Fourth Edition, 2019-10
https://spec.edmcouncil.org/fibo/ontology/DER/DerivativesContracts/CommoditiesContracts/PolypropyleneResource	PolypropyleneResource		NegotiableCommodity	class	DER	negotiable commodity including plastics	ISO 10962, Securities and related financial instruments - Classification of financial instruments (CFI) code, Fourth Edition, 2019-10
https://spec.edmcouncil.org/fibo/ontology/DER/DerivativesContracts/CommoditiesContracts/ServiceResource	ServiceResource		NegotiableCommodity	class	DER	negotiable commodity involving services such as transportation, communications, and trade	ISO 10962, Securities and related financial instruments - Classification of financial instruments (CFI) code, Fourth Edition, 2019-10
https://spec.edmcouncil.org/fibo/ontology/DER/DerivativesContracts/CommoditiesContracts/WeatherDerivative	WeatherDerivative		CommodityDerivative	class	DER	derivative instrument whose primary underlying notional item is based on something related to the weather, for example, the average temperature in Chicago in January	CFTC glossary, https://www.cftc.gov/LearnAndProtect/EducationCenter/CFTCGlossary/glossary_wxyz.html | In the CFI standard, weather is classified as an environmental resource. | Such a derivative can be used to hedge risks related to the demand for heating fuel or electricity. The underlying 'asset' is not a negotiable commodity per se, but because the weather can impact the prices and other things related to other commodities, weather derivatives are treated as commodity derivatives for regulatory purposes.
https://spec.edmcouncil.org/fibo/ontology/DER/DerivativesContracts/CurrencyContracts/CurrencyDerivative	CurrencyDerivative	foreign exchange derivative | forex derivative | FX derivative	CurrencyInstrument	class	DER	agreement to deliver and settle a given amount of money in one currency, in exchange for a given amount in another currency at an agreed rate of exchange	
https://spec.edmcouncil.org/fibo/ontology/DER/DerivativesContracts/CurrencyContracts/CurrencyForward	CurrencyForward	FX forward | foreign exchange forward	CurrencyDerivative	class	DER	agreement to deliver and settle a given amount of money in one currency, in exchange for a given amount in another currency, at an agreed date in the future and at an agreed rate of exchange	
https://spec.edmcouncil.org/fibo/ontology/DER/DerivativesContracts/CurrencyContracts/CurrencyForwardOutright	CurrencyForwardOutright	forward outright | outright forward currency transaction	CurrencyForward	class	DER	forward contract in a foreign exchange market that locks in the price at which an entity must buy or sell a currency on a future date	The holders of a currency forward are obligated to buy or sell the currency at a specified price, at a specified quantity and on a specified future date. These contracts cannot be transferred. Jan 10 Review Notes Outright Forward is the term for the professional markets. Spot + Swap where Swap is 2 simultaneous transactions.
https://spec.edmcouncil.org/fibo/ontology/DER/DerivativesContracts/CurrencyContracts/CurrencyOption	CurrencyOption	foreign exchange option | forex option | FX option	CurrencyDerivative	class	DER	option giving the buyer (holder) the right, but not the obligation, to buy or sell currency at a specified exchange rate during a specified period of time	For this right, a premium is paid to the broker, which will vary depending on the number of contracts purchased. Currency options are one of the best ways for corporations or individuals to hedge against adverse movements in exchange rates. Investors can hedge against foreign currency risk by purchasing a currency option put or call. For example, assume that an investor believes that the USD/EUR rate is going to increase from 0.80 to 0.90 (meaning that it will become more expensive for a European investor to buy U.S dollars). In this case, the investor would want to buy a call option on USD/EUR so that he or she could stand to gain from an increase in the exchange rate (or the USD rise).
https://spec.edmcouncil.org/fibo/ontology/DER/DerivativesContracts/CurrencyContracts/CurrencySpotContract	CurrencySpotContract	foreign exchange spot contract	CurrencyInstrument	class	DER	foreign-exchange contract for immediate delivery	Spot rates represent the price that a buyer expects to pay for a foreign currency in another currency at the time of the quote. Though the spot exchange rate is said to be settled immediately, the globally accepted settlement cycle for foreign-exchange contracts is two days. Foreign-exchange contracts are therefore settled on the second day after the day the deal is made.
https://spec.edmcouncil.org/fibo/ontology/DER/DerivativesContracts/CurrencyContracts/CurrencySpotForwardSwap	CurrencySpotForwardSwap		CurrencySwap	class	DER	foreign exchange agreement between two parties involving an exchange of two currencies at agreed fixed rates: a) on the spot settlement date and b) a reverse exchange on a later specified date	ISO 10962, Securities and related financial instruments - Classification of financial instruments (CFI) code, Fifth edition, 2021-06-15
https://spec.edmcouncil.org/fibo/ontology/DER/DerivativesContracts/CurrencyContracts/CurrencySwap	CurrencySwap		CurrencyDerivative	class	DER	foreign exchange agreement between two parties to exchange a given amount of one currency for another currency for spot delivery or for forward delivery at an agreed rate after a specified period of time	ISO 10962, Securities and related financial instruments - Classification of financial instruments (CFI) code, Fifth edition, 2021-06-15 | In the case of a 'forward-forward' swap, both legs will be of type CurrencyFoward.
https://spec.edmcouncil.org/fibo/ontology/DER/DerivativesContracts/CurrencyContracts/CurrencyVolatilityOption	CurrencyVolatilityOption		CurrencyOption	class	DER	currency option whose underlying asset is based on the volatility of a foreign exchange rate	
https://spec.edmcouncil.org/fibo/ontology/DER/DerivativesContracts/CurrencyContracts/ForeignExchangeMasterAgreement	ForeignExchangeMasterAgreement	FX master agreement	MasterAgreement	class	DER	product-specific master agreement intended to reflect best market practice and to provide a standard agreement for participants in the foreign exchange markets	The Foreign Exchange Committee of the Federal Reserve Bank of New York has approved and authorized publication of the Foreign Exchange and Options Master Agreement to cover foreign exchange spot and forward transactions as well as currency options. | The International Foreign Exchange Master Agreement (IFEMA) was published jointly by the British Bankers' Association and The Foreign Exchange Committee of the Federal Reserve Bank of New York in 1993 (an amended version was published in 1995). Foreign exchange settlement netting provisions are specified in such master agreements.
https://spec.edmcouncil.org/fibo/ontology/DER/DerivativesContracts/CurrencyContracts/ForeignExchangeSettlementNettingProvision	ForeignExchangeSettlementNettingProvision	FX settlement netting provision	SettlementNettingProvision	class	DER	settlement netting provision that is specific to foreign exchange contracts	Foreign exchange settlement netting, if between two counterparties, which is also referred to as bilateral settlement netting in this case, can take one of two forms, payment netting or novation netting. Often, one of these two methods will be found in combination with close-out netting in master agreements between trading counterparties. Close-out netting, as distinct from payment or novation netting, provides for contract liquidation procedures in the event that one of the parties defaults under a contract or become bankrupt. Payment and novation netting describe the day-to-day processes of calculating and paying net amounts.
https://spec.edmcouncil.org/fibo/ontology/DER/DerivativesContracts/DerivativesBasics/CashflowExpression	CashflowExpression		Expression	class	DER	expression that specifies a calculation of a cash flow as a component of a cashflow formula	
https://spec.edmcouncil.org/fibo/ontology/DER/DerivativesContracts/DerivativesBasics/CashflowFormula	CashflowFormula		Formula	class	DER	formula for determining cashflows for a derivative instrument	
https://spec.edmcouncil.org/fibo/ontology/DER/DerivativesContracts/DerivativesBasics/CashflowTerms	CashflowTerms		DerivativeTerms	class	DER	terms setting out a cashflow structure of payments committed to by one party to a contract	
https://spec.edmcouncil.org/fibo/ontology/DER/DerivativesContracts/DerivativesBasics/ContractForDifference	ContractForDifference	spread trading | CFD	DerivativeInstrument	class	DER	cash-settled derivative where the parties agree to exchange on the maturity of the contract the difference between the current value of the underlying asset and the initial value of that asset when the contract is initiated	ISO 10962:2019, Securities and related financial instruments - Classification of financial instruments (CFI) code | https://www.nasdaq.com/glossary/c/contract-for-difference | These contracts can also be on the difference of two assets' prices. They can also be on the difference of a single asset of different maturities (like a bond or futures contracts). | For example, suppose the initial price of share XYZ is $100 and a CFD for 1000 shares is exchanged. Both the buyer and seller must post some margin. If the price goes to $105, then the buyer gets $5,000 from the seller. If the price goes to $95, the buyer pays the seller $5,000. This contract avoids ownership of the stock and all the associated transactions issues (like stamp taxes). The contract also allows for leverage (typically 10:1) because the margin that must be posted is only a fraction of the value of the underlying asset.
https://spec.edmcouncil.org/fibo/ontology/DER/DerivativesContracts/DerivativesBasics/CreditDerivative	CreditDerivative		DerivativeInstrument	class	DER	derivative instrument that is a privately held, negotiable bilateral contract traded over-the-counter (OTC) between two parties in a creditor/debtor relationship, enabling the creditor to effectively transfer some or all of the risk of a debtor defaulting to a third party	The third party accepts the risk in return for payment, known as the premium. | Examples include credit default swaps (CDS), collateralized debt obligations (CDO), total return swaps, and credit spread options and forwards.
https://spec.edmcouncil.org/fibo/ontology/DER/DerivativesContracts/DerivativesBasics/DerivativeSettlementTerms	DerivativeSettlementTerms		DerivativeTerms	class	DER	settlement terms specifying additional details with respect to what is to be delivered when, to whom, under what conditions at the time of settlement	
https://spec.edmcouncil.org/fibo/ontology/DER/DerivativesContracts/DerivativesBasics/DerivativeTerms	DerivativeTerms		ContractualCommitment	class	DER	contractual terms specific to derivative contracts, including terms related to payments and delivery between parties	
https://spec.edmcouncil.org/fibo/ontology/DER/DerivativesContracts/DerivativesBasics/DerivativesClearingOrganization	DerivativesClearingOrganization	DCO	ClearingHouse	class	DER	clearing house that enables parties to substitute the credit of the DCO for the credit of the parties	http://www.cftc.gov/IndustryOversight/ClearingOrganizations/index.htm | Substitution may be done through contract novation, for example. A derivatives clearing organization (DCO) also arranges or provides, on a multilateral basis, for the settlement or netting of obligations, or otherwise provides clearing services or arrangements that mutualize or transfer credit risk among participants. | For options, the derivatives clearing organization is responsible for clearing transactions for put and call options on common stocks and other equity issues, stock indexes, foreign currencies, interest rate composites and single-stock futures.
https://spec.edmcouncil.org/fibo/ontology/DER/DerivativesContracts/DerivativesBasics/EconomicRateBasedDerivative	EconomicRateBasedDerivative	economic rate-based derivative	RateBasedDerivative	class	DER	rate-based derivative whose underlier is some economic indicator	
https://spec.edmcouncil.org/fibo/ontology/DER/DerivativesContracts/DerivativesBasics/ForwardRateAgreement	ForwardRateAgreement	FRA	InterestRateDerivative	class	DER	agreement to exchange an interest rate commitment on a notional amount at a future date	The FRA determines the rates to be used along with the termination date and notional value. FRAs are cash-settled with the payment based on the net difference between the interest rate of the contract and the floating rate in the market called the reference rate. The notional amount is not exchanged, but rather a cash amount based on the rate differentials and the notional value of the contract.
https://spec.edmcouncil.org/fibo/ontology/DER/DerivativesContracts/DerivativesBasics/InterestRateDerivative	InterestRateDerivative		RateBasedDerivative	class	DER	rate-based derivative whose underlier is an interest rate	ISO 10962:2019, Securities and related financial instruments - Classification of financial instruments (CFI) code, Fourth edition, 2019-10 | For example, interest rate derivative strategies are the simultaneous trading of two or more rate contracts in which two counterparties agree to exchange interest rate cash flows on defined dates during an agreed period, based on a specified notional amount, from a fixed rate to a floating rate, floating to fixed, fixed to fixed, or floating to floating.
https://spec.edmcouncil.org/fibo/ontology/DER/DerivativesContracts/DerivativesBasics/IntroducingBroker	IntroducingBroker	IB	NonDepositoryInstitution	class	DER	broker that solicits or accepts orders for derivatives that are traded on or subject to the rules of an exchange	http://www.cftc.gov/IndustryOversight/Intermediaries/index.htm | Introducing brokers do not accept money, securities, or property (or extend credit in lieu thereof) to margin, guarantee, or secure any trades or contracts that result or may result.
https://spec.edmcouncil.org/fibo/ontology/DER/DerivativesContracts/DerivativesBasics/ObservableValue	ObservableValue			class	DER	specification for the value for something discernible and for which evidence can be obtained	Derivatives, such as certain exotics, can be based on values ascribed to virtually anything, including weather. Typically, however, an observable value refers to something that can be readily observed in the marketplace, such as a quoted rate (e.g., interest rate, exchange rate), index value, commodity price, stock price, economic indicator, or something similar as of some point in time.
https://spec.edmcouncil.org/fibo/ontology/DER/DerivativesContracts/DerivativesBasics/OverTheCounterDerivativeInstrument	OverTheCounterDerivativeInstrument	over-the-counter derivative instrument | OTC derivative instrument	OverTheCounterInstrument	class	DER	derivative instrument that is not listed on an organized exchange	ISO 4914 defines an OTC derivative instrument as a financial instrument that is, or would be, identified by an ISIN with the prefix 'EZ' or 'ZZ'. Details regarding how the prefix of an ISIN is determined can be found in ISO 6166:2020, Annex A.
https://spec.edmcouncil.org/fibo/ontology/DER/DerivativesContracts/DerivativesBasics/OverTheCounterInstrument	OverTheCounterInstrument	over-the-counter instrument | OTC instrument	FinancialInstrument	class	DER	financial instrument and bilateral contract that is not listed on an organized exchange	
https://spec.edmcouncil.org/fibo/ontology/DER/DerivativesContracts/DerivativesBasics/ParametricCashflowTerms	ParametricCashflowTerms		CashflowTerms	class	DER	terms for a set of cashflows defined according to a mathematical formula	
https://spec.edmcouncil.org/fibo/ontology/DER/DerivativesContracts/DerivativesBasics/PayingParty	PayingParty		ContractParty	class	DER	party responsible for making payments in a transaction specified in a contract	
https://spec.edmcouncil.org/fibo/ontology/DER/DerivativesContracts/DerivativesBasics/RateBasedDerivative	RateBasedDerivative	rate-based derivative	DerivativeInstrument	class	DER	derivative instrument where the holder has the right but may not have the obligation, depending on the nature of the instrument, to enter into the underlying contract, or pay or receive payment related to the underlying financial rate (or rate contract) on a specified future date based on a specified future rate and term	ISO 10962:2019, Securities and related financial instruments - Classification of financial instruments (CFI) code, Fourth edition, 2019-10 | Rate-based derivatives derive their value from movements in some rate, e.g, an interest rate, market rate, economic indicator, statistical measure calculated over some collection of indices, rather than from traditional assets like stocks or commodities. They are commonly used by institutions to manage risks associated with interest rate fluctuations. | Examples of rate-based derivatives include interest rate swaps, forward rate agreements (FRAs), and interest rate options such as caps, floors, and collars.
https://spec.edmcouncil.org/fibo/ontology/DER/DerivativesContracts/DerivativesBasics/ReceivingParty	ReceivingParty	receiving counterparty	ContractParty	class	DER	party that receives payments in a transaction specified in a contract	
https://spec.edmcouncil.org/fibo/ontology/DER/DerivativesContracts/DerivativesBasics/UnderlyingAssetValuation	UnderlyingAssetValuation		ValueAssessment	class	DER	assessment activity to estimate the value of an underlying asset of a derivative	
https://spec.edmcouncil.org/fibo/ontology/DER/DerivativesContracts/DerivativesBasics/UniqueProductIdentifier	UniqueProductIdentifier	UPI	FinancialInstrumentIdentifier	class	DER	sequence of characters uniquely identifying an OTC derivative product that is reportable to a trade repository	The UPI code consists of 12 alphanumeric characters decomposed as follows: - the two-character prefix 'QZ' - nine alphanumeric characters (upper case A-Z and 0-9 only, excluding the vowel characters (A, E, I, O, U) and the character Y) without separators or special characters - one alphanumeric check character (A-Z and 0-9 only, excluding the vowel characters (A, E, I, O, U) and the character Y), calculated using the method specified in Annex C of the specification document.
https://spec.edmcouncil.org/fibo/ontology/DER/DerivativesContracts/DerivativesBasics/UniqueProductIdentifierRegistryEntry	UniqueProductIdentifierRegistryEntry			class	DER	entry in a unique product identifier registry	The Reference Data Library (RDL) is a set of reference data elements, together with their values, which is properly organized and maintained by the UPI service provider. The library associates UPI codes with the values of the reference data elements characterizing the product. Each entry in the library (the registry entry) contains a minimum number of elements as defined in the ISO standard, and may be extended by the service provider.
https://spec.edmcouncil.org/fibo/ontology/DER/DerivativesContracts/DerivativesBasics/UniqueProductIdentifierServiceProvider	UniqueProductIdentifierServiceProvider	UPI service provider		class	DER	organization designated by an external body of financial regulators to assign UPIs and operate a UPI reference data library	
https://spec.edmcouncil.org/fibo/ontology/DER/DerivativesContracts/DerivativesBasics/ValuationTerms	ValuationTerms		DerivativeTerms	class	DER	contract terms specific to valuation of the underlying asset(s)	
https://spec.edmcouncil.org/fibo/ontology/DER/DerivativesContracts/DerivativesMasterAgreements/AccountChangeNotificationObligation	AccountChangeNotificationObligation		NotificationObligation	class	DER	obligation to notify a counterparty of any changes in account details	Example text: "Either party may change its account for receiving a payment or delivery by giving notice to the other party at least five Local Business Days prior to the scheduled date for the payment or delivery to which such change applies unless such other party gives timely notice of a reasonable objection to such change." Note that the notice period is given as a fact about the general kind of obligation which is Master Agreement Change notification Obligation.
https://spec.edmcouncil.org/fibo/ontology/DER/DerivativesContracts/DerivativesMasterAgreements/DerivativeCreditSupportAgreement	DerivativeCreditSupportAgreement		CreditEnhancementAgreement	class	DER	addendum to the master agreement that governs the exchange of collateral between parties in derivatives transactions	Note that in the case of a derivative credit support agreement, the beneficiary actually holds the collateral and has the right to ask for additional collateral if its value falls below the threshold agreed upon per the agreement.
https://spec.edmcouncil.org/fibo/ontology/DER/DerivativesContracts/DerivativesMasterAgreements/DerivativeMasterAgreement	DerivativeMasterAgreement		CreditAgreement	class	DER	master agreement covering derivatives transactions to be carried out between the parties to this contract	The ISDA Master Agreement (Multicurrency-Cross Border version published in 1992) enables trading counterparties to include foreign exchange transactions under a global cross-product close-out netting master agreement. Because there are significant differences in market practices between the derivatives markets and the international foreign exchange spot and forward markets, parties to the ISDA frequently incorporate the ISDA FX and Currency Options Definitions and further tailor the ISDA Schedule to reflect standard market practice for the foreign exchange products. | Related to conditions precedent that may apply: "Each obligation of each party under Section 2(a)(i) is subject to (1) the condition precedent that no Event of Default or Potential Event of Default with respect to the other party has occurred and is continuing, (2) the condition precedent that no Early Termination Date in respect of the relevant Transaction has occurred or been effectively designated and (3) each other applicable condition precedent specified in this Agreement. " In the above, the Obligations defined under Section 2(a)(i) of the Master Agrement is the obligation to make each payment or delivery defined in a Confirmation for a transaction carried out under this Master Agreement. | Sample preamble to one of these: "EXAMPLE BANK, a Michigan banking corporation and SAMPLECOMPANY US, INC. a Delaware corporation have entered and/or anticipate entering into one or more transactions (each a "Transaction") that are or will be governed by this Master Agreement, which includes the schedule (the "Schedule"), and the documents and other confirming evidence (each a "Confirmation") exchanged between the parties confirming those Transactions. "
https://spec.edmcouncil.org/fibo/ontology/DER/DerivativesContracts/DerivativesMasterAgreements/MasterAgreementEarlyTerminationRight	MasterAgreementEarlyTerminationRight		ContractualRight	class	DER	contractual right of a party to the master agreement to terminate the agreement early	This generally arises from some default event on the part of the other party.
https://spec.edmcouncil.org/fibo/ontology/DER/DerivativesContracts/ExoticOptions/AsianOption	AsianOption		ExoticOption	class	DER	option whose exercise terms involve a payoff determined by the average underlying price (either the strike price or the settlement price) of the underlying asset over a predetermined period	ISO 10962, Securities and related financial instruments - Classification of financial instruments (CFI) code, Fourth Edition, 2019. | These options allow the buyer to purchase (or sell) the underlying asset at the average price instead of the spot price. There are various ways to interpret the word 'average,' and that needs to be specified in the options contract. Typically, the average price is a geometric or arithmetic average of the price of the underlying asset at discreet intervals, which are also specified in the options contract. Because of the averaging feature, Asian options reduce the volatility inherent in the option; therefore, Asian options are typically cheaper than European or American options. They are used by traders who are exposed to the underlying asset over some time, such as consumers and suppliers of commodities, etc. | The averaging can be either a geometric or arithmetic average. | For an Asian call option using arithmetic averaging and a 30-day period for sampling the data: On Nov. 1, a trader purchased a 90-day arithmetic call option on stock XYZ with an exercise price of $22, where the averaging is based on the value of the stock after each 30-day period. The stock price after 30, 60, and 90 days was $21.00, $22.00, and $24.00. The arithmetic average (mean) is (21.00 + 22.00 + 24.00) / 3 = 22.33. The profit is the average minus the strike price 22.33 - 22 = 0.33 or $33.00 per 100 share contract. As with standard options, if the average price is below the strike price, the loss is limited to the premium paid for the call options.
https://spec.edmcouncil.org/fibo/ontology/DER/DerivativesContracts/ExoticOptions/AsianOptionClassifier	AsianOptionClassifier		FinancialInstrumentClassifier	class	DER	financial instrument classifier that classifies Asian options based on whether they are rate-based or price based	
https://spec.edmcouncil.org/fibo/ontology/DER/DerivativesContracts/ExoticOptions/AveragingStrategy	AveragingStrategy		Strategy	class	DER	method used for calculating the average rate or price of an Asian option	
https://spec.edmcouncil.org/fibo/ontology/DER/DerivativesContracts/ExoticOptions/BarrierOption	BarrierOption		ExoticOption	class	DER	option whose final exercise depends upon the path taken by the price of an underlying instrument, i.e., whose payoff depends on whether or not the underlying asset has reached or exceeded a predetermined price	ISO 10962, Securities and related financial instruments - Classification of financial instruments (CFI) code, Fourth Edition, 2019. | A barrier option can be a knock-out, meaning it expires worthless if the underlying exceeds a certain price, limiting profits for the holder and limiting losses for the writer. It can also be a knock-in, meaning it has no value until the underlying reaches a certain price. Barrier options can be puts or calls. Barrier options typically have cheaper premiums than traditional vanilla options, primarily because the barrier increases the chances of the option expiring worthless. A trader may choose the cheaper (relative to a comparable vanilla) barrier option if they feel it is quite likely the underlying will hit the barrier. | Barrier features include any terms related to exercising the option ahead of the expiry date. | For a knock-out barrier option, the option is cancelled if the underlying price crosses a predetermined barrier level; for a knock-in barrier option, the option becomes available-for-exercise if the underlying price crosses a predetermined barrier level.
https://spec.edmcouncil.org/fibo/ontology/DER/DerivativesContracts/ExoticOptions/ChooserOption	ChooserOption		ExoticOption	class	DER	exotic option that allows its holder (buyer) to exercise the right to buy (call) or sell (put) specified assets at a fixed price whereby the buyer does not have to decide whether the contract will be a put or a call until an agreed future date, prior to expiration	Commodity Futures Trading Commission (CFTC) glossary, https://www.cftc.gov/LearnAndProtect/EducationCenter/CFTCGlossary/glossary_c.html | ISO 10962, Securities and related financial instruments - Classification of financial instruments (CFI) code, Fourth Edition, 2019. | A chooser option is an option contract that allows the holder to decide whether it is a call or put prior to the expiration date. Chooser options usually have the same strike price and expiration date regardless of what decision the holder makes. Because the option could benefit from upside or downside movement, chooser options provide investors a great deal of flexibility and thus may cost more than comparable vanilla options. Chooser options are typically European style, and have one strike price and one expiration date regardless of whether the option is exercised as a call or put. | For example, assume a trader wants to have an option position for the updated XYZ Inc. earnings release. They think the stock will have a big move, but they are not sure in which direction. The earnings release is in one month, so the trader decides to buy a chooser option that will expire about three weeks after the earnings release. They believe this should provide enough time for the stock to make a significant move if it is going to make one, and fully digest the earnings release. Therefore, the option they choose will expire in seven to eight weeks. The chooser option allows them to exercise the option as a call if the price of XYZ rises, or as a put if the price falls. At the time of the chooser option purchase, XYZ is trading at $28. The trader chooses an at-the-money strike price of $28 and pays a premium of $2 or $200 for one contract ($2 x 100 shares). The buyer can't exercise the option prior to expiry since it is a European option. At expiry, the trader will determine if they will exercise the option as a call or put. Assume the price of XYZ at the time of expiry is $31. This is higher than the strike price of $28, therefore the trader will exercise the option as a call. Their profit is $1 ($31 - $28 - $2) or $100. If XYZ is trading between $28 and $29.99 the trader will still choose to exercise the option as a call, but they will still be losing money since the profit is not enough to offset their $2 cost. $30 is the breakeven point on the call. If the price of BAC is below $28, the trader will exercise the option as a put. In this case, $26 is the breakeven point ($28 - $2). If the underlying is trading between $28 and $26.01 the trader will lose money since the price didn't fall enough to offset the cost of the option. If the price of BAC falls below $26, say to $24, the trader will make money on the put. Their profit is $2 ($28 - $24 - $2) or $200.
https://spec.edmcouncil.org/fibo/ontology/DER/DerivativesContracts/ExoticOptions/CliquetOption	CliquetOption	rachet option	ExoticOption	class	DER	exotic option that is a series of at-the-money (ATM) options, either puts or calls, where each successive option becomes active when the previous one expires	A cliquet is a cash-settled, exotic option that settles at predetermined dates and then resets its strike price based on the price of the underlying security at the time of settlement. Each new option within the cliquet enters into force when the previous option expires. The total premium and the exact reset dates are known at the time of transacting a cliquet. Investors can opt to receive their payout when each option expires or wait until the entire series plays out. | A cliquet is a series of forward start options, all related to each other. Each forward start option represents the advance purchase of a put, or call, option with an at-the-money (ATM) strike price to be determined at a later date, typically when the option becomes active. A forward start option becomes active at a specified date in the future. The premium is paid in advance, while the time to expiration and the underlying security are established at the time the forward start option is purchased. If at the first settlement date the underlying security trades below the strike price of the option (for a call), then it expires worthless and resets to the price of the underlying security at the time of settlement. If at the end of the next settlement the underlying security trades above the new strike, the holder may elect to receive the difference between the market price of the underlying security and the strike price. Alternatively, the holder can let it ride to receive the sum of all payouts at maturity. The main advantage of initiating a cliquet is, if an investor expects volatility to rise, they can lock in their profits at predetermined levels and thus maximize their overall portfolio return.
https://spec.edmcouncil.org/fibo/ontology/DER/DerivativesContracts/ExoticOptions/CommodoreOption	CommodoreOption		ExoticOption	class	DER	exotic option consisting of a number of digital barrier options that pay a coupon if a pre-determined level of the underlying or basket of underlyings is reached	Sometimes the digital barrier increases with the number of years since the trade began. All of the options are active from the start of the trade. | A three-year commodore option with annual barriers would have three potential payoffs. The first would pay at the end of the first year and would be dependent on the pre-determined barrier being reached or exceeded. For example, if the underlying or basket of underlyings reached or exceeded 102% of its initial level at the end of year one, a coupon of 6% would be paid. At the end of year two, if the underlying reached or exceeded 104% of its initial level, another 6% coupon would be paid. The coupon in the final year would be 6% if the underlying reached or exceeded 106%. The coupon should exceed the performance level of the underlying, otherwise the investor would achieve the same result by investing directly in the underlying.
https://spec.edmcouncil.org/fibo/ontology/DER/DerivativesContracts/ExoticOptions/CompoundOption	CompoundOption	split-fee options	ExoticOption	class	DER	exotic option for which the underlying asset is another option	Therefore, there are two strike prices and two exercise dates. They are available for any combination of calls and puts. For example, a put where the underlying is a call option or a call where the underlying is a put option. The underlying is the second option, while the initial option is called the overlying. If the compound option is exercised, there are two premiums. | For example, assume an investor wants to buy a put to sell 100 shares of stock at $50. The stock is currently trading at $55. The investor could buy a Call-Put, which allows them to buy a call now, for say $1 per share ($100), which will allow them to buy a put with a $50 strike in the future. They pay the $1 per share now, but only need to pay the fee for the second option if they exercise the first resulting in them receiving the second option.
https://spec.edmcouncil.org/fibo/ontology/DER/DerivativesContracts/ExoticOptions/DigitalOption	DigitalOption	binary option	BarrierOption	class	DER	exotic option that has a pre-determined payout if the option is in-the-money and the payoff condition is satisfied	ISO 10962, Securities and related financial instruments - Classification of financial instruments (CFI) code, Fourth Edition, 2019. | There is an upfront fee called the premium for digital options, which is the maximum loss for the option. Unlike traditional options, digital options don't convert or exercise to the underlying asset's shares. Instead, they pay out a fixed reward if the asset's price is above or below the option's strike price. | For example, let's say the ABC Index is trading at a level of 2,795 on June 2. An investor believes the ABC Index will trade above 2,800 before the end of the trading day, June 4th. The trader purchases 10 ABC Index options at a strike price of 2,800 options for $40 per contract. If the ABC Index closes above 2,800 at the end of the trading day on June 4, the investor is paid $100 per contract, which is a profit of $60 per contract or $600 (($100 - $40) x 10 contracts). However, if the ABC Index closes below 2,800 on June 4. The investor loses all of the premium amount or $400 ($40 x 10 contracts).
https://spec.edmcouncil.org/fibo/ontology/DER/DerivativesContracts/ExoticOptions/DoubleBarrierOption	DoubleBarrierOption		BarrierOption	class	DER	barrier option applied to currencies or over the counter stocks that works as a binary, or digital option in that it pays out only under defined circumstances, or it is worthless, at expiration	Considered an exotic option, a double barrier option is a combination of two single barrier options, with one barrier above and one barrier below the current price of the underlying. It is a bet by the holder that the underlying asset will move significantly, in the case of a knock-in barrier option, or will move by a very small amount, in the case of a knock-out barrier option, over the life of the contract. Traders use these options when they have an opinion on volatility but not on the direction of the underlying asset's next price move. A barrier option is a type of option where the payoff, and the very existence of the option, depends on whether or not the underlying asset reaches a predetermined price.
https://spec.edmcouncil.org/fibo/ontology/DER/DerivativesContracts/ExoticOptions/FixedLookbackStrikeExpression	FixedLookbackStrikeExpression		CashflowExpression	class	DER	cashflow expression specifying the arguments required to calculate the fixed price at which the lookback option is to be exercised	
https://spec.edmcouncil.org/fibo/ontology/DER/DerivativesContracts/ExoticOptions/FloatingLookbackStrikeExpression	FloatingLookbackStrikeExpression		CashflowExpression	class	DER	cashflow expression specifying the arguments required to calculate the best projected price at which the lookback option may be exercised	
https://spec.edmcouncil.org/fibo/ontology/DER/DerivativesContracts/ExoticOptions/ForwardStartOption	ForwardStartOption		ExoticOption	class	DER	exotic option that is fully specified with respect to a set expiry date, underlying asset and other parameters, purchased and paid for on initiation, but that becomes active at a set activation date with a strike price determined at the time of activation	Forward start options typically attempt to keep future strike prices at the money or near the money. In this way, the holder will have the right, but not the obligation, to buy (call) or sell (put) the underlying asset in the future at or near the then-current market price. Knowing where the strike price will be in relation to the underlying's price makes it easier to come up with the premium (cost) of the option, which is also typically determined and paid at the initiation of the contract prior to the activation date. If, at the expiration date, the underlying trades below the strike price of the option (for a call), then it expires worthless. If the underlying is above the strike (for a call), then the holder exercises it and owns the underlying at the strike price. For a put option, if the underlying is below the strike price, the option has value and will be sold or exercised to realize a gain. If the underlying is above the strike price, the option will expire worthless. Typically, as with most options, the holder may sell the option if it is in the money and take the cash instead of exercising the option. Since it is an exotic option, the seller and buyer of the option may also agree to settle the option with cash instead of delivering the underlying. Once a forward start option becomes active (strike price is set), then the option is valued like a vanilla option. | The only unknown for the contract is the strike price. In terms of pricing the contract, the future price of the underlying asset is also unknown. The contract typically stipulates some parameters for where the strike price will be in relation to the underlying asset's price. | For example, assume that two parties agree to enter into a call forward start option on XYZ stock. It is September and they agree that the forward start option will activate on January 1 at the money. That means on January 1 the strike price for the option will be the price that stock is trading at on that day. The option will expire in June. The exact strike price is unknown, but the parties do know the strike and underlying's price will be the same at activation. They can look at current six-month options (January to June) and assess volatility to determine a premium for the option. They agree to trade one contract, equivalent to 100 shares of the underlying stock. They decide on a premium of $40, or $4,000 for the contract ($40 x 100 shares). The call buyer agrees to pay the $4,000 now (September), even though the option doesn't activate till January. On January 1, assume the stock price is $400. The strike is set at $400, and an option is now a vanilla option with a June expiry. At the June expiry, assume XYZ is trading at $420. In this case, the option is worth $20 ($420 - $400 strike). If they settle in cash, the buyer receives $2,000, or if they exercise, they receive 100 shares at $400 and can keep them, or sell them at $420 to make $2,000. Notice that this still results in a loss for the buyer, since they paid $4,000 but are only receiving back $2,000. To make money on the call, the price of the underlying needs to move above the strike price plus the premium. Therefore, if the price moves up to $450 by expiration, the option is worth $50 ($450 - $400 strike), and the buyer receives $5,000. That's a net profit of $1,000 over their $4,000 cost. If the underlying is trading below the $400 strike at expiry, the call option expires worthless and the buyer's premium is lost ($4,000 profit to the seller). | For example, the people buying/selling the option could specify that the strike will be at the money (ATM) at activation, or 3% or 5% in the money or out of the money (OTM). Since it is a customized contract, they can negotiate any terms they want.
https://spec.edmcouncil.org/fibo/ontology/DER/DerivativesContracts/ExoticOptions/InterestRateCapOption	InterestRateCapOption		InterestRateOption	class	DER	interest rate derivative in which the buyer receives payments at the end of each period in which the interest rate exceeds the agreed strike price	The interest in each period is effectively capped by the strike rate. That is, the rate of interest may not go above the strike rate because the holder is expected to exercise the option to take the strike as the rate of interest instead. | An example of a cap would be an agreement to receive a payment for each month the LIBOR rate exceeds 2.5%.
https://spec.edmcouncil.org/fibo/ontology/DER/DerivativesContracts/ExoticOptions/InterestRateFloorOption	InterestRateFloorOption		InterestRateOption	class	DER	interest rate derivative in which the buyer receives payments at the end of each period in which the interest rate is below the agreed strike price	
https://spec.edmcouncil.org/fibo/ontology/DER/DerivativesContracts/ExoticOptions/KnockInOption	KnockInOption	knock-in option	BarrierOption	class	DER	barrier option that is not triggered until a certain price threshold is met	If the price is never reached, it is as if the contract never existed. However, if the underlying asset reaches a specified barrier, the knock-in option comes into existence. The difference between a knock-in and knock-out option is that a knock-in option comes into existence only when the underlying security reaches a barrier, while a knock-out option ceases to exist when the underlying security reaches a barrier. | Assume an investor purchases a knock-in put option with a down Direction, with a barrier price of $90 and a strike price of $100. The underlying security is trading at $110, and the option expires in three months. If the price of the underlying security reaches $90, the option comes into existence and becomes a vanilla option with a strike price of $100. Thereafter, the holder of the option has the right to sell the underlying asset at the strike price of $100, even though it is trading below $90. It is this right that gives the option value. The put option remains active until the expiration date, even if the underlying security rebounds back above $90. However, if the underlying asset does not fall below the barrier price during the life of the contract, the down-and-in option expires worthless. Just because the barrier is reached does not assure a profit on the trade since the underlying would need to stay below $100 (after triggering the barrier) in order for the option to have value.
https://spec.edmcouncil.org/fibo/ontology/DER/DerivativesContracts/ExoticOptions/KnockOutOption	KnockOutOption	knock-out option	BarrierOption	class	DER	barrier option with a built-in mechanism to expire as worthless if a specified price level in the underlying asset is reached	A knock-out option sets a cap on the level an option can reach in the holder's favor. As knock-out options limit the profit potential for the option buyer, they can be purchased for a smaller premium than an equivalent option without a knock-out stipulation. | Assume an investor purchases a Knock-Out call option with a down Direction, also called a 'Down and Out Option', on a stock that is trading at $60 with a strike price of $55 and a barrier of $50. Assume the stock trades below $50, at any time, before the call option expires. Therefore, the down-and-out call option promptly ceases to exist.
https://spec.edmcouncil.org/fibo/ontology/DER/DerivativesContracts/ExoticOptions/LookbackOption	LookbackOption		ExoticOption	class	DER	exotic option that minimizes the uncertainties related to the timing of market entry, providing the holder the advantage of knowing history when determining when to exercise their option	ISO 10962, Securities and related financial instruments - Classification of financial instruments (CFI) code, Fourth Edition, 2019. | As a type of exotic option, the lookback allows the user to 'look back,' or review, the prices of an underlying asset over the lifespan of the option after it has been purchased. The holder may then exercise the option based on the most beneficial price of the underlying asset. The holder can take advantage of the widest differential between the strike price and the price of the underlying asset. Lookback options do not trade on major exchanges. Instead, they are unlisted and trade over-the-counter (OTC). This type of option reduces uncertainties associated with the timing of market entry and reduces the chances the option will expire worthlessly. Lookback options are expensive to execute, so these advantages come at a cost. | Lookback options are cash settled options, which means the holder receives a cash settlement at execution based on the most advantageous differential between high and low prices during the purchase period. Sellers of lookback options would price the option at or near the widest expected distance of price differential based on past volatility and demand for the options. The cost to purchase this option would be taken up front. The settlement will equate to the profits they could have made from buying or selling the underlying asset. If the settlement was greater than the initial cost of the option, then the option buyer would have profit at settlement, otherwise loss.
https://spec.edmcouncil.org/fibo/ontology/DER/DerivativesContracts/ExoticOptions/LookbackStrikeTerms	LookbackStrikeTerms		DerivativeTerms	class	DER	terms specifying the value of the underlying asset based on analysis during a specific period, typically ending in the maturity of the option, whereby the payoff is determined by comparing the strike price with the value of the selected price	In the case of a fixed strike, the terms depend on whether the option is a call or put. If it is a call, the calculated payout reflects the difference between a running maximum value of the observable during the lookback period, and the pre-agreed strike. | The payoff may either be the difference between a fixed, pre-agreed Strike Price and the observable, or the difference between the best or worst valuable of the observable and the value of that same observable at maturity of the contract (these are the Fixed and Floating lookback terms respectively). This (per review at Nordea) is not mutually exclusive with the terms for Fixed Strike and Resettable Strike, that is, either of those kinds of strike terms may apply, and Lookback strike terms may also apply.
https://spec.edmcouncil.org/fibo/ontology/DER/DerivativesContracts/ExoticOptions/LowExercisePriceOption	LowExercisePriceOption	LEPO	CallOption	class	DER	exotic option that is a European-style call option with an exercise price of one cent that mimics a futures contract	LEPOs function as deep-in-the-money options similar to the stock itself. Both buyer and seller of a LEPO operate on margin. LEPO options are not available on any U.S. exchanges. Since the strike price is so close to zero, the investor purchasing the LEPO gains most of the features of owning the share directly with the major exceptions of dividends and voting rights. They are only available with European style expirations.
https://spec.edmcouncil.org/fibo/ontology/DER/DerivativesContracts/ExoticOptions/MountainRangeOption	MountainRangeOption		ExoticOption	class	DER	exotic option based on multiple underlying securities	The price of a mountain range option is based on multiple variables, the most important of which are the correlations between the individual securities in the basket. Some options have discrete payout levels, such as double the investment or triple the investment, if certain performance metrics are hit by the underlying securities while the option is in effect. Mountain range options cannot be priced with standard closed-form approaches. These exotic instruments instead require Monte Carlo simulation methods. Effects such as volatility skew, which is found in most options, can be even more pronounced within mountain range options. | These options blend some of the key characteristics of basket-style or rainbow options—both of which have more than one underlying security or asset—and range options with multiyear time ranges. Prices are based on multiple variables - notably the correlations between the individual securities in the basket. | Mountain range options are named after a series of mountains, each representing a different type of contract. Some of the most common include: (a) Altiplano options: Altiplano options provide investors with the features of both a traditional vanilla option along with a coupon payment, (b) Annapurna options: coupon rates are determined by the performance of the basket's worst-performing security when it drops under a specified range, (c) Everest options: Everest options place a long-term limit on an investor's option while offering a payout based on the lagging performers in the basket, (d) Atlas options: this type of option eliminates both the best - and worst - performing stocks in a basket of securities, and (e) Himalayan options: traders receive a payout based on the basket's best performing stock; payouts are provided on multiple dates.
https://spec.edmcouncil.org/fibo/ontology/DER/DerivativesContracts/ExoticOptions/ObservedBestValue	ObservedBestValue		MarketPrice	class	DER	observed value of the underlying asset as of some date during the lookback period that is considered the best value from the perspective of the option holder during the lookback period (depending on whether the option is a call or put)	
https://spec.edmcouncil.org/fibo/ontology/DER/DerivativesContracts/ExoticOptions/ProjectedValueAtMaturity	ProjectedValueAtMaturity		CalculatedPrice	class	DER	expected value of the underlying asset at maturity calculated as of some date during the lookback period	
https://spec.edmcouncil.org/fibo/ontology/DER/DerivativesContracts/ExoticOptions/RainbowOption	RainbowOption		ExoticOption	class	DER	exotic option linked to the performances of two or more underlying assets	Rainbbow options can speculate on the best performer in the group or minimum performances of all the underlying assets at one time. Each underlying may be called a color so the sum of all of these factors makes up a rainbow. These structures can be rather exotic and made for institutional clients when referring to financial assets. Rainbow options can be structured in many ways depending on how the performances of each underlying asset are considered. Some pay off based on the best or worst performance among the underlying assets. In other words, it looks at the top or bottom performance and pays off based on that single asset. These are sometimes called 'best of' or 'worst of' rainbow options. | Rainbow options are usually calls or puts on the best or worst of n underlying assets. Like a basket option, which is written on a group of assets and pays out on a weighted-average gain on the basket as a whole, a rainbow option also considers a group of assets, but usually pays out on the level of one of them. A simple example is a call rainbow option written on FTSE 100, Nikkei and S&P 500 which will pay out the difference between the strike price and the level of the index that has risen by the largest amount of the three. | A best of assets plus cash rainbow effectively has n + 1 payoff possibilities. If we consider a 2 asset "best of plus cash", the payoff at expiry is a choice between Asset 1, Asset 2, or the predetermined cash amount. There is no strike price and the payoff is given as: Rainbow = max(S1, S2, Cash;T) | An asset maximum or minimum payout rainbow is similar to the best of n assets plus cash, with the exception that no cash payoff is possible and there is a strike price for this type of option. The payoff of a call and put are given as: Rainbow-Call = max[0, max(S1, S2) - X] Rainbow-Put = max[0, X - max(S1, S2)] Minimum of n Assets. The counterpart to a maximum of n assets, this rainbow pays out the value of the underperformer of the n assets. The payoff for minimum of 2 asset rainbow calls and puts are given as: Rainbow-Call = max[0, mainS1, S2) - X] Rainbow-Put = max[0, X - min(S1, S2)] | Better of n Assets This type of rainbow is similar to the best of n assets plus cash but with the exception that there is no possible cash payoff, and X is set to 0. With this in mind, a better of 2 assets rainbow is essentially a two-asset call option, with a payoff being: Rainbow = max[0, max(S1, S2)] Worse of n Assets Essentially the opposite to the better of n assets, with the payoff being on the asset with the lower value. We can give the payoff for this option on 2 assets as: Rainbow = max[0, min(S1, S2)]
https://spec.edmcouncil.org/fibo/ontology/DER/DerivativesContracts/ExoticOptions/Swaption	Swaption	swap option	ExoticOption	class	DER	over-the-counter option that confers the right but not the obligation, to enter into a swap transaction at some time in the future	A swaption, also known as a swap option, refers to an option to enter into an interest rate swap or some other type of swap. In exchange for an options premium, the buyer gains the right but not the obligation to enter into a specified swap agreement with the issuer on a specified future date.
https://spec.edmcouncil.org/fibo/ontology/DER/DerivativesContracts/FuturesAndForwards/BasketFuture	BasketFuture		FinancialFuture	class	DER	futures contract whose underlying asset is a basket of securities and/or indices	ISO 10962, Securities and related financial instruments - Classification of financial instruments (CFI) code, Fourth Edition, October 2019
https://spec.edmcouncil.org/fibo/ontology/DER/DerivativesContracts/FuturesAndForwards/BondFuture	BondFuture		DebtInstrumentFuture	class	DER	futures contract whose underlying asset is at least one bond	
https://spec.edmcouncil.org/fibo/ontology/DER/DerivativesContracts/FuturesAndForwards/CurrencyFuture	CurrencyFuture	foreign exchange future | forex future	CurrencyDerivative	class	DER	futures contract whose underlying asset is an agreement to exchange a specified amount of one currency for another at some point in the future based on pricing stated in the contract	ISO 10962, Securities and related financial instruments - Classification of financial instruments (CFI) code, Fourth Edition, October 2019
https://spec.edmcouncil.org/fibo/ontology/DER/DerivativesContracts/FuturesAndForwards/DebtInstrumentFuture	DebtInstrumentFuture		FinancialFuture	class	DER	futures contract whose underlying asset is at least one debt instrument	ISO 10962, Securities and related financial instruments - Classification of financial instruments (CFI) code, Fourth Edition, October 2019
https://spec.edmcouncil.org/fibo/ontology/DER/DerivativesContracts/FuturesAndForwards/DividendAdjustmentPeriod	DividendAdjustmentPeriod			class	DER	date period used to calculate the difference, if any between an anticipated dividend and the actual dividend distributed in that period	
https://spec.edmcouncil.org/fibo/ontology/DER/DerivativesContracts/FuturesAndForwards/DividendFuture	DividendFuture		FinancialFuture	class	DER	futures contract whose underlying asset is at least one stock dividend	ISO 10962, Securities and related financial instruments - Classification of financial instruments (CFI) code, Fourth Edition, October 2019
https://spec.edmcouncil.org/fibo/ontology/DER/DerivativesContracts/FuturesAndForwards/EquityForward	EquityForward		Forward	class	DER	forward contract to buy or sell the underlying equity stock, equity index, basket of equity stock, equity futures contract, or equity option at a specified future date at the price specified at the outset of the contract	ISO 10962, Securities and related financial instruments - Classification of financial instruments (CFI) code, Fourth Edition, October 2019
https://spec.edmcouncil.org/fibo/ontology/DER/DerivativesContracts/FuturesAndForwards/EquityFuture	EquityFuture		FinancialFuture	class	DER	futures contract whose underlying asset is at least one equity security, specifically a publicly issued and traded share	ISO 10962, Securities and related financial instruments - Classification of financial instruments (CFI) code, Fourth Edition, October 2019
https://spec.edmcouncil.org/fibo/ontology/DER/DerivativesContracts/FuturesAndForwards/FinancialFuture	FinancialFuture		Future	class	DER	futures contract based on underlying assets excluding commodities	ISO 10962, Securities and related financial instruments - Classification of financial instruments (CFI) code, Fourth Edition, October 2019
https://spec.edmcouncil.org/fibo/ontology/DER/DerivativesContracts/FuturesAndForwards/Forward	Forward	forward contract	OverTheCounterDerivativeInstrument	class	DER	derivative instrument that is privately negotiated between parties to buy the underlier at a specified future date at the price specified in the contract	ISO 10962, Securities and related financial instruments - Classification of financial instruments (CFI) code, Fourth Edition, October 2019 | Certain contracts labeled 'forwards', such as London Metal Exchange (LME) Forwards, are actually futures and are exchange-traded. Some power and gas markets, such as Nord Pool, trade electricity forwards with clearinghouse support. Per the ontology, both would be classified as futures by definition, but naming blurs the lines. | Since forward contracts are not exchange traded, there is no mark-to-market requirement, which allows a buyer to avoid almost all capital outflow initially (though some counterparties might set collateral requirements). The forward price makes the forward contract have no value when the contract is written. However, if the value of the underlying commodity changes, the value of the forward contract becomes positive or negative, depending on the position held. Forwards are priced in a manner similar to futures. Like in the case of a futures contract, the first step in pricing a forward is to add the spot price to the cost of carry (interest forgone, convenience yield, storage costs and interest/dividend received on the underlying). Unlike a futures contract though, the price may also include a premium for counterparty credit risk, and the fact that there is not daily marking to market process to minimize default risk. If there is no allowance for these credit risks, then the forward price will equal the futures price. | The primary distinctions between futures and forwards are (1) forwards are bilateral and privately negotiated, (2) forwards are over-the-counter instruments rather than exchange traded, (3) forwards are fully customizable whereas futures are typically standardized, (4) the risk associated with a forward is assumed by the counterparties whereas it is mitigated via central clearing for futures, and (5) there is typically no margin requirement for a forward whereas futures require margin posting.
https://spec.edmcouncil.org/fibo/ontology/DER/DerivativesContracts/FuturesAndForwards/ForwardContractAdjustmentMethod	ForwardContractAdjustmentMethod		Strategy	class	DER	method by which adjustments will be made to the contract should one or more of a number of extraordinary events occur	
https://spec.edmcouncil.org/fibo/ontology/DER/DerivativesContracts/FuturesAndForwards/FutureOnFuture	FutureOnFuture		FinancialFuture	class	DER	futures contract whose underlying asset is at least one (other) futures contract	ISO 10962, Securities and related financial instruments - Classification of financial instruments (CFI) code, Fourth Edition, October 2019
https://spec.edmcouncil.org/fibo/ontology/DER/DerivativesContracts/FuturesAndForwards/FutureOnOption	FutureOnOption		FinancialFuture	class	DER	futures contract whose underlying asset is at least one option contract	ISO 10962, Securities and related financial instruments - Classification of financial instruments (CFI) code, Fourth Edition, October 2019
https://spec.edmcouncil.org/fibo/ontology/DER/DerivativesContracts/FuturesAndForwards/FutureOnSwap	FutureOnSwap		FinancialFuture	class	DER	futures contract whose underlying asset is at least one swap contract	ISO 10962, Securities and related financial instruments - Classification of financial instruments (CFI) code, Fourth Edition, October 2019
https://spec.edmcouncil.org/fibo/ontology/DER/DerivativesContracts/FuturesAndForwards/IndexFuture	IndexFuture		FinancialFuture	class	DER	futures contract whose underlying asset is at least one reference index or economic indicator	ISO 10962, Securities and related financial instruments - Classification of financial instruments (CFI) code, Fourth Edition, October 2019 | For each index there may be a different multiple for determining the price of the futures contract.
https://spec.edmcouncil.org/fibo/ontology/DER/DerivativesContracts/FuturesAndForwards/InterestRateFuture	InterestRateFuture		FinancialFuture	class	DER	futures contract with an interest-bearing instrument as the underlying asset	ISO 10962, Securities and related financial instruments - Classification of financial instruments (CFI) code, Fourth Edition, October 2019 | Most interest rate futures that trade on American exchanges use U.S. Treasury securities, such as Treasury bills, Treasury bonds, certificates of deposit, Treasury notes, and Ginnie Mae securities, as the underlying asset.
https://spec.edmcouncil.org/fibo/ontology/DER/DerivativesContracts/FuturesAndForwards/MoneyMarketFuture	MoneyMarketFuture		DebtInstrumentFuture	class	DER	futures contract with a money market instrument as the underlying asset	
https://spec.edmcouncil.org/fibo/ontology/DER/DerivativesContracts/FuturesAndForwards/StandardizedFuturesListingTerms	StandardizedFuturesListingTerms		DerivativeTerms	class	DER	contract terms established by a derivatives exchange that apply to any listing of a futures contract on that exchange.	Individual listings will take on these standard terms but they are not contractual terms of the futures contract, they are facts about that listing on that exchange.
https://spec.edmcouncil.org/fibo/ontology/DER/DerivativesContracts/FuturesAndForwards/StandardizedFuturesTerms	StandardizedFuturesTerms		DerivativeTerms	class	DER	contract terms established by a derivatives exchange that apply to any futures contract traded on that exchange	Standard symbology for the commodities are standardized by the exchanges as part of their standard contracts, for example trading in standard bushels, commonly defined kinds of oil and so on. These give the units in which lot sizes are described and defined.
https://spec.edmcouncil.org/fibo/ontology/DER/DerivativesContracts/Options/BasketOption	BasketOption		ExoticOption	class	DER	option whose underlying asset is a group, or basket, of commodities, securities, indices, or currencies	As with other options, a basket option gives the holder the right, but not the obligation, to buy or sell the basket at a specific price, on or before a certain date. This exotic option has all the characteristics of a standard option, but with the basis of the strike price on the weighted value of its components. Currency baskets are the most popular type of basket option, and they will settle in the holder's home currency. Because it involves just one transaction, a basket option often costs less than multiple single options as it saves on commissions and fees.
https://spec.edmcouncil.org/fibo/ontology/DER/DerivativesContracts/Options/BondOption	BondOption		FixedIncomeOption	class	DER	option giving the buyer (holder) the right, but not the obligation, to buy or sell (depending on whether it is a call or a put) a bond at a certain price on or before a specified date	
https://spec.edmcouncil.org/fibo/ontology/DER/DerivativesContracts/Options/Butterfly	Butterfly		OptionTradingStrategy	class	DER	strategy that combines bull and bear spreads with a fixed risk and capped profit	These spreads are intended as a market-neutral strategy and pay off the most if the underlying asset does not move prior to option expiration. They involve either four calls, four puts, or a combination of puts and calls with three strike prices. Butterfly spreads pay off the most if the underlying asset price doesn't change before the option expires. The upper and lower strike prices are equal distance from the middle, or at-the-money, strike price.
https://spec.edmcouncil.org/fibo/ontology/DER/DerivativesContracts/Options/CallOption	CallOption		Option	class	DER	option giving the buyer (holder) the right, but not the obligation, to buy the assets specified at a fixed price or formula, on or before a specified date	ISO 10962, Securities and related financial instruments - Classification of financial instruments (CFI) code, Fourth Edition, 2019. | The seller (issuer) of the call option assumes the obligation of delivering the assets specified should the buyer exercise the option.
https://spec.edmcouncil.org/fibo/ontology/DER/DerivativesContracts/Options/CappedOption	CappedOption		VanillaOption	class	DER	option with an established profit cap or cap price	The cap price is equal to the option's strike price plus a cap interval for a call option or the strike price minus a cap interval for a put option. A capped option is automatically exercised when the underlying security closes at or above (for a call) or at or below (for a put) the option's cap price.
https://spec.edmcouncil.org/fibo/ontology/DER/DerivativesContracts/Options/Collar	Collar		OptionTradingStrategy	class	DER	option trading strategy that involves buying a downside put and selling an upside call that is implemented to protect against large losses, but which also limits large upside gains	
https://spec.edmcouncil.org/fibo/ontology/DER/DerivativesContracts/Options/CondorSpread	CondorSpread		OptionTradingStrategy	class	DER	non-directional options strategy that limits both gains and losses while seeking to profit from either low or high volatility	There are two types of condor spreads. A long condor seeks to profit from low volatility and little to no movement in the underlying asset. A short condor seeks to profit from high volatility and a sizable move in the underlying asset in either direction. A Condor Spread uses either all calls or all puts.
https://spec.edmcouncil.org/fibo/ontology/DER/DerivativesContracts/Options/CoveredCall	CoveredCall		CallOption	class	DER	call option in which the seller (investor) owns an equivalent amount of the underlying security	
https://spec.edmcouncil.org/fibo/ontology/DER/DerivativesContracts/Options/EquityOption	EquityOption		VanillaOption	class	DER	option giving the buyer (holder) the right, but not the obligation, to buy (via a call option) or sell (via a put option) the underlying equity assets specified at a pre-determined price (i.e., the strike price, fixed or calculated), on or before a specified date (the expiration date)	ISO 10962, Securities and related financial instruments - Classification of financial instruments (CFI) code, Fourth Edition, 2019. | For an Equity Option, one contract represents 100 shares of stock. Equity options settle in 'American style'.
https://spec.edmcouncil.org/fibo/ontology/DER/DerivativesContracts/Options/ExoticOption	ExoticOption		OverTheCounterDerivativeInstrument	class	DER	option that has a non-standard payout structure or other feature	Commodity Futures Trading Commission (CFTC) glossary, https://www.cftc.gov/LearnAndProtect/EducationCenter/CFTCGlossary/glossary_e.html | Exotic options include Asian options and lookback options, and are mostly traded in the over-the-counter market.
https://spec.edmcouncil.org/fibo/ontology/DER/DerivativesContracts/Options/ExtrinsicValue	ExtrinsicValue	option time value	MonetaryAmount	class	DER	measure of the difference between the market price of an option, called the premium, and its intrinsic value	Extrinsic value is also the portion of the worth that has been assigned to an option by factors other than the underlying asset's price. The opposite of extrinsic value is intrinsic value, which is the inherent worth of an option.
https://spec.edmcouncil.org/fibo/ontology/DER/DerivativesContracts/Options/Fence	Fence		OptionTradingStrategy	class	DER	option trading strategy that uses options to limit the range of possible returns on a financial instrument	A fence consists of the following elements: - long position in a financial instrument (e.g., a share, index or currency) - long put (normally with a strike price close to or at the current spot price of the financial instrument) - short put (with a strike price lower than the bought put - e.g., 80% of the current spot price) - short call (with a strike price higher than the current spot price). | The expiration dates of all the options are usually the same. The call strike is normally chosen in such a way that the sum total of the three option premiums is equal to zero. This investment strategy will ensure that the value of the investment at expiry will be between the strike price on the short call and the strike price on the long put. Thus, possible gains and losses (the value of the financial instrument minus the cost of acquiring it) are confined to a specified range. However, if the price of the financial instrument falls below the strike level of the sold put the investor will start participating in any further price declines of the financial instrument.
https://spec.edmcouncil.org/fibo/ontology/DER/DerivativesContracts/Options/FixedIncomeOption	FixedIncomeOption		VanillaOption	class	DER	option giving the buyer (holder) the right, but not the obligation, to buy (via a call option) or sell (via a put option) the underlying fixed income assets specified at a pre-determined price (i.e., the strike price, fixed or calculated), on or before a specified date (the expiration date)	ISO 10962, Securities and related financial instruments - Classification of financial instruments (CFI) code, Fourth Edition, 2019. | Fixed income options, or debt options, are derivatives contracts that use bonds or other fixed-income securities as their underlying asset.
https://spec.edmcouncil.org/fibo/ontology/DER/DerivativesContracts/Options/InterestRateOption	InterestRateOption		InterestRateDerivative	class	DER	option that giving the buyer (holder) the right, but not the obligation, to receive a cash payment if market interest rate of a reference rate is higher or lower, depending on the option, than the strike rate of the option	The amount of the payment will be based on the difference between the market rate on the exercise date and the strike rate, multiplied by the notional principal specified in the option contract, to calculate the total payment.
https://spec.edmcouncil.org/fibo/ontology/DER/DerivativesContracts/Options/IntrinsicValue	IntrinsicValue		MonetaryAmount	class	DER	measure of what an asset is worth, i.e. with respect to its current price	This measure is arrived at by means of an objective calculation or complex financial model. In financial analysis this term is used in conjunction with the work of identifying, as nearly as possible, the underlying value of a company and its cash flow. In options pricing it refers to the difference between the strike price of the option and the current price of the underlying asset.
https://spec.edmcouncil.org/fibo/ontology/DER/DerivativesContracts/Options/IronButterfly	IronButterfly	iron fly	Butterfly	class	DER	butterfly strategy that consists of two call options and two put options, three strike prices and the same expiration date	The key to using this trade as part of a successful trading strategy is to forecast a time when option prices are likely to decline in value generally. This usually occurs during periods of sideways movement or a mild upward trend.
https://spec.edmcouncil.org/fibo/ontology/DER/DerivativesContracts/Options/IronCondor	IronCondor		CondorSpread	class	DER	condor strategy consisting of two puts (one long and one short) and two calls (one long and one short), and four strike prices, all with the same expiration date	The iron condor earns the maximum profit when the underlying asset closes between the middle strike prices at expiration. In other words, the goal is to profit from low volatility in the underlying asset.
https://spec.edmcouncil.org/fibo/ontology/DER/DerivativesContracts/Options/LongTermEquityAnticipationSecurity	LongTermEquityAnticipationSecurity	long-term equity anticipation security | LEAP	EquityOption	class	DER	equity option that allows the holder to buy or sell shares of stock with expiration dates that are longer than one year, and typically up to three years from issue	By providing opportunities to control and manage risk or even to speculate, LEAPS are virtually identical to regular options. Expiration dates on LEAPs can range from nine months to three years, which is longer than the holding period for a traditional call or put option. Although they are not available on all stocks, LEAPS are available on most widely held issues.
https://spec.edmcouncil.org/fibo/ontology/DER/DerivativesContracts/Options/Moneyness	Moneyness			class	DER	classifier for a derivative relating its strike price to the price of its underlying asset	Moneyness describes the intrinsic value of an option in its current state. The term moneyness is most commonly used with put and call options and is an indicator as to the comparative value of the option with respect to its exercise/strike price. Moneyness can be measured with respect to the underlying stock or other asset's current/spot price or its future price.
https://spec.edmcouncil.org/fibo/ontology/DER/DerivativesContracts/Options/OptionHolder	OptionHolder		Owner	class	DER	party that owns an option	In a call, the option holder has the right, but not the obligation, to buy the underlying asset, while, in a put, the option holder has the right to sell the underlying asset. An option holder may sell the option contract itself, at which point the buyer becomes the option holder. Once the instrument is exercised there are typically additional, relevant obligations with regard to settlement.
https://spec.edmcouncil.org/fibo/ontology/DER/DerivativesContracts/Options/OptionIssuer	OptionIssuer		Issuer	class	DER	issuer granting the rights defined in the option in exchange for some consideration	
https://spec.edmcouncil.org/fibo/ontology/DER/DerivativesContracts/Options/OptionOnFuture	OptionOnFuture		VanillaOption	class	DER	option that gives the holder the right, but not the obligation, to buy or sell a specific futures contract at a specified price on or before the option's expiration date	ISO 10962, Securities and related financial instruments - Classification of financial instruments (CFI) code, Fourth Edition, 2019.
https://spec.edmcouncil.org/fibo/ontology/DER/DerivativesContracts/Options/OptionPremium	OptionPremium		MarketPrice	class	DER	current market price of an option contract	The option premium is the income received by the seller (writer) of an option contract to another party. In-the-money option premiums are composed of two factors: intrinsic and extrinsic value. Out-of-the-money options' premiums consist solely of extrinsic value. For stock options, the premium is quoted as a dollar amount per share, and most contracts represent the commitment of 100 shares.
https://spec.edmcouncil.org/fibo/ontology/DER/DerivativesContracts/Options/OptionPremiumFormula	OptionPremiumFormula		Expression	class	DER	expression used to calculate the premium based either on the price per option or percentage of the notional amount	
https://spec.edmcouncil.org/fibo/ontology/DER/DerivativesContracts/Options/OptionTradingStrategy	OptionTradingStrategy		TradingStrategy	class	DER	trading tactic involving more than one option type, strike price, or expiration date on the same underlying asset	Note that some trading strategies may be considered financial instruments in their own right, but most strategies are not. The critical differentiators include whether the strategy itself can be traded, whether it has a financial instrument identifier independently from the identifier(s) of the embedded instrument(s), such as a FIGI or ISIN, and so forth. | Option trading strategies refer to buying calls or put options or selling calls or put options or both together for the purpose of limiting losses and/or optimizing profits. Basically, these strategies utilize one or more combinations for the best outcome possible based on defined parameters. Simple combinations include option spread trades such as vertical spreads, calendar (or horizontal) spreads, and diagonal spreads. More involved combinations include trades such as condor or butterfly spreads which are actually combinations of two vertical spreads.
https://spec.edmcouncil.org/fibo/ontology/DER/DerivativesContracts/Options/ProtectiveCollar	ProtectiveCollar		Collar	class	DER	collar that consists of a covered call and protective put	A protective collar consists of a long position in the underlying security, a put option purchased to hedge the downside risk on a stock, a call option written on the stock to finance the put purchase.
https://spec.edmcouncil.org/fibo/ontology/DER/DerivativesContracts/Options/ProtectivePut	ProtectivePut	synthetic call	PutOption	class	DER	put option giving the buyer (holder) the right, but not the obligation, to sell the assets specified at with a strike price equal or close to the current price of the underlying asset, on or before a specified date	A protective put is a risk management and options strategy that involves holding a long position in the underlying asset (e.g., stock). A protective put strategy is analogous to the nature of insurance. The main goal of a protective put is to limit potential losses that may result from an unexpected price drop of the underlying asset
https://spec.edmcouncil.org/fibo/ontology/DER/DerivativesContracts/Options/PutOption	PutOption		Option	class	DER	option giving the buyer (holder) the right, but not the obligation, to sell the assets specified at a fixed price or formula, on or before a specified date	ISO 10962, Securities and related financial instruments - Classification of financial instruments (CFI) code, Fourth Edition, 2019. | The seller of the put option assumes the obligation of buying the assets specified should the buyer exercise the option.
https://spec.edmcouncil.org/fibo/ontology/DER/DerivativesContracts/Options/RiskReversal	RiskReversal		OptionTradingStrategy	class	DER	option trading strategy that consists of being short (selling) an out of the money put and being long (i.e., buying) an out of the money call, both with the same maturity	A risk reversal is a position which simulates profit and loss behavior of owning an underlying security; therefore, it is sometimes called a synthetic long. This is an investment strategy that amounts to both buying and selling out-of-money options simultaneously. In this strategy, the investor will first make a market hunch; if that hunch is bullish, he will want to go long. However, instead of going long on the stock, he will buy an out of the money call option, and simultaneously sell an out of the money put option. Presumably he will use the money from the sale of the put option to purchase the call option. Then as the stock goes up in price, the call option will be worth more, and the put option will be worth less.
https://spec.edmcouncil.org/fibo/ontology/DER/DerivativesContracts/Options/StandardizedOptionsTerms	StandardizedOptionsTerms		StandardizedTerms	class	DER	standardized contract terms established by a securities or options exchange or by an options clearing entity	ISO 10962, Securities and related financial instruments - Classification of financial instruments (CFI) code, Fourth Edition, 2019. | Such terms may relate to the underlying instruments, exercise price, expiration date, and contract size, for example.
https://spec.edmcouncil.org/fibo/ontology/DER/DerivativesContracts/Options/Straddle	Straddle		OptionTradingStrategy	class	DER	neutral option trading strategy that involves simultaneously buying both a put option and a call option for the underlying security with the same strike price and the same expiration date	The strategy is profitable only when the value of the underlier varies (rises or falls) from the strike price by more than the total premium paid.
https://spec.edmcouncil.org/fibo/ontology/DER/DerivativesContracts/Options/Strangle	Strangle		OptionTradingStrategy	class	DER	option trading strategy in which the investor holds a position in both a call and a put option with different strike prices, but with the same expiration date and underlying asset	A strangle is a good strategy if you think the underlying security will experience a large price movement in the near future but are unsure of the direction. However, it is profitable mainly if the asset swings sharply in price.
https://spec.edmcouncil.org/fibo/ontology/DER/DerivativesContracts/Options/StrikePrice	StrikePrice		MonetaryPrice	class	DER	price at which a lot of the underlying asset may be bought or sold when the contract is exercised	For call options, the strike price is the price at which the security may be purchased by the option holder; for put options, the strike price is the price at which the security may be sold.
https://spec.edmcouncil.org/fibo/ontology/DER/DerivativesContracts/Options/StripStrategy	StripStrategy		OptionTradingStrategy	class	DER	option trading strategy that involves a sequential set of options with periodic reset dates, such that each period between resets behaves like an individual option	Typically, a strip is a strategy that involves being long in one call position and two put options, all with the same strike price on a single underlying stock. The investor who adopts this strategy believes that the underlying price of the stock will plummet in the near-term future. All three of the options will have the same expiration date and the same strike price. If the investor is correct and the price drastically decreases, the puts will pay out substantially. If the investor is wrong and the price of the underlying asset increases, the call option will mitigate the loss. The period between resets may be called a Caplet or Floorlet.
https://spec.edmcouncil.org/fibo/ontology/DER/DerivativesContracts/Options/VanillaOption	VanillaOption		Option	class	DER	common option giving the buyer (holder) the right, but not the obligation, to buy (via a call option) or sell (via a put option) the underlying assets specified at a pre-determined price (i.e., the strike price, fixed or calculated), on or before a specified date (the expiration date)	Vanilla options include call or put options that have no special or unusual features, and are typically exchange traded.
https://spec.edmcouncil.org/fibo/ontology/DER/DerivativesContracts/RightsAndWarrants/AllotmentRight	AllotmentRight	bonus right	EquityDerivative	class	DER	privileges allotted to existing security holders, entitling them to receive new securities free of charge	ISO 10962, Securities and related financial instruments - Classification of financial instruments (CFI) code, Fourth Edition, October 2019 | Allotment generally means the distribution of equity, particularly shares granted to a participating underwriting firm during an initial public offering (IPO).
https://spec.edmcouncil.org/fibo/ontology/DER/DerivativesContracts/RightsAndWarrants/AllotmentRightFormula	AllotmentRightFormula		Expression	class	DER	rule applied to calculate the number of securities for an allotment right, typically based on the number of these instruments that the holder holds	Note that there may be a combination of a rule expressed in text as well as an expression or more complex formula embedded in a contract for making this determination.
https://spec.edmcouncil.org/fibo/ontology/DER/DerivativesContracts/RightsAndWarrants/BarrierInstrumentBasedMiniFutureCertificate	BarrierInstrumentBasedMiniFutureCertificate	barrier instrument-based mini-future certificate	MiniFutureCertificate	class	DER	mini-future certificate that immediately expires if the barrier instrument trading price level is breached during product lifetime	ISO 10962, Securities and related financial instruments - Classification of financial instruments (CFI) code, Fourth Edition, October 2019
https://spec.edmcouncil.org/fibo/ontology/DER/DerivativesContracts/RightsAndWarrants/BarrierUnderlyingMiniFutureCertificate	BarrierUnderlyingMiniFutureCertificate	barrier underlying mini-future certificate	MiniFutureCertificate	class	DER	mini-future certificate that immediately expires if the barrier underlying level is breached during product lifetime	ISO 10962, Securities and related financial instruments - Classification of financial instruments (CFI) code, Fourth Edition, October 2019
https://spec.edmcouncil.org/fibo/ontology/DER/DerivativesContracts/RightsAndWarrants/BasketWarrant	BasketWarrant		Warrant	class	DER	warrant that permits the holder to acquire a package or group of assets at a specified price during a specified period	ISO 10962, Securities and related financial instruments - Classification of financial instruments (CFI) code, Fourth Edition, October 2019
https://spec.edmcouncil.org/fibo/ontology/DER/DerivativesContracts/RightsAndWarrants/BondPurchaseRight	BondPurchaseRight		PurchaseRight	class	DER	purchase right that gives a prospective acquiree's bondholders the right to buy bonds of the firm or bonds of anyone who acquires the firm at a deep discount to their fair market value	ISO 10962, Securities and related financial instruments - Classification of financial instruments (CFI) code, Fourth Edition, October 2019
https://spec.edmcouncil.org/fibo/ontology/DER/DerivativesContracts/RightsAndWarrants/BondSubscriptionRight	BondSubscriptionRight		SubscriptionRight	class	DER	subscription right entitling existing bond holders to subscribe to new securities at a price normally lower than the prevailing market price	ISO 10962, Securities and related financial instruments - Classification of financial instruments (CFI) code, Fourth Edition, October 2019
https://spec.edmcouncil.org/fibo/ontology/DER/DerivativesContracts/RightsAndWarrants/CallPutWarrant	CallPutWarrant	straddle warrant	CallWarrant	class	DER	warrant that either does not specify call or put features, or that explicitly includes both a call and put feature	ISO 10962, Securities and related financial instruments - Classification of financial instruments (CFI) code, Fourth Edition, 2019. | The call and put code, 'B', in the CFI stands for 'Both', meaning such a warrant embodies characteristics of both a call and a put. This can appear in structured warrants or exotic warrants where payout may depend on movements in either direction (or give the holder a choice at certain triggers).
https://spec.edmcouncil.org/fibo/ontology/DER/DerivativesContracts/RightsAndWarrants/CallWarrant	CallWarrant		Warrant	class	DER	warrant giving the buyer (holder) the right, but not the obligation, to acquire specific underlying assets during a specified period at a specified price	ISO 10962, Securities and related financial instruments - Classification of financial instruments (CFI) code, Fourth Edition, 2019. | Exercising a call warrant whose underlying instrument is an equity involves buying new shares directly from the company, causing dilution.
https://spec.edmcouncil.org/fibo/ontology/DER/DerivativesContracts/RightsAndWarrants/CombinedInstrumentsPurchaseRight	CombinedInstrumentsPurchaseRight		PurchaseRight	class	DER	purchase right that gives a prospective acquiree's holders of multiple securities the right to buy securities of the firm or securities of anyone who acquires the firm at a deep discount to their fair market value	ISO 10962, Securities and related financial instruments - Classification of financial instruments (CFI) code, Fourth Edition, October 2019
https://spec.edmcouncil.org/fibo/ontology/DER/DerivativesContracts/RightsAndWarrants/CombinedInstrumentsSubscriptionRight	CombinedInstrumentsSubscriptionRight		SubscriptionRight	class	DER	subscription right entitling existing holders of multiple securities to subscribe to new securities at a price normally lower than the prevailing market price	ISO 10962, Securities and related financial instruments - Classification of financial instruments (CFI) code, Fourth Edition, October 2019
https://spec.edmcouncil.org/fibo/ontology/DER/DerivativesContracts/RightsAndWarrants/CommodityWarrant	CommodityWarrant		CommodityDerivative	class	DER	warrant that permits the holder to acquire a specified amount of a commodity during a specified period at a specified price	ISO 10962, Securities and related financial instruments - Classification of financial instruments (CFI) code, Fourth Edition, October 2019 | Commodity Warrants Australia (CWA) sells warrants based on 12 commodities and financial markets - crude oil, gold, silver, live cattle, corn, orange juice, soy, coffee, cocoa, the Dow Jones Industrial Average, the NASDAQ Composite Index and the S&P 500 Index.
https://spec.edmcouncil.org/fibo/ontology/DER/DerivativesContracts/RightsAndWarrants/CommonConvertibleSharePurchaseRight	CommonConvertibleSharePurchaseRight		PurchaseRight	class	DER	purchase right that gives a prospective acquiree's common, convertible shareholders the right to buy common, convertible shares of the firm or common, convertible shares of anyone who acquires the firm at a deep discount to their fair market value	ISO 10962, Securities and related financial instruments - Classification of financial instruments (CFI) code, Fourth Edition, October 2019
https://spec.edmcouncil.org/fibo/ontology/DER/DerivativesContracts/RightsAndWarrants/CommonConvertibleShareSubscriptionRight	CommonConvertibleShareSubscriptionRight		SubscriptionRight	class	DER	subscription right entitling existing common convertible shareholders to subscribe to new securities at a price normally lower than the prevailing market price	ISO 10962, Securities and related financial instruments - Classification of financial instruments (CFI) code, Fourth Edition, October 2019
https://spec.edmcouncil.org/fibo/ontology/DER/DerivativesContracts/RightsAndWarrants/CommonSharePurchaseRight	CommonSharePurchaseRight		PurchaseRight	class	DER	purchase right that gives a prospective acquiree's common shareholders the right to buy common shares of the firm or common shares of anyone who acquires the firm at a deep discount to their fair market value	ISO 10962, Securities and related financial instruments - Classification of financial instruments (CFI) code, Fourth Edition, October 2019
https://spec.edmcouncil.org/fibo/ontology/DER/DerivativesContracts/RightsAndWarrants/CommonShareSubscriptionRight	CommonShareSubscriptionRight		SubscriptionRight	class	DER	subscription right entitling existing common shareholders to subscribe to new securities at a price normally lower than the prevailing market price	ISO 10962, Securities and related financial instruments - Classification of financial instruments (CFI) code, Fourth Edition, October 2019
https://spec.edmcouncil.org/fibo/ontology/DER/DerivativesContracts/RightsAndWarrants/CompanyWarrant	CompanyWarrant			class	DER		
https://spec.edmcouncil.org/fibo/ontology/DER/DerivativesContracts/RightsAndWarrants/ConstantLeverageCertificate	ConstantLeverageCertificate		SecurityBasedDerivative	class	DER	entitlement that combines the structure of an open-end certificate with a leverage option with no fixed term, making leverage available without a term restriction, without a knock-out barrier dependency	ISO 10962, Securities and related financial instruments - Classification of financial instruments (CFI) code, Fourth Edition, October 2019
https://spec.edmcouncil.org/fibo/ontology/DER/DerivativesContracts/RightsAndWarrants/CoveredWarrant	CoveredWarrant		Warrant	class	DER	warrant that gives the holder the right, but not the obligation, to buy (call warrant) or to sell (put warrant) an underlying asset at a specified price (the strike or exercise price) by a predetermined date, issued without an accompanying security by a third party that holds as many securities as would be required if all the warrants are exercised	ISO 10962, Securities and related financial instruments - Classification of financial instruments (CFI) code, Fourth Edition, October 2019 | Covered warrants are very similar to options in that they can be created to allow holders to benefit from either rising prices or falling prices, by having both put and call warrants. They can also be created on a wide variety of underlying instruments, not just equities and they are fairly standardised and are mostly traded on exchanges. The main difference is that warrants tend to have longer maturity dates, typically measured in years instead of months (as with options), and are easier to access for individuals as they can be bought and sold in the same way as shares in the stock exchange. | In contrast to traditional equity warrants, with covered warrants, no new issuance of common stock occurs if the warrant is exercised. The underlying shares of common stock are usually either owned by the issuer of the covered warrants or the issuer has a mechanism, such as owning equity warrants for the underlying shares, through which they can obtain the shares.
https://spec.edmcouncil.org/fibo/ontology/DER/DerivativesContracts/RightsAndWarrants/CurrencyWarrant	CurrencyWarrant		CurrencyDerivative	class	DER	warrant that permits the holder to acquire a specified amount in a certain currency at a specified exchange rate during a specified period	ISO 10962, Securities and related financial instruments - Classification of financial instruments (CFI) code, Fourth Edition, October 2019
https://spec.edmcouncil.org/fibo/ontology/DER/DerivativesContracts/RightsAndWarrants/DebtWarrant	DebtWarrant		Warrant	class	DER	warrant that permits the holder to acquire a specified amount of a debt instrument or related debt observable a specified period at a specified price	ISO 10962, Securities and related financial instruments - Classification of financial instruments (CFI) code, Fourth Edition, October 2019
https://spec.edmcouncil.org/fibo/ontology/DER/DerivativesContracts/RightsAndWarrants/EquityWarrant	EquityWarrant	company warrant	CallWarrant	class	DER	warrant that permits the holder to acquire a specified amount of an equity instrument during a specified period at a specified price	ISO 10962, Securities and related financial instruments - Classification of financial instruments (CFI) code, Fourth Edition, October 2019 | An equity warrant typically enables a buyer to purchase shares of capital stock issued by the corporation whose equity is the underlying asset.
https://spec.edmcouncil.org/fibo/ontology/DER/DerivativesContracts/RightsAndWarrants/ExchangeTradedWarrant	ExchangeTradedWarrant	exchange-traded warrant	PublicWarrant	class	DER	warrant that is listed on a securities exchange	
https://spec.edmcouncil.org/fibo/ontology/DER/DerivativesContracts/RightsAndWarrants/ExoticWarrant	ExoticWarrant		Warrant	class	DER	warrant that gives the holder the right (but not the obligation) to buy (or sometimes sell) an underlying asset under non-standard or complex conditions, often involving additional features not found in a plain vanilla (standard) warrant	Exotic warrants may be created by investment banks as part of structured products to meet specific investor needs. They are often identified with an 'X' in their English stock short name. | Features of an exotic warrant may include (1) non-standard payoffs, such as path-dependent or condition-based payouts, (2) variations in the underlying asset(s), which may include equities, indices, currencies, interest rates, baskets of assets, etc., and (3) embedded optionality in terms of features such as barriers, lookbacks, digitals, or dual-currency terms.
https://spec.edmcouncil.org/fibo/ontology/DER/DerivativesContracts/RightsAndWarrants/IndexWarrant	IndexWarrant		Warrant	class	DER	warrant that permits the holder to acquire a specified amount based on the performance of an index during a specified period at a specified price	ISO 10962, Securities and related financial instruments - Classification of financial instruments (CFI) code, Fourth Edition, October 2019
https://spec.edmcouncil.org/fibo/ontology/DER/DerivativesContracts/RightsAndWarrants/LongMiniFutureCertificate	LongMiniFutureCertificate	long mini-future certificate	MiniFutureCertificate	class	DER	mini-future certificate that typically entitles the holder to acquire specific underlying assets during a specified period at a specified price	ISO 10962, Securities and related financial instruments - Classification of financial instruments (CFI) code, Fourth Edition, October 2019
https://spec.edmcouncil.org/fibo/ontology/DER/DerivativesContracts/RightsAndWarrants/MiniFutureCertificate	MiniFutureCertificate	mini-future certificate	BarrierOption	class	DER	entitlement that combines the structure of an open-end certificate with a leverage option with no fixed term, making leverage available without a term restriction, and whose payoff depends on whether or not the underlying asset has reached or exceeded a predetermined price	ISO 10962, Securities and related financial instruments - Classification of financial instruments (CFI) code, Fourth Edition, October 2019 | The price of a mini-future always corresponds to its intrinsic value, i.e. the capital outlay, plus the bid-ask spread. The financing costs associated with building up the leverage effect are offset against the capital outlay on a daily basis, thereby eliminating the need for a premium. Investors have to pay only financing costs they actually utilize. In contrast to options, factors like volatility have no influence at all on the price of mini-futures.
https://spec.edmcouncil.org/fibo/ontology/DER/DerivativesContracts/RightsAndWarrants/NakedWarrant	NakedWarrant		Warrant	class	DER	warrant that gives the holder the right, but not the obligation, to buy (call warrant) or to sell (put warrant) an underlying asset at a specified price (the strike or exercise price) by a predetermined date, issued without an accompanying security by a third party that does not hold as many securities as would be required if all the warrants are exercised	ISO 10962, Securities and related financial instruments - Classification of financial instruments (CFI) code, Fourth Edition, October 2019
https://spec.edmcouncil.org/fibo/ontology/DER/DerivativesContracts/RightsAndWarrants/PerpetualWarrant	PerpetualWarrant		Warrant	class	DER	warrant without an expiration date, giving the holder the right, but not the obligation, to buy (call warrant) or to sell (put warrant) an underlying asset at a certain strike price	ISO 10962, Securities and related financial instruments - Classification of financial instruments (CFI) code, Fourth Edition, October 2019 | The strike price, in the case of a perpetual warrant, is usually higher than the market value of the underlying asset at the time of issue.
https://spec.edmcouncil.org/fibo/ontology/DER/DerivativesContracts/RightsAndWarrants/PreferredConvertibleSharePurchaseRight	PreferredConvertibleSharePurchaseRight		PurchaseRight	class	DER	purchase right that gives a prospective acquiree's preferred, convertible shareholders the right to buy preferred, convertible shares of the firm or preferred, convertible shares of anyone who acquires the firm at a deep discount to their fair market value	ISO 10962, Securities and related financial instruments - Classification of financial instruments (CFI) code, Fourth Edition, October 2019
https://spec.edmcouncil.org/fibo/ontology/DER/DerivativesContracts/RightsAndWarrants/PreferredConvertibleShareSubscriptionRight	PreferredConvertibleShareSubscriptionRight		SubscriptionRight	class	DER	subscription right entitling existing preferred, convertible shareholders to subscribe to new securities at a price normally lower than the prevailing market price	ISO 10962, Securities and related financial instruments - Classification of financial instruments (CFI) code, Fourth Edition, October 2019
https://spec.edmcouncil.org/fibo/ontology/DER/DerivativesContracts/RightsAndWarrants/PreferredSharePurchaseRight	PreferredSharePurchaseRight		PurchaseRight	class	DER	purchase right that gives a prospective acquiree's preferred shareholders the right to buy preferred shares of the firm or preferred shares of anyone who acquires the firm at a deep discount to their fair market value	ISO 10962, Securities and related financial instruments - Classification of financial instruments (CFI) code, Fourth Edition, October 2019
https://spec.edmcouncil.org/fibo/ontology/DER/DerivativesContracts/RightsAndWarrants/PreferredShareSubscriptionRight	PreferredShareSubscriptionRight		SubscriptionRight	class	DER	subscription right entitling existing preferred shareholders to subscribe to new securities at a price normally lower than the prevailing market price	ISO 10962, Securities and related financial instruments - Classification of financial instruments (CFI) code, Fourth Edition, October 2019
https://spec.edmcouncil.org/fibo/ontology/DER/DerivativesContracts/RightsAndWarrants/PrivateWarrant	PrivateWarrant		Warrant	class	DER	warrant that is not tradable	
https://spec.edmcouncil.org/fibo/ontology/DER/DerivativesContracts/RightsAndWarrants/PublicWarrant	PublicWarrant		Warrant	class	DER	warrant that may be traded over the counter (OTC) or through an exchange	
https://spec.edmcouncil.org/fibo/ontology/DER/DerivativesContracts/RightsAndWarrants/PurchaseRight	PurchaseRight		Entitlement	class	DER	anti-takeover device that gives a prospective acquiree's shareholders the right to buy shares of the firm or shares of anyone who acquires the firm at a deep discount to their fair market value	ISO 10962, Securities and related financial instruments - Classification of financial instruments (CFI) code, Fourth Edition, October 2019 | The underlying is usually shares but this not necessarily the case. Also known as "Poison Pill".
https://spec.edmcouncil.org/fibo/ontology/DER/DerivativesContracts/RightsAndWarrants/PutWarrant	PutWarrant		Warrant	class	DER	warrant giving the buyer (holder) the right, but not the obligation, to sell the assets specified (i.e., acquire cash in exchange for the underlying assets, such as stock) back to the issuer at a fixed price or formula, on or before a specified date	ISO 10962, Securities and related financial instruments - Classification of financial instruments (CFI) code, Fourth Edition, 2019. | A put warrant is essentially a company-issued option to sell shares back to the issuer.
https://spec.edmcouncil.org/fibo/ontology/DER/DerivativesContracts/RightsAndWarrants/ShortMiniFutureCertificate	ShortMiniFutureCertificate	short mini-future certificate	MiniFutureCertificate	class	DER	mini-future certificate that entitles the holder to acquire cash in exchange for specific underlying assets	ISO 10962, Securities and related financial instruments - Classification of financial instruments (CFI) code, Fourth Edition, October 2019
https://spec.edmcouncil.org/fibo/ontology/DER/DerivativesContracts/RightsAndWarrants/StructuredWarrant	StructuredWarrant		Warrant	class	DER	warrant that is listed on an exchange, offering investors a way to participate in the price performance of an underlying asset without buying it directly	Unlike company-issued warrants, which are tied to corporate fundraising, structured warrants are issued by third-party financial institutions such as investment banks or brokers. They can be based on a variety of underlying assets, including individual company shares, a basket of shares, or an index. | When structured warrants are exercised, they are typically cash-settled and do not lead to the creation of new shares, thus avoiding dilution of existing shareholders. This is in contrast with company-issued stock options, which can potentially lead to the issuance of new shares, which might dilute the value for existing shareholders.
https://spec.edmcouncil.org/fibo/ontology/DER/DerivativesContracts/RightsAndWarrants/SubscriptionRight	SubscriptionRight	anti-dilution right | preemptive right | subscription privilege	Entitlement	class	DER	privileges allotted to existing security holders, entitling them to subscribe to new securities at a price normally lower than the prevailing market price	ISO 10962, Securities and related financial instruments - Classification of financial instruments (CFI) code, Fourth Edition, October 2019 | A subscription rights issue increases the number of shares in the market, thus leading to a dilution in each share's value.
https://spec.edmcouncil.org/fibo/ontology/DER/DerivativesContracts/RightsAndWarrants/TraditionalWarrant	TraditionalWarrant	vanilla warrant	Warrant	class	DER	warrant that gives the holder the right, but not the obligation, to buy (call warrant) or to sell (put warrant) an underlying asset at a specified price (the strike or exercise price) by a predetermined date, issued by the issuer of the underlying instrument	ISO 10962, Securities and related financial instruments - Classification of financial instruments (CFI) code, Fourth Edition, October 2019
https://spec.edmcouncil.org/fibo/ontology/DER/DerivativesContracts/RightsAndWarrants/Warrant	Warrant		Entitlement	class	DER	entitlement that permits the holder to purchase a specified amount of a financial instrument, commodity, currency or other asset during a specified period at a specified price	ISO 10962, Securities and related financial instruments - Classification of financial instruments (CFI) code, Fourth Edition, October 2019 | Warrants are for any kind of instrument. Warrants may be privately issued and may not necessarily be traded on an exchange.
https://spec.edmcouncil.org/fibo/ontology/DER/DerivativesContracts/StructuredInstruments/BarrierCapitalProtectionCertificate	BarrierCapitalProtectionCertificate		CapitalProtectedProduct	class	DER	capital-protected product whose protection is defined as a percentage of the nominal price (e.g. 100 percent), with minimum redemption at expiry equivalent to the capital protection	ISO 10962, Securities and related financial instruments - Classification of financial instruments (CFI) code, Fifth edition, 2021-06-15, clause 6.4.7 | Note that capital protection in this case refers to the nominal amount only, and not to the purchase price. The value of the product may fall below its capital protection value during its lifetime; participation is in the underlying price increase above the strike up to the barrier; possibility of rebate payment once barrier is breached; limited profit potential.
https://spec.edmcouncil.org/fibo/ontology/DER/DerivativesContracts/StructuredInstruments/BarrierDiscountCertificate	BarrierDiscountCertificate		ParticipationCertificate	class	DER	participation certificate that enables the investor to acquire the underlying asset at a lower price in return for a limited payout, and for which the maximum redemption amount (Cap) is paid out if the barrier is never breached	ISO 10962, Securities and related financial instruments - Classification of financial instruments (CFI) code, Fifth edition, 2021-06-15, clause 6.4.8 | Due to the barrier, the probability of maximum redemption is higher; the discount, however, is smaller than for a discount certificate. If the barrier is breached the product changes into a discount certificate. Barrier discount certificates have reduced risk compared to direct investment in the underlying assets, with limited profit potential (Cap). With higher risk levels multiple underlying assets (worst-of) allow for higher discounts or a lower barrier.
https://spec.edmcouncil.org/fibo/ontology/DER/DerivativesContracts/StructuredInstruments/BarrierReverseConvertibleCertificate	BarrierReverseConvertibleCertificate		ParticipationCertificate	class	DER	participation certificate whose payout is conditional: should the barrier never be breached, the nominal price plus coupon is paid at redemption; if the barrier is breached the product changes into a reverse convertible	ISO 10962, Securities and related financial instruments - Classification of financial instruments (CFI) code, Fifth edition, 2021-06-15, clause 6.4.8 | Due to the barrier, the probability of maximum redemption is higher; the coupon, however, is smaller than for a reverse convertible. It has reduced risk compared to a direct investment into the underlying asset(s). With higher risk levels, multiple underlying assets (worst-of) allow for higher coupons or lower barriers; limited profit potential (Cap).
https://spec.edmcouncil.org/fibo/ontology/DER/DerivativesContracts/StructuredInstruments/BasketCertificate	BasketCertificate		ParticipationCertificate	class	DER	certificate whose underlying asset represents a fraction of a basket of securities that corresponds to the subscription ratio	Basket certificates make sense if an investor is convinced of the potential in a particular sector or region, but shies away from the risk of investing in individual securities. Because the certificate is expected to achieve higher profits than the benchmark index, the share basket usually contains fewer titles than the benchmark index. That increases the potential for profits; but the risk of loss increases compared to the index. Unlike shares, basket certificates are not eligible for dividend payouts. The limited maturity should also be taken into account. | The issuer determines the basket's compilation before quoting the certificate. Fundamentally, all securities with regular, at least daily, price determinations are suited for the portfolio. The selection criteria for the shares or securities in the basket are known and remain unchanged during the life of the certificate. Note, however, that the composition of the share basket can change over time. If the issuer follows a specific strategy with the certificate, the basket has to be adjusted at specific end-of-period dates, provided the market leaders change. In such a case, the basket is called an active basket. If, in contrast, the composition of a share basket remains clearly defined, as is the case for an index certificate, it is called a passive basket. | The success of a basket certificate is measured on whether it can outperform a comparison index or fund, a so-called benchmark. Basket certificates can be roughly divided into three categories based on the criteria for selecting securities: Sector certificates; country or region certificates; and strategy and thematic certificates.
https://spec.edmcouncil.org/fibo/ontology/DER/DerivativesContracts/StructuredInstruments/BonusCertificate	BonusCertificate		ParticipationCertificate	class	DER	certificate whose minimum redemption is equal to the nominal value provided the barrier has not been breached, with a greater risk in relation to multiple underlying asset(s) (worst-of), allowing for a higher bonus level or lower barrier, and with a reduced risk compared to a direct investment into the underlying asset(s)	ISO 10962, Securities and related financial instruments - Classification of financial instruments (CFI) code, Fifth edition, 2021-06-15, clause 6.2.8 | Bonus certificates have a risk buffer for price losses in the underlying; the bonus guarantees a minimum return above the risk level. A bonus certificate represents an alternative to a direct investment in a share or an index. Investors primarily use them if they believe that despite rising prices setbacks are still likely to occur. A bonus certificate is furnished with a bonus amount and an upper and lower price level. If the certificate expires with the price of the underlying ranging between these two levels, owners are paid out their bonuses. If the underlying was at or below the risk level during the certificate's lifetime, its price is that of the current value of the certificate at expiry. If the underlying is above the upper level at expiry, the investor fully participates in the price gains. Some bonus certificates have a profit cap. This is where the certificate stops participating in the price gains of the underlying. A bonus certificate is issued at the current price of the underlying. The upper level is derived from adding the bonus to the issue price. The lower level is determined at issuance and usually expressed in percent. | If the barrier is breached the product becomes a tracker certificate. | For example: You buy a bonus certificate based on a stock. The price of the stock at the time that you get the certificate is 100 Euros. The bonus level is 120 Euros, and the protection threshold is 80 Euros. Over the two-year term, the price of the stock fluctuates between 90 and 110 Euros. When the certificate matures at the end of the term, you receive the bonus price of 120 Euros.
https://spec.edmcouncil.org/fibo/ontology/DER/DerivativesContracts/StructuredInstruments/CapitalProtectedProduct	CapitalProtectedProduct	capital-protected product | capital protected investment | CPI	StructuredProduct	class	DER	structured product that participates in the performance of a financial asset, such as a stock, fund or index, while protecting the investor's capital	ISO 10962, Securities and related financial instruments - Classification of financial instruments (CFI) code, Fifth edition, 2021-06-15, clause 6.4.7 | Depending on the product, they may participate to varying degrees in the underlying asset's upside and protect the capital either entirely or partially. | Capital protected structured instruments offer investors exposure to chosen underlying assets using various approaches and offering a large variety of asymmetric pay-off profiles. There are one or more reference entities underlying the product. Redemption is made at least in the amount of the conditional capital protection at maturity, provided that no credit event by the reference entity has occurred. Conditional capital protection only applies to the nominal amount and not to the purchase price. The general functioning of a capital guaranteed structured instrument is as follows: the notional amount is split into a zero bond, that will deliver the capital guarantee at maturity, and the difference between the zero bond's value (= present value of the guarantee level at maturity) and the notional amount is used for structuring the performance component with options which deliver the agreed pay-off profile of the structured instrument.
https://spec.edmcouncil.org/fibo/ontology/DER/DerivativesContracts/StructuredInstruments/CapitalProtectionCertificateWithCoupons	CapitalProtectionCertificateWithCoupons		CapitalProtectedProduct	class	DER	capital-protected product whose protection is defined as a percentage of the nominal price (e.g. 100 percent), with minimum redemption at expiry equivalent to the capital protection	ISO 10962, Securities and related financial instruments - Classification of financial instruments (CFI) code, Fifth edition, 2021-06-15, clause 6.4.7 | Note that capital protection in this case refers to the nominal amount only, and not to the purchase price. The value of the product may fall below its capital protection value during its lifetime; the coupon amount is dependent on the development of the underlying asset; periodic coupon payment is expected.
https://spec.edmcouncil.org/fibo/ontology/DER/DerivativesContracts/StructuredInstruments/CapitalProtectionCertificateWithParticipation	CapitalProtectionCertificateWithParticipation		CapitalProtectedProduct	class	DER	capital-protected product whose protection is defined as a percentage of the nominal amount (e.g. 100 percent), with minimum redemption at expiry equivalent to the capital protection	ISO 10962, Securities and related financial instruments - Classification of financial instruments (CFI) code, Fifth edition, 2021-06-15, clause 6.4.7 | Note that capital protection in this case refers to the nominal amount only, and not to the purchase price. The value of the product may fall below its capital protection value during its lifetime, and participation is in the underlying price increase above the strike.
https://spec.edmcouncil.org/fibo/ontology/DER/DerivativesContracts/StructuredInstruments/CapitalProtectionConvertibleCertificate	CapitalProtectionConvertibleCertificate		CapitalProtectedProduct	class	DER	capital-protected product whose protection is defined as a percentage of the nominal price (e.g. 100 percent), with minimum redemption at expiry equivalent to the capital protection	ISO 10962, Securities and related financial instruments - Classification of financial instruments (CFI) code, Fifth edition, 2021-06-15, clause 6.4.7 | Note that capital protection in this case refers to the nominal price only, and not to the purchase price. The value of the product may fall below its capital protection value during its lifetime; participation is in the underlying price increase above the conversion price; coupon payment is possible.
https://spec.edmcouncil.org/fibo/ontology/DER/DerivativesContracts/StructuredInstruments/DiscountCertificate	DiscountCertificate		ParticipationCertificate	class	DER	participation certificate that enables the investor to acquire the underlying asset at a lower price in return for a limited payout, and for which the underlying asset(s) and/or a cash amount is redeemed should the underlying asset close below the strike on expiry, for which, in return, the potential profit is capped	ISO 10962, Securities and related financial instruments - Classification of financial instruments (CFI) code, Fifth edition, 2021-06-15, clause 6.4.8 | At the end of the certificate's maturity, a cash disbursement occurs. If the price of the underlying when the maturity is up is higher than the maximal payout or identical to it, the issuer pays the maximum amount. If the price of the underlying is less than the cap, the issuer pays either the current price of the certificate in cash or he gives the investor the underlying, for example a share, at its current price. The issuer can choose. The cash payout is obligatory in the case of discount certificates on indices, currencies or interest. | Discount certificates are ideal for conservative investors that want to guard against market fluctuations and who expect in the medium term sideways-moving prices. Because the buyer of a discount certificate does not profit from price gains that are higher than the cap, this form of investment is best suited for a medium-term oriented engagement. If the certificate reaches its cap before the maturity, the investor should take the profits. | The maximum profit that an investor can reach with a discount certificate is calculated by taking the difference between the purchase price and the cap on the underlying. Losses, in contrast, are lessened by the discount. The investor suffers a loss only when the price of the underlying at the end of the maturity has fallen so far that the discount is depleted. The discount thus works as a buffer against risk. | Discount certificates correspond to a buy-write-strategy; they have reduced risk compared to a direct investment in the underlying asset; with higher risk levels multiple underlying assets (worst-of) allow for higher discounts; limited profit opportunity (Cap).
https://spec.edmcouncil.org/fibo/ontology/DER/DerivativesContracts/StructuredInstruments/ExpressCertificate	ExpressCertificate		ParticipationCertificate	class	DER	participation certificate whose payout is conditional: should the underlying trade above the strike on the observation date, an early redemption consisting of nominal price plus an additional coupon amount is paid	ISO 10962, Securities and related financial instruments - Classification of financial instruments (CFI) code, Fifth edition, 2021-06-15, clause 6.4.8 | Express certificates offer the possibility of an early redemption combined with an attractive yield opportunity. They have reduced risk compared to a direct investment into the underlying asset(s). With higher risk levels, multiple underlying assets (worst-of) allow for higher coupons or lower barriers; limited profit opportunity (Cap).
https://spec.edmcouncil.org/fibo/ontology/DER/DerivativesContracts/StructuredInstruments/IndexCertificate	IndexCertificate		ParticipationCertificate	class	DER	certificate whose underlying asset is an index	If the underlying share increases in value, the value of the certificate increases in analog to the gain; with every setback, the certificate value declines accordingly. | Investors should think about currency risks when investing in index certificates that track a share index outside of the euro zone. And they should pay attention to whether the underlying index is a performance or price index. With a performance index, all dividends and profits from subscription rights flow into the index value. In contrast to that, price indices show the pure development of the shares and thus the price declines that usually accompany dividend payouts. Index certificates are particularly interesting to investors that want to profit from positive capital-market developments, but who don’t want to deal with the daily price developments of several individual shares. | With Index certificates investors can participate one-to-one in the development of an exchange index – without actually buying the underlying shares in that comprise that index. Every index certificate has a subscription rate (e.g., 1:10 or 1:100) that defines the value of the certificate in relation to the index listing. The investor invests broadly diversified and transparently with minimal effort and smaller amounts.
https://spec.edmcouncil.org/fibo/ontology/DER/DerivativesContracts/StructuredInstruments/LeveragedProduct	LeveragedProduct		StructuredProduct	class	DER	structured product that provides a further enhanced yield (over and above that of a yield-enhancement product), often without any limit to the upside participation, and frequently with a stop-loss in order to limit potential capital losses	Leveraged certificates are examples of leveraged products; they provide enhanced participation to an underlying with inbuilt leverage. Leveraged exposure is also provided on the downside performance of the underlying. Another example is a call warrant, which is simply a call option that is traded in a securitized format. This format is interesting in order to be able to trade a call option on underlyings for which no exchange traded option market exists.
https://spec.edmcouncil.org/fibo/ontology/DER/DerivativesContracts/StructuredInstruments/OutperformanceBonusCertificate	OutperformanceBonusCertificate		BonusCertificate	class	DER	certificate that allows disproportionate participation (outperformance) in positive performance above the strike, in which the minimum redemption is equal to the nominal value provided the barrier has not been breached, with greater risk multiple underlying asset(s) (worst-of) allow for a higher bonus level or lower barrier, and reduced risk compared to a direct investment into the underlying asset(s)	ISO 10962, Securities and related financial instruments - Classification of financial instruments (CFI) code, Fifth edition, 2021-06-15, clause 6.2.8 | The outperformance bonus certificate combines the strengths of both outperformance and normal bonus certificates. This means that you’re protected on the downside by a bonus level (i.e., a feature of bonus certificates) but nevertheless have the opportunity to participate disproportionately in upside gains in the underlying instrument (the 'outperformance certificate' dimension). If you compare all three structured product types with each other, you’ll see that outperformance bonus certificates come up a bit short in terms of the characteristics of the other two forms. In other words, the disproportionate participation rate (outperformance) is usually somewhat lower than with a 'plain vanilla' outperformance certificate. This is because additional bonus protection has to be bought in order to structure the product properly. The same applies to the bonus dimension: because such a certificate still affords disproportionate participation, its downside protection level is more modest. | If the barrier is breached the product changes into an outperformance certificate.
https://spec.edmcouncil.org/fibo/ontology/DER/DerivativesContracts/StructuredInstruments/OutperformanceCertificate	OutperformanceCertificate		ParticipationCertificate	class	DER	certificate that allows disproportionate participation (outperformance) in positive performance above the strike, reflecting underlying price moves 1:1 (adjusted by the conversion ratio and any related fees), and whose risk is comparable to direct investment in the underlying asset(s)	ISO 10962, Securities and related financial instruments - Classification of financial instruments (CFI) code, Fifth edition, 2021-06-15, clause 6.2.8 | For example: You buy an outperformance certificate based on a stock. The certificate’s strike price is 100 Euros and its participation factor is 150 percent. If the price of the underlying stock surpasses the strike price of 100 Euros, you are rewarded with a 150 percent return, instead of just 100 percent. If the price of the stock climbs to 110 Euros, for example, the value of the certificate would be 115 Euros.
https://spec.edmcouncil.org/fibo/ontology/DER/DerivativesContracts/StructuredInstruments/ParticipationCertificate	ParticipationCertificate	bearer debt note | certificate	ParticipationInstrument	class	DER	participation product that provides the possibility to participate in the gains or losses in the price of an asset, subject to counterparty risk	In many cases, certificates do not give the investor the right to receive dividend distributions from the underlying stocks or other assets. For example: You buy a bonus certificate issued by your bank which is based on a stock that pays annual dividends. During the certificate's term, the bank holds the underlying stock and receives the dividends. At the end of the term, the bank pays the predefined bonus, even though the actual price of the stock is lower (but not below the protection threshold).Depending on the type of certificate, the exact terms and conditions, and the contract's expiry date, it is possible that the investor may receive the underlying asset instead of money at the end of the investment term. That is often the case with discount certificates based on stocks, for example, when their price sits below the predetermined cap. If the certificate's issuer becomes insolvent, the assets which underly the certificate are considered part of the issuer's liquid assets. This is in contrast to owning actual securities or shares in investment funds, as these are segregated assets which remain the property of the investor if the broker or custodian bank fails.
https://spec.edmcouncil.org/fibo/ontology/DER/DerivativesContracts/StructuredInstruments/ParticipationInstrument	ParticipationInstrument	participation product	StructuredProduct	class	DER	structured product that provides the possibility to participate in the performance of an asset or basket of assets	ISO 10962, Securities and related financial instruments - Classification of financial instruments (CFI) code, Fifth edition, 2021-06-15 | The construction is generally based on a low exercise price option (LEPO) (base value less discounted future dividends) which in some cases might be comparable to a direct investment in the underlying asset(s) or a LEPO combined with other options, which together provide the desired disbursement profile. | These assets could be anything, from equities, funds, bonds, ETFs indices to a mix of those. The most common participation products are tracker certificates, providing 1-to-1 participation to the performance of a basket of securities.
https://spec.edmcouncil.org/fibo/ontology/DER/DerivativesContracts/StructuredInstruments/ReverseConvertibleCertificate	ReverseConvertibleCertificate		ParticipationCertificate	class	DER	participation certificate whose payout is conditional: should the underlying asset close below the strike on expiry, the underlying asset(s) and/ or a cash amount is redeemed; should the underlying asset close above the strike at expiry, the nominal amount plus the coupon is paid at redemption	ISO 10962, Securities and related financial instruments - Classification of financial instruments (CFI) code, Fifth edition, 2021-06-15, clause 6.4.8 | Note that in the case of a reverse convertible certificate, the coupon is paid regardless of the underlying development. It has reduced risk compared to a direct investment into the underlying asset. With higher risk levels, multiple underlying assets (worst-of) allow for higher coupons; limited profit potential (Cap).
https://spec.edmcouncil.org/fibo/ontology/DER/DerivativesContracts/StructuredInstruments/StructuredProduct	StructuredProduct	market-linked investment | structured instrument	DerivativeInstrument	class	DER	security whose cash flow characteristics depend upon one or more indices or that have embedded forwards or options or securities where an investor's investment return and the issuer's payment obligations are contingent on, or highly sensitive to, changes in the value of underlying assets, indices, interest rates or cash flows	ISO 10962, Securities and related financial instruments - Classification of financial instruments (CFI) code, Fifth edition, 2021-06-15 | A structured product is a pre-packaged structured finance investment strategy based on a single security, a basket of securities, options, indices, commodities, debt issuance or foreign currencies, and to a lesser extent, derivatives. Structured products are not homogeneous - there are numerous varieties of derivatives and underlying assets - but they can be classified under the aside categories. Typically, a desk will employ a specialized 'structurer' to design and manage its structured-product offering.
https://spec.edmcouncil.org/fibo/ontology/DER/DerivativesContracts/StructuredInstruments/TrackerCertificate	TrackerCertificate		ParticipationCertificate	class	DER	certificate that reflects underlying price moves 1:1 (adjusted by conversion ratio and any related fees), in which the associated risk is comparable to direct investment in the underlying asset(s)	ISO 10962, Securities and related financial instruments - Classification of financial instruments (CFI) code, Fifth edition, 2021-06-15, clause 6.2.8 | Some tracker certificates have an expiry date. That means they only track an underlying asset for a predetermined length of time (one year, for example). The certificate matures at the end of that period, at which point you as the investor are paid out its going value at the time of expiry. | Tracker certificates can also be used to profit off negative price developments. This is the case with so-called bear tracker certificates which take a short position on the underlying asset. Note that tracker certificates do not normally pay out dividends. If one holds a certificate which tracks the stock of a company which pay dividends, they will not receive them. However, they may receive some form of compensation from the certificate’s issuer in some cases. | Unlike investment funds – which are divided into shares and owned by investors – tracker certificates are simply debt claims against the issuer (the bank which offers them, for example). That means the underlying asset which you are investing in does not belong to you, but to the issuer. Shares of investment funds, on the other hand, are classified as segregated assets in some jurisdictions, such as Switzerland, and are owned by you as the shareholder rather than by the fund managers. In practice, investors are not likely to notice the difference. But whether you hold tracker certificates or fund shares makes a big difference when an investment company becomes insolvent. Tracker certificates are not protected against issuer bankruptcy, and fall into the pool of general debt claims against the bankrupt party. If the issuer of a tracker certificate goes bankrupt, you may very likely lose all or part of the money which you invested in the tracker certificate. This danger is known as counterparty risk. By investing in tracker certificates, you agree to carry the counterparty risk. | Tracker certificates can be purchased on stock exchanges which they are listed on. Many of these certificates track underlying assets at a ratio of 1:100. That means that an investor can invest just a fraction of the amount which would be required to buy the actual underlying asset. For example: You invest in a tracker certificate which is based on a stock basket with a value of 10,000 Euros. Because the tracker certificate uses a ratio of 1:100, you only need to pay 100 Euros for the certificate. If the price of the underlying stocks goes up by 10 percent (to 11,000 Euros), the value of the certificate will also go up by 10 percent (to 110 Euros). | Trackers can be used to invest in the performance of multiple stocks, for example. A tracker certificate is a structured instrument that allows the investor to invest in an underlying asset without actually owning the asset. From an investor perspective, tracker certificates work much like investment funds. The tracker follows the price of an underlying asset (one or more stocks, for example). The investor buys a certificate based on the tracker. If the value of the underlying asset goes up, the value of the certificate goes up with it. If the underlying asset loses value, the certificate loses value.
https://spec.edmcouncil.org/fibo/ontology/DER/DerivativesContracts/StructuredInstruments/TurboCertificate	TurboCertificate	turbo | turbo warrant	ParticipationCertificate	class	DER	certificate that acts as a leveraged security, whose price tracks an underlying financial asset's price one for one, and that can be used to go long or short	As risk management each turbo trade has a built-in knock-out level and will terminate if this is hit. | There are two types of turbos: long turbos, sometimes known as bull turbos, and short turbos, also known as bear turbos. You'd buy a long turbo if you thought the price of the underlying asset was set to rise. With a long turbo, the knock-out level will be below the underlying asset's current market price to protect you against downward movements. Alternatively, you'd buy a short turbo if you thought the price of the underlying asset might fall. A short turbo will have a knock-out level which is above the underlying asset's current market price to protect you against upward movements. | Turbos are traded on venue rather than over the counter (OTC), and have fully visible order books that you can view to gauge sentiment and plan your strategy. Turbo trading works by buying a transferrable security whose value is based on an underlying asset's. So, you effectively take a position on that asset's price either rising or falling. For each trade, you choose a knock-out level – the point where you'd like to exit if the market turns against you. This then helps to determine the purchase price for the turbo, which will be your maximum possible loss. You'll pay this outlay in full upfront.
https://spec.edmcouncil.org/fibo/ontology/DER/DerivativesContracts/StructuredInstruments/TwinWinCertificate	TwinWinCertificate	twin-win certificate	ParticipationCertificate	class	DER	certificate that makes profits possible with rising and falling underlying asset values, in which a falling underlying asset price converts into profit up to the barrier, and whose minimum redemption is equal to the nominal value provided the barrier has not been breached	ISO 10962, Securities and related financial instruments - Classification of financial instruments (CFI) code, Fifth edition, 2021-06-15, clause 6.2.8 | Twin-win certificates are suited to investors who are convinced that the underlying instrument has a good chance of going up. If it in fact does, the built-in leverage of the product enables you to participate not just 1:1 in that upside move (as would be the case with a normal tracker certificate), but instead at a disproportionate rate and with no price limitation. | With a twin-win certificate, you can actually have it both ways. In other words, this type of structured product generates a profit for you not only when the price of the underlying instrument goes up, but also if it declines to a certain extent. And this with a specially built-in safety mechanism. The unique structure of these products makes it possible to turn a modest loss in the underlying instrument into a modest gain. | If the barrier is breached the product changes into a tracker certificate. With higher risk levels, multiple underlying asset(s) (worst-of) allow for a higher bonus level or lower barrier. Twin-win certificates have reduced risk compared to a direct investment into the underlying asset(s).
https://spec.edmcouncil.org/fibo/ontology/DER/DerivativesContracts/StructuredInstruments/YieldEnhancementProduct	YieldEnhancementProduct	yield-enhancement product	StructuredProduct	class	DER	structured product that provides a predefined yield in return for a downside risk	Well-known yield-enhancement products include reverse convertibles. They provide a predetermined yield per annum in return for the willingness of the investor to absorb downside risk of for example a stock, index, currency-pair or fund. Reverse convertibles come in a broad range of variations (with or without barrier, multiple underlyings and/or callability).
https://spec.edmcouncil.org/fibo/ontology/DER/DerivativesContracts/Swaps/BasisSwap	BasisSwap		RatesSwap	class	DER	swap in which payment streams are referenced to different bases	A basis swap can have two legs of the same tenor but different indices, e.g., 3 month LIBOR vs. 3 month TIBOR. The difference in this case is not driven by different interest rate periods but from different markets, i.e., the difference in efficiency between the two markets. The objective is to hedge against basis risk which is the difference in price between two markets. See also forward swap, as a means for controlling interest rate.
https://spec.edmcouncil.org/fibo/ontology/DER/DerivativesContracts/Swaps/CorrelationLeg	CorrelationLeg		PerformanceBasedVariableLeg	class	DER	floating leg of a correlation swap that pays an amount based on the observed average correlation of the prices of a collection of underlying products	
https://spec.edmcouncil.org/fibo/ontology/DER/DerivativesContracts/Swaps/CorrelationSwap	CorrelationSwap		StatisticalSwap	class	DER	over-the-counter statistical derivative that allows one to hedge risks associated with the observed average correlation of a collection of underlying products	Each product that can act as the underlier on which the correlation is based has periodically observable prices, such as a commodity, exchange rate, interest rate, or stock index. Correlation trading is a strategy in which the investor receives exposure to the average correlation of an index.
https://spec.edmcouncil.org/fibo/ontology/DER/DerivativesContracts/Swaps/DispersionLeg	DispersionLeg	variance leg	PerformanceBasedVariableLeg	class	DER	floating leg of a dispersion swap that pays an amount based on the realized dispersion of the price changes of the underlying product	Underlying assets may include, for example, exchange rates, interest rates, or the price of an index.
https://spec.edmcouncil.org/fibo/ontology/DER/DerivativesContracts/Swaps/DispersionSwap	DispersionSwap	variance swap	StatisticalSwap	class	DER	statistical derivative used to hedge on the magnitude of a price movement of an underlying asset	A variance swap is an instrument that allows investors to trade future realized (or historical) volatility against current implied volatility. | Some strategies involve selling a variance swap on an index and buying the variance swaps on the individual constituents; this particular kind of spread trade is called a variance dispersion trade.
https://spec.edmcouncil.org/fibo/ontology/DER/DerivativesContracts/Swaps/ExcessReturnSwap	ExcessReturnSwap		IndexReturnSwap	class	DER	return swap in which the change in the level of the index will be equal to the returns generated primarily by the changes in price of each of the contracts that comprise the index	ISDA Disclosure Annex for Commodity Derivative Transactions. See https://globalmarkets.bnpparibas.com/gm/features/docs/dfdisclosures/ISDA_Commodity_Derivatives_Disclosure_Annex_04_2013.pdf
https://spec.edmcouncil.org/fibo/ontology/DER/DerivativesContracts/Swaps/FixedLeg	FixedLeg		SwapLeg	class	DER	swap leg whose paying party is obligated to make payments from time to time over the term of a swap calculated by reference to a fixed annual rate or consisting of at least one payment of a fixed amount	2006 ISDA Definitions | ISDA Disclosure Annex for Commodity Derivative Transactions. See https://globalmarkets.bnpparibas.com/gm/features/docs/dfdisclosures/ISDA_Commodity_Derivatives_Disclosure_Annex_04_2013.pdf
https://spec.edmcouncil.org/fibo/ontology/DER/DerivativesContracts/Swaps/FixedPaymentLeg	FixedPaymentLeg	fixed payment stream terms | funding leg	SwapLeg	class	DER	swap leg that specifies contractual terms associated with a schedule of payments for any swap calculated by reference to a fixed annual rate	
https://spec.edmcouncil.org/fibo/ontology/DER/DerivativesContracts/Swaps/FloatingLeg	FloatingLeg		SwapLeg	class	DER	swap leg whose paying party is obligated to make payments from time to time over the term of a swap calculated by reference to some variable rate, calculated based on the change in value of some underlying asset, or consisting of at least one payment of some floating amount	2006 ISDA Definitions | ISDA Disclosure Annex for Commodity Derivative Transactions. See https://globalmarkets.bnpparibas.com/gm/features/docs/dfdisclosures/ISDA_Commodity_Derivatives_Disclosure_Annex_04_2013.pdf
https://spec.edmcouncil.org/fibo/ontology/DER/DerivativesContracts/Swaps/IndexReturnSwap	IndexReturnSwap		ReturnSwap	class	DER	return swap in which payments are based on a fee paid to the seller of the swap and on a floating reference price based on changes in the level of an index from an initial level to a level observed on some valuation date(s)	ISDA Disclosure Annex for Commodity Derivative Transactions. See https://globalmarkets.bnpparibas.com/gm/features/docs/dfdisclosures/ISDA_Commodity_Derivatives_Disclosure_Annex_04_2013.pdf | Payments to the parties may be made either on a periodic basis or on termination of the transaction. One party will receive a payment based upon the change in the level of the index between two valuation dates (multiplied by the notional amount of the swap), as modified by the fee paid to the seller of the swap. If the level of the index increases, the buyer of the swap will be entitled to a payment based on this performance, as such payment may be reduced (or negated) by the fee paid to the seller of the swap. If the level of the index decreases, the seller of the swap will be entitled to a payment based on this performance, as such payment may be increased by the fee paid to the seller of the swap.
https://spec.edmcouncil.org/fibo/ontology/DER/DerivativesContracts/Swaps/MajorSwapParticipant	MajorSwapParticipant	MSP	NonDepositoryInstitution	class	DER	financial service provider that maintains a substantial position in swaps for any of the major swap categories	http://www.cftc.gov/IndustryOversight/Intermediaries/index.htm | This excludes positions held for hedging or mitigating commercial risk and positions maintained by an employee benefit plan for the primary purpose of hedging or mitigating any risk directly associated with the operation of the plan.
https://spec.edmcouncil.org/fibo/ontology/DER/DerivativesContracts/Swaps/PerformanceBasedVariableLeg	PerformanceBasedVariableLeg	performance-based variable leg	FloatingLeg	class	DER	floating leg of a swap that depends on some statistical measure of the performance of the underlier	
https://spec.edmcouncil.org/fibo/ontology/DER/DerivativesContracts/Swaps/RateBasedLeg	RateBasedLeg	rate-based leg	SwapLeg	class	DER	swap leg of a rate-based swap based on a floating interest, floating inflation or fixed interest rate	
https://spec.edmcouncil.org/fibo/ontology/DER/DerivativesContracts/Swaps/RatesSwap	RatesSwap		Swap	class	DER	swap in two counterparties each agree to pay the other cash flows on defined dates during an agreed period, based on a specified notional amount and a floating interest, floating inflation or fixed interest rate	ISO 10962, Securities and related financial instruments - Classification of financial instruments (CFI) code, Fifth edition, 2021-06-15
https://spec.edmcouncil.org/fibo/ontology/DER/DerivativesContracts/Swaps/RealizedVariableLeg	RealizedVariableLeg		PerformanceBasedVariableLeg	class	DER	performance-based leg wherein the payment is netted at maturity rather than periodically	In this case there is a single payment at maturity/settlement and so there is no stream of cashflows either way. The other leg of these swaps is implied, and is simply the strike price.
https://spec.edmcouncil.org/fibo/ontology/DER/DerivativesContracts/Swaps/ReturnLeg	ReturnLeg		FloatingLeg	class	DER	leg of a swap in which the income generated by some underlier is paid	The return, including income from a tangible asset, the constituents of an index, or a notional/specified amount of some asset (e.g. number of shares, amount of a commodity, etc.), may be limited to the dividend or interest amounts on the underlying (simple return), or total return including capital gains and/or the appreciation or decrease in value of the asset (or index constituents).
https://spec.edmcouncil.org/fibo/ontology/DER/DerivativesContracts/Swaps/ReturnSwap	ReturnSwap		Swap	class	DER	swap in which one leg, the return leg, is based on income generated from some underlier	
https://spec.edmcouncil.org/fibo/ontology/DER/DerivativesContracts/Swaps/SimpleReturnLeg	SimpleReturnLeg		ReturnLeg	class	DER	return leg based strictly on the income generated by the underlying asset, excluding appreciation, decrease in value, capital gains, and fees on any increase in value	Payments may include interest payments on a debt instrument or the dividends on an equity, for example.
https://spec.edmcouncil.org/fibo/ontology/DER/DerivativesContracts/Swaps/StatisticalSwap	StatisticalSwap		Swap	class	DER	swap that depends on some statistical measure of the performance of the underlier	
https://spec.edmcouncil.org/fibo/ontology/DER/DerivativesContracts/Swaps/StrikeLeg	StrikeLeg		FixedLeg	class	DER	swap leg that specifies a fixed amount, 'the strike', quoted at the time of execution	The fixed amount may be with respect to some variable or a monetary amount. The realization of a strike leg is not a cashflow per se, but a netting out against the terms defined in the other leg of a statistical swap.
https://spec.edmcouncil.org/fibo/ontology/DER/DerivativesContracts/Swaps/Swap	Swap		DerivativeInstrument	class	DER	derivative instrument whereby counterparties agree to exchange periodic streams of cash flows or liabilities from two different financial instruments with each other	ISO 10962, Securities and related financial instruments - Classification of financial instruments (CFI) code, Fifth edition, 2021-06-15 | The notional amount, effective date and termination date are some of the properties that each swap leg has that are taken from the swap contract. | The underlying instruments can be almost anything, representing various asset classes, but most swaps involve cash flows (streams of payments or other commitments over time) based on a notional principal amount that both parties agree to. | Usually, the principal does not change hands. Each cash flow comprises one leg of the swap. One cash flow is generally fixed, while the other is variable, that is, based on a a benchmark interest rate, floating currency exchange rate or index price.
https://spec.edmcouncil.org/fibo/ontology/DER/DerivativesContracts/Swaps/SwapConfirmation	SwapConfirmation		SwapLifecycleEvent	class	DER	formal confirmation that codifies the terms and conditions specific to a lifecycle event with respect to the overall transaction between the parties	
https://spec.edmcouncil.org/fibo/ontology/DER/DerivativesContracts/Swaps/SwapDataRepository	SwapDataRepository	SDR	FinancialServiceProvider	class	DER	financial service provider that provides a central facility for swap data reporting and recordkeeping	http://www.cftc.gov/IndustryOversight/DataRepositories/index.htm | Swap data repositories ('SDRs') are new entities created by the Dodd-Frank Wall Street Reform and Consumer Protection Act ('Dodd-Frank Act') in order to provide a central facility for swap data reporting and recordkeeping. Under the Dodd- Frank Act, all swaps, whether cleared or uncleared, are required to be reported to registered SDRs. The Dodd-Frank Act added new Section 21 to the Commodity Exchange Act ('CEA'), governing registration and regulation of SDRs and establishing registration requirements and core duties and responsibilities for SDRs.
https://spec.edmcouncil.org/fibo/ontology/DER/DerivativesContracts/Swaps/SwapDealer	SwapDealer	SD	NonDepositoryInstitution	class	DER	non-depository institution such as one that deals in swaps, makes a market in swaps, regularly enters into swaps with counterparties as an ordinary course of business for its own account, and engages in any activity causing the person to be commonly known in the trade as a dealer/market maker in swaps	http://www.cftc.gov/IndustryOversight/Intermediaries/index.htm
https://spec.edmcouncil.org/fibo/ontology/DER/DerivativesContracts/Swaps/SwapLeg	SwapLeg		CashflowTerms	class	DER	terms defining and the commitment to fulfill cashflow requirements (e.g., interest payments, coupon payments, etc.) for a component of a swap	A one-leg financing swap (also known as a single-leg financing swap) is a type of financial derivative, typically used by institutional investors or corporations, in which one party makes a series of fixed or floating payments to another party in exchange for a single upfront cash payment or financing. | A three-leg financial swap is a more complex type of swap agreement where three different payment streams (or 'legs') are involved, as opposed to the traditional two-leg swaps (like fixed-for-floating interest rate swaps). This structure can be useful for sophisticated risk management or hedging strategies, particularly when exposure to multiple interest rates or currencies is desired. | A two-leg financial swap is the most common type of swap agreement, where two counterparties exchange cash flows or obligations based on different financial variables. Each leg represents a stream of payments or flows tied to specific terms, such as fixed or floating interest rates, currencies, or commodities. The classic example of a two-leg swap is the interest rate swap, where one party pays a fixed interest rate while the other pays a floating interest rate. | For some swaps this may be a commitment to net up the difference between a strike and an outcome, rather than to make a series of cashflows over time. For credit default swaps there are conditional commitments, contingent on the occurrence of a credit event. | In most cases, a swap has two legs, one expressing the obligations of the seller and one expressing the obligations of the buyer. However, it is possible to represent more complex swaps, with one, three or more legs. The legs can be almost anything but usually one leg involves cash flows based on a notional principal amount that both parties agree to.
https://spec.edmcouncil.org/fibo/ontology/DER/DerivativesContracts/Swaps/SwapLegEvent	SwapLegEvent		SwapLifecycleEvent	class	DER	swap lifecycle event, such as a payment or rate reset event, that applies to one leg of a swap	
https://spec.edmcouncil.org/fibo/ontology/DER/DerivativesContracts/Swaps/SwapLifecycleEvent	SwapLifecycleEvent		LifecycleEvent	class	DER	event that occurs during the lifecycle of a swap, where the overall set of events includes those specific to the issuer, front office, middle office, and/or back office processes	
https://spec.edmcouncil.org/fibo/ontology/DER/DerivativesContracts/Swaps/SwapLifecycleEventIdentifier	SwapLifecycleEventIdentifier			class	DER	identifier that uniquely identifies a specific event in the lifecycle of a swap	
https://spec.edmcouncil.org/fibo/ontology/DER/DerivativesContracts/Swaps/SwapParty	SwapParty		ContractParty	class	DER	party to a swap and therefore a legal party to the contract that embodies that transaction	
https://spec.edmcouncil.org/fibo/ontology/DER/DerivativesContracts/Swaps/SwapPayingParty	SwapPayingParty		PayingParty	class	DER	swap party responsible for making payments for a given leg of the transaction as defined in the contract	
https://spec.edmcouncil.org/fibo/ontology/DER/DerivativesContracts/Swaps/SwapReceivingParty	SwapReceivingParty		ReceivingParty	class	DER	swap party that receives payments for a given leg of the transaction as defined in the contract	
https://spec.edmcouncil.org/fibo/ontology/DER/DerivativesContracts/Swaps/SwapTerms	SwapTerms		DerivativeTerms	class	DER	legal contractual terms of a swap transaction	
https://spec.edmcouncil.org/fibo/ontology/DER/DerivativesContracts/Swaps/TotalReturnLeg	TotalReturnLeg		ReturnLeg	class	DER	return leg based on the income generated by the underlying asset as well as any appreciation, decrease in value, capital gains, and fees on any increase in value	This is distinguished from the more general Return Leg by the addition of increase or decrease in the value of the underlying asset.
https://spec.edmcouncil.org/fibo/ontology/DER/DerivativesContracts/Swaps/TotalReturnSwap	TotalReturnSwap		CreditDerivative	class	DER	return swap where the seller agrees to pay the other party the difference in value of some underlying asset multiplied by an agreed-upon notional value should the asset value increase between specified periods of time	CFTC Data Dictionary. See https://www.cftc.gov/MarketReports/SwapsReports/DataDictionary/index.htm | ISDA Disclosure Annex for Commodity Derivative Transactions. See https://globalmarkets.bnpparibas.com/gm/features/docs/dfdisclosures/ISDA_Commodity_Derivatives_Disclosure_Annex_04_2013.pdf | In a total return swap that is index-based, the change in the level of the index will be equal to the returns generated by the change in price of each of the contracts that comprise the index plus a return based upon interest earned on any cash collateral posted upon the purchase of the contracts comprising the index. | In exchange, the other party, the buyer of the credit risk, agrees to pay the difference in value of the specified asset multiplied by the notional value should that value decrease between the same specified periods of time. Total return swaps often appear in asset classes other than the credit asset class; however, for the purpose of the CFTC Swaps Report, all total return swaps are counted only in the credit asset class. | For example the parties may enter into a two year agreement where every three months they compare the value of the Barclays Capital Aggregate Bond Index to its value three months previously. If the agreed upon notional was US $10,000,000 and the value increased 0.04%, or 4 basis points (bps), the seller would pay the buyer US $4,000. If, after another three months, the value decreased by 3bps, the buyer would pay the seller US $3,000. As part of the agreement, the buyer may also make an additional payment each period to the seller based on a floating rate index multiplied by the notional value.
https://spec.edmcouncil.org/fibo/ontology/DER/DerivativesContracts/Swaps/UniqueSwapIdentifier	UniqueSwapIdentifier	USI	FinancialInstrumentIdentifier	class	DER	identifier for a swap that is used in recordkeeping and swap data reporting	CFTC Data Management Branch 'Unique Swap Identifier (USI) Data Standard', October 1, 2012, usidatastandards100112.pdf
https://spec.edmcouncil.org/fibo/ontology/DER/RateDerivatives/IRSwaps/CrossCurrencyInterestRateSwap	CrossCurrencyInterestRateSwap	cross-currency interest rate swap	InterestRateSwap	class	DER	interest rate swap in which the two streams of interest payments are in different currencies	
https://spec.edmcouncil.org/fibo/ontology/DER/RateDerivatives/IRSwaps/FixedFixedInterestRateSwap	FixedFixedInterestRateSwap	fixed-fixed interest rate swap	InterestRateSwap	class	DER	interest rate swap in which both parties pay a fixed interest rate that they could not otherwise obtain outside of a swap arrangement	ISO 10962, Securities and related financial instruments - Classification of Financial Instruments (CFI code), Fourth edition, 2019-10. | Fixed-fixed swaps generally take the form of either a zero coupon swap or a cross-currency swap. | For example, each counterparty uses a different native currency, but wants to borrow money in the other counterparty's native currency.
https://spec.edmcouncil.org/fibo/ontology/DER/RateDerivatives/IRSwaps/FixedFloatCrossCurrencyInterestRateSwap	FixedFloatCrossCurrencyInterestRateSwap	fixed float cross-currency interest rate swap | fixed-float cross-currency interest rate swap	CrossCurrencyInterestRateSwap	class	DER	interest rate swap in which fixed interest payments on the notional are exchanged for floating interest payments and the two streams of interest payments are in different currencies	
https://spec.edmcouncil.org/fibo/ontology/DER/RateDerivatives/IRSwaps/FixedFloatInterestRateSwap	FixedFloatInterestRateSwap	fixed-float interest rate swap	InterestRateSwap	class	DER	interest rate swap in which fixed interest payments on the notional are exchanged for floating interest payments	
https://spec.edmcouncil.org/fibo/ontology/DER/RateDerivatives/IRSwaps/FixedFloatSingleCurrencyInterestRateSwap	FixedFloatSingleCurrencyInterestRateSwap	fixed-float single-currency interest rate swap	FixedFloatInterestRateSwap	class	DER	interest rate swap in which fixed interest payments on the notional are exchanged for floating interest payments and where both payment streams are expressed in terms of the same currency	
https://spec.edmcouncil.org/fibo/ontology/DER/RateDerivatives/IRSwaps/FixedInterestRateLeg	FixedInterestRateLeg	fixed interest rate payment stream	FixedLeg	class	DER	fixed leg that specifies fixed interest amounts and terms for the payment of that interest	This may be the funding leg of some swaps (i.e. one party agrees to pay fixed interest amounts in exchange for whatever is the other leg) or it may be one or both sides of an interest rate swap, where the two parties exchange different interest payment streams.
https://spec.edmcouncil.org/fibo/ontology/DER/RateDerivatives/IRSwaps/FloatFloatCrossCurrencyInterestRateSwap	FloatFloatCrossCurrencyInterestRateSwap	float float cross-currency interest rate swap | float-float cross-currency interest rate swap	FloatFloatInterestRateSwap	class	DER	interest rate swap that exchanges cashflows based on two different interest rates in different currencies	
https://spec.edmcouncil.org/fibo/ontology/DER/RateDerivatives/IRSwaps/FloatFloatInterestRateSwap	FloatFloatInterestRateSwap	basis rate swap | float-float interest rate swap	BasisSwap	class	DER	interest rate swap that exchanges cashflows based on two different floating interest rates	http://www.investopedia.com/terms/b/basisrateswap.asp | This is a swap in which two parties swap variable interest rates based on different money markets, and this is usually done to limit interest-rate risk that a company faces as a result of having differing lending and borrowing rates.
https://spec.edmcouncil.org/fibo/ontology/DER/RateDerivatives/IRSwaps/FloatFloatSingleCurrencyInterestRateSwap	FloatFloatSingleCurrencyInterestRateSwap	float-float single-currency interest rate swap	FloatFloatInterestRateSwap	class	DER	interest rate swap that exchanges cashflows based on two different floating interest rates in the same currency	
https://spec.edmcouncil.org/fibo/ontology/DER/RateDerivatives/IRSwaps/FloatingInterestRateLeg	FloatingInterestRateLeg	floating interest rate swap stream	FloatingLeg	class	DER	floating leg in which variable interest is paid on some notional amount, linked to some underlying interest reference rate	Instead of an absolute rate you have either a variable reference rate or fixed reference rate and an offset that varies in some way, called a spread (same as margin in floating rate notes).
https://spec.edmcouncil.org/fibo/ontology/DER/RateDerivatives/IRSwaps/InflationLeg	InflationLeg		FloatingLeg	class	DER	floating rate leg of an inflation swap linked to an inflation index, such as the Consumer Price Index (CPI)	
https://spec.edmcouncil.org/fibo/ontology/DER/RateDerivatives/IRSwaps/InflationSwap	InflationSwap		RateBasedDerivative	class	DER	rate swap in which one party pays an amount calculated using an inflation rate index, and the other party pays an amount calculated using another inflation rate index, or a fixed or floating interest rate	ISO 10962, Securities and related financial instruments - Classification of financial instruments (CFI) code, Fifth edition, 2021-06-15
https://spec.edmcouncil.org/fibo/ontology/DER/RateDerivatives/IRSwaps/InterestRateSwap	InterestRateSwap		InterestRateDerivative	class	DER	swap in which the reference (underlier) for at least one leg is an interest rate	
https://spec.edmcouncil.org/fibo/ontology/DER/RateDerivatives/IRSwaps/InterestRateSwapLeg	InterestRateSwapLeg	interest rate swap stream	RateBasedLeg	class	DER	swap leg that has an interest rate payment stream, including both a parametric and cashflow representation for the stream of payments	
https://spec.edmcouncil.org/fibo/ontology/DER/RateDerivatives/IRSwaps/NotionalStepAmount	NotionalStepAmount			class	DER	the amount of money that is subtracted from the notional on each step date	Note that this is an actual concrete sum of money, which may be specified either as a monetary amount (e.g. dollars and cents) or as a percentage of either the original notional amount or the previous notional amount.
https://spec.edmcouncil.org/fibo/ontology/DER/RateDerivatives/IRSwaps/NotionalStepChangeEvent	NotionalStepChangeEvent		ContractLifecycleEventOccurrence	class	DER	event in which a step change in the notional amount for a given swap leg occurs	The frequency / period length of the steps in the step schedule is a multiple of the calculation period or frequency. For example, if the notional is recalculated on every calculation date, applying a new interest rate to the new notional amount, then the two frequencies are the same. If notional is updated every second calculation period, then the step schedule specifies periods that are twice as long, and so on.
https://spec.edmcouncil.org/fibo/ontology/DER/RateDerivatives/IRSwaps/NotionalStepPeriodLength	NotionalStepPeriodLength		RecurrenceInterval	class	DER	recurrence interval indicating the frequency with which step changes occur, which is a multiple of the calculation period in the calculation schedule	
https://spec.edmcouncil.org/fibo/ontology/DER/RateDerivatives/IRSwaps/NotionalStepSchedule	NotionalStepSchedule		ProjectedContractEventSchedule	class	DER	schedule of changes in the notional amount on which interest is paid, comprising the regular sequence of step events	
https://spec.edmcouncil.org/fibo/ontology/DER/RateDerivatives/IRSwaps/OvernightIndexSwap	OvernightIndexSwap	OIS swap	InterestRateSwap	class	DER	swap in which the periodic payments for one leg are based on an overnight interest rate index multiplied by the same notional amount upon which payments for the other leg of the swap are based	ISO 10962, Securities and related financial instruments - Classification of financial instruments (CFI) code, Fifth edition, 2021-06-15 | The interest of the overnight rate portion of the swap is compounded and paid at reset dates. The present value for the leg is determined by either compounding of the overnight rate or by taking the geometric average of the rate over a given period.
https://spec.edmcouncil.org/fibo/ontology/DER/RateDerivatives/IRSwaps/OvernightRateIndexLeg	OvernightRateIndexLeg		FloatingInterestRateLeg	class	DER	floating leg in which periodic payments are based on an overnight interest rate index multiplied by the same notional amount on which the payments for the other leg of the swap are based	ISO 10962, Securities and related financial instruments - Classification of financial instruments (CFI) code, Fifth edition, 2021-06-15
https://spec.edmcouncil.org/fibo/ontology/DER/RateDerivatives/IRSwaps/PlainVanillaInterestRateSwap	PlainVanillaInterestRateSwap		FixedFloatSingleCurrencyInterestRateSwap	class	DER	fixed-float single currency interest rate swap in which interest payments are netted, the notional principal does not change, and there are no embedded options	
https://spec.edmcouncil.org/fibo/ontology/DER/RateDerivatives/IRSwaps/SingleCurrencyInterestRateSwap	SingleCurrencyInterestRateSwap		InterestRateSwap	class	DER	interest rate swap in which the two streams of interest payments are in the same currency	
https://spec.edmcouncil.org/fibo/ontology/DER/RateDerivatives/IRSwaps/ZeroCouponInterestRateSwap	ZeroCouponInterestRateSwap		InterestRateSwap	class	DER	interest rate swap in which the fixed rate cash flows are compounded and paid once on the expiration date, rather than periodically; the payments on the other side (which can be based on a floating interest rate or a fixed rate) follow typical swap payment schedules	ISO 10962, Securities and related financial instruments - Classification of financial instruments (CFI) code, Fifth edition, 2021-06-15
https://spec.edmcouncil.org/fibo/ontology/DER/RateDerivatives/RateDerivatives/EconomicRateBasedDerivativeInstrument	EconomicRateBasedDerivativeInstrument			class	DER		
https://spec.edmcouncil.org/fibo/ontology/DER/RateDerivatives/RateDerivatives/EconomicRateObservable	EconomicRateObservable			class	DER		
https://spec.edmcouncil.org/fibo/ontology/DER/RateDerivatives/RateDerivatives/ForeignExchangeRateObservable	ForeignExchangeRateObservable			class	DER		
https://spec.edmcouncil.org/fibo/ontology/DER/RateDerivatives/RateDerivatives/ForwardRateAgreement	ForwardRateAgreement			class	DER		
https://spec.edmcouncil.org/fibo/ontology/DER/RateDerivatives/RateDerivatives/InterestRateDerivativeInstrument	InterestRateDerivativeInstrument			class	DER		
https://spec.edmcouncil.org/fibo/ontology/DER/RateDerivatives/RateDerivatives/InterestRateObservable	InterestRateObservable			class	DER		
https://spec.edmcouncil.org/fibo/ontology/DER/RateDerivatives/RateDerivatives/RateBasedDerivativeInstrument	RateBasedDerivativeInstrument			class	DER		
https://spec.edmcouncil.org/fibo/ontology/DER/RateDerivatives/RateDerivatives/RateBasedObservable	RateBasedObservable			class	DER		
https://spec.edmcouncil.org/fibo/ontology/DER/SecurityBasedDerivatives/EquitySwaps/DispersionSwapIndexConstituentsLeg	DispersionSwapIndexConstituentsLeg		DispersionLeg	class	DER	dispersion leg whose underlier is a defined set of constituents of a given equity index	
https://spec.edmcouncil.org/fibo/ontology/DER/SecurityBasedDerivatives/EquitySwaps/DispersionSwapIndexLeg	DispersionSwapIndexLeg		DispersionLeg	class	DER	dispersion leg whose underlier is an equity index	
https://spec.edmcouncil.org/fibo/ontology/DER/SecurityBasedDerivatives/EquitySwaps/DividendLeg	DividendLeg		SimpleReturnLeg	class	DER	floating leg of a dividend swap	
https://spec.edmcouncil.org/fibo/ontology/DER/SecurityBasedDerivatives/EquitySwaps/DividendSwap	DividendSwap		EquitySwap	class	DER	equity swap that has at least one leg whose underlier is a dividend stream	ISO 10962, Securities and related financial instruments - Classification of financial instruments (CFI) code, Fifth edition, 2021-06-15 | Dividend swaps include those that are fixed-term contracts between two parties where one party makes an interest rate payment for each interval and the other party pays the total dividends received as pay-out by a selected underlying asset.
https://spec.edmcouncil.org/fibo/ontology/DER/SecurityBasedDerivatives/EquitySwaps/EquityCorrelationSwap	EquityCorrelationSwap		CorrelationSwap	class	DER	correlation swap that allows one to hedge risks associated with the observed average correlation of a collection of underlying equity products	The underlier for the leg can be any of (1) dividend stream for a single stock, (2) change in value for a single share, (3) change in value for a basket of shares, (4) change in value for an index, (5) value of a dividend stream for a basket of shares, or (6) comparison of the change in value of a given share or basket or index against something else - for example, a single share against an index, which is the thing you are cross-correlating with the volatility of the share.
https://spec.edmcouncil.org/fibo/ontology/DER/SecurityBasedDerivatives/EquitySwaps/EquityPriceReturnSwap	EquityPriceReturnSwap		ReturnSwap	class	DER	return swap whose return leg underlier is based on equities	ISO 10962, Securities and related financial instruments - Classification of financial instruments (CFI) code, Fifth edition, 2021-06-15 | A price return equity swap is similar to a total return swap, except that dividends are not passed through to the buyer).
https://spec.edmcouncil.org/fibo/ontology/DER/SecurityBasedDerivatives/EquitySwaps/EquityReturnLeg	EquityReturnLeg		ReturnLeg	class	DER	return leg whose income is based on equities	
https://spec.edmcouncil.org/fibo/ontology/DER/SecurityBasedDerivatives/EquitySwaps/EquitySwap	EquitySwap		Swap	class	DER	swap whose payments are linked to the change in value of underlying equities (e.g. shares, basket of equities or index) or their cashflow(s)	ISO 10962, Securities and related financial instruments - Classification of financial instruments (CFI) code, Fifth edition, 2021-06-15 | Equity swaps can be physically or cash settled.
https://spec.edmcouncil.org/fibo/ontology/DER/SecurityBasedDerivatives/EquitySwaps/EquityTotalReturnSwap	EquityTotalReturnSwap		TotalReturnSwap	class	DER	total return swap whose return leg underlier is based on equities	ISO 10962, Securities and related financial instruments - Classification of financial instruments (CFI) code, Fifth edition, 2021-06-15
https://spec.edmcouncil.org/fibo/ontology/DER/SecurityBasedDerivatives/EquitySwaps/EquityVarianceSwap	EquityVarianceSwap		DispersionSwap	class	DER	dispersion swap in which the parties agree to exchange payments based on the difference between (i) the realized variance of the price changes of a specified equity underlier over a stated observation period and (ii) a fixed amount of variance that is agreed when the contract is executed	ISO 10962, Securities and related financial instruments - Classification of financial instruments (CFI) code, Fifth edition, 2021-06-15 | An equity variance swap is a forward swap that uses the variance (being the volatility squared) of an underlying's price movement over a period as the basis for the payoff calculation.
https://spec.edmcouncil.org/fibo/ontology/DER/SecurityBasedDerivatives/EquitySwaps/EquityVolatilitySwap	EquityVolatilitySwap		DispersionSwap	class	DER	dispersion swap that is a forward contract on the variability of movements in the price of its underlying equities	ISO 10962, Securities and related financial instruments - Classification of financial instruments (CFI) code, Fifth edition, 2021-06-15 | An equity volatility swap is a measure of the amount by which an asset's price is expected to fluctuate over a given period of time; it is normally measured by the annual standard deviation of daily price changes.
https://spec.edmcouncil.org/fibo/ontology/DER/SecurityBasedDerivatives/EquitySwaps/QualifyingDividendPeriod	QualifyingDividendPeriod			class	DER	date period over which the sum of all qualifying dividends paid by the relevant issuers as identified in the swap terms is calculated	
https://spec.edmcouncil.org/fibo/ontology/DER/SecurityBasedDerivatives/EquitySwaps/SpecialDividendLegTerms	SpecialDividendLegTerms		CashflowTerms	class	DER	terms that are invoked if special dividend and memorial dividends are applicable	
https://spec.edmcouncil.org/fibo/ontology/DER/SecurityBasedDerivatives/SecurityBasedDerivatives/BasketOfDebtInstruments	BasketOfDebtInstruments		BasketOfSecurities	class	DER	basket of securities whose constituents are debt instruments	
https://spec.edmcouncil.org/fibo/ontology/DER/SecurityBasedDerivatives/SecurityBasedDerivatives/CapitalizedLeaseObligationDebtBasket	CapitalizedLeaseObligationDebtBasket		BasketOfDebtInstruments	class	DER	basket of debt instruments whose constituents are contracts entitling a renter the temporary use of an asset and, in accounting terms, has asset ownership characteristics	A capitalized lease obligation basket is increasingly broadly drafted to include indebtedness incurred to finance the purchase, improvement, repair, renewal etc. of property (including the purchase of stock of a person owning such property).
https://spec.edmcouncil.org/fibo/ontology/DER/SecurityBasedDerivatives/SecurityBasedDerivatives/ContributionDebtBasket	ContributionDebtBasket		BasketOfDebtInstruments	class	DER	basket of debt instruments that allows a company to incur an amount of indebtedness that is equal to (or in top tier sponsor transactions in the U.S., up to two times) the amount of equity contributed to the group	A non-guarantor debt basket is often also permitted to be secured by assets of a subsidiary other than the issuer/borrower or guarantors. | In U.S. law, a non-guarantor debt basket is a shared basket in an amount not to exceed the greater of $150,000,000 and 20% of Consolidated EBITDA for the most recently ended Test Period at any time outstanding that may be used for (A) the incurrence of certain Indebtedness by Restricted Subsidiaries that are not Loan Parties under Sections 6.01(a)(xii), 6.01(a)(xix) and 6.01(a)(xx) and (B) Secured Cash Management Obligations of any Restricted Subsidiary that is not a Loan Party.
https://spec.edmcouncil.org/fibo/ontology/DER/SecurityBasedDerivatives/SecurityBasedDerivatives/CreditFacilityDebtBasket	CreditFacilityDebtBasket		BasketOfDebtInstruments	class	DER	basket of securities whose constituents are credit agreements that allow the borrower to periodically take out money over an extended period of time rather than reapplying for a loan every time they need funds	The credit facility debt basket consists of a number of credit facilities including revolving loans/line of credit, committed facilities, letters of credit and most retail credit accounts. The first port of call for issuers is the credit facility debt basket. In addition to the fixed dollar (or euro) amounts, credit facility debt baskets in senior secured notes and indentures typically provide for a grower component that is the greater of the fixed dollar/euro amount and a percentage of total assets, total tangible assets or EBITDA.
https://spec.edmcouncil.org/fibo/ontology/DER/SecurityBasedDerivatives/SecurityBasedDerivatives/DebtInstrumentDerivative	DebtInstrumentDerivative		SecurityBasedDerivative	class	DER	security-based derivative whose underlier is a debt observable	
https://spec.edmcouncil.org/fibo/ontology/DER/SecurityBasedDerivatives/SecurityBasedDerivatives/EquityDerivative	EquityDerivative		SecurityBasedDerivative	class	DER	security-based derivative whose underlier is based on equities (e.g. shares, basket of equities or index) or their cashflow(s)	
https://spec.edmcouncil.org/fibo/ontology/DER/SecurityBasedDerivatives/SecurityBasedDerivatives/GeneralDebtBasket	GeneralDebtBasket		BasketOfDebtInstruments	class	DER	basket of debt instruments that provides additional capacity for potential funding and does not require the proceeds to be used for any particular purpose	The general debt basket has increasingly become a basket for additional secured debt. Lenders providing funding to companies need to carefully consider whether any previous debt incurred by the company using this basket has reduced the available capacity.
https://spec.edmcouncil.org/fibo/ontology/DER/SecurityBasedDerivatives/SecurityBasedDerivatives/IncrementalFacilityDebtBasket	IncrementalFacilityDebtBasket	builder basket	CreditFacilityDebtBasket	class	DER	basket of credit facilities whose constituents are extensible, allowing companies to borrow an additional term loan or revolving credit facility (or increase the commitments applicable thereto) under the same credit agreement subject to certain parameters	The incremental debt basket is available to borrowers and guarantors only; it cannot be used by non-guarantor entities to raise indebtedness. The size of the incremental debt basket varies depending on the size and creditworthiness of the credit group. The principle of a basket consists of allowing the borrower, up to a maximum determined amount, to make restricted payments, disposals or investments, or take on incremental debt. Commonly, a basket is expressed as subject to restrictions based on a fixed ('hard cap') amount (e.g., may not exceed EUR 5,000,000).
https://spec.edmcouncil.org/fibo/ontology/DER/SecurityBasedDerivatives/SecurityBasedDerivatives/LocalLinesOfCreditDebtBasket	LocalLinesOfCreditDebtBasket		BasketOfDebtInstruments	class	DER	basket of debt instruments that may be relevant for companies with international operations, often permitting debt to be incurred by a non-guarantor restricted subsidiary	
https://spec.edmcouncil.org/fibo/ontology/DER/SecurityBasedDerivatives/SecurityBasedDerivatives/Non-GuarantorDebtBasket	Non-GuarantorDebtBasket		BasketOfDebtInstruments	class	DER	basket of debt instruments that include a provision allowing certain subsidiaries within a corporate group, which are not part of the loan guarantee, to incur a specified amount of indebtedness	A non-guarantor debt basket is often also permitted to be secured by assets of a subsidiary other than the issuer/borrower or guarantors. | In U.S. law, a non-guarantor debt basket is a shared basket in an amount not to exceed the greater of $150,000,000 and 20% of Consolidated EBITDA for the most recently ended Test Period at any time outstanding that may be used for (A) the incurrence of certain Indebtedness by Restricted Subsidiaries that are not Loan Parties under Sections 6.01(a)(xii), 6.01(a)(xix) and 6.01(a)(xx) and (B) Secured Cash Management Obligations of any Restricted Subsidiary that is not a Loan Party.
https://spec.edmcouncil.org/fibo/ontology/DER/SecurityBasedDerivatives/SecurityBasedDerivatives/RatioDebtBasket	RatioDebtBasket		BasketOfDebtInstruments	class	DER	basket of debt instruments whose constituents are specified based on a leverage ratio based on total debt rather than only secured debt	The ratio basket provides different ratio tests depending on the type of indebtedness being incurred (for example, first lien leverage ratio in respect of first lien indebtedness, senior secured leverage ratio in respect of indebtedness secured by a junior lien and a total net leverage ratio or interest coverage ratio in respect of unsecured indebtedness). A ratio basket would typically allow the borrower to incur debt secured on a senior secured basis subject to a maximum senior secured leverage ratio and unsecured debt subject to a maximum total leverage ratio.
https://spec.edmcouncil.org/fibo/ontology/DER/SecurityBasedDerivatives/SecurityBasedDerivatives/SecurityBasedDerivative	SecurityBasedDerivative	security-based derivative	DerivativeInstrument	class	DER	derivative instrument whose underlier is based on a security, including collections of securities and indices based on securities	
https://spec.edmcouncil.org/fibo/ontology/FBC/DebtAndEquities/CreditEvents/Bankruptcy	Bankruptcy		EntitySpecificCreditEvent	class	FBC	credit event involving a change in state or condition in which a party becomes insolvent	Barron's Dictionary of Banking Terms, Sixth Edition, 2012 | https://thelawdictionary.org/bankruptcy/
https://spec.edmcouncil.org/fibo/ontology/FBC/DebtAndEquities/CreditEvents/CreditEvent	CreditEvent		Occurrence	class	FBC	event signifying a sudden change in credit standing, such as bankruptcy or a violation of a bond indenture or loan agreement, that raises doubts about the party's ability to meet current or future obligations	
https://spec.edmcouncil.org/fibo/ontology/FBC/DebtAndEquities/CreditEvents/CrossDefaultProvision	CrossDefaultProvision		ConditionPrecedent	class	FBC	contract provision that triggers a default under one contract if the borrower defaults on another related obligation	Cross default provisions are commonly found in loans, bond indentures, syndicated loans, and other instruments such as certain master agreements (e.g., derivatives transactions master agreements).
https://spec.edmcouncil.org/fibo/ontology/FBC/DebtAndEquities/CreditEvents/DefaultEvent	DefaultEvent		ObligationSpecificCreditEvent	class	FBC	credit event representing a failure to meet a contractual obligation, such as failure to repay a debt including interest or principal on a loan or security	A default can occur when a borrower is unable to make timely payments, misses payments, or avoids or stops making payments, typically with respect to a single transaction. A default has adverse effects on the borrower's credit and ability to borrow in the future, and allows the creditor to demand immediate repayment of the obligation in full.
https://spec.edmcouncil.org/fibo/ontology/FBC/DebtAndEquities/CreditEvents/DistressedRatingsDowngrade	DistressedRatingsDowngrade		Downgrade	class	FBC	credit event triggered when the credit rating of an obligation is downgraded to a distressed debt level	
https://spec.edmcouncil.org/fibo/ontology/FBC/DebtAndEquities/CreditEvents/Downgrade	Downgrade		CreditEvent	class	FBC	credit event triggered when the credit rating of a party or obligation is lowered	On October 17, 2013, Dagong Global Credit Rating downgraded the United States from A to A- and maintained a negative outlook on the country's credit.
https://spec.edmcouncil.org/fibo/ontology/FBC/DebtAndEquities/CreditEvents/EntitySpecificCreditEvent	EntitySpecificCreditEvent	entity-specific credit event	CreditEvent	class	FBC	credit event that applies to a given legal person	
https://spec.edmcouncil.org/fibo/ontology/FBC/DebtAndEquities/CreditEvents/FailureToPay	FailureToPay		DefaultEvent	class	FBC	default event that is triggered following any applicable grace period in which a payment obligation is missed	
https://spec.edmcouncil.org/fibo/ontology/FBC/DebtAndEquities/CreditEvents/FailureToPayInterest	FailureToPayInterest		FailureToPay	class	FBC	default event that where either an expected interest payment is missed altogether or the amount paid is less than the required amount	
https://spec.edmcouncil.org/fibo/ontology/FBC/DebtAndEquities/CreditEvents/FailureToPayPrincipal	FailureToPayPrincipal		FailureToPay	class	FBC	default event that where either an expected principal payment is missed altogether or the amount paid is less than the required amount	
https://spec.edmcouncil.org/fibo/ontology/FBC/DebtAndEquities/CreditEvents/FilingForBankruptcy	FilingForBankruptcy		EntitySpecificCreditEvent	class	FBC	credit event that involves a request to a court to be recognized as bankrupt	The bankruptcy process is initiated via a petition filed by the debtor or on behalf of creditors. The debtor's assets may be used to repay a portion of outstanding debt as specified by the court or a court-appointed individual.
https://spec.edmcouncil.org/fibo/ontology/FBC/DebtAndEquities/CreditEvents/HardCreditEvent	HardCreditEvent		DefaultEvent	class	FBC	default event that is not repairable	
https://spec.edmcouncil.org/fibo/ontology/FBC/DebtAndEquities/CreditEvents/InstallmentDefault	InstallmentDefault		DefaultEvent	class	FBC	default event involving non-payment of several installment payments as scheduled in the terms of the agreement, or non-payment of a call by the beneficial owner	The latter may result in a court action by the issuer or the sale of the securities to recover costs and/or a forfeit of partially paid securities.
https://spec.edmcouncil.org/fibo/ontology/FBC/DebtAndEquities/CreditEvents/InterestObligationInLightOfDefault	InterestObligationInLightOfDefault		ContingentObligation	class	FBC	obligation in respect of default(s) in the performance of any payment obligation	Prior to the occurrence or effective designation of an early termination date in respect of the relevant transaction, a party that defaults in the performance of any payment obligation will, to the extent permitted by law (and in the case of an ISDA Master Agreement is subject to Section 6(c)), be required to pay interest (before as well as after judgment) on the overdue amount to the other party on demand in the same currency as such overdue amount, for the period from (and including) the original due date for payment to (but excluding) the date of actual payment, at the default rate. Such interest will be calculated on the basis of daily compounding and the actual number of days elapsed.
https://spec.edmcouncil.org/fibo/ontology/FBC/DebtAndEquities/CreditEvents/MaturityExtension	MaturityExtension		ObligationSpecificCreditEvent	class	FBC	credit event involving extension of payments beyond the original maturity date of the obligation	As stipulated in the terms and conditions for a bond, for example, the issuer or the bondholder may prolong the maturity date. After extension, the security may differ from original issue (new rate or maturity date). May be subject to bondholder's approval.
https://spec.edmcouncil.org/fibo/ontology/FBC/DebtAndEquities/CreditEvents/Moratorium	Moratorium		EntitySpecificCreditEvent	class	FBC	entity-specific credit event involving a temporary suspension of payments until related issues are resolved	A moratorium may be a legally-mandated hiatus in debt collection as a part of a bankruptcy process.
https://spec.edmcouncil.org/fibo/ontology/FBC/DebtAndEquities/CreditEvents/ObligationAcceleration	ObligationAcceleration		ObligationSpecificCreditEvent	class	FBC	credit event triggered when one or more reference obligations become immediately due and payable as a result of a default or covenant breach on the reference entity's other debt instruments, subject to a materiality threshold	
https://spec.edmcouncil.org/fibo/ontology/FBC/DebtAndEquities/CreditEvents/ObligationDefault	ObligationDefault		DefaultEvent	class	FBC	credit event triggered as a result of an obligation-specific default	
https://spec.edmcouncil.org/fibo/ontology/FBC/DebtAndEquities/CreditEvents/ObligationRestructuring	ObligationRestructuring		ObligationSpecificCreditEvent	class	FBC	credit event that materially impacts an obligation, such as an interest rate reduction, principal reduction, deferral of interest or principal, change in priority ranking, or change in currency or composition of payment	
https://spec.edmcouncil.org/fibo/ontology/FBC/DebtAndEquities/CreditEvents/ObligationSpecificCreditEvent	ObligationSpecificCreditEvent	obligation-specific credit event	TriggeringEvent	class	FBC	credit event that relates to an individual credit agreement or debt instrument (reference obligation)	
https://spec.edmcouncil.org/fibo/ontology/FBC/DebtAndEquities/CreditEvents/Repudiation	Repudiation		ObligationSpecificCreditEvent	class	FBC	credit event involving the refusal to honor the terms of a contract	
https://spec.edmcouncil.org/fibo/ontology/FBC/DebtAndEquities/CreditEvents/SoftCreditEvent	SoftCreditEvent		DefaultEvent	class	FBC	default event that is repairable	If the default is not repaired within a grace period, then a failure to repair (failure to pay) credit event is triggered, potentially as a hard default.
https://spec.edmcouncil.org/fibo/ontology/FBC/DebtAndEquities/CreditEvents/WriteDown	WriteDown	write-down	ObligationSpecificCreditEvent	class	FBC	obligation-specific credit event whereby the book value of the obligation, such as the outstanding principal amount, is reduced	
https://spec.edmcouncil.org/fibo/ontology/FBC/DebtAndEquities/Debt/Accrual	Accrual			class	FBC	the process of accumulating interest or other income that has been earned but not paid	There are legal contractual terms for the accrual of interest, as distinct from the payment of interest.
https://spec.edmcouncil.org/fibo/ontology/FBC/DebtAndEquities/Debt/AccruedInterest	AccruedInterest		Interest	class	FBC	amount of interest that has been incurred, as of a specific date, on a loan or other financial obligation but has not yet been paid out	Accrued interest refers to the interest that has accumulated on a bond or other financial obligation since the last interest payment up to, but not including, the settlement date. This interest is earned over time but not yet paid out to the bondholder, for example. If this is a dirty price, this is the amount of accrued interest that is included in the price. This is therefore passed on to the purchaser of the bond or debt instrument.
https://spec.edmcouncil.org/fibo/ontology/FBC/DebtAndEquities/Debt/Amortization	Amortization			class	FBC	the process of reduction of debt or other costs through periodic charges to assets or liabilities, such as through principal payments on mortgages	
https://spec.edmcouncil.org/fibo/ontology/FBC/DebtAndEquities/Debt/AmortizationSchedule	AmortizationSchedule		ProjectedContractEventSchedule	class	FBC	schedule of periodic payments (repayment installments) that specify changes in the balance of the debt over time	Payments are divided into equal amounts for the duration of the loan or debt instrument, making it the simplest repayment model. A greater amount of the payment is applied to interest at the beginning of the amortization schedule, while more money is applied to principal at the end.
https://spec.edmcouncil.org/fibo/ontology/FBC/DebtAndEquities/Debt/Borrower	Borrower		Debtor	class	FBC	party to a credit agreement that is obligated to repay the amount borrowed (principal) with interest and other fees according to the terms of the instrument	
https://spec.edmcouncil.org/fibo/ontology/FBC/DebtAndEquities/Debt/BorrowerIdentificationScheme	BorrowerIdentificationScheme		PartyRoleIdentificationScheme	class	FBC	system for allocating identifiers to borrowers	Many banks and other financial institutions have internal systems for assigning identifiers to borrowers. In the United States, larger banks may use a Customer Information File (CIF) number, assigned as a part of their federally mandated Customer Information Program (CIP).
https://spec.edmcouncil.org/fibo/ontology/FBC/DebtAndEquities/Debt/BorrowerIdentifier	BorrowerIdentifier		PartyRoleIdentifier	class	FBC	sequence of characters, capable of uniquely identifying a borrower	A given identifier identifies a particular borrower with respect to at least some number of notes/facilities inside a particular institution according to some policy for minting identifiers. Optimally, there would be a single identifier for a given borrower, but due to operational issues, this is often not the case. A CIF number, or Customer Information File number, is used to link accounts across an institution to all notes/facilities owed by a given borrower.
https://spec.edmcouncil.org/fibo/ontology/FBC/DebtAndEquities/Debt/BorrowingCapacity	BorrowingCapacity		MonetaryAmount	class	FBC	upper bound on the total amount of money that a lender believes a party has the ability to repay an obligation when due, as of some point in time	The notion of borrowing capacity is related to management decisions pertaining to credit, i.e., the creditworthiness of the borrower, loan amount, risk tolerance, and so forth, and may be reassessed from time to time depending on the type of credit agreement and regulatory requirements. Determining borrowing capacity is typically done as a part of loan origination, especially for residential mortgages.
https://spec.edmcouncil.org/fibo/ontology/FBC/DebtAndEquities/Debt/CapitalLease	CapitalLease	financial lease	Lease	class	FBC	lease that must be reflected on an organization's balance sheet as an asset and as a corresponding liability	In the United States, such leases must be reported per Statement 13 of the Financial Accounting Standards Board. Generally, this applies to leases where the lessee acquires essentially all of the economic benefits and risks of the leased property.
https://spec.edmcouncil.org/fibo/ontology/FBC/DebtAndEquities/Debt/Collateral	Collateral			class	FBC	something pledged as security to ensure fulfillment of an obligation to another party, to lend money, extend credit, or provision securities	
https://spec.edmcouncil.org/fibo/ontology/FBC/DebtAndEquities/Debt/CollateralValueAsOfDate	CollateralValueAsOfDate		AppraisedValue	class	FBC	appraised value of the collateral for an obligation as of a given date	
https://spec.edmcouncil.org/fibo/ontology/FBC/DebtAndEquities/Debt/CommittedCreditFacility	CommittedCreditFacility		CreditFacility	class	FBC	credit facility that is a confirmed source of financing for the borrower, as long as the borrower meets the conditions of the agreement	
https://spec.edmcouncil.org/fibo/ontology/FBC/DebtAndEquities/Debt/CommittedSubFacility	CommittedSubFacility	committed sub-facility	SubFacility	class	FBC	contractually committed portion of a credit facility that is available to the borrower and may be associated with some specific collateral	
https://spec.edmcouncil.org/fibo/ontology/FBC/DebtAndEquities/Debt/CreditAgreement	CreditAgreement		WrittenContract	class	FBC	contractual agreement in which a debtor receives something of value and typically agrees to repay the creditor by some date in the future, in some form (e.g., cash, securities, etc.), generally with interest	
https://spec.edmcouncil.org/fibo/ontology/FBC/DebtAndEquities/Debt/CreditAgreementRepaidAtMaturity	CreditAgreementRepaidAtMaturity		CreditAgreement	class	FBC	credit agreement in which accrued interest may be periodically repaid or paid at maturity, but principal is paid at maturity	The most common example of a credit agreement repaid at maturity is a bond.
https://spec.edmcouncil.org/fibo/ontology/FBC/DebtAndEquities/Debt/CreditAgreementRepaidPeriodically	CreditAgreementRepaidPeriodically		CreditAgreement	class	FBC	credit agreement in which the principal and accrued interest may be periodically repaid or exchanged	Examples include revolving lines of credit, commercial loans, construction loans, residential mortgages and so forth.
https://spec.edmcouncil.org/fibo/ontology/FBC/DebtAndEquities/Debt/CreditEnhancementAgreement	CreditEnhancementAgreement	collateralization | credit support agreement | financial collateral arrangement | margin arrangement	CollateralAgreement	class	FBC	collateral agreement that governs the exchange of collateral between parties to mitigate counterparty credit risk	A credit enhancement agreement ensures that collateral or a guarantee is established to secure obligations under the agreement. Features may include specification of the kinds of collateral or guarantee that may be used together with the relevant valuation methods, thresholds for the value of the collateral and haircuts applied based on mitigating market risk, margin requirements, dispute resolution with respect to collateral valuation and margin calls, and other operational details related to the transfer, substitution, and return of the collateral if established or posted.
https://spec.edmcouncil.org/fibo/ontology/FBC/DebtAndEquities/Debt/CreditEnhancementBeneficiary	CreditEnhancementBeneficiary		Beneficiary	class	FBC	party that benefits from the collateral or guarantee established under the agreement, i.e., that is protected against counterparty credit risk because the collateral or guarantee serves as security for the obligation(s) owed to them	
https://spec.edmcouncil.org/fibo/ontology/FBC/DebtAndEquities/Debt/CreditFacility	CreditFacility	master commitment	CreditAgreementRepaidPeriodically	class	FBC	credit agreement that allows the borrower to periodically take out money over an extended period of time rather than reapplying for a loan every time they need funds	Credit facilities include revolving loans/lines of credit, committed facilities, letters of credit, and most retail credit accounts. They may define sub-facilities to which the lender is prepared to commit for specific purposes.
https://spec.edmcouncil.org/fibo/ontology/FBC/DebtAndEquities/Debt/Creditor	Creditor		Obligee	class	FBC	a party to whom an obligation, such as an amount of money, or good, or performance of some service exists	
https://spec.edmcouncil.org/fibo/ontology/FBC/DebtAndEquities/Debt/DayCountConvention	DayCountConvention	day-count convention	BusinessRecurrenceIntervalConvention	class	FBC	a business recurrence interval convention that is used to calculate the number of days in an interest payment, which applies to the amount of accrued interest or the present value for debt instruments	Day-count conventions apply to swaps, mortgages and forward rate agreements as well as bonds, each of which has its own day-count convention, which varies depending on the type of instrument, whether the interest rate is fixed or floating, and the country of issuance. Among the most common conventions are 30/360 or 365, actual/360 or 365, and actual/actual. A 30/360 convention assumes 30 days in a month and 360 days in a year. An actual/360 convention assumes the actual number of days in the given month and 360 days in the year. An actual/ actual convention uses the actual number of days in the given interest period and year.
https://spec.edmcouncil.org/fibo/ontology/FBC/DebtAndEquities/Debt/Debt	Debt		Commitment	class	FBC	obligation to pay something, such as an amount of money, good, service, or instrument	In cases where the debtor and payer are the same legal person, then a debt is equivalent to a payment obligation.
https://spec.edmcouncil.org/fibo/ontology/FBC/DebtAndEquities/Debt/DebtTerms	DebtTerms		ContractualCommitment	class	FBC	contract terms that specify the formal rights and obligations of borrower and lender under a contract in which funds are lent from the one party to the other	These may be terms in a loan contract (including for example a mortgage contract) or they may be the contractual terms of a debt security.
https://spec.edmcouncil.org/fibo/ontology/FBC/DebtAndEquities/Debt/Debtor	Debtor		Obligor	class	FBC	a party that owes a debt or other obligation to another party	
https://spec.edmcouncil.org/fibo/ontology/FBC/DebtAndEquities/Debt/ExplicitContractEventSchedule	ExplicitContractEventSchedule		AdHocSchedule	class	FBC	schedule of events, including but not limited to payment events, rate reset events and others that will occur over the lifetime of the credit agreement	This is a schedule of actual dates and events that are terms of the contract.
https://spec.edmcouncil.org/fibo/ontology/FBC/DebtAndEquities/Debt/FixedInterestRate	FixedInterestRate		InterestRate	class	FBC	interest rate that does not fluctuate over the lifetime of a loan or other debt instrument	
https://spec.edmcouncil.org/fibo/ontology/FBC/DebtAndEquities/Debt/FloatingInterestRate	FloatingInterestRate		VariableInterestRate	class	FBC	variable interest rate that is based on a specific index or benchmark rate	The index used to determine the specific interest rate is generally included in the terms of the loan. In most cases, lenders will also charge a spread, or added percentage points on top of the established index rate. If a loan is billed as prime plus 2.5 percent, for a prime rate of 3.5 percent, the terms of the loan will require the borrower to pay off a 6 percent interest. Floating interest rates typically involve periodic reset dates for the loan, particularly when the index rate changes. Resets may also occur online at market predetermined intervals, with yearly adjustments being a common arrangement. | Certain revolving credit, such as credit-card related debt, may adjust after a specified period of time to an absolute rate stated in the agreement (variable but not floating) rather than based on a benchmark rate (variable, floating).
https://spec.edmcouncil.org/fibo/ontology/FBC/DebtAndEquities/Debt/FullAmortization	FullAmortization		Amortization	class	FBC	amortization in which the very last payment (which, if the schedule was calculated correctly, should be equal to all others) pays off all remaining principal and interest on the loan	
https://spec.edmcouncil.org/fibo/ontology/FBC/DebtAndEquities/Debt/Interest	Interest		MonetaryAmount	class	FBC	the cost of using credit, or another's money, expressed as a rate per period of time, payable by a debtor to a creditor in consideration of the credit extended to the debtor	
https://spec.edmcouncil.org/fibo/ontology/FBC/DebtAndEquities/Debt/InterestCalculation	InterestCalculation		ContractLifecycleEventOccurrence	class	FBC	event reflecting the calculation of interest	
https://spec.edmcouncil.org/fibo/ontology/FBC/DebtAndEquities/Debt/InterestCalculationSchedule	InterestCalculationSchedule		ProjectedContractEventSchedule	class	FBC	regular, contract-specific schedule including the dates on which interest is calculated	The dates may be fixed, or relative to the corresponding interest payment date. It may be the same as the payment date, in arrears, or forward looking to the next interest payment.
https://spec.edmcouncil.org/fibo/ontology/FBC/DebtAndEquities/Debt/InterestPayment	InterestPayment		Payment	class	FBC	event reflecting the actual payment of interest	
https://spec.edmcouncil.org/fibo/ontology/FBC/DebtAndEquities/Debt/InterestPaymentSchedule	InterestPaymentSchedule		ProjectedContractEventSchedule	class	FBC	regular, contract-specific schedule including the dates on which interest is due to be paid	The dates may be fixed, or expressed as an offset of the calculation dates. Typically the payment dates are fixed and calculation dates are expressed as an offset, however.
https://spec.edmcouncil.org/fibo/ontology/FBC/DebtAndEquities/Debt/InterestPaymentTerms	InterestPaymentTerms		DebtTerms	class	FBC	contract terms for payment of interest on a debt	Interest is usually payable on any outstanding principal amount, therefore interest relates to the amount of debt outstanding at any given point of time, not to the principal amount advanced at the time that the loan was advanced or the debt security issued (aside from the initial payment). | Note that in most cases, the dates and payment frequencies for interest will coincide with the dates and payment frequencies related to the principal.
https://spec.edmcouncil.org/fibo/ontology/FBC/DebtAndEquities/Debt/InterestRateReset	InterestRateReset		InterestCalculation	class	FBC	event reflecting a potential adjustment to an interest rate, typically corresponding to a change in the underlying benchmark interest rate or index specified in the contract	Note that depending on the contract, a rate reset can occur daily or on some other timetable, and depending on the underlying benchmark, the actual rate may or may not change. Rate resets may be associated with variable interest rate loans, scheduled reset dates for loans and other debt instruments, for example, interest rate swaps, certain kinds of bonds, and the like. The date on which interest is (re)calculated may be an explicit or date relative.
https://spec.edmcouncil.org/fibo/ontology/FBC/DebtAndEquities/Debt/InterestRateResetSchedule	InterestRateResetSchedule		ProjectedContractEventSchedule	class	FBC	regular, contract-specific schedule including the dates on which a rate reset, and corresponding actual rate, is recalculated	
https://spec.edmcouncil.org/fibo/ontology/FBC/DebtAndEquities/Debt/InterestRateSettingEvent	InterestRateSettingEvent		InterestCalculation	class	FBC	event on which an initial rate for a given contract is set, which may be relative the the occurrence of some other contract lifecycle event, such as the execution date	
https://spec.edmcouncil.org/fibo/ontology/FBC/DebtAndEquities/Debt/Lease	Lease	lease agreement | lease contract	CreditAgreementRepaidPeriodically	class	FBC	credit agreement permitting the use of real estate, equipment or another asset, such as a vehicle, by the owner of that asset (the lessor) to a user (the lessee) for a specific period of time in return for payment as specified in the agreement	The lessor is the legal owner of the asset, while the lessee obtains the right to use the asset in return for rental payments. The lessee also agrees to abide by various conditions regarding their use of the property or equipment. For example, a person leasing a car may agree to the condition that the car will only be used for personal use.
https://spec.edmcouncil.org/fibo/ontology/FBC/DebtAndEquities/Debt/Lender	Lender		Creditor	class	FBC	a party that extends credit or money to a borrower with the expectation of being repaid, usually with interest	
https://spec.edmcouncil.org/fibo/ontology/FBC/DebtAndEquities/Debt/ManagedInterestRate	ManagedInterestRate		VariableInterestRate	class	FBC	variable interest rate charged by a financial institution for borrowing that is not prescribed as a margin over base rate but is set from time to time by the institution	
https://spec.edmcouncil.org/fibo/ontology/FBC/DebtAndEquities/Debt/MotorVehicleLease	MotorVehicleLease		Lease	class	FBC	lease of a motor vehicle for a fixed period of time at an agreed amount of money	Motor vehicle leasing is commonly offered by dealers as an alternative to a vehicle purchase but is widely used by businesses as a method of acquiring (or having the use of) vehicles for business use, without the usually needed cash outlay. The key difference in a lease is that after the primary term (usually 2, 3 or 4 years) the vehicle has to either be returned to the leasing company or purchased for the residual value.
https://spec.edmcouncil.org/fibo/ontology/FBC/DebtAndEquities/Debt/NegativeAmortization	NegativeAmortization		Amortization	class	FBC	amortization in which the payments made do not cover the interest due	
https://spec.edmcouncil.org/fibo/ontology/FBC/DebtAndEquities/Debt/NonPhysicalCollateral	NonPhysicalCollateral	non-physical collateral	Collateral	class	FBC	asset pledged as collateral that is a financial asset, rather than physical asset	Examples of non-physical collateral include, but are not limited to, bank deposits, accounts receivable, stocks, bonds, other securities, and the like.
https://spec.edmcouncil.org/fibo/ontology/FBC/DebtAndEquities/Debt/PartialAmortization	PartialAmortization		Amortization	class	FBC	amortization in which the very last payment the last payment due may be a large balloon payment of all remaining principal and interest	
https://spec.edmcouncil.org/fibo/ontology/FBC/DebtAndEquities/Debt/PhysicalCollateral	PhysicalCollateral		Collateral	class	FBC	asset pledged as collateral that has a material form, i.e., is a physical asset of the obligor	Examples of physical collateral include, but are not limited to, real estate, equipment, vehicles, spare parts, inventory, goods, supplies, fixtures, and leasehold improvements.
https://spec.edmcouncil.org/fibo/ontology/FBC/DebtAndEquities/Debt/Principal	Principal			class	FBC	with respect to a debt: the value of an obligation, such as a bond or loan, raised and that must be repaid at maturity; for investments: the original amount of money invested, separate from any associated interest, dividends or capital gains	
https://spec.edmcouncil.org/fibo/ontology/FBC/DebtAndEquities/Debt/PrincipalPayment	PrincipalPayment		Payment	class	FBC	event reflecting the actual payment of some amount of the principal of a debt	
https://spec.edmcouncil.org/fibo/ontology/FBC/DebtAndEquities/Debt/PrincipalPaymentSchedule	PrincipalPaymentSchedule		ProjectedContractEventSchedule	class	FBC	regular, contract-specific schedule including the dates on which some percentage or all of the principal is due to be (re)paid	The dates may be fixed, or expressed as an offset of the calculation dates. Typically the payment dates are fixed and calculation dates are expressed as an offset, however.
https://spec.edmcouncil.org/fibo/ontology/FBC/DebtAndEquities/Debt/PrincipalRepaymentTerms	PrincipalRepaymentTerms		DebtTerms	class	FBC	contract terms that specify requirements for repayment of the principal	
https://spec.edmcouncil.org/fibo/ontology/FBC/DebtAndEquities/Debt/ProjectedContractEventSchedule	ProjectedContractEventSchedule		RegularSchedule	class	FBC	schedule of events, including but not limited to anticipated payment events, rate reset events and others that are expected to occur over the lifetime of the contract	A projected schedule is a regular schedule that documents the anchor dates and frequency of occurrences, using rules, rather than providing an explicit list of dates. This method will project future event dates (transaction event dates), based on the frequencies specified and may be adjusted due to calendar restrictions and other rules to deal with holidays, weekends, and so forth in addition to contract-specific events.
https://spec.edmcouncil.org/fibo/ontology/FBC/DebtAndEquities/Debt/RateResetTimeOfDay	RateResetTimeOfDay			class	FBC	time of day that an interest rate is reset, as indicated by some interest rate authority or market data provider	Examples include certain rates published by the Federal Reserve Board in their H.15 schedule, which are published at 4:15 pm on business days that are not holidays in the US.
https://spec.edmcouncil.org/fibo/ontology/FBC/DebtAndEquities/Debt/RetailCreditFacility	RetailCreditFacility		CommittedCreditFacility	class	FBC	credit facility that is a loan or line of credit used by retailers and real estate companies	Most consumer credit cards are retail credit facilities, for example.
https://spec.edmcouncil.org/fibo/ontology/FBC/DebtAndEquities/Debt/RevolvingLineOfCredit	RevolvingLineOfCredit		CommittedCreditFacility	class	FBC	credit facility that enables the borrower to withdraw funds, repay, and withdraw again	Revolving credit facilities are essentially lines of credit with variable interest rates.
https://spec.edmcouncil.org/fibo/ontology/FBC/DebtAndEquities/Debt/SecurityAgreement	SecurityAgreement		CollateralAgreement	class	FBC	collateral agreement that grants a financial interest in some collateral to a party that is not an owner of that collateral, specifying terms including relative duties and rights, over and above those specified in the primary contract, regarding the disposition of the asset used as collateral	ISO 20022 | Examples include deeds of trust and uniform commercial code (UCC) agreements.
https://spec.edmcouncil.org/fibo/ontology/FBC/DebtAndEquities/Debt/SubFacility	SubFacility	sub-facility	WrittenContract	class	FBC	portion of a credit facility extended to the borrower for some purpose, possibly per some schedule specified in the facility	Each sub-facility may have separate terms, and may be or include individual promissory notes, depending on the facility. The amount of associated with the individual sub-facilities sums to the total credit facility amount. Sub-facilities may, individually, have a stated purpose, such as to cover inventory, equipment, accounts receivable, working capital, letters of credit, and so forth.
https://spec.edmcouncil.org/fibo/ontology/FBC/DebtAndEquities/Debt/UncommittedCreditFacility	UncommittedCreditFacility		CreditFacility	class	FBC	credit facility that has yet to be confirmed as a source of financing for the borrower	
https://spec.edmcouncil.org/fibo/ontology/FBC/DebtAndEquities/Debt/UncommittedSubFacility	UncommittedSubFacility	uncommitted sub-facility	SubFacility	class	FBC	sub-facility that has yet to be confirmed as a source of financing for the borrower	
https://spec.edmcouncil.org/fibo/ontology/FBC/DebtAndEquities/Debt/VariableInterestRate	VariableInterestRate	adjustable rate	InterestRate	class	FBC	an interest rate that is allowed to vary over the maturity of a loan or other debt instrument	
https://spec.edmcouncil.org/fibo/ontology/FBC/DebtAndEquities/Guaranty/CollateralizedGuaranty	CollateralizedGuaranty		Guaranty	class	FBC	guaranty that takes the form of some asset that is pledged by a borrower to a lender (usually in return for a loan)	In some cases, the lender may require the borrower to place pledged assets such as cash or securities in a separate account that the lender controls.
https://spec.edmcouncil.org/fibo/ontology/FBC/DebtAndEquities/Guaranty/GovernmentGuaranty	GovernmentGuaranty		Guaranty	class	FBC	guaranty provided by a government entity, such as for a government-backed security	
https://spec.edmcouncil.org/fibo/ontology/FBC/DebtAndEquities/Guaranty/Guarantor	Guarantor		DeJureControllingInterestParty	class	FBC	party that guarantees, endorses, or provides indemnity for some obligation on behalf of some other party	Barron's Dictionary of Business and Economics Terms, Fifth Edition, 2012 | In some cases, the party acting as guarantor may also be a party to the contract, such as in the case of Fannie Mae or Freddie Mac. In such cases, the same individual would be modeled as having both roles.
https://spec.edmcouncil.org/fibo/ontology/FBC/DebtAndEquities/Guaranty/Guaranty	Guaranty		Commitment	class	FBC	commitment whereby something is formally assured if a party with primary liability fails to perform	Barron's Dictionary of Business and Economics Terms, Fifth Edition, 2012 | The commitment may cover a debt, cash flows on a debt instrument (such as interest payments), or performance of some obligation.
https://spec.edmcouncil.org/fibo/ontology/FBC/DebtAndEquities/Guaranty/InsuranceBackedGuaranty	InsuranceBackedGuaranty	insurance-backed guaranty	Guaranty	class	FBC	guaranty that is realized as an insurance policy	
https://spec.edmcouncil.org/fibo/ontology/FBC/DebtAndEquities/Guaranty/InsurancePolicy	InsurancePolicy		WrittenContract	class	FBC	contract that (1) puts an indemnity cover into effect, (2) serves as a legal evidence of the insurance agreement, (3) sets out the exact terms on which the indemnity cover has been provided, and (4) states associated information such as the (a) specific risks and perils covered, (b) duration of coverage, (c) amount of premium, (d) mode of premium payment, and (e) deductibles, if any	
https://spec.edmcouncil.org/fibo/ontology/FBC/DebtAndEquities/Guaranty/Insurer	Insurer		FinancialServiceProvider	class	FBC	financial service provider that issues an insurance policy	
https://spec.edmcouncil.org/fibo/ontology/FBC/DebtAndEquities/Guaranty/JointGuaranty	JointGuaranty		Guaranty	class	FBC	guaranty provided by at least two parties, jointly and severally	
https://spec.edmcouncil.org/fibo/ontology/FBC/DebtAndEquities/Guaranty/LetterOfCredit	LetterOfCredit	L/C	CommittedCreditFacility	class	FBC	letter from a bank or other creditworthy institution guaranteeing that a buyer's payment to a seller will be received on time and for the correct amount	In some states in the U.S., the issuer is not limited to financial institutions -- it is simply a written instrument, addressed by one person to another, requesting the latter to give credit to the person in whose favor it is drawn. | In the event that the buyer is unable to make payment, the bank or other issuer is required to cover the full or remaining amount.
https://spec.edmcouncil.org/fibo/ontology/FBC/DebtAndEquities/Guaranty/LetterOfCreditGuaranty	LetterOfCreditGuaranty		CollateralizedGuaranty	class	FBC	guaranty that takes the form of a letter of credit, i.e., a document issued by a bank guaranteeing the payment up to a stated amount for a specified period	
https://spec.edmcouncil.org/fibo/ontology/FBC/DebtAndEquities/Guaranty/NegativePledge	NegativePledge		Guaranty	class	FBC	guaranty whereby the issuer will not pledge any assets if doing so would result in less security for lender(s) or investor(s)	
https://spec.edmcouncil.org/fibo/ontology/FBC/DebtAndEquities/Guaranty/Policyholder	Policyholder	insured party	Counterparty	class	FBC	counterparty to and typically owner of an insurance policy	
https://spec.edmcouncil.org/fibo/ontology/FBC/DebtAndEquities/Guaranty/PriorityLevel	PriorityLevel			class	FBC	relative ranking that a guaranty has in the context of a contract, for example for a credit enhancement priority	
https://spec.edmcouncil.org/fibo/ontology/FBC/FinancialInstruments/FinancialInstruments/CalculationAgent	CalculationAgent		ThirdPartyAgent	class	FBC	party that is responsible for determining the value of an instrument and in some cases, determines how much the parties owe one another	A calculation agent is an entity responsible for performing calculations and determinations outlined in financial agreements, often related to derivatives or structured products. They ensure accuracy and timeliness in calculating payments, interest rates, or other terms based on predefined formulas and market conditions. The agent can establish the price for a given instrument and may act as its guarantor and issuer. If the counterparty in a derivative transaction is a broker-dealer, then the broker-dealer will often act as the calculation agent.
https://spec.edmcouncil.org/fibo/ontology/FBC/FinancialInstruments/FinancialInstruments/CashInstrument	CashInstrument		FinancialInstrument	class	FBC	financial instrument whose value is determined by the market and that is readily transferable (highly liquid)	
https://spec.edmcouncil.org/fibo/ontology/FBC/FinancialInstruments/FinancialInstruments/CommodityInstrument	CommodityInstrument		FinancialInstrument	class	FBC	financial instrument representing an ownership interest in bulk goods, such as raw materials and primary agricultural products	ISO 10962, Securities and related financial instruments - Classification of Financial Instruments (CFI code), Fourth edition, 2019-10. | The value of the contract is derived from the market value of an underlying commodity or commodity index. Commodity derivatives can be physically or cash settled. Primary underliers include metals, agricultural goods and energy.
https://spec.edmcouncil.org/fibo/ontology/FBC/FinancialInstruments/FinancialInstruments/CurrencyInstrument	CurrencyInstrument		FinancialInstrument	class	FBC	financial instrument used for the purposes of currency trading	Parameswaran, Sunil. Fundamentals of Financial Instruments: An Introduction to Stocks, Bonds, Foreign Exchange, and Derivatives. John Wiley and Sons (Asia) Pte. Lte., Singapore, 2011. | Example currencies include UK pounds, US dollars, Euro. An example currency instrument is spot currency instrument.
https://spec.edmcouncil.org/fibo/ontology/FBC/FinancialInstruments/FinancialInstruments/DebtInstrument	DebtInstrument		CreditAgreement	class	FBC	financial instrument and credit agreement evidencing monies owed by the issuer to the holder on terms as specified	ISO 10962, Securities and related financial instruments - Classification of Financial Instruments (CFI code), Fourth edition, 2019-10.
https://spec.edmcouncil.org/fibo/ontology/FBC/FinancialInstruments/FinancialInstruments/DerivativeInstrument	DerivativeInstrument	derivative contract	FinancialInstrument	class	FBC	financial instrument that confers on its holders certain rights or obligations, whose value is derived from one or more underlying assets	Parameswaran, Sunil. Fundamentals of Financial Instruments: An Introduction to Stocks, Bonds, Foreign Exchange, and Derivatives. John Wiley and Sons (Asia) Pte. Lte., Singapore, 2011. | Derivative contracts owe their availability to the existence of markets for an underlying asset or a portfolio of assets on which such agreements are written. The derivative itself is merely a contract between two or more parties. Its value is determined by fluctuations in the underlying asset. Most derivatives are characterized by high leverage. | The three major categories of derivatives are (1) forward and future contracts, (2) options contracts, and (3) swaps. The most common underlying assets include stocks, bonds, commodities, currencies, interest rates and market indexes.
https://spec.edmcouncil.org/fibo/ontology/FBC/FinancialInstruments/FinancialInstruments/Entitlement	Entitlement	right	FinancialInstrument	class	FBC	financial instrument that provides the holder an interest in, or the privilege to subscribe to, or to receive specific assets under terms specified	ISO 10962, Securities and related financial instruments - Classification of Financial Instruments (CFI code), Fourth edition, 2019-10. | Note that certain fund units, including but not limited to units in pension funds and other non-public investment structures may be considered entitlements but not securities. They may or may not be identified using traditional financial instrument identifiers. Some entitlements, such as warrants, whose value changes based on the value of some underlier, are considered derivative instruments.
https://spec.edmcouncil.org/fibo/ontology/FBC/FinancialInstruments/FinancialInstruments/EquityInstrument	EquityInstrument		Security	class	FBC	financial instrument representing an ownership interest in an entity or pool of assets	ISO 10962, Securities and related financial instruments - Classification of Financial Instruments (CFI code), Fourth edition, 2019-10.
https://spec.edmcouncil.org/fibo/ontology/FBC/FinancialInstruments/FinancialInstruments/ExemptSecurity	ExemptSecurity		Security	class	FBC	security that is exempt from certain regulatory rules	Securities Act of 1933 | Generally, securities must be filed with the appropriate regulatory agencies in the jurisdiction in which they are sold. The registration forms companies file provide essential facts while minimizing the burden and expense of complying with the law. Not all securities must be registered, however. By exempting many small offerings from the registration process, regulators seek to foster capital formation by lowering the cost of offering securities to the public. | Some exemptions from the registration requirement include: private offerings to a limited number of persons or institutions; offerings of limited size; intrastate offerings; and securities of municipal, state, and federal governments.
https://spec.edmcouncil.org/fibo/ontology/FBC/FinancialInstruments/FinancialInstruments/FinancialInstrument	FinancialInstrument		WrittenContract	class	FBC	written contract that gives rise to both a financial asset of one entity and a financial liability of another entity	https://www.ifrs.org/content/dam/ifrs/publications/pdf-standards/english/2021/issued/part-a/ias-32-financial-instruments-presentation.pdf | A financial instrument can be thought of as a template that defines an arrangement structure that remains to be fleshed out with terms and parameters in order to establish a specific instance of the contract. | Examples of financial instruments include: cash, evidence of an ownership interest in an entity, or a contractual right to receive (or deliver) cash, or another financial instrument.
https://spec.edmcouncil.org/fibo/ontology/FBC/FinancialInstruments/FinancialInstruments/FinancialInstrumentIdentifier	FinancialInstrumentIdentifier			class	FBC	sequence of characters uniquely identifying a financial instrument for some purpose and within a specified context	
https://spec.edmcouncil.org/fibo/ontology/FBC/FinancialInstruments/FinancialInstruments/Future	Future	futures contract	DerivativeInstrument	class	FBC	derivative instrument that obligates the buyer to receive and the seller to deliver the assets specified at an agreed price, at some later point in time	ISO 10962, Securities and related financial instruments - Classification of Financial Instruments (CFI code), Fourth edition, 2019-10. | A futures contract obligates the buyer to pay the seller a predetermined price based on the market value of the underlier, unless the contract is sold before settlement date which may happen if a trader waits to take a profit or cut a loss. This contrasts with options trading in which the option buyer may choose whether or not to exercise the option. Futures are distinguished from generic forward contracts in that they contain standardized terms, trade on a formal exchange, are regulated by overseeing agencies, and are guaranteed by clearing houses. Also, in order to insure that payment will occur, futures have a margin requirement that must be settled daily. Finally, by making an offsetting trade, taking delivery of goods, or arranging for an exchange of goods, futures contracts can be closed. Hedgers often trade futures for the purpose of keeping price risk in check.
https://spec.edmcouncil.org/fibo/ontology/FBC/FinancialInstruments/FinancialInstruments/Issuer	Issuer		ContractPrincipal	class	FBC	role of a party that issues (or proposes to issue in a formal filing) one or more financial instruments	Securities Exchange Act of 1934, as amended 12 August 2012 | An issuer can be any legal person, including a legally competent natural person, company, government, or political subdivision, agency, or instrumentality of a government, depending on the nature of the instrument. A person might provide a loan directly to another party, but most instruments are issued by legal entities. | With respect to certificates of deposit for securities, voting-trust certificates, or collateral- trust certificates, or with respect to certificates of interest or shares in an unincorporated investment trust not having a board of directors or of the fixed, restricted management, or unit type, the term issuer means the person or persons performing the acts and assuming the duties of depositor or manager pursuant to the provisions of the trust or other agreement or instrument under which such securities are issued; and except that with respect to equipment-trust certificates or like securities, the term issuer means the person by whom the equipment or property is, or is to be, used.
https://spec.edmcouncil.org/fibo/ontology/FBC/FinancialInstruments/FinancialInstruments/NegotiableSecurity	NegotiableSecurity		Security	class	FBC	security that can be transferred to another party	
https://spec.edmcouncil.org/fibo/ontology/FBC/FinancialInstruments/FinancialInstruments/NonNegotiableSecurity	NonNegotiableSecurity	non-negotiable security	Security	class	FBC	security that is not transferable to another party	Certain securities that can be redeemed by the issuer may not be 'negotiable', such as savings bonds and certificates of deposit.
https://spec.edmcouncil.org/fibo/ontology/FBC/FinancialInstruments/FinancialInstruments/Option	Option		DerivativeInstrument	class	FBC	derivative instrument that grants to the holder either the privilege to purchase or the privilege to sell the assets specified at a predetermined price or formula at or within a time period in the future	ISO 10962, Securities and related financial instruments - Classification of Financial Instruments (CFI code), Fourth edition, 2019-10.
https://spec.edmcouncil.org/fibo/ontology/FBC/FinancialInstruments/FinancialInstruments/PackagedFinancialProduct	PackagedFinancialProduct	market-linked investment | structured product	FinancialProduct	class	FBC	financial product that acts as a container for at least one financial instrument, including other financial products, and whose value is derived from, or based on a reference asset, market measure, or investment strategy	Certain properties of the instruments, such as their term, interest rate, eligibility of the client, etc., may be set as a part of the product specification. Some of these are intrinsic but variable properties of the instrument, for example the exact interest rate, whereas others are extrinsic, such as client eligibility. Product offerings have prices, which may build in various fees, that are components of the cost of carry on a trader's books. | Reference assets and market measures may include single equity or debt securities, indexes, commodities, interest rates and/or foreign currencies, as well as baskets of these reference assets or market measures. Like other well-known market instruments such as convertible bonds, many structured products are hybrid securities. Structured products typically have two components - a debt instrument and a derivative, which is often an option. The debt instrument, in some instances, may pay interest at a specified rate and interval. The derivative component establishes payment at maturity, which may give the issuer the right to buy from you, or sell you, the referenced security or securities at a predetermined price. For example, structured products may combine characteristics of debt and equity or of debt and commodities. | SEC Rule 434 defines structured securities as 'securities whose cash flow characteristics depend upon one or more indices or that have embedded forwards or options or securities where an investor's investment return and the issuer's payment obligations are contingent on, or highly sensitive to, changes in the value of underlying assets, indices, interest rates or cash flows'.
https://spec.edmcouncil.org/fibo/ontology/FBC/FinancialInstruments/FinancialInstruments/PromissoryNote	PromissoryNote		DebtInstrument	class	FBC	debt instrument that is a written promise by one party to another that commits that party to pay a specified sum on demand or within a specified time frame under specified terms	Promissory notes are generally fully fungible. They may or may not be negotiable.
https://spec.edmcouncil.org/fibo/ontology/FBC/FinancialInstruments/FinancialInstruments/RedemptionProvision	RedemptionProvision		ContractualCommitment	class	FBC	contract provision enabling the issuer (writer) to regain possession through repayment of some stipulated price	In general, redemption is synonymous with 'buy back' or 'cash in', depending on the kind of instrument. Redemption provisions are commonly applicable to the process of annulling a defeasible title, such as for a mortgage or tax sale, by paying the debt or fulfilling an obligation.
https://spec.edmcouncil.org/fibo/ontology/FBC/FinancialInstruments/FinancialInstruments/SecuritiesTransaction	SecuritiesTransaction	financial transaction	Trade	class	FBC	transaction between two or more parties involving the exchange of commonly defined financial products	ISO 23897:2020, Financial services - Unique transaction identifier (UTI), clause 3.3
https://spec.edmcouncil.org/fibo/ontology/FBC/FinancialInstruments/FinancialInstruments/Security	Security		FinancialInstrument	class	FBC	financial instrument that can be bought or sold	Securities Exchange Act of 1934, as amended 12 August 2012 | A security can be any note, stock, treasury stock, security future, security-based swap, bond, debenture,certificate of interest or participation in any profit-sharing agreement or in any oil, gas, or other mineral royalty or lease, any collateral-trust certificate, preorganization certificate or subscription, transferable share, investment contract, voting-trust certificate, certificate of deposit for a security, any put, call, straddle, option, or privilege on any security, certificate of deposit, or group or index of securities (including any interest therein or based on the value thereof), or any put, call, straddle, option, or privilege entered into on a national securities exchange relating to foreign currency, or in general, any instrument commonly known as a security, or any certificate of interest or participation in, temporary or interim certificate for, receipt for, or warrant or right to subscribe to or purchase, any of the foregoing; but shall not include currency or any note, draft, bill of exchange, or bankers' acceptance which has a maturity at the time of issuance of not exceeding nine months, exclusive of days of grace, or any renewal thereof the maturity of which is likewise limited. | In the U.S., the Supreme Court has adopted a flexible and liberal approach in determining what constitutes a security. In its famous decision of SEC v. W.J. Howey Co., 328 U.S. 293, 90 L.Ed. 1244, 66 S.Ct. 1100 (1946), the Court held that land sales contracts for citrus groves in Florida, coupled with warranty deeds for the land and a contract to service the land, were 'investment contracts' and thus securities. The Court stated that [a]n investment contract for purposes of the Securities Act means a contract, transaction or scheme whereby a person invests his money in a common enterprise and is led to expect profits solely from the efforts of the promoter or a third party. 66 S.Ct. at 1103. According to the Court, it is immaterial whether the shares in the enterprise are evidenced by formal certificates or by nominal interests in the physical assets employed in the enterprise. 66 S.Ct. at 1104. | Some securities may be traded over the counter, or through an exchange, or via some other trading venue such as an electronic trading platform. | Whether a contract or other economic right is a security essentially depends on whether the holder of the contract is acting as an investor who seeks financial benefits based on the work of a promoter or a third party.
https://spec.edmcouncil.org/fibo/ontology/FBC/FinancialInstruments/FinancialInstruments/SpotContract	SpotContract		FinancialInstrument	class	FBC	financial instrument that settles for immediate delivery on a specified date	A spot transaction is a transaction in which some goods or instrument(s) are exchanged for some other goods or instruments, including currency, with no future delivery provision, i.e., within the minimum number of days possible. Examples include currency spots and commodity spot transactions, whose settlement convention is determined by the relevant market.
https://spec.edmcouncil.org/fibo/ontology/FBC/FinancialInstruments/FinancialInstruments/StandardizedTerms	StandardizedTerms		ContractualCommitment	class	FBC	contract terms that, grouped together, that are generally and consistently reused across many contracts, published by some organization, and capable of being incorporated into a contract by reference	Each exchange has a set of terms they apply to membership agreements and with respect to the instruments that may be traded on that exchange. For example, there is a set expiration date that exchanges will publish for exchange-traded options - in the US it is the Saturday following the third Friday of every month. Similarly, there are set incremental dates for strike for exchange traded options. Contract sizes are also stipulated, for example in the US these are standardized by the OPRA Convention (Options Pricing Reporting Authority).
https://spec.edmcouncil.org/fibo/ontology/FBC/FinancialInstruments/FinancialInstruments/Underlier	Underlier			class	FBC	something that can be assigned a value in the marketplace that forms the basis for a derivative or pool-backed instrument	Underlier means any rate (including interest and foreign exchange rates), currency, commodity, security, instrument of indebtedness, index, quantitative measure, occurrence or non-occurrence of an event, or other financial or economic interest, or property of any kind, or any interest therein or based on the value thereof, in or by reference to which any payment or delivery under a transaction is to be made or determined.
https://spec.edmcouncil.org/fibo/ontology/FBC/FinancialInstruments/InstrumentPricing/AdjustedClosingPrice	AdjustedClosingPrice		ClosingPrice	class	FBC	amended closing price to reflect a security's value after accounting for any corporate actions, such as stock splits, dividends, and rights offerings	A particularly dramatic change in price occurs when a company announces a stock split. When the change is made, the price displayed will immediately reflect the split. For example, if a company splits its stock 2-for-1, the last closing price will be cut in half. That's the adjusted closing price.
https://spec.edmcouncil.org/fibo/ontology/FBC/FinancialInstruments/InstrumentPricing/BestBid	BestBid		BidPrice	class	FBC	highest bid price a prospective buyer is willing to pay at a particular time for a given security	
https://spec.edmcouncil.org/fibo/ontology/FBC/FinancialInstruments/InstrumentPricing/BestOffer	BestOffer		OfferPrice	class	FBC	lowest price acceptable to a prospective seller for a given security at a particular point in time	
https://spec.edmcouncil.org/fibo/ontology/FBC/FinancialInstruments/InstrumentPricing/BidAskSpread	BidAskSpread		PriceSpread	class	FBC	difference between an offer (ask) price and a bid price	
https://spec.edmcouncil.org/fibo/ontology/FBC/FinancialInstruments/InstrumentPricing/BidPrice	BidPrice		SecurityPrice	class	FBC	price a prospective buyer is willing to pay	The term 'bid price' is used by traders / market makers with respect to a given security, and that are prepared to buy or sell round lots at publicly quoted prices, and by specialists in certain instruments that perform similar functions on an exchange.
https://spec.edmcouncil.org/fibo/ontology/FBC/FinancialInstruments/InstrumentPricing/CleanPrice	CleanPrice		SecurityPrice	class	FBC	debt instrument price that does not include accrued interest	
https://spec.edmcouncil.org/fibo/ontology/FBC/FinancialInstruments/InstrumentPricing/ClosingPrice	ClosingPrice		MarketPrice	class	FBC	cash value of the last transacted price before the market closes	
https://spec.edmcouncil.org/fibo/ontology/FBC/FinancialInstruments/InstrumentPricing/ClosingPriceDeterminationMethod	ClosingPriceDeterminationMethod		PriceDeterminationMethod	class	FBC	strategy for calculating or otherwise determining an official closing price	The official closing price is typically the final price at which something trades during regular market hours on an exchange or trading venue. Because of the evolving nature of online trading in a 24 hour world, every exchange has a method of calculating its official closing price, although that methodology changes from time to time. They may also publish an adjusted closing price, which reflects changes to the price that reflect corporate actions and after hours trading that occur before the opening of the exchange on the following day. Understanding how the closing price is determined is important to ensure price comparability for a given security across exchanges.
https://spec.edmcouncil.org/fibo/ontology/FBC/FinancialInstruments/InstrumentPricing/CollectionOfSecurityPrices	CollectionOfSecurityPrices		DatedStructuredCollection	class	FBC	collection consisting of a series of prices, each of which has a specific date and time associated with it, for some security	Note that such a collection is of prices that may be quoted or may be established through analysis, such as an average over a number of markets (composite market) or developed via some pricing model (e.g., matrix pricing).
https://spec.edmcouncil.org/fibo/ontology/FBC/FinancialInstruments/InstrumentPricing/CompositeMarket	CompositeMarket			class	FBC	group of exchanges and trading venues referenced for pricing purposes	
https://spec.edmcouncil.org/fibo/ontology/FBC/FinancialInstruments/InstrumentPricing/DerivedPrice	DerivedPrice	interpolated price | matrix price	SecurityPrice	class	FBC	price that stems from another source or calculation rather than being quoted or based on actual trading data	There are evaluated prices in which an independent source evaluates a price they have derived, and there are prices which are derived within a firm, from supplied, published end of day price spreads or other market data. | For example, a product's price can be derived from another pricing source, such as an asset or product, using various contributing factors. Derived prices can also be calculated within a firm using published price spreads or other market data. An interpolated price is determined by interpolation between available price figures, using some algorithm or curve, such as between bid and offer (among others). It also includes yield curves and implied forward curves. That is, interpolation may either be linear (straight line interpolation between two values) or may be expressed as a non linear curve such as a yield curve or an implied forward curve.
https://spec.edmcouncil.org/fibo/ontology/FBC/FinancialInstruments/InstrumentPricing/DirtyPrice	DirtyPrice		SecurityPrice	class	FBC	debt instrument price that includes accrued interest	
https://spec.edmcouncil.org/fibo/ontology/FBC/FinancialInstruments/InstrumentPricing/HighPrice	HighPrice		SecurityPrice	class	FBC	highest price for a given security over the period specified	
https://spec.edmcouncil.org/fibo/ontology/FBC/FinancialInstruments/InstrumentPricing/InternalRateOfReturn	InternalRateOfReturn		RateOfReturn	class	FBC	discount rate that results in a net present value (NPV) of zero for a series of future cash flows	This concept is central to many definitions of debt instrument analytics, and is the inverse of net present value.
https://spec.edmcouncil.org/fibo/ontology/FBC/FinancialInstruments/InstrumentPricing/IntraDayPrice	IntraDayPrice		MarketPrice	class	FBC	price for a given security at some point between the opening and official closing price on an exchange	
https://spec.edmcouncil.org/fibo/ontology/FBC/FinancialInstruments/InstrumentPricing/LowPrice	LowPrice		SecurityPrice	class	FBC	lowest value for a given security over the period specified	
https://spec.edmcouncil.org/fibo/ontology/FBC/FinancialInstruments/InstrumentPricing/MarketPrice	MarketPrice		SecurityPrice	class	FBC	last reported price at which a security was sold	
https://spec.edmcouncil.org/fibo/ontology/FBC/FinancialInstruments/InstrumentPricing/MidPrice	MidPrice		SecurityPrice	class	FBC	arithmetic mean between bid and offer prices	
https://spec.edmcouncil.org/fibo/ontology/FBC/FinancialInstruments/InstrumentPricing/OfferPrice	OfferPrice	ask price | asking price | offering price	SecurityPrice	class	FBC	price suggested by a prospective seller at a particular time for a given security	
https://spec.edmcouncil.org/fibo/ontology/FBC/FinancialInstruments/InstrumentPricing/OfficialClosingPrice	OfficialClosingPrice	end-of-day price	ClosingPrice	class	FBC	price of the final trade of a security at the end of a trading day on a given exchange	A stock's closing price is the standard benchmark used by investors to track its performance over time.
https://spec.edmcouncil.org/fibo/ontology/FBC/FinancialInstruments/InstrumentPricing/OpeningPrice	OpeningPrice		MarketPrice	class	FBC	price at which something first trades at the start of a trading day	Investors that want to buy or sell as soon as the market opens will put in an order at the opening price. Depending on how the closing price for the prior day is determined, and if there is no after hours trading (AFT), the opening price will be the same as the prior trading day's closing price. Otherwise, the opening price may differ from the prior trading day's official closing price.
https://spec.edmcouncil.org/fibo/ontology/FBC/FinancialInstruments/InstrumentPricing/PriceAnalytic	PriceAnalytic		ScopedMeasure	class	FBC	statistical measure involving security prices	
https://spec.edmcouncil.org/fibo/ontology/FBC/FinancialInstruments/InstrumentPricing/PriceDeterminationMethod	PriceDeterminationMethod		Strategy	class	FBC	strategy for calculating or otherwise establishing a price for something	
https://spec.edmcouncil.org/fibo/ontology/FBC/FinancialInstruments/InstrumentPricing/PriceSpread	PriceSpread		Difference	class	FBC	difference between two prices	
https://spec.edmcouncil.org/fibo/ontology/FBC/FinancialInstruments/InstrumentPricing/PricingModel	PricingModel		Expression	class	FBC	expression used to determine a value for an instrument at a given point in time	
https://spec.edmcouncil.org/fibo/ontology/FBC/FinancialInstruments/InstrumentPricing/RateOfReturn	RateOfReturn	RoR		class	FBC	net gain or loss on an investment over a specified time period, expressed as a percentage of the investment's initial cost or value as of a specific point in time	
https://spec.edmcouncil.org/fibo/ontology/FBC/FinancialInstruments/InstrumentPricing/SecurityPrice	SecurityPrice		MonetaryPrice	class	FBC	monetary price for a financial instrument at some point in time	A security price may be the price that some party is willing to pay, has recently paid, or would like to be paid, depending on the circumstances.
https://spec.edmcouncil.org/fibo/ontology/FBC/FinancialInstruments/InstrumentPricing/TradingDay	TradingDay	regular trading hours | RTH		class	FBC	time span that a particular trading venue is open	https://www.lawinsider.com/dictionary/trading-day | In the United States, and with respect to common stock in particular, trading day means any day on which the stock is traded on the principal market, or, if the principal market is not the principal trading market for the common stock, then on the principal securities exchange or securities market on which the common stock is then traded, provided that 'Trading Day' shall not include any day on which the common stock is scheduled to trade on such exchange or market for less than 4.5 hours or any day that the common stock is suspended from trading during the final hour of trading on such exchange or market (or if such exchange or market does not designate in advance the closing time of trading on such exchange or market, then during the hour ending at 4:00:00 p.m., New York time) unless such day is otherwise designated as a trading day in writing by the holder.
https://spec.edmcouncil.org/fibo/ontology/FBC/FinancialInstruments/InstrumentPricing/TradingSession	TradingSession			class	FBC	window of time within a trading day in which orders may be placed and filled	https://financial-dictionary.thefreedictionary.com/Trading+Sessions | An exchange may have several trading sessions during a day. For example, the exchange may be open from 9 a.m. until 10:30 a.m., from 11:30 a.m. until 1 p.m., and from 2 p.m. to 3:30 p.m. Holding several trading sessions gives the market more time to digest information rationally without having to respond immediately.
https://spec.edmcouncil.org/fibo/ontology/FBC/FinancialInstruments/InstrumentPricing/VolumeWeightedAveragePrice	VolumeWeightedAveragePrice	volume-weighted average price | VWAP	PriceAnalytic	class	FBC	average price at which a given security has traded throughout a trading day, determined by multiplying each trade by its volume, adding the results, then dividing by the volume traded for the day	
https://spec.edmcouncil.org/fibo/ontology/FBC/FinancialInstruments/InstrumentPricing/VolumeWeightedOpenPrice	VolumeWeightedOpenPrice	volume-weighted open price | VWOP	PriceAnalytic	class	FBC	price determined by multiplying each trade by its volume, adding the results, then dividing by the volume over a certain period during the trading day (rather than over the course of the entire day)	
https://spec.edmcouncil.org/fibo/ontology/FBC/FinancialInstruments/InstrumentPricing/Yield	Yield			class	FBC	return on the investor's capital investment	A Yield must be based on a price, and must be in reference to some event or duration of time. It has a calculation method, and may have other qualifying terms such as for compounded yield. | Yield reflects income over some period of time which is then annualized, and typically projected into the future, assuming that conditions and rates remain the same, whereas return on investment is retrospective.
https://spec.edmcouncil.org/fibo/ontology/FBC/FinancialInstruments/InstrumentPricing/YieldSpread	YieldSpread		Difference	class	FBC	the spread between the yields of two items	
https://spec.edmcouncil.org/fibo/ontology/FBC/FinancialInstruments/Settlement/CashSettlementTerms	CashSettlementTerms		SettlementTerms	class	FBC	contractual commitment to settle in cash	Note that the valuation determined via the appraisal of the underlying asset may include a quotation that is either an upper limit to the outstanding principal balance of the reference obligation for which the quote should be obtained, or a floating rate payer calculation amount. | Note that the security price represents a price per share or per lot, whereas the settlement amount represents a total.
https://spec.edmcouncil.org/fibo/ontology/FBC/FinancialInstruments/Settlement/PhysicalSettlementTerms	PhysicalSettlementTerms		SettlementTerms	class	FBC	commitment to deliver the actual underlying asset on the specified delivery date, rather than cash	ISO 10962, Securities and related financial instruments - Classification of financial instruments (CFI) code, Fourth Edition, October 2019 | If you sell a gold futures contract of say 100 troy ounces then you have to deliver real gold to the buyer on the mutually agreed date. Most derivatives are not actually exercised, but are traded out before their delivery date. However, physical delivery still occurs with some trades: it is most common with commodities, but can also occur with other financial instruments.
https://spec.edmcouncil.org/fibo/ontology/FBC/FinancialInstruments/Settlement/Settlement	Settlement		ContractLifecycleEvent	class	FBC	act of finalizing a transaction, including but not limited to finalizing accounting, exchanging consideration, and/or legally recording documents, as applicable	
https://spec.edmcouncil.org/fibo/ontology/FBC/FinancialInstruments/Settlement/SettlementConvention	SettlementConvention		Convention	class	FBC	convention employed to determine the closing date (from the stated settlement date) in the process of settling a transaction on which securities or interests in securities are delivered, usually against (in simultaneous exchange for) payment of some consideration	This is often stated in the form 'T+n' where n is the number of business days from the specified settlement date (T).
https://spec.edmcouncil.org/fibo/ontology/FBC/FinancialInstruments/Settlement/SettlementEvent	SettlementEvent		ContractLifecycleEventOccurrence	class	FBC	specific event involving the finalization a transaction or portion thereof, including but not limited to finalizing accounting, exchanging consideration, and/or legally recording documents, as applicable	
https://spec.edmcouncil.org/fibo/ontology/FBC/FunctionalEntities/BusinessCenters/BusinessCenterCode	BusinessCenterCode			class	FBC	code used to denote a metropolitan area where business is conducted	http://www.fpml.org/coding-scheme/business-center | The codes for business centers and municipalities defined herein are largely those identified either as FpML business centers or are locations where there is an exchange, as noted in the ISO 10962 MIC code standard.
https://spec.edmcouncil.org/fibo/ontology/FBC/FunctionalEntities/BusinessCenters/BusinessCenterCodeScheme	BusinessCenterCodeScheme	business center code set	CodeSet	class	FBC	coding scheme used to define a set of codes for municipalities or business centers	http://www.fpml.org/coding-scheme/business-center
https://spec.edmcouncil.org/fibo/ontology/FBC/FunctionalEntities/BusinessCenters/BusinessDayAdjustmentCode	BusinessDayAdjustmentCode			class	FBC	code used to denote a convention for specifying what happens when a date falls on a day that is weekend or holiday in some municipality or business center	http://www.fpml.org/coding-scheme/business-center
https://spec.edmcouncil.org/fibo/ontology/FBC/FunctionalEntities/BusinessRegistries/BusinessRegisterIdentifier	BusinessRegisterIdentifier			class	FBC	identifier that uniquely identifies a business register, such as a register identified by the Global Legal Entity Identifier Foundation (GLEIF) registration authorities list	https://www.gleif.org/en/about-lei/gleif-registration-authorities-list
https://spec.edmcouncil.org/fibo/ontology/FBC/FunctionalEntities/BusinessRegistries/BusinessRegistrationAuthority	BusinessRegistrationAuthority			class	FBC	registration authority that is responsible for maintaining a registry of business entities	https://www.gleif.org/en/about-lei/gleif-registration-authorities-list | A business registry may include any government-managed registry for registering a business, such as a state department of corporations in the US, as well as other registries such as a local operating unit (LOU) for registration of legal entity identifiers (LEIs). Any sanctioned registration authority as defined by the Registration Authorities List, published by GLEIF, is a business registration authority in this sense.
https://spec.edmcouncil.org/fibo/ontology/FBC/FunctionalEntities/BusinessRegistries/BusinessRegistry	BusinessRegistry			class	FBC	registry for registering and maintaining information about business entities	https://www.gleif.org/en/about-lei/gleif-registration-authorities-list
https://spec.edmcouncil.org/fibo/ontology/FBC/FunctionalEntities/BusinessRegistries/BusinessRegistryEntry	BusinessRegistryEntry			class	FBC	entry in a business registry	
https://spec.edmcouncil.org/fibo/ontology/FBC/FunctionalEntities/BusinessRegistries/EntityExpirationReason	EntityExpirationReason			class	FBC	code for the reason that a legal entity ceased to exist and/or operate	https://www.gleif.org/en/about-lei/common-data-file-format/lei-cdf-format/lei-cdf-format-version-2-1
https://spec.edmcouncil.org/fibo/ontology/FBC/FunctionalEntities/BusinessRegistries/EntityLegalFormRegistry	EntityLegalFormRegistry	ELF registry		class	FBC	registry for registering and maintaining information about the legal forms that are valid for business entities for a particular jurisdiction following the ISO 20275 standard	https://www.gleif.org/en/about-lei/code-lists/iso-20275-entity-legal-forms-code-list
https://spec.edmcouncil.org/fibo/ontology/FBC/FunctionalEntities/BusinessRegistries/EntityLegalFormRegistryEntry	EntityLegalFormRegistryEntry	ELF registry entry		class	FBC	entry in an entity legal form registry that conforms to ISO 20275	https://www.gleif.org/en/about-lei/code-lists/iso-20275-entity-legal-forms-code-list
https://spec.edmcouncil.org/fibo/ontology/FBC/FunctionalEntities/BusinessRegistries/EntityStatus	EntityStatus		LifecycleStage	class	FBC	lifecycle stage indicating the operational and/or legal status of an entity	https://www.gleif.org/en/about-lei/common-data-file-format/lei-cdf-format/lei-cdf-format-version-2-1 | In some jurisdictions, there may be other possible values for entity status, such as suspended in the State of California, thus the individuals provided herein are not intended to be exhaustive.
https://spec.edmcouncil.org/fibo/ontology/FBC/FunctionalEntities/BusinessRegistries/EntityValidationLevel	EntityValidationLevel			class	FBC	code for the level of validation performed by the GLEIF or LOU with respect to the reference data provided by the registrant	https://www.gleif.org/en/about-lei/common-data-file-format/lei-cdf-format/lei-cdf-format-version-2-1
https://spec.edmcouncil.org/fibo/ontology/FBC/FunctionalEntities/BusinessRegistries/LegalEntityIdentifierRegistry	LegalEntityIdentifierRegistry	LEI registry	BusinessRegistry	class	FBC	registry for registering and maintaining information about business entities for a particular jurisdiction	https://www.gleif.org/en/about-lei/common-data-file-format/lei-cdf-format/lei-cdf-format-version-2-1
https://spec.edmcouncil.org/fibo/ontology/FBC/FunctionalEntities/BusinessRegistries/LegalEntityIdentifierRegistryEntry	LegalEntityIdentifierRegistryEntry	LEI registry entry	BusinessRegistryEntry	class	FBC	entry in a legal entity identifier registry that conforms to ISO 17442 and the Global Legal Entity Identifier Foundation (GLEIF) Common Data Format (CDF)	https://www.gleif.org/en/about-lei/common-data-file-format/lei-cdf-format/lei-cdf-format-version-2-1
https://spec.edmcouncil.org/fibo/ontology/FBC/FunctionalEntities/BusinessRegistries/LocalOperatingUnit	LocalOperatingUnit	LOU		class	FBC	registrar that is authorized by the Global LEI Foundation to issue legal entity identifiers	https://www.gleif.org/en/about-lei/common-data-file-format/lei-cdf-format/lei-cdf-format-version-2-1 | LOUs supply registration, renewal and other services, and act as the primary interface for legal entities wishing to obtain an LEI.
https://spec.edmcouncil.org/fibo/ontology/FBC/FunctionalEntities/BusinessRegistries/NorthAmericanIndustryClassificationSystemCode	NorthAmericanIndustryClassificationSystemCode	NAICS code	IndustrySectorClassifier	class	FBC	the North American Industry Classification System (NAICS) code representing an industry	
https://spec.edmcouncil.org/fibo/ontology/FBC/FunctionalEntities/BusinessRegistries/NorthAmericanIndustryClassificationSystemScheme	NorthAmericanIndustryClassificationSystemScheme		IndustrySectorClassificationScheme	class	FBC	the scheme defining the North American Industry Classification System (NAICS) Codes	The North American Industry Classification System (NAICS) is the standard used by Federal statistical agencies in classifying business establishments for the purpose of collecting, analyzing, and publishing statistical data related to the U.S. business economy. NAICS was developed under the auspices of the Office of Management and Budget (OMB), and adopted in 1997 to replace the Standard Industrial Classification (SIC) system. It was developed jointly by the U.S. Economic Classification Policy Committee (ECPC), Statistics Canada and Mexico's Instituto Nacional Estadistica y Geografia, to allow for a high level of comparability in business statistics among the North American countries.
https://spec.edmcouncil.org/fibo/ontology/FBC/FunctionalEntities/BusinessRegistries/RegistrationAuthorityCode	RegistrationAuthorityCode			class	FBC	identifier that uniquely identifies a business registry, and is associated with a registration authority and jurisdiction, issued by the Global Legal Entity Identifier Foundation (GLEIF)	https://www.gleif.org/en/about-lei/gleif-registration-authorities-list
https://spec.edmcouncil.org/fibo/ontology/FBC/FunctionalEntities/BusinessRegistries/RegistrationStatus	RegistrationStatus		LifecycleStage	class	FBC	lifecycle stage indicating the status of a given registration of something, such as a business or legal entity, as specified by the registration authority	https://www.gleif.org/en/about-lei/common-data-file-format/lei-cdf-format/lei-cdf-format-version-2-1 | There may be other possible values for registration status, depending on the registry, thus the individuals provided herein are not intended to be exhaustive.
https://spec.edmcouncil.org/fibo/ontology/FBC/FunctionalEntities/BusinessRegistries/StandardIndustrialClassificationCode	StandardIndustrialClassificationCode	SIC code	IndustrySectorClassifier	class	FBC	the SIC code representing an industry	
https://spec.edmcouncil.org/fibo/ontology/FBC/FunctionalEntities/BusinessRegistries/StandardIndustrialClassificationScheme	StandardIndustrialClassificationScheme		IndustrySectorClassificationScheme	class	FBC	the scheme defining the Standard Industrial Classification (SIC) Code List	Standard Industrial Classifications are four-digit codes that categorize companies by the type of business activities they engage in. These codes were created by the U.S. government in 1937 to facilitate analysis of economic activity across government agencies and within industries. They were mostly replaced in 1997 by a new system of six-digit codes called the North American Industry Classification System (NAICS). The new codes were adopted in part to standardize industry data collection and analysis in between Canada, the United States and Mexico which had entered into the North American Free Trade Agreement. Note that certain organizations, such as the Securities and Exchange Commission (SEC) still use SIC codes for some purposes.
https://spec.edmcouncil.org/fibo/ontology/FBC/FunctionalEntities/EuropeanEntities/EUFinancialServicesEntities/CRDCreditInstitution	CRDCreditInstitution		CreditInstitution	class	FBC	an undertaking whose business is to receive deposits or other repayable funds from the public and to grant credits for its own account as defined by the European Banking Authority (EBA)	
https://spec.edmcouncil.org/fibo/ontology/FBC/FunctionalEntities/EuropeanEntities/EUFinancialServicesEntities/CreditInstitution	CreditInstitution		CreditInstitutionInvestmentFirm	class	FBC	an undertaking the business of which is to take deposits or other repayable funds from the public and to grant credits for its own account, and to which authorisation has been granted to operate within the European Union and European Economic Area countries (EEA)	http://eur-lex.europa.eu/legal-content/EN/TXT/PDF/?uri=CELEX:32013R0575&from=EN#page=18 | http://www.eba.europa.eu/risk-analysis-and-data/credit-institutions-register
https://spec.edmcouncil.org/fibo/ontology/FBC/FunctionalEntities/EuropeanEntities/EUFinancialServicesEntities/CreditInstitutionInvestmentFirm	CreditInstitutionInvestmentFirm	credit institution / investment firm	FinancialInstitution	class	FBC	classification specific to European financial institutions that designates them as credit institutions / investment firms as defined by the European Banking Authority (EBA)	http://eur-lex.europa.eu/legal-content/EN/TXT/PDF/?uri=CELEX:32013R0575&from=EN#page=18
https://spec.edmcouncil.org/fibo/ontology/FBC/FunctionalEntities/EuropeanEntities/EUFinancialServicesEntities/EuropeanEconomicAreaBranch	EuropeanEconomicAreaBranch	EEA branch	CreditInstitution	class	FBC	a branch of a credit institution authorised in another European Economic Area (EEA) country that has the right to passport its activities	
https://spec.edmcouncil.org/fibo/ontology/FBC/FunctionalEntities/EuropeanEntities/EUFinancialServicesEntities/InvestmentFirm	InvestmentFirm		CreditInstitutionInvestmentFirm	class	FBC	any legal person whose regular occupation or business is the provision of one or more investment services to third parties and/or the performance of one or more investment activities on a professional basis	http://eur-lex.europa.eu/legal-content/EN/TXT/PDF/?uri=CELEX:32004L0039&from=en#page=9
https://spec.edmcouncil.org/fibo/ontology/FBC/FunctionalEntities/EuropeanEntities/EUFinancialServicesEntities/LocalFirm	LocalFirm		CreditInstitutionInvestmentFirm	class	FBC	a firm dealing for its own account on markets in financial futures or options or other derivatives and on cash markets for the sole purpose of hedging positions on derivatives markets, or dealing for the accounts of other members of those markets and being guaranteed by clearing members of the same markets, where responsibility for ensuring the performance of contracts entered into by such a firm is assumed by clearing members of the same markets	http://eur-lex.europa.eu/legal-content/EN/TXT/PDF/?uri=CELEX:32013R0575&from=EN#page=18
https://spec.edmcouncil.org/fibo/ontology/FBC/FunctionalEntities/EuropeanEntities/EUFinancialServicesEntities/NonEuropeanEconomicAreaBranch	NonEuropeanEconomicAreaBranch	non-EEA branch	CreditInstitution	class	FBC	a branch of a credit institution whose Head Office is in a third country	
https://spec.edmcouncil.org/fibo/ontology/FBC/FunctionalEntities/EuropeanEntities/EUFinancialServicesEntities/PaymentInstitution	PaymentInstitution		CreditInstitutionInvestmentFirm	class	FBC	a legal person that has been granted authorisation in accordance with Article 10 to provide and execute payment services throughout the European community	http://eur-lex.europa.eu/legal-content/EN/TXT/PDF/?uri=CELEX:32007L0064&from=EN#page=18
https://spec.edmcouncil.org/fibo/ontology/FBC/FunctionalEntities/FinancialServicesEntities/Bank	Bank		DepositoryInstitution	class	FBC	depository institution, usually a corporation, that accepts deposits, makes loans, pays checks, and performs related services, for individual members of the public, businesses or other organizations	Barron's Dictionary of Banking Terms, Sixth Edition, 2012
https://spec.edmcouncil.org/fibo/ontology/FBC/FunctionalEntities/FinancialServicesEntities/BankHoldingCompany	BankHoldingCompany		HoldingCompany	class	FBC	any company that owns and/or has direct or indirect control of one or more banks; BHCs may also own nonbanking subsidiaries such as broker-dealers and asset managers	Office of Financial Research (OFR) Annual Report, 2012, Glossary | A bank holding company may also own another bank holding company, which in turn owns or controls a bank; the company at the top of the ownership chain is called the top holder.
https://spec.edmcouncil.org/fibo/ontology/FBC/FunctionalEntities/FinancialServicesEntities/BankingProduct	BankingProduct		FinancialProduct	class	FBC	product provided to consumers and businesses by a depository institution	Examples include checking account, savings account, certificate of deposit, debit or pre-paid card, or credit card.
https://spec.edmcouncil.org/fibo/ontology/FBC/FunctionalEntities/FinancialServicesEntities/BankingService	BankingService		FinancialService	class	FBC	financial service offered by a depository institution	Examples include cash management service, foreign exchange service, lending or credit service, investment service, insurance service, merchant service, payroll service, and the like.
https://spec.edmcouncil.org/fibo/ontology/FBC/FunctionalEntities/FinancialServicesEntities/BrokerageFirm	BrokerageFirm	market maker	NonDepositoryInstitution	class	FBC	firm in the business of buying and selling securities, operating as both a broker and a dealer, depending on the transaction	https://www.worldbank.org/en/publication/gfdr/gfdr-2016/background/nonbank-financial-institution | The term broker-dealer is used in U.S. securities regulation parlance to describe stock brokerages, because most of them act as both agents and principals. A brokerage acts as a broker (or agent) when it executes orders on behalf of clients, whereas it acts as a dealer (or principal) when it trades for its own account.
https://spec.edmcouncil.org/fibo/ontology/FBC/FunctionalEntities/FinancialServicesEntities/BusinessIdentifierCode	BusinessIdentifierCode	SWIFT ID | SWIFT code | SWIFT-BIC | bank identifier code | business entity identifier | BIC		class	FBC	international identifier for financial and non-financial institutions used to facilitate automated processing of information for financial services	ISO 9362:2014 Banking -- Banking telecommunication messages -- Business identifier code (BIC) | The BIC is used for addressing messages, routing business transactions and identifying business parties. Note that the use of OrganizationSubUnitIdentifier in FIBO corresponds to the Branch Code in the SWIFT scheme.
https://spec.edmcouncil.org/fibo/ontology/FBC/FunctionalEntities/FinancialServicesEntities/BusinessIdentifierCodeScheme	BusinessIdentifierCodeScheme		CodeSet	class	FBC	scheme that specifies the elements of a unique business identifier code (BIC) scheme to identify financial and non-financial institutions used to facilitate automated processing of information for financial services	ISO 9362:2014 Banking -- Banking telecommunication messages -- Business identifier code (BIC) | https://www.iso.org/standard/60390.html
https://spec.edmcouncil.org/fibo/ontology/FBC/FunctionalEntities/FinancialServicesEntities/BusinessPartyPrefix	BusinessPartyPrefix	bank code | institution code		class	FBC	four-character (4 alphanumeric) code associated with an organization for the purposes of banking telecommunications	ISO 9362:2014 Banking -- Banking telecommunication messages -- Business identifier code (BIC) | For new BIC registration by an organization already identified with a BIC or an affiliated organization [after the transition period ending November 2018], SWIFT will still reserve the usage of an existing party prefix to these organizations. This legacy rule will be reserved to existing BIC owners. If they wish to preserve this value, no other organization will be allowed to use the same code | For new BIC registration from an organization not yet identified by a BIC, the party prefix will be allocated at the discretion of the RA. The code will not have a mnemonic or acronym value anymore.
https://spec.edmcouncil.org/fibo/ontology/FBC/FunctionalEntities/FinancialServicesEntities/BusinessPartySuffix	BusinessPartySuffix			class	FBC	two-character (2 alphanumeric) code associated with the organization for the purposes of banking telecommunications	ISO 9362:2014 Banking -- Banking telecommunication messages -- Business identifier code (BIC) | In the prior version of the standard, position 7 of the BIC determined the location of the BIC in a particular country. In a country spanning over multiple time zones, each character may have been used to define a different time zone. If an organization moved location to a different time zone within the same country, the existing BIC would normally have been deleted and replaced by a new BIC with the appropriate location code. | With the revision of the standard [and transition period ending November 2018], the location code has been re-defined as a 'party suffix' without any specific meaning. A new reference data attribute has been introduced in the SWIFTRef directories to indicate where the institution is located and to which time zone it refers.
https://spec.edmcouncil.org/fibo/ontology/FBC/FunctionalEntities/FinancialServicesEntities/CentralBank	CentralBank		Bank	class	FBC	financial institution that is the monetary authority and major regulatory bank for a country (or group of countries)	Its functions include issuing and managing the country's currency, controlling monetary policy and supervising money market operations, managing exchange and gold reserves, acting as lender of last resort to commercial banks, and providing banking services to the government. Central banks are state-controlled but are increasingly being given an independent status to insulate them from partisan politics.
https://spec.edmcouncil.org/fibo/ontology/FBC/FunctionalEntities/FinancialServicesEntities/CentralCounterpartyClearingHouse	CentralCounterpartyClearingHouse	CCP	ClearingHouse	class	FBC	clearing house that helps facilitate trading in derivatives and equities markets	These clearing houses are often operated by the major banks in the country. The house's prime responsibility is to provide efficiency and stability to the financial markets that they operate in. There are two main processes that are carried out by CCPs: clearing and settlement of market transactions. Clearing relates to identifying the obligations of both parties on either side of a transaction. Settlement occurs when the final transfer of securities and funds occur. CCPs benefit both parties in a transaction because they bear most of the credit risk. If two individuals deal with one another, the buyer bears the credit risk of the seller, and vice versa. When a CCP is used the credit risk that is held against both buyer and seller is coming from the CCP, which in all likelihood is much less than in the previous situation.
https://spec.edmcouncil.org/fibo/ontology/FBC/FunctionalEntities/FinancialServicesEntities/CentralSecuritiesDepository	CentralSecuritiesDepository	CSD	FinancialServiceProvider	class	FBC	functional entity that provides a central point for depositing financial instruments ('securities'), for example, bonds and shares	http://ecsda.eu/facts/faq | CSDs' clients are typically financial institutions themselves (such as custodian banks and brokers) rather than individual investors.
https://spec.edmcouncil.org/fibo/ontology/FBC/FunctionalEntities/FinancialServicesEntities/ClearingBank	ClearingBank		ClearingHouse	class	FBC	commercial bank that facilitates payment and settlement of financial transactions, such as check clearing or facilitating trades between the sellers and buyers of securities or other financial instruments or contracts	
https://spec.edmcouncil.org/fibo/ontology/FBC/FunctionalEntities/FinancialServicesEntities/ClearingCorporation	ClearingCorporation		ClearingHouse	class	FBC	clearing house that is organized as a corporation	Barron's Dictionary of Finance and Investment Terms, Ninth Edition, 2014
https://spec.edmcouncil.org/fibo/ontology/FBC/FunctionalEntities/FinancialServicesEntities/ClearingHouse	ClearingHouse		FinancialServiceProvider	class	FBC	financial service provider that is exchange affiliated and provides clearing services, including the validation, delivery, and settlement of financial transactions, for financial intermediaries	Barron's Dictionary of Finance and Investment Terms, Ninth Edition, 2014
https://spec.edmcouncil.org/fibo/ontology/FBC/FunctionalEntities/FinancialServicesEntities/ClearingService	ClearingService		FinancialService	class	FBC	service provided on behalf of an institutional market participant by a clearing services provider following a trade that finalizes the transfer of security ownership	EDM Council / Quarule
https://spec.edmcouncil.org/fibo/ontology/FBC/FunctionalEntities/FinancialServicesEntities/CommercialBank	CommercialBank		Bank	class	FBC	depository institution that engages in various financial services, such as accepting deposits and making loans	A commercial bank is a financial institution that is owned by stockholders, operates for a profit, and engages in various lending activities. Commercial banks provide services, such as accepting deposits, giving business loans and auto loans, mortgage lending, and basic investment products like savings accounts and certificates of deposit. | The traditional commercial bank is a brick and mortar institution with tellers, safe deposit boxes, vaults and ATMs. However, some commercial banks do not have any physical branches and require consumers to complete all transactions by phone or Internet. In exchange, they generally pay higher interest rates on investments and deposits, and charge lower fees.
https://spec.edmcouncil.org/fibo/ontology/FBC/FunctionalEntities/FinancialServicesEntities/CommercialFinanceCompany	CommercialFinanceCompany	commercial credit company	FinanceCompany	class	FBC	finance company that makes loans to manufacturers and wholesalers, secured by accounts receivable, inventories, and equipment	Barron's Dictionary of Finance and Investment Terms, Ninth Edition, 2014
https://spec.edmcouncil.org/fibo/ontology/FBC/FunctionalEntities/FinancialServicesEntities/CommodityTradingAdvisor	CommodityTradingAdvisor	CTA	NonDepositoryInstitution	class	FBC	party that directly or indirectly advises others as to the value or advisability of buying or selling futures contracts or options	Barron's Dictionary of Finance and Investment Terms, Ninth Edition, 2014 | Indirect advice includes exercising trading authority over a customer's account. In the U.S., registered CTAs are registered with the Commodities Futures Trading Commission (CFTC) and are generally required to be members of the National Futures Association (NFA).
https://spec.edmcouncil.org/fibo/ontology/FBC/FunctionalEntities/FinancialServicesEntities/ConsumerFinanceCompany	ConsumerFinanceCompany	direct loan company | small loan company	FinanceCompany	class	FBC	finance company that lends to individuals under the small loans laws of the jurisdiction in which they operate	Barron's Dictionary of Finance and Investment Terms, Ninth Edition, 2014
https://spec.edmcouncil.org/fibo/ontology/FBC/FunctionalEntities/FinancialServicesEntities/ContractualSavingsInstitution	ContractualSavingsInstitution	institutional investment firm | institutional investor | investisseur institutionnel	Investor	class	FBC	financial institution that provides the opportunity for individuals to invest in collective investment vehicles in a fiduciary rather than a principle role	https://www.worldbank.org/en/publication/gfdr/gfdr-2016/background/nonbank-financial-institution | Collective investment vehicles invest the pooled resources of the individuals and firms into numerous equity, debt, and derivatives promises. The individual, however, holds equity in the CIV itself rather what the CIV invests in specifically. The two most popular examples of contractual savings institutions are mutual funds and private pension plans. | Typically more than 70 percent of the daily trading on the New York Stock Exchange is conducted on behalf of institutional investors. | Example institutional investors include banks, insurance companies, mutual funds, pension funds, and other similar large funds.
https://spec.edmcouncil.org/fibo/ontology/FBC/FunctionalEntities/FinancialServicesEntities/CreditUnion	CreditUnion		CooperativeSociety	class	FBC	not-for-profit depository institution that makes personal loans and offers other consumer banking services, organized for the purpose of promoting thrift among its members and creating a source of credit for provident or productive purposes	
https://spec.edmcouncil.org/fibo/ontology/FBC/FunctionalEntities/FinancialServicesEntities/DataProcessingService	DataProcessingService		FinancialService	class	FBC	financial service offered by an entity primarily engaged in providing infrastructure for hosting or data processing services	https://www.ffiec.gov/npw/Help/InstitutionTypes
https://spec.edmcouncil.org/fibo/ontology/FBC/FunctionalEntities/FinancialServicesEntities/DataProcessingServicer	DataProcessingServicer		FinancialServiceProvider	class	FBC	finance services provider primarily engaged in providing infrastructure for hosting or data processing services	https://www.ffiec.gov/npw/Help/InstitutionTypes | These establishments may provide specialized hosting activities, such as web hosting, streaming services or application hosting, provide application service provisioning, or may provide general time-share mainframe facilities to clients. Data processing establishments provide complete processing and specialized reports from data supplied by clients or provide automated data processing and data entry services.
https://spec.edmcouncil.org/fibo/ontology/FBC/FunctionalEntities/FinancialServicesEntities/DepositoryInstitution	DepositoryInstitution		FinancialInstitution	class	FBC	any financial institution engaged in the business of receiving demand deposits from the public or other institutions	12 U.S. Code Section 1813 - Definitions, see, for example, http://www.law.cornell.edu/uscode/text/12/1813 | https://www.fdic.gov/regulations/laws/rules/1000-400.html#fdic1000sec.3a
https://spec.edmcouncil.org/fibo/ontology/FBC/FunctionalEntities/FinancialServicesEntities/DevelopmentBank	DevelopmentBank	development finance company (DFC) | development financial institution (DFI)	FinancialInstitution	class	FBC	national or regional financial institution designed to provide medium- and long-term capital for productive investment, often accompanied by technical assistance, in poor countries	
https://spec.edmcouncil.org/fibo/ontology/FBC/FunctionalEntities/FinancialServicesEntities/ElectronicFundsTransferService	ElectronicFundsTransferService	wire transfer service | EFT	FinancialService	class	FBC	service involving any transfer of funds other than a transaction involving a paper instrument, that is initiated through an electronic terminal, telephone, or computer and that orders or authorizes a financial institution to debit or credit an account	Barron's Dictionary of Finance and Investment Terms, Ninth Edition, 2014 | EFT services include transfers through automated teller machines, point-of-sale terminals, automated clearinghouse systems, telephone bill-payment plans in which periodic or recurring transfers are contemplated, and remote banking programs.
https://spec.edmcouncil.org/fibo/ontology/FBC/FunctionalEntities/FinancialServicesEntities/FaceAmountCertificateCompany	FaceAmountCertificateCompany		InvestmentCompany	class	FBC	investment company which is engaged or proposes to engage in the business of issuing face-amount certificates of the installment type, or which has been engaged in such business and has any such certificate outstanding	An investor may enter into a contract with an issuer of a face amount certificate to contract to receive a stated or fixed amount of money (the face amount) at a stated date in the future. In exchange for this future sum, the investor must deposit an agreed lump sum or make scheduled installment payments over time. Face amount certificates are rarely issued these days, as most of the tax advantages that the investment once offered have been lost through changes in the tax laws.
https://spec.edmcouncil.org/fibo/ontology/FBC/FunctionalEntities/FinancialServicesEntities/FinanceCompany	FinanceCompany		NonDepositoryInstitution	class	FBC	financial intermediary in the business of making loans that obtains its financing from banks, institutions, and other money market sources rather than from deposits	Barron's Dictionary of Finance and Investment Terms, Ninth Edition, 2014
https://spec.edmcouncil.org/fibo/ontology/FBC/FunctionalEntities/FinancialServicesEntities/FinancialInstitution	FinancialInstitution	financial intermediary	FinancialServiceProvider	class	FBC	financial service provider identified as either a government agency or privately owned entity that collects funds from the public and from other institutions, and invests those funds in financial assets, such as loans, securities, bank deposits, and income-generating property	Barron's Dictionary of Banking Terms, Sixth Edition, 2012 | Financial institutions are differentiated by the way they obtain and invest funds. Depository institutions accept public deposits, which are insured by the government against loss, and channel those deposits into lending activities. Non-depository institutions, such as brokerage firms, life insurance companies, pension funds, and investment companies, fund their investment activities directly from financial markets by selling securities to the public or by selling insurance policies, in the case of insurance companies.
https://spec.edmcouncil.org/fibo/ontology/FBC/FunctionalEntities/FinancialServicesEntities/FinancialServiceProviderIdentifier	FinancialServiceProviderIdentifier		PartyRoleIdentifier	class	FBC	identifier that is officially allocated to a financial service provider based on a function that they provide, typically in a jurisdiction over which a regulatory agency has some jurisdiction	
https://spec.edmcouncil.org/fibo/ontology/FBC/FunctionalEntities/FinancialServicesEntities/FinancialServiceProviderIdentifierScheme	FinancialServiceProviderIdentifierScheme		IdentificationScheme	class	FBC	scheme that defines the financial service provider identifier per the issuing registration authority or regulatory agency	
https://spec.edmcouncil.org/fibo/ontology/FBC/FunctionalEntities/FinancialServicesEntities/FuturesCommissionMerchant	FuturesCommissionMerchant	FCM	NonDepositoryInstitution	class	FBC	party that does both of the following: (1) solicits or accepts orders to buy or sell futures contracts, options on futures, retail off-exchange forex contracts, or swaps and (2) accepts money or other assets from customers to support such orders	National Futures Association
https://spec.edmcouncil.org/fibo/ontology/FBC/FunctionalEntities/FinancialServicesEntities/HoldingCompany	HoldingCompany		FunctionalBusinessEntity	class	FBC	business entity established to own stock in another company, typically to own enough voting shares to have some level of control over that company's policies and management	Holding companies protect their owners from losses to some degree, protecting assets, for example, in case of bankruptcy. They can also be set up to own property such as real estate, patents, trademarks, stocks and other assets to limit financial and legal liability
https://spec.edmcouncil.org/fibo/ontology/FBC/FunctionalEntities/FinancialServicesEntities/InsuranceCompany	InsuranceCompany		RiskPoolingInstitution	class	FBC	non-depository institution whose primary and predominant business activity is the writing of insurance or the reinsuring of risks underwritten by insurance companies, and that provides compensation based on the happening of at least one contingency	http://www.ffiec.gov/nicpubweb/Content/HELP/Institution%20Type%20Description.htm | https://www.sec.gov/about/laws/ica40.pdf | In the US, insurance companies are subject to supervision by the insurance commissioner or a similar official or agency of a State; or any receiver or similar official or any liquidating agent for such a company, in his capacity as such. Common forms of insurance include life, property and casualty, and health insurance. In addition to insuring against hazards, many insurance companies also sell investments or investment-like products. The most prevalent investment products offered by insurers are annuities and life insurance policies that also feature investment elements. A number of insurance companies operate brokerage arms that trade securities on behalf of clients.
https://spec.edmcouncil.org/fibo/ontology/FBC/FunctionalEntities/FinancialServicesEntities/InsuranceService	InsuranceService		FinancialService	class	FBC	financial service in which the insurer promises to provide compensation for specific potential future losses in exchange for a periodic payment	Barron's Dictionary of Finance and Investment Terms, Ninth Edition, 2014 | Insurance providers invest the compensation they receive in order to make a profit. In general, insurance transfers risk from individuals or organizations to a larger pool of individuals or organizations that are better able to mitigate that risk.
https://spec.edmcouncil.org/fibo/ontology/FBC/FunctionalEntities/FinancialServicesEntities/InvestmentBank	InvestmentBank		FinancialInstitution	class	FBC	financial service provider that acts as an underwriter or agent that serves as intermediary between the issuer of securities and the investing public	Major investment banks include Barclays, BofA Merrill Lynch, Warburgs, Goldman Sachs, Deutsche Bank, JP Morgan, Morgan Stanley, Salomon Brothers, UBS, Credit Suisse, Citibank and Lazard. Some investment banks specialize in particular industry sectors. Many investment banks also have retail operations that serve small, individual customers.
https://spec.edmcouncil.org/fibo/ontology/FBC/FunctionalEntities/FinancialServicesEntities/InvestmentCompany	InvestmentCompany		NonDepositoryInstitution	class	FBC	any issuer which: (a) is or holds itself out as being engaged primarily, or proposes to engage primarily, in the business of investing, reinvesting, or trading in securities; (b) is engaged or proposes to engage in the business of issuing face-amount certificates of the installment type, or has been engaged in such business and has any such certificate outstanding; or (c) is engaged or proposes to engage in the business of investing, reinvesting, owning, holding, or trading in securities, and owns or proposes to acquire investment securities having a value exceeding 40 per centum of the value of such issuer&apos;s total assets (exclusive of Government securities and cash items) on an unconsolidated basis	An investment company is organized as either a corporation or as a trust. Individual investors' money is then pooled together in a single account and used to purchase securities that will have the greatest chance of helping the investment company reach its objectives. All investors jointly own the portfolio that is created through these pooled funds, and each investor has an undivided interest in the securities. | In the US, all investment company offerings are subject to the Securities Act of 1933, which requires the investment company to register with the Securities Exchange Commission (SEC) and to give all purchasers a prospectus. Investment companies are also subject to the Investment Company Act of 1940, which sets forth guidelines on how investment companies must operate.
https://spec.edmcouncil.org/fibo/ontology/FBC/FunctionalEntities/FinancialServicesEntities/InvestmentService	InvestmentService		FinancialService	class	FBC	financial service designed to assist investors in using capital to create more money, either through income-producing vehicles or through more risk-oriented ventures to result in capital gains, including but not limited to providing investment advice, asset and portfolio management, and brokerage services	Barron's Dictionary of Finance and Investment Terms, Ninth Edition, 2014
https://spec.edmcouncil.org/fibo/ontology/FBC/FunctionalEntities/FinancialServicesEntities/ManagementCompany	ManagementCompany		InvestmentCompany	class	FBC	investment company that sells and manages a portfolio of securities other than a face-amount certificate company or unit investment fund	Management companies allow investors to pool their capital with that of other investors in order to purchase professionally-managed groups of diversified securities.
https://spec.edmcouncil.org/fibo/ontology/FBC/FunctionalEntities/FinancialServicesEntities/MerchantService	MerchantService		FinancialService	class	FBC	financial service provided by a financial institution to a merchant or other business, including but not limited to managing financial transactions via a secure channel	Barron's Dictionary of Finance and Investment Terms, Ninth Edition, 2014 | Example merchant services include credit and debit card processing, check guarantee and conversion services, point of sale (PoS) systems, gift card and loyalty programs, online transaction processing, etc.
https://spec.edmcouncil.org/fibo/ontology/FBC/FunctionalEntities/FinancialServicesEntities/MonetaryAuthority	MonetaryAuthority		RegulatoryAgency	class	FBC	regulatory agency that controls the monetary policy, regulation and supply of money in some country or group of countries	http://www.investordictionary.com/definition/monetary-authority | a central bank, the executive branch of a government, a central bank for several nations, a currency board
https://spec.edmcouncil.org/fibo/ontology/FBC/FunctionalEntities/FinancialServicesEntities/MoneyServicesBusiness	MoneyServicesBusiness	MSB	NonDepositoryInstitution	class	FBC	any person doing business, whether or not on a regular basis or as an organized business concern, in one of the following capacities: (1) currency dealer or exchanger, (2) check casher, (3) issuer of traveler's checks, money orders, or stored value, (4) seller or redeemer of traveler's checks, money orders, or stored value, (5) money transmitter, or (6) postal service	This definition excludes banks and persons registered with or examined by the Securities and Exchange Commission or the Commodities Futures Trading Commission.
https://spec.edmcouncil.org/fibo/ontology/FBC/FunctionalEntities/FinancialServicesEntities/MortgageCompany	MortgageCompany		FinancialServiceProvider	class	FBC	financial service provider that originates and/or funds mortgages for residential or commercial property	
https://spec.edmcouncil.org/fibo/ontology/FBC/FunctionalEntities/FinancialServicesEntities/NonDepositoryInstitution	NonDepositoryInstitution	non-depository institution | non-bank financial company (NBFC) | non-bank financial institution (NBFI) | non-banking financial institution (NBFI)	FinancialInstitution	class	FBC	financial institution that does not have a full banking license and typically is not supervised by a national or international banking regulatory agency	Barron's Dictionary of Banking Terms, Sixth Edition, 2012 | https://www.worldbank.org/en/publication/gfdr/gfdr-2016/background/nonbank-financial-institution | A non-depository financial institution acts as a middleman between two parties in a financial transaction, and does not provide traditional depository services, such as brokerage firms, insurance companies, and investment companies. These kinds of institutions facilitate alternative financial services, such as investment (both collective and individual), risk pooling, financial consulting, brokering, money transmission, and check cashing. NBFIs are a source of consumer credit (along with licensed banks). Examples of nonbank financial institutions include insurance firms, venture capitalists, currency exchanges, some microloan organizations, and pawn shops. These non-bank financial institutions provide services that are not necessarily suited to banks, serve as competition to banks, and specialize in sectors or groups. Note, however, that there are exceptions in Europe, for example, where the same firm may have banking, insurance, and brokerage functions.
https://spec.edmcouncil.org/fibo/ontology/FBC/FunctionalEntities/FinancialServicesEntities/PaymentService	PaymentService		MerchantService	class	FBC	financial service that involves acceptance of electronic payments by a variety of payment methods including credit card, bank-based payments such as direct debit, bank transfer, and real-time bank transfer based on online banking	
https://spec.edmcouncil.org/fibo/ontology/FBC/FunctionalEntities/FinancialServicesEntities/PayrollService	PayrollService		FinancialService	class	FBC	financial service, typically provided to small businesses that are not large enough to have an internal finance organization, that involves managing payment of wages to employees	Payroll services typically include printing of employee pay checks, direct deposit of wages to employee bank accounts, calculation and withholding of employee taxes, calculation and payment of corporate payroll taxes and fees with appropriate government authorities (such as Social Security in the US), filing government quarterly and annual reports, and so forth. They may also include management of retirement and savings plans, health benefits, timekeeping, automated integration with the business' accounting system, etc.
https://spec.edmcouncil.org/fibo/ontology/FBC/FunctionalEntities/FinancialServicesEntities/PrincipalUnderwriter	PrincipalUnderwriter		Underwriter	class	FBC	underwriter who, as principal, purchases from an investment company, or pursuant to some contract has the right to purchase from such company, any security for distribution, or who as agent for such company sells or has the right to sell any security to a dealer or to the public, excluding any dealer who purchases from such company through sn underwriter acting as an agent for such company	Section 3a of the Investment Company Act of 1940 as amended in January, 2012, https://www.sec.gov/about/laws/ica40.pdf | Principal underwriter of or for a closed-end company or any issuer which is not an investment company, or of any security issued by such a company or issuer, means any underwriter who, in connection with a primary distribution of securities, (a) is in privity of contract with the issuer or an affiliated person of the issuer; (b) acting alone or in concert with one or more other persons, initiates or directs the formation of an underwriting syndicate; or (c) is allowed a rate of gross commission, spread, or other profit greater than the rate allowed another underwriter participating in the distribution.
https://spec.edmcouncil.org/fibo/ontology/FBC/FunctionalEntities/FinancialServicesEntities/RegisteredInvestmentAdvisor	RegisteredInvestmentAdvisor	RIA	FinancialServiceProvider	class	FBC	registered agent and financial service provider that advises high net worth individuals on investments and manages their portfolios	
https://spec.edmcouncil.org/fibo/ontology/FBC/FunctionalEntities/FinancialServicesEntities/RiskPoolingInstitution	RiskPoolingInstitution		NonDepositoryInstitution	class	FBC	financial institution that provides some financial service while spreading the financial risk inherent in that service to lower the probability of a catastrophic financial event by aggregating customers across diverse dimensions as a risk management practice	https://www.worldbank.org/en/publication/gfdr/gfdr-2016/background/nonbank-financial-institution | Insurance companies are the most common form of risk pooling institution.
https://spec.edmcouncil.org/fibo/ontology/FBC/FunctionalEntities/FinancialServicesEntities/SalesFinanceCompany	SalesFinanceCompany	acceptance company	FinanceCompany	class	FBC	finance company that purchases retail and wholesale paper from automobile and other consumer and commercial goods dealers	Barron's Dictionary of Finance and Investment Terms, Ninth Edition, 2014
https://spec.edmcouncil.org/fibo/ontology/FBC/FunctionalEntities/FinancialServicesEntities/SavingsAssociation	SavingsAssociation		DepositoryInstitution	class	FBC	depository institution that is (a) any federal savings bank or association chartered under section 1464 of the Federal Deposit Insurance Act; (b) any state chartered building and loan association, savings and loan association, or homestead association; or (c) any cooperative bank (other than a cooperative bank which is a state bank as defined in subsection (a)(2)) of the Federal Deposit Insurance Act, which is organized and operating according to the laws of the State (as defined in subsection (a)(3)) in which it is chartered or organized; and (c) any corporation (other than a bank) that the board of directors and the comptroller of the currency jointly determine to be operating in substantially the same manner as such a depository institution	https://www.fdic.gov/regulations/laws/rules/1000-400.html#fdic1000sec.3a
https://spec.edmcouncil.org/fibo/ontology/FBC/FunctionalEntities/FinancialServicesEntities/SelfRegulatingOrganization	SelfRegulatingOrganization	self-regulating organization | SRO	RegulatoryAgency	class	FBC	non-governmental organization that has the power to create and exercise some degree of regulatory authority over an industry or profession in some country or group of countries	
https://spec.edmcouncil.org/fibo/ontology/FBC/FunctionalEntities/FinancialServicesEntities/TrustCompany	TrustCompany		FinancialInstitution	class	FBC	financial institution that acts as a fiduciary, trustee or agent of trusts and agencies	A professional trust company may be independently owned or owned by, for example, a bank or a law firm, and which specializes in being a trustee of various kinds of trusts. The trust company oversees the management of assets covered by the trust agreement. Such companies often are used when a grantor feels the trust company can do an equal or better job managing the assets than an individual person, or if the grantor does not know of anyone else who can act as trustee. Trust companies sometimes act as fiscal agents for corporations by attending to the registration and transfer of their stocks and bonds, serving as a trustee for their bond and mortgage creditors, and transacting general banking and loan business.
https://spec.edmcouncil.org/fibo/ontology/FBC/FunctionalEntities/FinancialServicesEntities/Underwriter	Underwriter		FinancialServiceProvider	class	FBC	financial service provider that evaluates and assumes another party's risk for a fee, such as a commission, premium, spread or interest	
https://spec.edmcouncil.org/fibo/ontology/FBC/FunctionalEntities/FinancialServicesEntities/UnderwritingArrangement	UnderwritingArrangement		WrittenContract	class	FBC	written contract between parties that commits the underwriter to assuming risk	
https://spec.edmcouncil.org/fibo/ontology/FBC/FunctionalEntities/FinancialServicesEntities/UnitInvestmentTrust	UnitInvestmentTrust	unit investment company | UIT	InvestmentCompany	class	FBC	investment company which (a) is organized under a trust indenture, contract of custodianship or agency, or similar instrument, (b) does not have a board of directors, and (c) issues only redeemable securities, each of which represents an undivided interest in a unit of specified securities; but does not include a voting trust	
https://spec.edmcouncil.org/fibo/ontology/FBC/FunctionalEntities/FinancialServicesEntities/WealthManagementService	WealthManagementService		FinancialService	class	FBC	financial service that combines financial and investment advice, accounting and tax services, retirement planning and legal or estate planning for one set fee	
https://spec.edmcouncil.org/fibo/ontology/FBC/FunctionalEntities/Markets/AlternativeTradingSystem	AlternativeTradingSystem	ATS	Exchange	class	FBC	trading venue that is more loosely regulated than a regulated exchange	https://www.iso20022.org/sites/default/files/2021-12/ISO10383_MIC_Release_2_0_Factsheet.pdf | The SEC formally defines an alternative trading system as any organization, association, person, group of persons, or systems (1) that constitutes, maintains, or provides a market place or facilities for bringing together purchasers and sellers of securities or for otherwise performing with respect to securities the functions commonly performed by a stock exchange within the meaning of Rule 3b-16 under the Exchange Act; and (2) that does not (i) set rules governing the conduct of subscribers other than the conduct of such subscribers' trading on such organization, association, person, group of persons, or system, or (ii) discipline subscribers other than by exclusion from trading.
https://spec.edmcouncil.org/fibo/ontology/FBC/FunctionalEntities/Markets/ApprovedPublicationArrangement	ApprovedPublicationArrangement	authorised publication arrangement | authorized publication arrangement | APA	DataReportingServicesProvider	class	FBC	data reporting services provider that is authorized to provide the service of publishing certain trade reports on behalf of banks, investment firms, or asset management companies	https://www.esma.europa.eu/press-news/esma-news/esma-identifies-data-reporting-services-providers-be-supervised-directly | https://www.iso20022.org/sites/default/files/2021-12/ISO10383_MIC_Release_2_0_Factsheet.pdf | https://www.lawinsider.com/dictionary/approved-publication-arrangement-apa
https://spec.edmcouncil.org/fibo/ontology/FBC/FunctionalEntities/Markets/ApprovedReportingMechanism	ApprovedReportingMechanism	ARM	DataReportingServicesProvider	class	FBC	data reporting services provider that is authorized to provide the service of reporting details of transactions to competent authorities or ESMA (the European Securities and Markets Authority) on behalf of investment firms	https://www.esma.europa.eu/press-news/esma-news/esma-identifies-data-reporting-services-providers-be-supervised-directly | https://www.iso20022.org/sites/default/files/2021-12/ISO10383_MIC_Release_2_0_Factsheet.pdf | https://www.lawinsider.com/dictionary/approved-reporting-mechanism
https://spec.edmcouncil.org/fibo/ontology/FBC/FunctionalEntities/Markets/AuctionMarket	AuctionMarket		Exchange	class	FBC	exchange in which buyers and sellers submit competitive bids that do not involve direct negotiations between parties, as part of an auction scheduled either on demand or on a periodic basis	
https://spec.edmcouncil.org/fibo/ontology/FBC/FunctionalEntities/Markets/ConsolidatedTapeProvider	ConsolidatedTapeProvider	CTP	DataReportingServicesProvider	class	FBC	data reporting services provider that is authorized to provide the service of collecting trade reports for financial instruments from regulated markets, MTFs, OTFs and APAs and consolidating them into a continuous electronic live data stream providing price and volume data per financial instrument	https://www.esma.europa.eu/press-news/esma-news/esma-identifies-data-reporting-services-providers-be-supervised-directly | https://www.iso20022.org/sites/default/files/2021-12/ISO10383_MIC_Release_2_0_Factsheet.pdf | https://www.lawinsider.com/dictionary/consolidated-tape-providers-hereinafter-referred-to-as-ctp | Consolidated tape is an electronic system that collates real-time exchange-listed data, such as price and volume, and disseminates it to investors. Through the consolidated tape, various major exchanges, including the New York Stock Exchange, the NASDAQ, and the Chicago Board Options Exchange, report trades and quotes.
https://spec.edmcouncil.org/fibo/ontology/FBC/FunctionalEntities/Markets/CryptoAssetServicesProvider	CryptoAssetServicesProvider	CASP	FinancialServiceProvider	class	FBC	financial services provider that provides services for crypto assets that enable the control of crypto assets, and participate in, or provide, financial services for issuers' offers, or sale, of crypto assets	https://www.iso20022.org/sites/default/files/2021-12/ISO10383_MIC_Release_2_0_Factsheet.pdf | https://www.lawinsider.com/dictionary/crypto-asset-service-provider-casp | Services related to crypto assets may include businesses that exchange crypto assets for fiat currencies, or vice versa, that conduct transactions that move crypto assets from one crypto asset address, or account, to another, and/or that provide facilities for the safekeeping, or administration, of crypto assets, or instruments.
https://spec.edmcouncil.org/fibo/ontology/FBC/FunctionalEntities/Markets/DarkPool	DarkPool		AlternativeTradingSystem	class	FBC	privately organized alternative trading system, that allows institutional investors the ability to trade without exposure until after the trade has been executed and reported	
https://spec.edmcouncil.org/fibo/ontology/FBC/FunctionalEntities/Markets/DataReportingServicesProvider	DataReportingServicesProvider	DRSP	MarketDataProvider	class	FBC	market data provider and reporting party that reports and/or publishes data on securities transactions, including required regulatory reporting for such transactions, and as such is subject to regulatory supervision	https://www.esma.europa.eu/press-news/esma-news/esma-identifies-data-reporting-services-providers-be-supervised-directly | https://www.esma.europa.eu/supervision/supervision/data-reporting-services-providers
https://spec.edmcouncil.org/fibo/ontology/FBC/FunctionalEntities/Markets/DesignatedContractMarket	DesignatedContractMarket	DCM	Exchange	class	FBC	exchange, trading system, or platform that enables listing for trading futures or option contracts based on any underlying commodity, index or instrument	http://www.cftc.gov/IndustryOversight/TradingOrganizations/DCMs/index.htm | https://www.iso20022.org/sites/default/files/2021-12/ISO10383_MIC_Release_2_0_Factsheet.pdf
https://spec.edmcouncil.org/fibo/ontology/FBC/FunctionalEntities/Markets/ElectronicCommunicationNetwork	ElectronicCommunicationNetwork	ECN	AlternativeTradingSystem	class	FBC	alternative trading system that automatically matches buy and sell orders for securities in the market	ECNs allow brokerages and investors in different geographic areas to trade without a third party involved, offering privacy for investors. They also allow after-hours trading, but trading may be subject to commissions and other fees.
https://spec.edmcouncil.org/fibo/ontology/FBC/FunctionalEntities/Markets/Exchange	Exchange	market		class	FBC	any organization, association, or group of persons, whether incorporated or unincorporated, which constitutes, maintains, or provides a facility for bringing together purchasers and sellers of financial instruments, commodities, or other products, services, or goods, and includes the market place and facilities maintained by such exchange	ISO 10383, Securities and related financial instruments - Codes for exchanges and market identification (MIC), Third edition, 2012-10-01, confirmed 2018-03-29 | Securities Exchange Act of 1934, as amended 12 August 2012 | An exchange is typically a corporation or mutual organization that provides securities trading services, where securities may be bought and sold by third parties. As a facility, an exchange is also a place of trade associated with a particular site, i.e., stock exchange, regulated market such as an Electronic Trading Platform (ECN), or unregulated market, such as an Automated Trading System (ATS), or market data provider. Stock exchanges also provide facilities for the issue and redemption of securities as well as other financial instruments and capital events including the payment of income and dividends. The securities traded on a stock exchange include: shares issued by companies, unit trusts, derivatives, pooled investment products and bonds. To be able to trade a security on a certain stock exchange, it has to be listed there. Usually there is a central location at least for recordkeeping, but trade is less and less linked to such a physical place, as modern markets are electronic networks, which gives them advantages of speed and cost of transactions. Trade on an exchange is by members only.
https://spec.edmcouncil.org/fibo/ontology/FBC/FunctionalEntities/Markets/ExchangeParticipant	ExchangeParticipant		RegisteredAgent	class	FBC	registered agent who, in accordance with the rules of an exchange, may trade on or through the exchange and whose name is entered in a list, register or roll kept by the exchange as an agent who may trade on or through the exchange	
https://spec.edmcouncil.org/fibo/ontology/FBC/FunctionalEntities/Markets/InterdealerQuotationSystem	InterdealerQuotationSystem	inter-dealer quotation system | IQS	Exchange	class	FBC	automated system for organizing and disseminating price quotes by brokers and dealer firms that facilitates electronic trading in securities	https://www.investopedia.com/terms/i/interdealerquotationsystem.asp | https://www.iso20022.org/sites/default/files/2021-12/ISO10383_MIC_Release_2_0_Factsheet.pdf | https://www.lawinsider.com/dictionary/inter-dealer-quotation-system | An IQS ties the price quotations of a number of exchanges together into one platform. This allows investors to more easily access security price quotations that would otherwise need to be monitored on several separate exchanges. | In the United States, an IQS is an automated interdealer quotation system of a national securities association registered pursuant to section 15A(a) of the Exchange Act (15 U.S.C. 78o-3(a)). | The National Association of Securities Dealers Automatic Quotation (Nasdaq), Nasdaq SmallCap Market, and the Over-The-Counter Bulletin Board (OTCBB) exchange platforms are integrated into one IQS. By using this integrated system, investors have access to a wide range of securities, ranging from large blue-chip companies to smaller micro-caps.
https://spec.edmcouncil.org/fibo/ontology/FBC/FunctionalEntities/Markets/MarketCategoryClassifier	MarketCategoryClassifier			class	FBC	classifier representing the controlled vocabulary that delineates the nature of the exchange or data reporting services provider where possible	https://www.iso20022.org/sites/default/files/2021-12/ISO10383_MIC_Release_2_0_Factsheet.pdf
https://spec.edmcouncil.org/fibo/ontology/FBC/FunctionalEntities/Markets/MarketIdentifier	MarketIdentifier	Market Identifier Code | MIC		class	FBC	identifier that specifies a universal method of identifying exchanges, trading platforms, regulated or non-regulated markets, and data reporting services providers as sources of prices and related information in order to facilitate automated processing	ISO 10383, Securities and related financial instruments - Codes for exchanges and market identification (MIC), Third edition, 2012-10-01 | https://www.iso20022.org/market-identifier-codes | https://www.iso20022.org/sites/default/files/2021-12/ISO10383_MIC_Release_2_0_Factsheet.pdf | It is intended for use in any application and communication for identification of places - where a financial instrument is listed (place of official listing), - where a related trade is executed (place of trade), and - where trade details are reported (trade reporting facility).
https://spec.edmcouncil.org/fibo/ontology/FBC/FunctionalEntities/Markets/MarketIdentifierCodeStatus	MarketIdentifierCodeStatus	market indicator code status	LifecycleStage	class	FBC	lifecycle stage indicating the status of the MIC code, as specified by the registration authority	https://www.iso20022.org/market-identifier-codes
https://spec.edmcouncil.org/fibo/ontology/FBC/FunctionalEntities/Markets/MarketLevelClassifier	MarketLevelClassifier			class	FBC	classifier that indicates whether the exchange or data reporting services provider is an operating level or market segment level facility	https://www.iso20022.org/sites/default/files/2021-12/ISO10383_MIC_Release_2_0_Factsheet.pdf
https://spec.edmcouncil.org/fibo/ontology/FBC/FunctionalEntities/Markets/MarketSegmentLevelMarket	MarketSegmentLevelMarket	market segment-level market	Exchange	class	FBC	section of an exchange/market/trade reporting facility that specialises in one or more specific instruments or that is regulated differently	ISO 10383, Securities and related financial instruments - Codes for exchanges and market identification (MIC), Third edition, 2012-10-01, confirmed 2018-03-29, clause 2.2 | https://www.iso20022.org/sites/default/files/2021-12/ISO10383_MIC_Release_2_0_Factsheet.pdf | A market segment MIC can only be registered if an operating/exchange MIC already exists. | It is not required to have a MIC registered for all segments of a market, only for those segments that need to be identified. | Dark pool
https://spec.edmcouncil.org/fibo/ontology/FBC/FunctionalEntities/Markets/MarketSegmentLevelMarketIdentifier	MarketSegmentLevelMarketIdentifier	market segment-level market identifier	MarketIdentifier	class	FBC	market identifier that identifies a section of an exchange/market/trade reporting facility that specialises in one or more specific instruments or that is regulated differently	ISO 10383, Securities and related financial instruments - Codes for exchanges and market identification (MIC), Third edition, 2012-10-01, confirmed 2018-03-29, clause 2.2 | https://www.iso20022.org/sites/default/files/2021-12/ISO10383_MIC_Release_2_0_Factsheet.pdf
https://spec.edmcouncil.org/fibo/ontology/FBC/FunctionalEntities/Markets/MultilateralTradingFacility	MultilateralTradingFacility	MTF	AlternativeTradingSystem	class	FBC	trading system that facilitates the exchange of financial instruments between multiple parties	http://www.investopedia.com/terms/m/multilateral_trading_facility.asp | https://www.iso20022.org/sites/default/files/2021-12/ISO10383_MIC_Release_2_0_Factsheet.pdf | Multilateral trading facilities allow eligible contract participants to gather and transfer a variety of securities, especially instruments that may not have an official market. These facilities are often electronic systems controlled by approved market operators or larger investment banks. Traders will usually submit orders electronically, where a matching software engine is used to pair buyers with sellers.
https://spec.edmcouncil.org/fibo/ontology/FBC/FunctionalEntities/Markets/OffMarketFacility	OffMarketFacility	off-market facility | off-book | off-facility	Exchange	class	FBC	facility used for reporting over-the-counter (OTC) and other direct trades that are not executed by the exchange but are reported through the exchange	
https://spec.edmcouncil.org/fibo/ontology/FBC/FunctionalEntities/Markets/OperatingLevelMarket	OperatingLevelMarket	operating-level market	Exchange	class	FBC	exchange/market/trade reporting facility in a specific market/country	ISO 10383, Securities and related financial instruments - Codes for exchanges and market identification (MIC), Third edition, 2012-10-01, confirmed 2018-03-29, clause 2.1 | https://www.iso20022.org/sites/default/files/2021-12/ISO10383_MIC_Release_2_0_Factsheet.pdf
https://spec.edmcouncil.org/fibo/ontology/FBC/FunctionalEntities/Markets/OperatingLevelMarketIdentifier	OperatingLevelMarketIdentifier	operating-level market identifier	MarketIdentifier	class	FBC	market identifier that identifies an exchange/market/trade reporting facility in a specific market/country	ISO 10383, Securities and related financial instruments - Codes for exchanges and market identification (MIC), Third edition, 2012-10-01, confirmed 2018-03-29, clause 2.1 | https://www.iso20022.org/sites/default/files/2021-12/ISO10383_MIC_Release_2_0_Factsheet.pdf
https://spec.edmcouncil.org/fibo/ontology/FBC/FunctionalEntities/Markets/OrganizedTradingFacility	OrganizedTradingFacility	organised trading facility | OTF	AlternativeTradingSystem	class	FBC	multi-lateral system which is not an RM or an MTF and in which multiple third-party buying and selling interests in bonds, structured finance products, emission allowances or derivatives are able to interact in the system in a way that results in a contract in accordance with the provisions of Title II of MiFID II	http://www.marketswiki.com/mwiki/Organized_Trading_Facility | https://www.iso20022.org/sites/default/files/2021-12/ISO10383_MIC_Release_2_0_Factsheet.pdf | OTFs were introduced by the European Commission as part of MiFID II and are focused on non-equities such as derivatives and cash bond markets. OTFs are intended to be similar in scope to a swap execution facility (SEF), a type of entity created by the Dodd-Frank Act in the U.S. The goal of SEFs and OTFs is to bring transparency and structure to OTC derivatives trading. | Unlike RMs and MTFs, operators of OTFs will have discretion as to how to execute orders, subject to pre-transparency and best execution obligations.
https://spec.edmcouncil.org/fibo/ontology/FBC/FunctionalEntities/Markets/QuoteDrivenMarket	QuoteDrivenMarket	quote-driven market | price-driven market	Exchange	class	FBC	exchange in which prices are determined from bid and ask quotations made by market makers, dealers, or specialists	In a quote-driven market, dealers fill orders from their own inventory or by matching them with other orders. Note that this differs from a typical market, which is order-driven rather than quote-driven.
https://spec.edmcouncil.org/fibo/ontology/FBC/FunctionalEntities/Markets/RecognizedMarketOperator	RecognizedMarketOperator	recognised market operator | RMO	Exchange	class	FBC	exchange that is operated or maintained by an operator registered under certain securities regulations that brings together purchasers and sellers of capital market products	https://www.igi-global.com/dictionary/regulating-fintech-businesses/77383 | https://www.iso20022.org/sites/default/files/2021-12/ISO10383_MIC_Release_2_0_Factsheet.pdf | https://www.lawinsider.com/dictionary/recognized-market | https://www.mas.gov.sg/regulation/capital-markets/approved-exchange-ae-or-recognised-market-operator-rmo-licence
https://spec.edmcouncil.org/fibo/ontology/FBC/FunctionalEntities/Markets/RegisteredMultilateralTradingFacility	RegisteredMultilateralTradingFacility		MultilateralTradingFacility	class	FBC	multilateral system operated by an investment firm or market operator, which brings together multiple third-party buying and selling interests in financial instruments in the system, in accordance with non-discretionary rules, in a way that results in a contract in accordance with the provisions of Title II of the MiFID II	
https://spec.edmcouncil.org/fibo/ontology/FBC/FunctionalEntities/Markets/RegulatedExchange	RegulatedExchange	regulated market | RM	Exchange	class	FBC	regulated market that is operated by and/or managed by a market operator that brings together or facilitates the bringing together of multiple third-party buying and selling interests in financial instruments	http://www.investopedia.com/terms/r/regulated-market.asp | https://www.iso20022.org/sites/default/files/2021-12/ISO10383_MIC_Release_2_0_Factsheet.pdf | In the financial community in the EU, such an exchange operates in accordance with its non-discretionary rules in a way that results in a contract, in respect of the financial instruments admitted to trading under its rules and/or systems, and which is authorised and functions regularly and in accordance with the provisions of Title III of MiFID II.
https://spec.edmcouncil.org/fibo/ontology/FBC/FunctionalEntities/Markets/SwapExecutionFacility	SwapExecutionFacility	SEF	Exchange	class	FBC	exchange that enables participants to execute and trade swaps	https://www.iso20022.org/sites/default/files/2021-12/ISO10383_MIC_Release_2_0_Factsheet.pdf | Swap execution facilities, including trading systems and other platforms, allow for greater transparency and represent a significant shift in the way derivative trading has been done. The Dodd-Frank Act lays the foundation for this change of derivative execution.
https://spec.edmcouncil.org/fibo/ontology/FBC/FunctionalEntities/Markets/SystematicInternaliser	SystematicInternaliser	systematic internalizer | SI	Exchange	class	FBC	investment firm that, on an organised, frequent, systematic and substantial basis, deals on its own account by executing client orders outside a regulated exchange, MTF or OTF without operating a multilateral system	https://www.emissions-euets.com/systematic-internaliser | https://www.iso20022.org/sites/default/files/2021-12/ISO10383_MIC_Release_2_0_Factsheet.pdf
https://spec.edmcouncil.org/fibo/ontology/FBC/FunctionalEntities/Markets/TradeReportingFacility	TradeReportingFacility	TRF		class	FBC	facility that provides a mechanism for the reporting of transactions effected otherwise than on an exchange	https://www.finra.org/filing-reporting/trade-reporting-facility-trf | https://www.iso20022.org/sites/default/files/2021-12/ISO10383_MIC_Release_2_0_Factsheet.pdf | In the United States, for example, trades by FINRA members in Nasdaq-listed and other exchange-listed securities, as approved by the Securities and Exchange Commission (SEC), executed otherwise than on an exchange may be reported to a FINRA TRF. While each FINRA TRF is affiliated with a registered national securities exchange, each FINRA TRF is a FINRA facility and is subject to FINRA's registration as a national securities association.
https://spec.edmcouncil.org/fibo/ontology/FBC/FunctionalEntities/NorthAmericanEntities/CAFinancialServicesEntities/CanadianCreditUnion	CanadianCreditUnion		CreditUnion	class	FBC	not-for-profit financial institution, typically formed by the employees of a company, labor union, or religious group, operated as a cooperative association organized for the purpose of promoting thrift among its members and creating a source of credit for provident or productive purposes	
https://spec.edmcouncil.org/fibo/ontology/FBC/FunctionalEntities/RegulatoryAgencies/Examiner	Examiner		ResponsibleParty	class	FBC	party empowered as an official representative by a regulatory agency to investigate and review specified documents for accuracy and truthfulness	Black's Law Dictionary, see http://thelawdictionary.org/examiner/ | EDM Council
https://spec.edmcouncil.org/fibo/ontology/FBC/FunctionalEntities/RegulatoryAgencies/GovernmentIssuedLicense	GovernmentIssuedLicense	government-issued license	License	class	FBC	grant of permission needed to legally perform some task, provide some service, exercise a certain privilege, or pursue some business or occupation	Barron's Dictionary of Business and Economics Terms, Fifth Edition, 2012
https://spec.edmcouncil.org/fibo/ontology/FBC/FunctionalEntities/RegulatoryAgencies/RegulationIdentificationScheme	RegulationIdentificationScheme		IdentificationScheme	class	FBC	a scheme for organizing information and allocating identifiers to regulations	
https://spec.edmcouncil.org/fibo/ontology/FBC/FunctionalEntities/RegulatoryAgencies/RegulationIdentifier	RegulationIdentifier			class	FBC	an identifier associated with a regulation	
https://spec.edmcouncil.org/fibo/ontology/FBC/FunctionalEntities/RegulatoryAgencies/RegulatoryCapacity	RegulatoryCapacity		LegalCapacity	class	FBC	the capacity of some natural person to regulate some industry, organization, or product by virtue of some certification program on behalf of some regulatory agency	
https://spec.edmcouncil.org/fibo/ontology/FBC/FunctionalEntities/RegulatoryAgencies/TaxAuthority	TaxAuthority		RegulatoryAgency	class	FBC	regulatory agency that has jurisdiction over the assessment, determination, collection, imposition and other aspects of any tax	https://www.collinsdictionary.com/dictionary/english/tax-authority | https://www.lawinsider.com/dictionary/tax-authority
https://spec.edmcouncil.org/fibo/ontology/FBC/ProductsAndServices/ClientsAndAccounts/Account	Account			class	FBC	container for records associated with a business arrangement for regular transactions and services	In general, an account is associated with a contractual relationship between a buyer and seller under which payment may be made at a later time. General ledger accounts are an exception to this, however, and typically do not have account holders, including internal account holders. They may, on the other hand, have responsible parties.
https://spec.edmcouncil.org/fibo/ontology/FBC/ProductsAndServices/ClientsAndAccounts/AccountAsAnAsset	AccountAsAnAsset		FinancialAsset	class	FBC	financial asset in the form of an account	
https://spec.edmcouncil.org/fibo/ontology/FBC/ProductsAndServices/ClientsAndAccounts/AccountHolder	AccountHolder		Owner	class	FBC	party that owns an account	An account holder is named on the account and is authorized to conduct transactions associated with the account. Authorization is typically evidenced by signatures maintained on file by the account provider. | Note that this concept of account holder applies to internal accounts that are non-general ledger accounts also have account holders, such as payroll accounts, internal checking accounts associated with cashier's checks, and so forth.
https://spec.edmcouncil.org/fibo/ontology/FBC/ProductsAndServices/ClientsAndAccounts/AccountIdentifier	AccountIdentifier	account number		class	FBC	identifier that denotes an account	ISO 13616-1:2007 Financial services - International bank account number (IBAN)
https://spec.edmcouncil.org/fibo/ontology/FBC/ProductsAndServices/ClientsAndAccounts/AccountOwnership	AccountOwnership		Ownership	class	FBC	holding of an account	
https://spec.edmcouncil.org/fibo/ontology/FBC/ProductsAndServices/ClientsAndAccounts/AccountProvider	AccountProvider		ServiceProvider	class	FBC	party that provides and services an account	
https://spec.edmcouncil.org/fibo/ontology/FBC/ProductsAndServices/ClientsAndAccounts/AccountSpecificServiceAgreement	AccountSpecificServiceAgreement	account-specific service agreement	ServiceAgreement	class	FBC	service-agreement that is account-specific, applicable in cases where a client might hold multiple accounts with differing terms and conditions	Customers of financial service providers frequently hold multiple accounts - brokerage accounts, checking and savings accounts, trust accounts, and so forth - which may have specific terms and conditions associated with them.
https://spec.edmcouncil.org/fibo/ontology/FBC/ProductsAndServices/ClientsAndAccounts/AccountStatement	AccountStatement			class	FBC	periodic summary of account activity for a given period of time	Common kinds of account statements include checking account statements, usually provided monthly, and brokerage account statements, which are provided monthly or quarterly, depending on the terms of the account agreement. Monthly credit card bills are also considered account statements.
https://spec.edmcouncil.org/fibo/ontology/FBC/ProductsAndServices/ClientsAndAccounts/AccountingTransaction	AccountingTransaction		TransactionEvent	class	FBC	event recognized by an entry in the records of an account	
https://spec.edmcouncil.org/fibo/ontology/FBC/ProductsAndServices/ClientsAndAccounts/Balance	Balance		MonetaryAmount	class	FBC	amount of money available or owed	The balance is the net amount after factoring in all debits and credits, including service charges and fees.
https://spec.edmcouncil.org/fibo/ontology/FBC/ProductsAndServices/ClientsAndAccounts/BankAccountIdentifier	BankAccountIdentifier	bank account number	AccountIdentifier	class	FBC	identifier that identifies a demand deposit account provided by a bank	ISO 13616-1:2007 Financial services - International bank account number (IBAN)
https://spec.edmcouncil.org/fibo/ontology/FBC/ProductsAndServices/ClientsAndAccounts/BankIdentifier	BankIdentifier	bank number	FinancialServiceProviderIdentifier	class	FBC	identifier that uniquely identifies the financial institution and, when appropriate, the branch of that financial institution servicing an account	ISO 13616-1:2007 Financial services - International bank account number (IBAN)
https://spec.edmcouncil.org/fibo/ontology/FBC/ProductsAndServices/ClientsAndAccounts/BasicBankAccountIdentifier	BasicBankAccountIdentifier	basic bank account number | BBAN	BankAccountIdentifier	class	FBC	identifier that uniquely identifies an individual account at a specific financial institution in a particular country and which includes a bank identifier of the financial institution servicing that account	ISO 13616-1:2007 Financial services - International bank account number (IBAN)
https://spec.edmcouncil.org/fibo/ontology/FBC/ProductsAndServices/ClientsAndAccounts/BrokerageAccount	BrokerageAccount		InvestmentAccount	class	FBC	account offered by a broker that allows the investor to deposit funds and place investment orders	The investor owns the assets contained in the brokerage account and must usually claim as income any capital gains incurred.
https://spec.edmcouncil.org/fibo/ontology/FBC/ProductsAndServices/ClientsAndAccounts/CertificateOfDeposit	CertificateOfDeposit	CD	CashInstrument	class	FBC	cash instrument associated with a time deposit account that cannot be withdrawn for a certain period of time (term)	When the term is over it can be withdrawn or it can be held for another term. The longer the term the better the yield on the money.
https://spec.edmcouncil.org/fibo/ontology/FBC/ProductsAndServices/ClientsAndAccounts/ChartOfAccounts	ChartOfAccounts		FinancialRecord	class	FBC	structured system of financial account codes used to classify, record, and organize an entity's financial transactions in accordance with applicable legal, regulatory, and reporting requirements	
https://spec.edmcouncil.org/fibo/ontology/FBC/ProductsAndServices/ClientsAndAccounts/CloseDate	CloseDate			class	FBC	date on which something was closed	account close date, transaction record close date, and so forth
https://spec.edmcouncil.org/fibo/ontology/FBC/ProductsAndServices/ClientsAndAccounts/CommercialLendingService	CommercialLendingService		FinancialService	class	FBC	service involving the extension of credit to support business activities	Examples include operating lines of credit and term loans for property, plant and equipment (PP&E).
https://spec.edmcouncil.org/fibo/ontology/FBC/ProductsAndServices/ClientsAndAccounts/CustomerAccount	CustomerAccount	financial service account	Account	class	FBC	account that represents an identified, named collection of balances and cumulative totals used to summarize customer transaction-related activity over a designated period of time	
https://spec.edmcouncil.org/fibo/ontology/FBC/ProductsAndServices/ClientsAndAccounts/CustomerAccountHolder	CustomerAccountHolder		AccountHolder	class	FBC	party that owns a customer account	
https://spec.edmcouncil.org/fibo/ontology/FBC/ProductsAndServices/ClientsAndAccounts/DemandDepositAccount	DemandDepositAccount	DDA	TransactionDepositAccount	class	FBC	non-interest-bearing deposit account in which deposits are payable immediately on demand, or that are issued with an original maturity or required notice period of less than seven days, or that represent funds for which the depository institution does not reserve the right to require at least seven days' written notice of an intended withdrawal	Demand deposits include any matured time deposits without automatic renewal provisions, unless the deposit agreement provides for the funds to be transferred at maturity to another type of account. Demand deposits do not include: (i) money market deposit accounts (MMDAs) or (ii) NOW accounts.
https://spec.edmcouncil.org/fibo/ontology/FBC/ProductsAndServices/ClientsAndAccounts/DepositAccount	DepositAccount		BankingProduct	class	FBC	account that provides a record of money placed with a depository institution for safekeeping and management	The account holder has the right to withdraw deposited funds, as set forth in the terms and conditions governing the account agreement. Deposit accounts may be insured up to a certain amount, depending on the jurisdiction. | Deposit accounts include savings accounts, money market accounts, and transactional accounts, such as demand deposit accounts, among others.
https://spec.edmcouncil.org/fibo/ontology/FBC/ProductsAndServices/ClientsAndAccounts/Fee	Fee		MonetaryAmount	class	FBC	charge for services performed	
https://spec.edmcouncil.org/fibo/ontology/FBC/ProductsAndServices/ClientsAndAccounts/GeneralLedger	GeneralLedger		FinancialRecord	class	FBC	organized collection of ledger accounts used to record and summarize changes in position as transactions are posted during an accounting period	
https://spec.edmcouncil.org/fibo/ontology/FBC/ProductsAndServices/ClientsAndAccounts/IndividualTransaction	IndividualTransaction		DatedCollectionConstituent	class	FBC	event that has a monetary impact and is documented in the records associated with an account	
https://spec.edmcouncil.org/fibo/ontology/FBC/ProductsAndServices/ClientsAndAccounts/InternationalBankAccountIdentifier	InternationalBankAccountIdentifier	international bank account number | IBAN	BankAccountIdentifier	class	FBC	identifier for a bank account that is an expanded version of the basic bank account number (BBAN), intended for use internationally	ISO 13616-1:2007 Financial services - International bank account number (IBAN) | Note that international bank account numbers are formatted uniquely by country. A description of the country-specific formats is available from SWIFT (https://www.swift.com/), which is the ISO registrar for ISO 13616. | The IBAN structure is defined in ISO 13616-1 and consists of a two-letter ISO 3166-1 country code, followed by two check digits and up to thirty alphanumeric characters for a BBAN (Basic Bank Account Number) which has a fixed length per country and, included within it, a bank identifier with a fixed position and a fixed length per country. The check digits are calculated based on the scheme defined in ISO/IEC 7064 (MOD97-10). | For an account in Switzerland, suppose that an example domestic account number is 762 1162-3852.957. Suppose further that the bank identifier portion of that domestic account number is 762, or normalized for the BBAN is '00762'. For that example, the corresponding BBAN is '00762011623852957' and IBAN is 'CH9300762011623852957'.
https://spec.edmcouncil.org/fibo/ontology/FBC/ProductsAndServices/ClientsAndAccounts/InvestmentAccount	InvestmentAccount		InvestmentOrDepositAccount	class	FBC	account that provides a record of deposits of funds and/or securities held at a financial institution	The typical objectives of an investment account are to achieve long term growth, income or capital preservation from the deposited asset portfolio. Investment accounts are typically not insured.
https://spec.edmcouncil.org/fibo/ontology/FBC/ProductsAndServices/ClientsAndAccounts/InvestmentOrDepositAccount	InvestmentOrDepositAccount		Account	class	FBC	account associated with a product or service that requires the account holder to provide funds for management by the account provider	The account holder may or may not be entitled to consideration in exchange for providing such funds, for example, interest, depending on the type of account and the terms and conditions associated with it. Also, there may be fees associated with management services provided by the account provider. Note too that this may be an internal account held on behalf of an institution or a customer account.
https://spec.edmcouncil.org/fibo/ontology/FBC/ProductsAndServices/ClientsAndAccounts/LedgerAccount	LedgerAccount		Account	class	FBC	individual record for one element or sub-element in a ledger that records and summarizes increases, decreases, and balances associated with that specific element	Ledger accounts are internal to a legal entity's accounting system(s).
https://spec.edmcouncil.org/fibo/ontology/FBC/ProductsAndServices/ClientsAndAccounts/LedgerAccountClassifier	LedgerAccountClassifier			class	FBC	classifier used to organize an entity's financial accounts in accordance with applicable legal, regulatory, and reporting requirements	
https://spec.edmcouncil.org/fibo/ontology/FBC/ProductsAndServices/ClientsAndAccounts/LendingOfficer	LendingOfficer		CorporateOfficer	class	FBC	corporate officer that has overarching responsibility for the relationship with a specific borrower or account	
https://spec.edmcouncil.org/fibo/ontology/FBC/ProductsAndServices/ClientsAndAccounts/LoanOrCreditAccount	LoanOrCreditAccount		Account	class	FBC	account associated with a service in which the account holder receives funds from the account provider under certain terms and conditions for repayment	Note that this may be an internal account held on behalf of an institution or a customer account, such as a line of credit account associated with an internal line of business.
https://spec.edmcouncil.org/fibo/ontology/FBC/ProductsAndServices/ClientsAndAccounts/NonTransactionDepositAccount	NonTransactionDepositAccount	non-transaction deposit account	DepositAccount	class	FBC	any deposit account that is not explicitly considered a transaction account	Non-transaction accounts include: (a) savings deposits ((i) money market deposit accounts (MMDAs) and (ii) other savings deposits) and (b) time deposits ((i) time certificates of deposit and (ii) time deposits, open account).
https://spec.edmcouncil.org/fibo/ontology/FBC/ProductsAndServices/ClientsAndAccounts/OpenDate	OpenDate			class	FBC	date on which something was created	
https://spec.edmcouncil.org/fibo/ontology/FBC/ProductsAndServices/ClientsAndAccounts/PaymentDueDate	PaymentDueDate			class	FBC	date by which payment of the current outstanding balance, part thereof, or a minimum amount due must be made to the creditor	
https://spec.edmcouncil.org/fibo/ontology/FBC/ProductsAndServices/ClientsAndAccounts/PostingDate	PostingDate			class	FBC	date that determines in which posting period a document or journal entry is added to an account record	
https://spec.edmcouncil.org/fibo/ontology/FBC/ProductsAndServices/ClientsAndAccounts/RelationshipManager	RelationshipManager	account manager	ResponsibleParty	class	FBC	responsible party who manages a client's account and oversees their relationship with the service provider	
https://spec.edmcouncil.org/fibo/ontology/FBC/ProductsAndServices/ClientsAndAccounts/TimeCertificateOfDepositAccount	TimeCertificateOfDepositAccount	CDA	TimeDepositAccount	class	FBC	time deposit account that allows deposits evidenced by a negotiable or nonnegotiable instrument, or a deposit in book entry form evidenced by a receipt or similar acknowledgement issued by the bank, that provides, on its face, that the amount of such deposit is payable to the bearer, to any specified person, or to the order of a specified person, as follows: (1) on a certain date not less than seven days after the date of deposit, (2) at the expiration of a specified period not less than seven days after the date of the deposit, or (3) upon written notice to the bank which is to be given not less than seven days before the date of withdrawal.	
https://spec.edmcouncil.org/fibo/ontology/FBC/ProductsAndServices/ClientsAndAccounts/TimeDepositAccount	TimeDepositAccount		NonTransactionDepositAccount	class	FBC	deposit account that the depositor does not have a right, and is not permitted, to make withdrawals from within six days after the date of deposit unless the deposit is subject to an early withdrawal penalty of at least seven days' simple interest on amounts withdrawn within the first six days after deposit	A time deposit from which partial early withdrawals are permitted must impose additional early withdrawal penalties of at least seven days' simple interest on amounts withdrawn within six days after each partial withdrawal. If such additional early withdrawal penalties are not imposed, the account ceases to be a time deposit. The account may become a savings deposit if it meets the requirements for a savings deposit; otherwise it becomes a demand deposit.
https://spec.edmcouncil.org/fibo/ontology/FBC/ProductsAndServices/ClientsAndAccounts/TimeDepositOpenAccount	TimeDepositOpenAccount		TimeDepositAccount	class	FBC	time deposit account that allows deposits (other than time certificates of deposit) for which there is in force a written contract with the depositor that neither the whole nor any part of such deposit may be withdrawn prior to (1) the date of maturity, which shall be not less than seven days after the date of the deposit, or (2) the expiration of a specified period of written notice of not less than seven days	
https://spec.edmcouncil.org/fibo/ontology/FBC/ProductsAndServices/ClientsAndAccounts/TransactionCategory	TransactionCategory			class	FBC	high-level classifier for an individual transaction	credit, debit, fee
https://spec.edmcouncil.org/fibo/ontology/FBC/ProductsAndServices/ClientsAndAccounts/TransactionDate	TransactionDate			class	FBC	date on which a specific transaction was initiated	
https://spec.edmcouncil.org/fibo/ontology/FBC/ProductsAndServices/ClientsAndAccounts/TransactionDepositAccount	TransactionDepositAccount		DepositAccount	class	FBC	deposit account from which the depositor / account holder is permitted to make transfers or withdrawals by negotiable / transferable instruments, payment orders of withdrawal, telephone transfers, and so forth, and that may be accessible via an electronic device such as an automated teller machine (ATM), remote service unit (RSU), mobile device, and by debit card	Excluded from transaction accounts are savings deposits (both money market deposit accounts (MMDAs) and other savings deposits), even though such deposits permit some third-party transfers. However, an account that otherwise meets the definition of a savings deposit but that authorizes or permits the depositor to exceed the transfer limitations specified for that account shall be reported as a transaction account.
https://spec.edmcouncil.org/fibo/ontology/FBC/ProductsAndServices/ClientsAndAccounts/TransactionIdentifier	TransactionIdentifier			class	FBC	identifier for an individual transaction associated with an account	
https://spec.edmcouncil.org/fibo/ontology/FBC/ProductsAndServices/ClientsAndAccounts/TransactionRecord	TransactionRecord		DatedStructuredCollection	class	FBC	record of transactions associated with an account	
https://spec.edmcouncil.org/fibo/ontology/FBC/ProductsAndServices/ClientsAndAccounts/TransactionRecordIdentifier	TransactionRecordIdentifier			class	FBC	unique identifier for record of transactions	
https://spec.edmcouncil.org/fibo/ontology/FBC/ProductsAndServices/ClientsAndAccounts/TransactionSubcategory	TransactionSubcategory			class	FBC	second-level classifier for a transaction, e.g., direct deposit, check, cash advance, withdrawal, payment, purchase, and so forth	
https://spec.edmcouncil.org/fibo/ontology/FBC/ProductsAndServices/FinancialProductsAndServices/AgencyAgreement	AgencyAgreement		WrittenContract	class	FBC	agreement that designates a party as a registered agent to represent and act on behalf of another party in some, typically legal, financial, or medical capacity	
https://spec.edmcouncil.org/fibo/ontology/FBC/ProductsAndServices/FinancialProductsAndServices/AgentForServiceOfProcess	AgentForServiceOfProcess		RegisteredAgent	class	FBC	registered agent (person or organization) designated by a business entity, such as a corporation, to receive legal correspondence on behalf of the business entity in the jurisdiction in which the agent's address is located	The person may be an officer of the corporation or a third party, such as the corporation's attorney, or a company providing such agency services.
https://spec.edmcouncil.org/fibo/ontology/FBC/ProductsAndServices/FinancialProductsAndServices/Basket	Basket			class	FBC	collection of goods, services, or other things (e.g., financial contracts) that can be purchased and sold in some marketplace	A basket may be associated with a specific market sector, and may be delineated for the purposes of statistical analysis, such as for calculating CPI. According to the US Bureau of Labor Statistics (BLS), with respect to the CPI, a market basket is a package of goods and services that consumers purchase for day-to-day living. The weight of each item is based on the amount of expenditure reported by a sample of households. | From a securities perspective, a basket is a collection of products or securities that are designated to mimic the performance of a market. For investors, the market basket is the principal idea behind index funds, which are essentially a broad sample of stocks, bonds or other securities in the market; this provides investors with a benchmark against which to compare their investment returns.
https://spec.edmcouncil.org/fibo/ontology/FBC/ProductsAndServices/FinancialProductsAndServices/BasketConstituent	BasketConstituent			class	FBC	component of a basket	
https://spec.edmcouncil.org/fibo/ontology/FBC/ProductsAndServices/FinancialProductsAndServices/Broker	Broker		ContractThirdParty	class	FBC	any party that acts as an intermediary between a buyer and a seller, usually charging a commission	17 CFR 45.1, Definitions - see the definition of agent | A broker that specializes in stocks, bonds, commodities, or certain derivatives must be registered with the exchange in which the securities are traded.
https://spec.edmcouncil.org/fibo/ontology/FBC/ProductsAndServices/FinancialProductsAndServices/BrokerDealer	BrokerDealer	broker-dealer	FunctionalEntity	class	FBC	any party in the business of buying and selling securities, operating as both a broker and a dealer, depending on the transaction	Office of Financial Research (OFR) Annual Report, 2012, Glossary
https://spec.edmcouncil.org/fibo/ontology/FBC/ProductsAndServices/FinancialProductsAndServices/Catalog	Catalog		Publication	class	FBC	publication including a list of products available for sale with their descriptions and possibly prices	
https://spec.edmcouncil.org/fibo/ontology/FBC/ProductsAndServices/FinancialProductsAndServices/ContractLifecycle	ContractLifecycle		Lifecycle	class	FBC	lifecycle of an agreement, including, but not limited to a credit agreement, financial instrument, or other formal contract, from initial stages through retirement	Certain business agreements, such as partnership agreements,may involve planning, drafting/review/revision, execution and management, renewal, and possibly sunsetting phases. Financial contracts, such as loans and other instruments have specific stages and events during the execution and management phase, i.e. from the effective date of the contract through maturity and redemption.
https://spec.edmcouncil.org/fibo/ontology/FBC/ProductsAndServices/FinancialProductsAndServices/ContractLifecycleEvent	ContractLifecycleEvent		LifecycleEvent	class	FBC	kind of event that occurs during one or more stages of the lifecycle of an agreement	a call notification or coupon payment as a part of a bond lifecycle
https://spec.edmcouncil.org/fibo/ontology/FBC/ProductsAndServices/FinancialProductsAndServices/ContractLifecycleEventOccurrence	ContractLifecycleEventOccurrence		LifecycleEventOccurrence	class	FBC	actual occurrence of an event during a specific stage of a specific contract lifecycle	
https://spec.edmcouncil.org/fibo/ontology/FBC/ProductsAndServices/FinancialProductsAndServices/ContractLifecycleOccurrence	ContractLifecycleOccurrence		LifecycleOccurrence	class	FBC	realization of the lifecycle of a specific contract	
https://spec.edmcouncil.org/fibo/ontology/FBC/ProductsAndServices/FinancialProductsAndServices/ContractLifecycleStage	ContractLifecycleStage		LifecycleStage	class	FBC	phase in the lifecycle of an agreement	
https://spec.edmcouncil.org/fibo/ontology/FBC/ProductsAndServices/FinancialProductsAndServices/ContractLifecycleStageOccurrence	ContractLifecycleStageOccurrence		LifecycleStageOccurrence	class	FBC	realization, from start to finish of a phase in an occurrence of a specific contract lifecycle	
https://spec.edmcouncil.org/fibo/ontology/FBC/ProductsAndServices/FinancialProductsAndServices/Dealer	Dealer		ServiceProvider	class	FBC	any party that purchases goods or services for resale and acts on their own behalf in a transaction	A dealer is a counterparty or principal in the transaction with the customer.
https://spec.edmcouncil.org/fibo/ontology/FBC/ProductsAndServices/FinancialProductsAndServices/Exposure	Exposure			class	FBC	means by which an individual or organization is unprotected and open to damage, danger, risk of suffering a loss, or uncertainty	Examples include financial exposure, credit exposure, legal exposure, credit rating exposure, reputational exposure, and so forth.
https://spec.edmcouncil.org/fibo/ontology/FBC/ProductsAndServices/FinancialProductsAndServices/ExposureBearer	ExposureBearer	exposed party | risk bearer | risk-bearing party		class	FBC	party subject to influence or risk arising from a specific contract, instrument, or arrangement	Note that the name given to the party at risk is dependent on the jurisdiction and nature of the risk. Different regulations use differing terminology for this party, and exposure bearer is considered more general that some synonyms.
https://spec.edmcouncil.org/fibo/ontology/FBC/ProductsAndServices/FinancialProductsAndServices/ExposureSituation	ExposureSituation			class	FBC	state of affairs in which some party is subject to influence or risk arising from a specific contract, instrument, or arrangement	
https://spec.edmcouncil.org/fibo/ontology/FBC/ProductsAndServices/FinancialProductsAndServices/FinancialExposure	FinancialExposure		Exposure	class	FBC	the extent to which an individual or organization is open to risk of suffering a loss in a transaction, or with respect to some investment or set of investments, e.g., some holding; the amount one stands to lose in that transaction or investment	Financial exposure may be related to a holding, involving ownership, or may involve rights or obligations related to borrowing or derivatives. | Examples in banking include the total amount of unsecured loans, the amount of loans advanced to a single borrower, group, industry, or country, and the probability of loss from devaluation, revaluation, or foreign exchange fluctuations.
https://spec.edmcouncil.org/fibo/ontology/FBC/ProductsAndServices/FinancialProductsAndServices/FinancialIntermediationService	FinancialIntermediationService		FinancialService	class	FBC	any financial service in which a third party (the intermediary) matches lenders and investors with entrepreneurs and other borrowers in need of capital	Often investors and borrowers do not have precisely matching needs, and the intermediary's capital is put at risk to transform the credit risk and maturity of the liabilities to meet the needs of investors.
https://spec.edmcouncil.org/fibo/ontology/FBC/ProductsAndServices/FinancialProductsAndServices/FinancialProduct	FinancialProduct		Product	class	FBC	product provided to consumers and businesses by financial institutions such as banks, insurance companies, brokerage firms, consumer finance companies, and investment companies	
https://spec.edmcouncil.org/fibo/ontology/FBC/ProductsAndServices/FinancialProductsAndServices/FinancialProductCatalog	FinancialProductCatalog		Catalog	class	FBC	catalog of financial products and/or services available for sale with their description and other product details	Nordea Bank
https://spec.edmcouncil.org/fibo/ontology/FBC/ProductsAndServices/FinancialProductsAndServices/FinancialService	FinancialService		Service	class	FBC	service provided to consumers and businesses by financial institutions such as banks, insurance companies, brokerage firms, consumer finance companies, and investment companies	
https://spec.edmcouncil.org/fibo/ontology/FBC/ProductsAndServices/FinancialProductsAndServices/FinancialServiceProvider	FinancialServiceProvider		FunctionalBusinessEntity	class	FBC	functional entity either licensed to provide financial services to consumers and/or businesses or established by law to provide financial services, such as a central bank	
https://spec.edmcouncil.org/fibo/ontology/FBC/ProductsAndServices/FinancialProductsAndServices/Holding	Holding			class	FBC		
https://spec.edmcouncil.org/fibo/ontology/FBC/ProductsAndServices/FinancialProductsAndServices/LegalAgent	LegalAgent			class	FBC	any party that has been legally empowered to act on behalf of another party	17 CFR 45.1, Definitions - see the definition of agent
https://spec.edmcouncil.org/fibo/ontology/FBC/ProductsAndServices/FinancialProductsAndServices/LicensedAgent	LicensedAgent		LegalAgent	class	FBC	any individual who is licensed to perform a legally binding function, and who has been legally empowered to act on behalf of another party	17 CFR 45.1, Definitions - see the definition of agent | Insurance agents, realtors, financial advisors, certain attorneys, and brokers are examples of legal agents.
https://spec.edmcouncil.org/fibo/ontology/FBC/ProductsAndServices/FinancialProductsAndServices/Offeree	Offeree			class	FBC	party that receives an offer from something from someone (i.e., an offerer) based on the terms of the offering	
https://spec.edmcouncil.org/fibo/ontology/FBC/ProductsAndServices/FinancialProductsAndServices/Offering	Offering			class	FBC	expression of interest in providing something to someone that is contingent upon acceptance, forbearance, or some other consideration, as might be desired by an offeree(s)	The making of an offer is the first of three steps in the traditional process of forming a valid contract: an offer, an acceptance of the offer, and an exchange of consideration. (Consideration is the act of doing something or promising to do something that a person is not legally required to do, or the forbearance or the promise to forbear from doing something that he or she has the legal right to do.)
https://spec.edmcouncil.org/fibo/ontology/FBC/ProductsAndServices/FinancialProductsAndServices/Offeror	Offeror			class	FBC	party that proposes to make something available to someone (i.e., an offeree) based on the terms of the offering	
https://spec.edmcouncil.org/fibo/ontology/FBC/ProductsAndServices/FinancialProductsAndServices/Position	Position		FinancialExposure	class	FBC	financial exposure resulting from owning, borrowing, shorting, or entering into a contract (e.g., derivatives)	A position can be long or short, and it can be in any asset class, such as stocks, bonds, futures, or options. A position can be open (current) or closed (past), but in general use, unless a position is specifically referred to as closed, the assumption is that it references an open position. | Regulators use 'position' when speaking about exposure with respect to - CFTC futures/options positions - Basel risk-weighted exposures - Short-selling regulations (net short position) - Derivatives reporting (swap positions) A position may exist without a holding (e.g., short sale, swap exposure). A holding always implies a long position, but a position does not always imply a holding.
https://spec.edmcouncil.org/fibo/ontology/FBC/ProductsAndServices/FinancialProductsAndServices/ProductLifecycle	ProductLifecycle		Lifecycle	class	FBC	lifecycle specific to a product or product family	The product life cycle describes the period of time over which an item is developed, brought to market and eventually removed from the market. The cycle is broken into four stages: introduction, growth, maturity and decline. The idea of the product life cycle is used in marketing to decide when it is appropriate to advertise, reduce prices, explore new markets or create new packaging.
https://spec.edmcouncil.org/fibo/ontology/FBC/ProductsAndServices/FinancialProductsAndServices/ProductLifecycleEvent	ProductLifecycleEvent		LifecycleEvent	class	FBC	kind of event that occurs during one or more stages of a product lifecycle	
https://spec.edmcouncil.org/fibo/ontology/FBC/ProductsAndServices/FinancialProductsAndServices/ProductLifecycleEventOccurrence	ProductLifecycleEventOccurrence		LifecycleEventOccurrence	class	FBC	actual occurrence of an event that happens during a specific stage of a specific product lifecycle	
https://spec.edmcouncil.org/fibo/ontology/FBC/ProductsAndServices/FinancialProductsAndServices/ProductLifecycleOccurrence	ProductLifecycleOccurrence		LifecycleOccurrence	class	FBC	realization of the lifecycle of a specific product	
https://spec.edmcouncil.org/fibo/ontology/FBC/ProductsAndServices/FinancialProductsAndServices/ProductLifecycleStage	ProductLifecycleStage		LifecycleStage	class	FBC	phase in a product lifecycle	research and development phase of a product lifecycle or the introduction phase in a marketing lifecycle, growth stage in an economic lifecycle for a product
https://spec.edmcouncil.org/fibo/ontology/FBC/ProductsAndServices/FinancialProductsAndServices/ProductLifecycleStageOccurrence	ProductLifecycleStageOccurrence		LifecycleStageOccurrence	class	FBC	realization of a specific stage in the lifecycle of a given product	
https://spec.edmcouncil.org/fibo/ontology/FBC/ProductsAndServices/FinancialProductsAndServices/RegisteredAgent	RegisteredAgent	resident agent | statutory agent	LegalAgent	class	FBC	legal agent designated by some party to represent them and act on their behalf under a formal agency agreement	Agency capacity, as specified in an agency agreement, may include power of attorney, the ability to act as an agent in certain kinds of transactions such as real estate, tax, audit or other financial or legal transactions, as a fiduciary, including as a trustee or legal guardian, for service of process, and so forth.
https://spec.edmcouncil.org/fibo/ontology/FBC/ProductsAndServices/FinancialProductsAndServices/RegulatedCommodity	RegulatedCommodity		Commodity	class	FBC	commodity under the jurisdiction of the regulatory agency, such as the Commodities Futures Trading Commission (CFTF) in the United States, which includes any commodity traded in an organized contracts market	The CFTC polices matters of information and disclosure, fair trading practices, registration of firms and individuals, protection of customer funds, record keeping, and maintenance of orderly options and futures markets in the United States.
https://spec.edmcouncil.org/fibo/ontology/FBC/ProductsAndServices/FinancialProductsAndServices/SettlementTerms	SettlementTerms		ContractualCommitment	class	FBC	contract terms that define the commitment to and mechanism for settling one or more sides of a transaction	In general, settlement involves arrangement of disposition of property, typically for legal reasons. With respect to financial transactions, it involves completion of a trade, either between brokers or agents, or between a broker and client. This may include settlement in cash, either for the entire transaction or for the cash leg of a transaction, either now or at some specified time in the future.
https://spec.edmcouncil.org/fibo/ontology/FBC/ProductsAndServices/FinancialProductsAndServices/ThirdPartyAgent	ThirdPartyAgent	third-party agent	LegalAgent	class	FBC	any service provider that is licensed to perform a legally binding function and has been legally empowered to act on behalf of another party	17 CFR 45.1, Definitions - see the definition of agent
https://spec.edmcouncil.org/fibo/ontology/FBC/ProductsAndServices/FinancialProductsAndServices/Trade	Trade			class	FBC	situation that realizes an agreement between parties participating in a voluntary action of buying and selling goods and services	Deutsche Bank Presentation on the Lifecycle of a Trade, available at http://www.slideshare.net/ahaline/23512555-tradelifecycle | The advent of money as a medium of exchange has allowed trade to be conducted in a manner that is much simpler and effective compared to earlier forms of trade, such as bartering. In financial markets, trading also can mean performing a transaction that involves the selling and purchasing of a security. | The seller must deliver the commodity sold to the buyer; the buyer must pay the agreed purchase price, which could be in the form of other goods or services, on the agreed date. | Trading activities typically include (a) regularly underwriting or dealing in securities; interest rate, foreign exchange rate, commodity, equity, and credit derivative contracts; other financial instruments; and other assets for resale, (b) acquiring or taking positions in such items principally for the purpose of selling in the near term or otherwise with the intent to resell in order to profit from short-term price movements, and (c) acquiring or taking positions in such items as an accommodation to customers or for other trading purposes. (Source: Instructions for Preparation of Consolidated Reports of Condition and Income (FFIEC 031 and 041), Schedule RC-D - Trading Assets and Liabilities, 2013.
https://spec.edmcouncil.org/fibo/ontology/FBC/ProductsAndServices/FinancialProductsAndServices/TradeIdentifier	TradeIdentifier			class	FBC	sequence of characters identifying a trade within some context	Note that a given trade may consist of multiple transactions, and thus there may be multiple identifiers for such transactions associated with a specific trade.
https://spec.edmcouncil.org/fibo/ontology/FBC/ProductsAndServices/FinancialProductsAndServices/TradeLifecycle	TradeLifecycle		Lifecycle	class	FBC	lifecycle that defines the evolution of a trade, from initiation through settlement	The trade life cycle covers the period of time over which a trade is initiated, typically as a part of a broader deal, is consumated, processed and executed, is settled or closed for other reasons, and is reported. Parts of a trade lifecycle may include or overlap with the lifecycle of one or more contracts.
https://spec.edmcouncil.org/fibo/ontology/FBC/ProductsAndServices/FinancialProductsAndServices/TradeLifecycleEvent	TradeLifecycleEvent		LifecycleEvent	class	FBC	kind of event that occurs during one or more stages of the lifecycle of a trade	
https://spec.edmcouncil.org/fibo/ontology/FBC/ProductsAndServices/FinancialProductsAndServices/TradeLifecycleEventOccurrence	TradeLifecycleEventOccurrence		LifecycleEventOccurrence	class	FBC	realization of an event that happens during a specific stage of a specific trade lifecycle	
https://spec.edmcouncil.org/fibo/ontology/FBC/ProductsAndServices/FinancialProductsAndServices/TradeLifecycleOccurrence	TradeLifecycleOccurrence		LifecycleOccurrence	class	FBC	realization of the lifecycle for a specific trade	
https://spec.edmcouncil.org/fibo/ontology/FBC/ProductsAndServices/FinancialProductsAndServices/TradeLifecycleStage	TradeLifecycleStage		LifecycleStage	class	FBC	phase in the lifecycle of a trade	
https://spec.edmcouncil.org/fibo/ontology/FBC/ProductsAndServices/FinancialProductsAndServices/TradeLifecycleStageOccurrence	TradeLifecycleStageOccurrence		LifecycleStageOccurrence	class	FBC	realization of a phase in the lifecycle of a specific trade	
https://spec.edmcouncil.org/fibo/ontology/FBC/ProductsAndServices/FinancialProductsAndServices/Trader	Trader		ServiceProvider	class	FBC	party that engages in the transfer of financial assets in any financial market on behalf of a client or the financial services provider	
https://spec.edmcouncil.org/fibo/ontology/FBC/ProductsAndServices/FinancialProductsAndServices/TradingStrategy	TradingStrategy		Strategy	class	FBC	approach used for buying and selling in the securities markets	A trading strategy is a plan whose aim is to make a profit or hedge against risk, based on rules and other criteria used when making trading decisions. A trading strategy may be simple or complex, and involve considerations such as investment style (e.g., value vs. growth), market cap, technical indicators, fundamental analysis, industry sector, level of portfolio diversification, time horizon or holding period, risk tolerance, leverage, tax considerations, and so on.
https://spec.edmcouncil.org/fibo/ontology/FBC/ProductsAndServices/FinancialProductsAndServices/UniqueTransactionIdentifier	UniqueTransactionIdentifier	UTI	TradeIdentifier	class	FBC	sequence of characters identifying a financial transaction uniquely whenever useful and agreed by the parties or community involved in the transaction	Harmonization of the Unique Transaction Identifier - Technical Guidance, 20 Feb 2017, described in https://www.bis.org/cpmi/publ/d158.pdf | ISO 23897:2020, Financial services - Unique transaction identifier (UTI) | In particular, a UTI will help to ensure the consistent aggregation of OTC derivatives and other securities transactions by minimising the likelihood that the same transaction will be counted more than once (for instance, because it is reported by more than one counterparty to a transaction, or to more than one trade repository (TR)).
https://spec.edmcouncil.org/fibo/ontology/FBC/ProductsAndServices/FinancialProductsAndServices/WeightedBasket	WeightedBasket		Basket	class	FBC	basket whose constituents have some relative importance with respect to one another	
https://spec.edmcouncil.org/fibo/ontology/FBC/ProductsAndServices/FinancialProductsAndServices/WeightedBasketConstituent	WeightedBasketConstituent		BasketConstituent	class	FBC	component of a basket whose relative importance with respect to other basket constituents is known	
https://spec.edmcouncil.org/fibo/ontology/FND/Accounting/CurrencyAmount/AmountOfMoney	AmountOfMoney	cash		class	FND	amount of readily available cash in banknotes and coins	
https://spec.edmcouncil.org/fibo/ontology/FND/Accounting/CurrencyAmount/CalculatedPrice	CalculatedPrice		MonetaryPrice	class	FND	monetary price determined by a formula	
https://spec.edmcouncil.org/fibo/ontology/FND/Accounting/CurrencyAmount/Currency	Currency	currency unit | monetary unit		class	FND	medium of exchange value, defined by reference to the geographical location of the monetary authorities responsible for it	
https://spec.edmcouncil.org/fibo/ontology/FND/Accounting/CurrencyAmount/CurrencyBasket	CurrencyBasket			class	FND	selected group of currencies, in which the weighted average is used as a measure of the value or the amount of an obligation	A currency basket functions as a benchmark for regional currency movements; its composition and weighting depends on its purpose.
https://spec.edmcouncil.org/fibo/ontology/FND/Accounting/CurrencyAmount/CurrencyIdentifier	CurrencyIdentifier			class	FND	sequence of characters representing some currency	Codes for the representation of currencies and funds, ISO 4217, Eighth edition, 2015-08-01, section 3.2 | The first (left-most) two characters of the ISO 4217 3-letter currency identifier relate to the currency authority that issues the currency, and is, in most cases the ISO 3166-1 alpha 2 code for the geopolitical entity whose central bank is the issuer. The third (right-most) character of the identifier (alphabetic code) is an indicator derived from the name of the major currency unit or fund. If the currency is not associated with a single geographical entity as described in ISO 3166-1, typically a specially allocated identifier (alpha-2 code) is used to describe the currency authority. This code has been allocated by the Maintenance Agency from within the user-assigned range of codes XA to XZ specified in 8.1.3 of ISO 3166-1:2013. The character following X will be a mnemonic, where possible, derived from the name of the geographical area concerned.
https://spec.edmcouncil.org/fibo/ontology/FND/Accounting/CurrencyAmount/ExchangeRate	ExchangeRate			class	FND	rate at which one currency can be exchanged for another	The exchange rate between the U.S. dollar and British pound is distinct from the exchange rate between the U.S. dollar and the euro.
https://spec.edmcouncil.org/fibo/ontology/FND/Accounting/CurrencyAmount/Funds	Funds		Currency	class	FND	artificial currency used as calculation basis for another currency(s) and accounting purposes	
https://spec.edmcouncil.org/fibo/ontology/FND/Accounting/CurrencyAmount/FundsIdentifier	FundsIdentifier			class	FND	sequence of characters that can be used to uniquely identify funds	Codes for the representation of currencies and funds, ISO 4217, Eighth edition, 2015-08-01, section 3.2
https://spec.edmcouncil.org/fibo/ontology/FND/Accounting/CurrencyAmount/InterestRate	InterestRate		PercentageMonetaryAmount	class	FND	amount charged, expressed as a percentage of principal, in exchange for the use of assets	Interest rates are typically noted on an annual basis, known as the annual percentage rate (APR). The assets borrowed could include cash, consumer goods, and large assets such as a vehicle or building. The rate is derived by dividing the amount of interest by the amount of principal borrowed. Interest rates are quoted on bills, notes, bonds, credit cards, and many kinds of consumer and business loans.
https://spec.edmcouncil.org/fibo/ontology/FND/Accounting/CurrencyAmount/MonetaryAmount	MonetaryAmount			class	FND	measure that is an amount of money specified in monetary units	
https://spec.edmcouncil.org/fibo/ontology/FND/Accounting/CurrencyAmount/MonetaryPrice	MonetaryPrice		MonetaryAmount	class	FND	price that that is expressed as a monetary amount	As the consideration given in exchange for transfer of ownership, price forms the essential basis of commercial transactions. It may be fixed by a contract, left to be determined by an agreed upon formula at a future date, or discovered or negotiated during the course of dealings between the parties involved. In commerce, price is determined by what (1) a buyer is willing to pay, (2) a seller is willing to accept, and (3) the competition is allowing to be charged.
https://spec.edmcouncil.org/fibo/ontology/FND/Accounting/CurrencyAmount/PercentageMonetaryAmount	PercentageMonetaryAmount			class	FND	measure of some amount of money expressed as a percentage of some other amount, some notional amount or some concrete money amount	
https://spec.edmcouncil.org/fibo/ontology/FND/Accounting/CurrencyAmount/PreciousMetal	PreciousMetal		Metal	class	FND	metal that is considered to be rare and/or have a high economic value	
https://spec.edmcouncil.org/fibo/ontology/FND/Accounting/CurrencyAmount/PreciousMetalIdentifier	PreciousMetalIdentifier			class	FND	sequence of characters uniquely identifying the precious metal in some context	
https://spec.edmcouncil.org/fibo/ontology/FND/Accounting/CurrencyAmount/Price	Price			class	FND	amount of money, goods, or services requested, expected, required, or given in exchange for something else	
https://spec.edmcouncil.org/fibo/ontology/FND/Accounting/CurrencyAmount/UnitOfAccount	UnitOfAccount		Currency	class	FND	nominal monetary unit of measure used to represent the real value (or cost) of any economic item; i.e. goods, services, assets, liabilities, income, expenses	
https://spec.edmcouncil.org/fibo/ontology/FND/Accounting/CurrencyAmount/UnitOfAccountIdentifier	UnitOfAccountIdentifier			class	FND	sequence of characters that can be used to uniquely identify a nominal monetary unit	
https://spec.edmcouncil.org/fibo/ontology/FND/Accounting/CurrencyAmount/UnitPrice	UnitPrice		MonetaryPrice	class	FND	monetary price expressed in relation to a well-known measurable unit by which the goods or services are allocated	For example, gold is commonly measured in troy ounces, grams, etc., and oil is measured in terms of barrels.
https://spec.edmcouncil.org/fibo/ontology/FND/AgentsAndPeople/People/Adult	Adult		Person	class	FND	person who has attained the age of majority as defined in some jurisdiction	https://en.wikipedia.org/wiki/Adult
https://spec.edmcouncil.org/fibo/ontology/FND/AgentsAndPeople/People/AgeOfMajority	AgeOfMajority		LegalAge	class	FND	age at which someone acquires the rights and responsibilities of an adult in some jurisdiction	
https://spec.edmcouncil.org/fibo/ontology/FND/AgentsAndPeople/People/BirthCertificate	BirthCertificate	certificate of live birth	IdentityDocument	class	FND	an original document certifying the circumstances of the birth, or a certified copy of or representation of the ensuing registration of that birth	http://en.wikipedia.org/wiki/Birth_certificate | A birth certificate is a vital record that documents the birth of a child. Depending on the jurisdiction, a record of birth might or might not contain verification of the event by such as a midwife or doctor.
https://spec.edmcouncil.org/fibo/ontology/FND/AgentsAndPeople/People/BirthCertificateIdentificationScheme	BirthCertificateIdentificationScheme		IdentificationScheme	class	FND	system for allocating identifiers to birth certificates	Schemes for birth certificate identification are typically regionally defined, and there may be jurisdiction-specific scope required as an additional restriction on a specific scheme.
https://spec.edmcouncil.org/fibo/ontology/FND/AgentsAndPeople/People/BirthCertificateIdentifier	BirthCertificateIdentifier	birth certificate number		class	FND	identifier associated with a vital record documenting the birth of a child	
https://spec.edmcouncil.org/fibo/ontology/FND/AgentsAndPeople/People/Contact	Contact			class	FND	role or associated with a party serving as a designated point of communication, typically within a system or process	
https://spec.edmcouncil.org/fibo/ontology/FND/AgentsAndPeople/People/ContactRecord	ContactRecord			class	FND	record about a party in a specific communicative or liaison role	Contact records may include attributes such as name, role, communication channel, and affiliation, They may be found in registries, schemas, systems such as those designed for customer relationship management (CRM), enterprise resource planning (ERP), health information, legal and regulatory compliance and others, as well as personal address books, to support communications, coordination, support, or compliance.
https://spec.edmcouncil.org/fibo/ontology/FND/AgentsAndPeople/People/DateOfBirth	DateOfBirth	birth date | birthday		class	FND	explicit date, i.e., the day, month and year, on which an individual was born	
https://spec.edmcouncil.org/fibo/ontology/FND/AgentsAndPeople/People/DateOfDeath	DateOfDeath	death date		class	FND	explicit date, i.e., the day, month and year, on which an individual died	
https://spec.edmcouncil.org/fibo/ontology/FND/AgentsAndPeople/People/DeathCertificate	DeathCertificate		IdentityDocument	class	FND	original document certifying the circumstances of the death (such as how and when it occurred), or a certified copy of or representation of the ensuing registration of that death	A death certificate is a vital record documenting information (including age, occupation, place of birth, place of residence, and often identifying the parents and possibly spouse of the deceased) relating to a dead person and including a doctor's certification of the cause of death.
https://spec.edmcouncil.org/fibo/ontology/FND/AgentsAndPeople/People/DeathCertificateIdentificationScheme	DeathCertificateIdentificationScheme		IdentificationScheme	class	FND	system for allocating identifiers to death certificates	Schemes for death certificate identification are typically regionally defined, and there may be jurisdiction-specific scope required as an additional restriction on a specific scheme.
https://spec.edmcouncil.org/fibo/ontology/FND/AgentsAndPeople/People/DeathCertificateIdentifier	DeathCertificateIdentifier	death certificate number		class	FND	identifier associated with a vital record documenting the death of an individual	
https://spec.edmcouncil.org/fibo/ontology/FND/AgentsAndPeople/People/DriversLicense	DriversLicense	driver's license | driving licence	IdentityDocument	class	FND	an official document which states that a person may operate a motorized vehicle, such as a motorcycle, car, truck or a bus, on a public roadway or provides official identifying information for a non-driver	https://en.wikipedia.org/wiki/Non-driver_identification_card#Non-driver_identification_cards
https://spec.edmcouncil.org/fibo/ontology/FND/AgentsAndPeople/People/DriversLicenseIdentificationScheme	DriversLicenseIdentificationScheme	driver's license identification scheme	IdentificationScheme	class	FND	system for allocating identifiers to driver's, operating, or non-driver identification documents	Schemes for driver's license identification are typically regionally defined, and there may be jurisdiction-specific scope required as an additional restriction on a specific scheme.
https://spec.edmcouncil.org/fibo/ontology/FND/AgentsAndPeople/People/DriversLicenseIdentifier	DriversLicenseIdentifier	driver's license identifier | driver's license number		class	FND	identifier associated with a drivers' or operating license for operating a motor vehicle or non-driver identification card	
https://spec.edmcouncil.org/fibo/ontology/FND/AgentsAndPeople/People/EmancipatedMinor	EmancipatedMinor		Minor	class	FND	a minor who is allowed to conduct a business or any other occupation on his or her own behalf or for their own account outside the control of a parent or guardian	https://en.wikipedia.org/wiki/Emancipated_minor | The minor will then have full contractual capacity to conclude contracts with regard to the business. Whether parental consent is needed to achieve emancipated status varies from case to case. In some cases, court permission is necessary. Protocols vary by jurisdiction.
https://spec.edmcouncil.org/fibo/ontology/FND/AgentsAndPeople/People/IdentityDocument	IdentityDocument	identity card		class	FND	any legal document which may be used to verify aspects of a person's identity	https://en.wikipedia.org/wiki/Identification_card | If issued in the form of a small, mostly standard-sized card, it is usually called an identity card (IC). Countries which do not have formal identity documents may require informal documents. In the absence of a formal identity document, driving licenses can be used in many countries as a method of proof of identity, although some countries do not accept driving licenses for identification, often because in those countries they don't expire as documents and can be old and easily forged. Most countries accept passports as a form of identification. Most countries have the rule that foreign citizens need to have their passport or occasionally a national identity card from their country available at any time if they do not have residence permit in the country.
https://spec.edmcouncil.org/fibo/ontology/FND/AgentsAndPeople/People/IncapacitatedAdult	IncapacitatedAdult		Adult	class	FND	an adult who is legally identified as not having legal capacity, typically as a result of some inherent physical or mental incapacity or as a result of having contracted some illness which temporarily deprives them of such capacity	https://en.wikipedia.org/wiki/Capacity_(law) | Individuals may have an inherent physical condition which prevents them from achieving the normal levels of performance expected from persons of comparable age, or their inability to match current levels of performance may be caused by contracting an illness. Whatever the cause, if the resulting condition is such that individuals cannot care for themselves, or may act in ways that are against their interests, those persons are vulnerable through dependency and require the protection of the state against the risks of abuse or exploitation. Hence, any agreements that were made are voidable, and a court may declare that person a ward of the state and grant power of attorney to an appointed legal guardian.
https://spec.edmcouncil.org/fibo/ontology/FND/AgentsAndPeople/People/LegalAge	LegalAge		Age	class	FND	age at which someone acquires the capacity to do something that they were prohibited from doing before under the law in some jurisdiction	
https://spec.edmcouncil.org/fibo/ontology/FND/AgentsAndPeople/People/LegalWorkingAge	LegalWorkingAge		LegalAge	class	FND	age at which someone acquires the capacity to work legally in some jurisdiction	
https://spec.edmcouncil.org/fibo/ontology/FND/AgentsAndPeople/People/LegalWorkingAgePerson	LegalWorkingAgePerson		Person	class	FND	person whose age is greater than the minimum legal working age specified in a jurisdiction in which they work	
https://spec.edmcouncil.org/fibo/ontology/FND/AgentsAndPeople/People/LegallyCapableAdult	LegallyCapableAdult		Adult	class	FND	person who has attained the age of majority as defined in some jurisdiction and who is allowed to conduct a business or any other occupation on his or her own behalf or for their own account	
https://spec.edmcouncil.org/fibo/ontology/FND/AgentsAndPeople/People/Minor	Minor		Person	class	FND	a person under a certain age, usually the age of majority in a given jurisdiction, which legally demarcates childhood from adulthood	https://en.wikipedia.org/wiki/Minor_(law) | The age depends upon jurisdiction and application, but is generally 18.
https://spec.edmcouncil.org/fibo/ontology/FND/AgentsAndPeople/People/NationalIdentificationNumber	NationalIdentificationNumber	national identity number		class	FND	number or text which appears on an identity document issued by a country or jurisdiction	http://en.wikipedia.org/wiki/National_identification_number | A national identification number, national identity number, or national insurance number is used by the governments of many countries as a means of tracking their citizens, permanent residents, and temporary residents for the purposes of work, taxation, government benefits, health care, and other governmentally-related functions. The number will appear on an identity document issued by a country. The ways in which such a system is implemented are dependent on the country, but in most cases, a citizen is issued an identification number at birth or when they reach a legal age (typically the age of 18). Non-citizens may be issued such numbers when they enter the country, or when granted a temporary or permanent residence permit. Many countries issued such numbers ostensibly for a singular purpose, but over time, they become a de facto national identification number. For example, the United States originally developed its Social Security number system as a means of disbursing Social Security benefits. However, due to function creep, the number has become utilized for other purposes to the point where it is almost essential to have one to, among other things, open a bank account, obtain a credit card, or drive a car.
https://spec.edmcouncil.org/fibo/ontology/FND/AgentsAndPeople/People/NationalIdentificationNumberScheme	NationalIdentificationNumberScheme		IdentificationScheme	class	FND	system for allocating identifiers to national identification numbers	Schemes for national identification numbers are jurisdiction-specific by country.
https://spec.edmcouncil.org/fibo/ontology/FND/AgentsAndPeople/People/Passport	Passport		IdentityDocument	class	FND	formal identity document, issued by a national government, which certifies the identity and nationality of its holder for the purpose of international travel	The elements of identity contained in all standardized passports include information about the holder, including name, date of birth, gender and place of birth.
https://spec.edmcouncil.org/fibo/ontology/FND/AgentsAndPeople/People/PassportNumber	PassportNumber			class	FND	national identification number associated with a passport	
https://spec.edmcouncil.org/fibo/ontology/FND/AgentsAndPeople/People/PassportNumberIdentificationScheme	PassportNumberIdentificationScheme		IdentificationScheme	class	FND	system for allocating identifiers to passports	Schemes for passport identification are jurisdiction-specific by country.
https://spec.edmcouncil.org/fibo/ontology/FND/AgentsAndPeople/People/Person	Person	natural person	Party	class	FND	individual human being, with consciousness of self	
https://spec.edmcouncil.org/fibo/ontology/FND/AgentsAndPeople/People/PersonName	PersonName		ContextualName	class	FND	designation by which someone is known in some context	
https://spec.edmcouncil.org/fibo/ontology/FND/AgentsAndPeople/People/PlaceOfBirth	PlaceOfBirth	birth place		class	FND	physical location, including country, region, and municipality where an individual was born	
https://spec.edmcouncil.org/fibo/ontology/FND/Agreements/Agreements/Agreement	Agreement			class	FND	negotiated understanding between two or more parties, reflecting the offer and acceptance of commitments on the part of either party	All agreements are time bound, whether implicit or explicitly stated, and thus an agreement reflects a state of affairs that holds for some period of time.
https://spec.edmcouncil.org/fibo/ontology/FND/Agreements/Agreements/Beneficiary	Beneficiary			class	FND	party that receives some benefit or advantage or profits from something	
https://spec.edmcouncil.org/fibo/ontology/FND/Agreements/Agreements/BilateralAgreement	BilateralAgreement	mutual agreement	Agreement	class	FND	agreement where two parties commit to perform specific actions or obligations towards each other	
https://spec.edmcouncil.org/fibo/ontology/FND/Agreements/Agreements/Commitment	Commitment			class	FND	promise made by some party to act or refrain from acting in some manner	Such a promise often results a corresponding right or obligation with respect to another party to the commitment. Thus, obligations and rights are considered as reciprocal aspects of a commitment.
https://spec.edmcouncil.org/fibo/ontology/FND/Agreements/Agreements/CommitmentAtLarge	CommitmentAtLarge		UnilateralCommitment	class	FND	commitment made by some party without direct involvement from the potential beneficiaries of that commitment	
https://spec.edmcouncil.org/fibo/ontology/FND/Agreements/Agreements/MultilateralAgreement	MultilateralAgreement		Agreement	class	FND	agreements that involve or include multiple parties	Multilateral agreements are characterized by the participation and commitment of multiple countries or parties to achieve a common objective or address a shared issue.
https://spec.edmcouncil.org/fibo/ontology/FND/Agreements/Agreements/Obligee	Obligee			class	FND	party to whom some commitment or obligation is owed, either legally or per the terms of an agreement	
https://spec.edmcouncil.org/fibo/ontology/FND/Agreements/Agreements/Obligor	Obligor	obligated party | obligator		class	FND	party that is bound legally or by agreement to repay a debt, make a payment, do something, or refrain from doing something	
https://spec.edmcouncil.org/fibo/ontology/FND/Agreements/Agreements/UnilateralCommitment	UnilateralCommitment		Commitment	class	FND	commitment (promise or obligation) made by one party without requiring a reciprocal promise from another party	Unilateral commitments include some promotional offers, contests, and rewards, where the offering party sets conditions without requiring upfront agreement from others.
https://spec.edmcouncil.org/fibo/ontology/FND/Agreements/Contracts/AssignableContract	AssignableContract		TransferableContract	class	FND	contract in which contract holder (assignor) may transfer some or all of their rights and obligations to another party (assignee)	Note that while the assignor may divest themselves of some rights, that assignment does not necessarily eliminate performance obligations of the assignor to the third party. Characteristics that are important to understand with respect to an assignment include the circumstances in which the assignor remains obligated and any remedies available if the assignor does not perform. | Many, though not all, futures contracts are assignable. This means that the original contract holder can sell the contract to another party in return for cash, and that party then assumes the rights, responsibilities, and benefits of that contract from that point onwards.
https://spec.edmcouncil.org/fibo/ontology/FND/Agreements/Contracts/BilateralContract	BilateralContract		BilateralAgreement	class	FND	contract where two parties commit to perform specific actions or obligations towards each other	
https://spec.edmcouncil.org/fibo/ontology/FND/Agreements/Contracts/BilateralNettingProvision	BilateralNettingProvision		NettingProvision	class	FND	netting provision that occurs between two parties, in which mutual obligations are offset to determine a single net payment	
https://spec.edmcouncil.org/fibo/ontology/FND/Agreements/Contracts/BreachOfContract	BreachOfContract		ContractLifecycleEvent	class	FND	classifier of events representing a violation of an express, or implied, condition of a contract to do or not to do something, without a legitimate excuse	Examples of events that are considered a breach of contract include discovery of misrepresentation, not completing a job, not paying in full or on time, failing to deliver all the goods, substituting inferior or significantly different goods, not providing a bond when required, being late without excuse, or any act that demonstrates that a party will not complete required work ('anticipatory breach.') Breach of contract is one of the most common causes of law suits for damages and/or court-ordered 'specific performance' of the contract. A breach of contract frequently invalidates the contract.
https://spec.edmcouncil.org/fibo/ontology/FND/Agreements/Contracts/BreachOfCovenant	BreachOfCovenant		ContractLifecycleEvent	class	FND	classifier of events representing breaking a promise specified in a contract to do or not to do something, without a legitimate excuse	In the case of a breach of a covenant or warranty, the contract remains binding and damages only are recoverable for the breach, whereas a breach of contract typically invalidates the entire contract.
https://spec.edmcouncil.org/fibo/ontology/FND/Agreements/Contracts/CloseOutNettingProvision	CloseOutNettingProvision	close-out netting provision	NettingProvision	class	FND	netting provision that may be triggered when a counterparty defaults, leading to the termination of all outstanding transactions between the parties	In the case of close-out netting, the financial positions of the defaulting party are assessed to determine their worth, and total amounts owed are offset, resulting in a single net payment obligation.
https://spec.edmcouncil.org/fibo/ontology/FND/Agreements/Contracts/CollateralAgreement	CollateralAgreement		WrittenContract	class	FND	written contract related to another contract designed to provide clarity and additional protection for all parties involved, that is separate from the primary contract and that can be independently enforced	In cases where there are discrepancies between the collateral agreement and primary contract, the primary contract, which may be a master agreement, for example, takes precedence. | Examples may be related to leases, to clarify responsibilities with respect to maintance and repair, to partnerships, clarifying how disputes should be resolved, loan agreements such as deeds of trust, covering the conditions under which the collateral would be forfeited, and uniform commercial code (UCC) agreements.
https://spec.edmcouncil.org/fibo/ontology/FND/Agreements/Contracts/ConditionPrecedent	ConditionPrecedent		ContractualElement	class	FND	stipulation that specifies conditions that must be met before some aspect of a contract takes effect	Condition precedents are common in wills and trusts. They include events or states of affairs that act as triggers for the contract to come into effect, such as a beneficiary reaching the age of maturity, or death of a trustor, as well as define obligations on a party to the contract, such as those required of a trustee on the death of a trustor. | There may also be condition precedents in the ongoing life of a contract, which state that if condition X occurs, event Y will then occur. Condition X is the condition precedent.
https://spec.edmcouncil.org/fibo/ontology/FND/Agreements/Contracts/Contract	Contract		Agreement	class	FND	voluntary, deliberate agreement between competent parties to which the parties agree to be legally bound, and for which the parties provide valuable consideration	A contractual relationship is evidenced by (1) an offer, (2) acceptance of the offer, and a (3) valid (legal and valuable) consideration. A contract is a kind of agreement, and as such it embodies the assertion that it has been negotiated, such negotiation having included the presence of some offer and the acceptance of that offer on the part of either or both of the parties. | Contracts are usually written but may be spoken or implied, and generally have to do with employment, sale or lease, or tenancy. | Note that the data of issuance may be, but is not always, the same as the effective date.
https://spec.edmcouncil.org/fibo/ontology/FND/Agreements/Contracts/ContractDocument	ContractDocument			class	FND	legal document that records the formal terms and conditions of some contract	
https://spec.edmcouncil.org/fibo/ontology/FND/Agreements/Contracts/ContractMilestone	ContractMilestone		ConditionPrecedent	class	FND	classifier for an event (milestone), or set of events related to the status or level of completion of a designated activity, task, or segment of work required for contract fulfillment	Milestones are checkpoints that are predefined in the contract, used to measure progress. They specify tasks, deliverables, or objectives that must be achieved to meet each milestone and may trigger partial payment.
https://spec.edmcouncil.org/fibo/ontology/FND/Agreements/Contracts/ContractParty	ContractParty			class	FND	legally competent party that has entered into a binding agreement, accepting and conceding obligations, responsibilities, and benefits as specified	
https://spec.edmcouncil.org/fibo/ontology/FND/Agreements/Contracts/ContractPrincipal	ContractPrincipal		ContractParty	class	FND	party that originates a contract and is identified as the first party to that contract, in the event that the contract distinguishes any party as such	The principal to a contract is typically the originator and, in the case of a security, the issuer. In law, the principal is the party that has the primary responsibility in a liability or obligation, as opposed to an endorser, guarantor, or surety.
https://spec.edmcouncil.org/fibo/ontology/FND/Agreements/Contracts/ContractThirdParty	ContractThirdParty			class	FND	party that is indirectly involved in, but not a counterparty to, an agreement	
https://spec.edmcouncil.org/fibo/ontology/FND/Agreements/Contracts/ContractualCommitment	ContractualCommitment		ContractualElement	class	FND	provision specifying something that the contracting parties agree to, i.e., a promise or pledge made by one of the parties to perform some action or fulfill some duty	
https://spec.edmcouncil.org/fibo/ontology/FND/Agreements/Contracts/ContractualDefinition	ContractualDefinition		ContractualElement	class	FND	contractual element that specifies the meaning of a term in a legal document, whose definition is substitutable for the term whenever it occurs in the body of that document	
https://spec.edmcouncil.org/fibo/ontology/FND/Agreements/Contracts/ContractualElement	ContractualElement			class	FND	element, such as an arrangement, provision, requirement, rule, specification, and standard that forms an integral part of an agreement	
https://spec.edmcouncil.org/fibo/ontology/FND/Agreements/Contracts/Counterparty	Counterparty		ContractParty	class	FND	party to a contract with whom one negotiates on a given agreement	The counterparty is usually the party 'on the other side' of a contract from the perspective of the issuer or holder. The term 'counterparty' can refer to any party to an agreement, depending on context.
https://spec.edmcouncil.org/fibo/ontology/FND/Agreements/Contracts/DisclosureProvision	DisclosureProvision		ContractualCommitment	class	FND	contractual provision that outlines the requirements and responsibilities of one or both parties to reveal certain information to each other	Disclosure provisions are crucial in ensuring transparency, mitigating risks, and maintaining trust between the parties. Typical elements of a disclosure provision include (1) scope - defining the kind of information that must be disclosed, (2) materiality - which usually states that only information material to the agreement must be disclosed, (3) timing - specifying when such disclosures must be made, (4) ongoing requirements - outlining whether or not disclosures any time significant changes or new information must be made available over some period of time, (5) method - specifying how such disclosures must be made, for example, in writing, (6) exclusions - information that is explicitly out of scope with respect to disclosure requirements, (7) confidentiality - restrictions related to whether or not the information is confidential and on how it may be used, and (8) penalities - specifying consequences for failing to disclose relevant information. | With respect to contracts, failure to disclose key details can lead to breaches of contract or claims of misrepresentation. Disclosure requirements are typically specific to the nature of the contract and jurisdiction.
https://spec.edmcouncil.org/fibo/ontology/FND/Agreements/Contracts/EarlyTerminationProvision	EarlyTerminationProvision		TerminationProvision	class	FND	termination of an agreement for any reason prior to its expiration date	Early termination date refers to the date set within an agreement for the parties to exercise the option to terminate the contract prior to its original expiration, typically subject to predefined terms such as notice periods or specific conditions. Early termination may be automatically triggered by an event of default with respect to any contract obligation, due to corporate action, or for other reasons. An early termination date may be calculated per the terms of the agreement or specified explicitly at the time the termination event occurs.
https://spec.edmcouncil.org/fibo/ontology/FND/Agreements/Contracts/ExtensionProvision	ExtensionProvision		ContractualCommitment	class	FND	contract terms that specify the conditions under which a contract can be extended	In the case of a debt instrument, an extension may include extending the time allowed for repayment of the principal, the maturity date, and so forth.
https://spec.edmcouncil.org/fibo/ontology/FND/Agreements/Contracts/MasterAgreement	MasterAgreement	master contract	WrittenContract	class	FND	contract between named parties that outlines the terms and conditions designed to apply to a number of accounts, transactions, or other activities between the parties, and that consolidates and provides overarching terms for separate but related agreements	A master agreement can be used to set out standard terms and conditions so that any new agreements don't need to cover the same information again. | A master services agreement governs the terms between a service provider and client. Typically, clients will use Statements of Work that point back to the master agreement so they don't have to recreate a new contract with new terms each time there is a new project, or to cover common terms across services, warranties, and deliveries. | Some credit facilities and many brokerage arrangements are master agreements.
https://spec.edmcouncil.org/fibo/ontology/FND/Agreements/Contracts/MilestoneEvent	MilestoneEvent		Occurrence	class	FND	event related to the status or level of completion of a designated activity, task, or segment of work required for contract fulfillment	
https://spec.edmcouncil.org/fibo/ontology/FND/Agreements/Contracts/MilestoneSchedule	MilestoneSchedule		Schedule	class	FND	schedule of milestone events, observations, or other occurrences and the associated dates and/or times when they will be done	
https://spec.edmcouncil.org/fibo/ontology/FND/Agreements/Contracts/MultilateralContract	MultilateralContract		MultilateralAgreement	class	FND	contract where multiple parties (i.e., more than two) commit to perform specific actions or obligations towards each other	
https://spec.edmcouncil.org/fibo/ontology/FND/Agreements/Contracts/MultilateralNettingProvision	MultilateralNettingProvision		NettingProvision	class	FND	netting provision that, when triggered, is facilitated by a central clearinghouse or financial institution	Rather than settling individual obligations between each party, as in bilateral netting, all transactions are aggregated, and a single net amount is determined for each participant.
https://spec.edmcouncil.org/fibo/ontology/FND/Agreements/Contracts/NettingProvision	NettingProvision		ContractualCommitment	class	FND	contractual element that specifies the method of reducing credit, settlement and other risks by aggregating (combining) two or more obligations to achieve a reduced net obligation	
https://spec.edmcouncil.org/fibo/ontology/FND/Agreements/Contracts/NonBindingTerm	NonBindingTerm	non-binding term	ContractualElement	class	FND	contractual element that is not legally binding on any party to the agreement	
https://spec.edmcouncil.org/fibo/ontology/FND/Agreements/Contracts/NonTransferableContract	NonTransferableContract	non-transferable contract	WrittenContract	class	FND	contract between whose individual rights and obligations are not transferable to another party without prior written permission	
https://spec.edmcouncil.org/fibo/ontology/FND/Agreements/Contracts/NotificationProvision	NotificationProvision		ContractualCommitment	class	FND	provision indicating that notification is required prior to the occurrence of a relevant event	
https://spec.edmcouncil.org/fibo/ontology/FND/Agreements/Contracts/NovateableContract	NovateableContract		TransferableContract	class	FND	contract that may be replaced by another contract, and in that event, extinguishes the rights and obligations in effect under the original contract with those in the new agreement	In general, novation means consensual substitution of a party or obligation in the original contract with a new party or obligation in the successor contract. The new party takes on the rights and obligations of the original party. The corresponding novation agreement must be signed by the transferor, the transferee, and the counterparty (the other contracting party). Novation is frequently used in mergers and acquisitions to replace any outstanding relationships or rights and obligations of the organization being subsumed with relationships or obligations of the acquiring entity. It is also commonly used with respect to loan rescheduling. | Novation is different from assignment in the following ways: (1) novation is a consensual transfer of contractual rights and obligations, while an assignment can transfer only obligations and does not require the consent of the benefiting party, and (2) novation terminates the original contract, but assignment does not.
https://spec.edmcouncil.org/fibo/ontology/FND/Agreements/Contracts/NovationNettingProvision	NovationNettingProvision		NettingProvision	class	FND	contractual element that specifies what should be done with respect to netting when a given contract is replaced with another	Novation netting contemplates that for each value date and for each currency, the parties agree that all existing contracts will be canceled (discharged and extinguished) and simultaneously replaced by a new contract that aggregates and nets all of the payment obligations of the original contracts. Novation netting occurs immediately when a nettable transaction is entered into.
https://spec.edmcouncil.org/fibo/ontology/FND/Agreements/Contracts/PaymentNettingProvision	PaymentNettingProvision		NettingProvision	class	FND	netting provision that specifies the way in which all payments in a single currency owed between parties will be aggregated for each traded currency per value date and within the larger aggregate obligation	For each value date and for each traded currency, the parties will aggregate and net all payments owed between them to arrive at a single currency obligation for each currency payable between the parties. The parties calculate net payments at some pre-agreed time, typically the day before value date (although it is possible to agree net payments on the value date, depending on the currency and time zone).
https://spec.edmcouncil.org/fibo/ontology/FND/Agreements/Contracts/Representation	Representation		ContractualCommitment	class	FND	contractual element that is a statement made by a party to the contract, before or at the time of making the contract, in regard to some fact, circumstance, or state of affairs pertinent to the contract, which the counterparty(ies) rely on, or is influential in bringing about the contract	A party may later claim misrepresentation if a false representation has been made. They may be entitled to rescind the contract, which means that the contract would be set aside and the receiving party may also be entitled to damages to put them back into the position they would have been had the contract never been entered into.
https://spec.edmcouncil.org/fibo/ontology/FND/Agreements/Contracts/SettlementNettingProvision	SettlementNettingProvision		NettingProvision	class	FND	netting provision that specifies the way in which on a given payment date, each party will aggregate the amounts of a currency to be delivered by it, and only the difference in the aggregate amounts will be delivered by the party with the larger aggregate obligation	
https://spec.edmcouncil.org/fibo/ontology/FND/Agreements/Contracts/TermSheet	TermSheet		Agreement	class	FND	nonbinding agreement setting forth the basic terms and conditions under which a proposed business deal may be made	Term sheets state the intentions of the parties and are used to guide legal counsel in the preparation of proposed agreements or contracts.
https://spec.edmcouncil.org/fibo/ontology/FND/Agreements/Contracts/TerminationProvision	TerminationProvision		ContractualCommitment	class	FND	contractual element that specifies the circumstances under which the parties can dissolve their legal relationship and discontinue the fulfillment of their obligations under the contract	Common reasons for termination include mutual consent, certain notices, breach or failure of a precedent or condition, insolvency, change in control, the occurrence of certain events, and court orders that prohibit continuation of the contract. Termination provisions may include whether they are mutual or unilateral, and may include rights with respect to any cure.
https://spec.edmcouncil.org/fibo/ontology/FND/Agreements/Contracts/TransferableContract	TransferableContract		WrittenContract	class	FND	contract in which the rights and obligations of one party may be transferred to another party	
https://spec.edmcouncil.org/fibo/ontology/FND/Agreements/Contracts/UnilateralContract	UnilateralContract		WrittenContract	class	FND	contract in which one party makes an offer that can only be accepted through performance rather than a return promise	In a unilateral, or one-sided, contract, one party, known as the offeror, makes a promise in exchange for an act (or abstention from acting) by another party, known as the offeree. If the offeree acts on the offeror's promise, the offeror is legally obligated to fulfill the contract, but an offeree cannot be forced to act (or not act), because no return promise has been made to the offeror. After an offeree has performed, only one enforceable promise exists, that of the offeror.
https://spec.edmcouncil.org/fibo/ontology/FND/Agreements/Contracts/UseOfProceedsProvision	UseOfProceedsProvision		ContractualCommitment	class	FND	contract provision specifying how funds obtained through financing, such as through a credit agreement, offering, warrant, or other instrument are intended to be used	Examples include for working capital and corporate expenses, for the purchase or upgrades to facilities and/or equipment, and so forth.
https://spec.edmcouncil.org/fibo/ontology/FND/Agreements/Contracts/VerbalContract	VerbalContract		Contract	class	FND	contract that exists as a result of some verbal exchange	
https://spec.edmcouncil.org/fibo/ontology/FND/Agreements/Contracts/Warranty	Warranty		ContractualCommitment	class	FND	contractual element that is a statement of fact	If a warranty is determined to be false, the receiving party has a claim for breach of contract. If it is a fundamental breach the receiving party may have the right to terminate the contact in addition to a claim for damages. However, unlike a claim for misrepresentation, the contract may not necessarily be voided in its entirety as a consequence.
https://spec.edmcouncil.org/fibo/ontology/FND/Agreements/Contracts/WrittenContract	WrittenContract		Contract	class	FND	formal contract that is written and signed by the parties thereto	
https://spec.edmcouncil.org/fibo/ontology/FND/Arrangements/Arrangements/Scheme	Scheme			class	FND	structure or means of organizing information such as a blueprint, schema, numbering system, organization structure, measurement system, plan, taxonomy, or language for organizing information	
https://spec.edmcouncil.org/fibo/ontology/FND/Arrangements/Assessments/Appraisal	Appraisal		AssessmentReport	class	FND	written estimate of the market value of something as of some point in time, typically provided by a qualified appraiser	
https://spec.edmcouncil.org/fibo/ontology/FND/Arrangements/Assessments/AppraisedValue	AppraisedValue		MarketValue	class	FND	estimated value of some asset as of a given point in time	
https://spec.edmcouncil.org/fibo/ontology/FND/Arrangements/Assessments/Appraiser	Appraiser			class	FND	party that evaluates or estimates the nature, quality, ability, or value of someone or something	
https://spec.edmcouncil.org/fibo/ontology/FND/Arrangements/Assessments/AssessmentActivity	AssessmentActivity		OccurrenceKind	class	FND	activity involving the evaluation or estimation of the nature, quality, ability, or value of someone or something	
https://spec.edmcouncil.org/fibo/ontology/FND/Arrangements/Assessments/AssessmentEvent	AssessmentEvent		Occurrence	class	FND	event involving the evaluation or estimation of the nature, quality, or ability of someone or something	
https://spec.edmcouncil.org/fibo/ontology/FND/Arrangements/Assessments/AssessmentReport	AssessmentReport		Report	class	FND	report that includes an opinion, judgement, appraisal, or view about something and typically the methodology and raw inputs used to arrive at that opinion	
https://spec.edmcouncil.org/fibo/ontology/FND/Arrangements/Assessments/ExpectedValue	ExpectedValue		Value	class	FND	theoretical value that is anticipated based on a model or hypothesis	Expected values are often calculated using probability distributions. Note that they can be qualitative, however, such as certain ratings.
https://spec.edmcouncil.org/fibo/ontology/FND/Arrangements/Assessments/FairValue	FairValue		MonetaryAmount	class	FND	price that would be received to sell an asset, or paid to transfer a liability, in an orderly transaction between market participants at the measurement date	ISO/TS 55010:2024(en), Asset management - Guidance on the alignment of financial and non-financial functions in asset management
https://spec.edmcouncil.org/fibo/ontology/FND/Arrangements/Assessments/MarketValue	MarketValue		MonetaryAmount	class	FND	price an asset would sell for in the market	
https://spec.edmcouncil.org/fibo/ontology/FND/Arrangements/Assessments/ObservedValue	ObservedValue		Value	class	FND	value that is an actual data point collected from an experiment, survey, or observation	
https://spec.edmcouncil.org/fibo/ontology/FND/Arrangements/Assessments/Opinion	Opinion			class	FND	judgement, appraisal, or view about something	
https://spec.edmcouncil.org/fibo/ontology/FND/Arrangements/Assessments/PresentValue	PresentValue		QuantitativeValue	class	FND	value of an asset today, which may be calculated from reference data and may based on its expected future value	
https://spec.edmcouncil.org/fibo/ontology/FND/Arrangements/Assessments/QualitativeValue	QualitativeValue		Value	class	FND	value that has less precision or accuracy than a value determined via quantitative methods and which is usually expressed in codes rather than actual numbers	ISO/IEC 5207:2024(en), Information technology - Data usage - Terminology and use cases | Qualitative values may follow nominal or ordinal scales, and may be expressed as enumerations.
https://spec.edmcouncil.org/fibo/ontology/FND/Arrangements/Assessments/QuantitativeValue	QuantitativeValue		Value	class	FND	value determined via quantitative methods, expressed as a numerical value in appropriate units	
https://spec.edmcouncil.org/fibo/ontology/FND/Arrangements/Assessments/ReferenceValue	ReferenceValue		QuantitativeValue	class	FND	value for something discernible for which evidence can be obtained	Derivatives, such as certain exotics, can be based on values ascribed to virtually anything, including weather. Typically, however, a reference value refers to something that can be readily observed in the marketplace, such as a quoted rate (e.g., interest rate, exchange rate), index value, commodity price, stock price, economic indicator, or something similar as of some point in time.
https://spec.edmcouncil.org/fibo/ontology/FND/Arrangements/Assessments/ValuationMethod	ValuationMethod		Strategy	class	FND	method used to determine the present or expected worth of an asset	Asset valuation is the process of determining the fair market or present value of assets, using book values, absolute valuation models like discounted cash flow analysis, option pricing models or comparables. Such assets include investments in marketable securities such as stocks, bonds and options; tangible assets like buildings and equipment; or intangible assets such as brands, patents and trademarks.
https://spec.edmcouncil.org/fibo/ontology/FND/Arrangements/Assessments/Value	Value	business value		class	FND	perceived worth of something, such as a product, service, or asset to a company, customer, or stakeholder	The concept of business value encompasses several dimensions, including: - Customer Value: The benefits that a customer derives from a product or service, measured against the cost of obtaining it. This includes factors like quality, performance, convenience, and price. - Economic Value: The financial benefits that a company gains from its assets, investments, or operations. This can be calculated through metrics like revenue, profit, return on investment (ROI), and cost savings. - Market Value: The price at which an asset or company can be bought or sold in the open market. This reflects the collective assessment of investors and market participants. - Shareholder Value: The financial returns that shareholders receive from owning a company's stock, including dividends and capital gains. - Brand Value: The premium that customers are willing to pay for a product or service due to the brand's reputation, recognition, and loyalty. Overall, value in business is about creating and capturing benefits that meet the needs and expectations of various stakeholders, from customers to investors.
https://spec.edmcouncil.org/fibo/ontology/FND/Arrangements/Assessments/ValueAssessment	ValueAssessment		AssessmentEvent	class	FND	assessment event to estimate the value of something	Note that an appraiser in this context may be a licensed appraiser, such as a real estate appraiser or auction house, or a calculation agent, depending on the circumstances.
https://spec.edmcouncil.org/fibo/ontology/FND/Arrangements/ClassificationSchemes/IndustrySectorClassificationScheme	IndustrySectorClassificationScheme		ClassificationScheme	class	FND	system for allocating classifiers to organizations by industry sector	Examples include the North American Industry Classification System (NAICS) and Standardized Industry Classification (SIC) in the U.S. and Canada, and the NACE (Nomenclature Générale des Activités Économiques dans les Communautés Européennes) in the EU, developed by governments to classify industries. They also include commercial classification schemes, such as the Global Industry Standard Classification (GICS) developed jointly by Morgan Stanley Capital International (MSCI) and Standard and Poor's, and competing schemes including the Industry Classification Benchmark (ICB) system, maintained by Dow Jones and London's FTSE Group, among others.
https://spec.edmcouncil.org/fibo/ontology/FND/Arrangements/ClassificationSchemes/IndustrySectorClassifier	IndustrySectorClassifier			class	FND	standardized classification or delineation for an organization, or possibly for a security representing an interest in a given organization, per some scheme for such delineation, by industry	
https://spec.edmcouncil.org/fibo/ontology/FND/Arrangements/Documents/FinancialRecord	FinancialRecord			class	FND	record of financial information	Financial records include accounts, agreements, trading books, etc.
https://spec.edmcouncil.org/fibo/ontology/FND/Arrangements/IdentifiersAndIndices/Index	Index			class	FND	indirect shortcut derived from and pointing into, a greater volume of values, data, information or knowledge	
https://spec.edmcouncil.org/fibo/ontology/FND/Arrangements/IdentifiersAndIndices/IndexingScheme	IndexingScheme		Scheme	class	FND	system for indexing values, data, information, or knowledge	
https://spec.edmcouncil.org/fibo/ontology/FND/Arrangements/IdentifiersAndIndices/ReassignableIdentifier	ReassignableIdentifier			class	FND	identifier that uniquely identifies something for a given time period, and that may be reused to identify something else at a different point in time	If no assignment termination date is provided, the identifier is considered to be assigned and valid. If there is no initial assignment date, then the identifier is assumed to be assigned up until the termination date, if any. | ticker symbol, vehicle license number, such as a vanity plate that can be reassigned and moved from one car to another
https://spec.edmcouncil.org/fibo/ontology/FND/Arrangements/Lifecycles/Lifecycle	Lifecycle			class	FND	arrangement that compares the cyclical nature of families, organizations, processes, products, marketing, and order management, portfolio management or other systems with the cradle to grave life stages (birth, growth, maturity, decay, and death) of living organisms	The product life cycle describes the period of time over which an item is developed, brought to market and eventually removed from the market. The cycle is broken into four stages: introduction, growth, maturity and decline. The idea of the product life cycle is used in marketing to decide when it is appropriate to advertise, reduce prices, explore new markets or create new packaging.
https://spec.edmcouncil.org/fibo/ontology/FND/Arrangements/Lifecycles/LifecycleEvent	LifecycleEvent		OccurrenceKind	class	FND	kind of event that occurs during one or more stages of a lifecycle	a call notification or coupon payment as a part of a bond lifecycle
https://spec.edmcouncil.org/fibo/ontology/FND/Arrangements/Lifecycles/LifecycleEventOccurrence	LifecycleEventOccurrence		Occurrence	class	FND	realization of an event in a stage of a lifecycle	
https://spec.edmcouncil.org/fibo/ontology/FND/Arrangements/Lifecycles/LifecycleOccurrence	LifecycleOccurrence		Occurrence	class	FND	realization of a lifecycle	
https://spec.edmcouncil.org/fibo/ontology/FND/Arrangements/Lifecycles/LifecycleStage	LifecycleStage			class	FND	phase in a lifecycle	a research and development phase of a product lifecycle, the introduction phase in a marketing lifecycle, a growth stage in an economic lifecycle, or the origination phase in the lifecycle of a loan
https://spec.edmcouncil.org/fibo/ontology/FND/Arrangements/Lifecycles/LifecycleStageOccurrence	LifecycleStageOccurrence		Occurrence	class	FND	realization of a phase in a given lifecycle	
https://spec.edmcouncil.org/fibo/ontology/FND/Arrangements/Lifecycles/LifecycleStatus	LifecycleStatus			class	FND	classifier indicating the position or state of something at a particular point in its life-cycle	
https://spec.edmcouncil.org/fibo/ontology/FND/Arrangements/Ratings/QualitativeRatingScore	QualitativeRatingScore		RatingScore	class	FND	rating score that is represented as a qualitative code with respect to some rating scale	Ratings for the creditworthiness of securities are often qualitative, rather than quantitative, such as a triple-A (i.e., AAA). Many ratings for products and businesses on the Internet are also qualitative, such as 5-star ratings for something.
https://spec.edmcouncil.org/fibo/ontology/FND/Arrangements/Ratings/QuantitativeRatingScore	QuantitativeRatingScore		RatingScore	class	FND	rating score that is a simple numeric value on some scale, such as a credit rating for an individual	
https://spec.edmcouncil.org/fibo/ontology/FND/Arrangements/Ratings/Rating	Rating		Opinion	class	FND	standing of something at a particular time, indicated by at least one scores with respect to some scale, based on an assessment by some party	
https://spec.edmcouncil.org/fibo/ontology/FND/Arrangements/Ratings/RatingAgency	RatingAgency		RatingIssuer	class	FND	rating issuer that is also a rating scale publisher, frequently but not always an independent rating service	
https://spec.edmcouncil.org/fibo/ontology/FND/Arrangements/Ratings/RatingAssessmentActivity	RatingAssessmentActivity		AssessmentActivity	class	FND	assessment activity resulting in a grade or score and potentially a report describing the score and the process used to determine that score	
https://spec.edmcouncil.org/fibo/ontology/FND/Arrangements/Ratings/RatingAssessmentEvent	RatingAssessmentEvent		AssessmentEvent	class	FND	individual assessment resulting in a grade or score and potentially a report describing the score	
https://spec.edmcouncil.org/fibo/ontology/FND/Arrangements/Ratings/RatingIssuer	RatingIssuer			class	FND	party that is responsible for issuing ratings	A rating issuer is frequently, but not always the rating scale publisher. A rating issuer may delegate responsibility for producing a rating to a rating party.
https://spec.edmcouncil.org/fibo/ontology/FND/Arrangements/Ratings/RatingParty	RatingParty			class	FND	person, organization or group that analyzes some aspect of something and develops a rating	
https://spec.edmcouncil.org/fibo/ontology/FND/Arrangements/Ratings/RatingReport	RatingReport		AssessmentReport	class	FND	report describing a set of ratings	
https://spec.edmcouncil.org/fibo/ontology/FND/Arrangements/Ratings/RatingScale	RatingScale		ClassificationScheme	class	FND	system for assigning a value to something according to some scale with respect to quality, a standard, or ranking	
https://spec.edmcouncil.org/fibo/ontology/FND/Arrangements/Ratings/RatingScalePublisher	RatingScalePublisher			class	FND	party responsible for managing one or more rating schemes and potentially publishing ratings based on those schemes	Rating scale publishers are frequently also rating agencies.
https://spec.edmcouncil.org/fibo/ontology/FND/Arrangements/Ratings/RatingScore	RatingScore			class	FND	grade, classification, or ranking of for something in accordance with some rating scale	The meaning and methodology for determining a rating score for the rating of something is determined by a rating issuer. A given rating may apply at some point in time, as a part of a lifecycle or process, or generally. Typically ratings reflect an assessment of a state of affairs at some point in time.
https://spec.edmcouncil.org/fibo/ontology/FND/Arrangements/Reporting/Report	Report			class	FND	document that provides a structured description of something, prepared on ad hoc, periodic, recurring, regular, or as required basis	Reports may refer to specific periods, events, occurrences, or subjects, and may be communicated or presented in oral, electronic, or written form.
https://spec.edmcouncil.org/fibo/ontology/FND/Arrangements/Reporting/ReportingParty	ReportingParty			class	FND	party providing a report, typically in response to some contractual, legal, regulatory or other business requirement	
https://spec.edmcouncil.org/fibo/ontology/FND/Arrangements/Reporting/Request	Request		Occurrence	class	FND	event in which some party asks another party for something at some point in time	
https://spec.edmcouncil.org/fibo/ontology/FND/Arrangements/Reporting/RequestActivity	RequestActivity		OccurrenceKind	class	FND	activity in which some party asks another party for something or to do something	
https://spec.edmcouncil.org/fibo/ontology/FND/Arrangements/Reporting/Requester	Requester			class	FND	party that asks for something	
https://spec.edmcouncil.org/fibo/ontology/FND/Arrangements/Reporting/Submitter	Submitter			class	FND	party presenting something, such as a regulatory report	
https://spec.edmcouncil.org/fibo/ontology/FND/DatesAndTimes/BusinessDates/BusinessDayConvention	BusinessDayConvention	business day adjustment	BusinessRecurrenceIntervalConvention	class	FND	convention that enumerates the possible ways to handle a date that falls on a weekend or holiday	https://www.actusfrf.org/dictionary | Business day conventions are linked to a calendar. Calendars have working and non-working days. In the ACTUS dictionary, the rules related to business day conventions (BDCs) state that a BDC value other than N means that cash flows cannot fall on non-working days, they must be shifted to the next business day (following) or the previous on (preceding). These two simple rules get refined twofold: (1) Following modified (preceding): Same like following (preceding), however if a cash flow gets shifted into a new month, then it is shifted to preceding (following) business day; (2) Shift/calculate (SC) and calculate/shift (CS). Accrual, principal, and possibly other calculations are affected by this choice. In the case of SC first the dates are shifted and after the shift cash flows are calculated. In the case of CS it is the other way round. | Business day conventions commonly include: - Following business day: Moves the date to the next business day - Modified following business day: Moves the date to the next business day, unless it would fall in the next calendar month - Preceding business day: Moves the date to the previous business day - Modified preceding business day: Moves the date to the previous business day, unless it would fall in the previous calendar month | The 2006 IDSA Definitions Section 4.11, provide the following examples: FRN Convention; Eurodollar Convention. - If a payment date or period end date falls on a non-business day, it is moved to the next business day. - If there is no numerically corresponding day in a calendar month, the payment date or period end date is moved to the last business day in that month.
https://spec.edmcouncil.org/fibo/ontology/FND/DatesAndTimes/BusinessDates/BusinessRecurrenceInterval	BusinessRecurrenceInterval		RecurrenceInterval	class	FND	recurrence interval that is defined per a specific convention that determines how recurring days should be handled	
https://spec.edmcouncil.org/fibo/ontology/FND/DatesAndTimes/BusinessDates/BusinessRecurrenceIntervalConvention	BusinessRecurrenceIntervalConvention		Convention	class	FND	convention that specifies how recurring days should be handled, such as the end of the month, a particular day of the month, a day of the week, or more specifically, a t-bill auction date	
https://spec.edmcouncil.org/fibo/ontology/FND/DatesAndTimes/BusinessDates/Convention	Convention			class	FND	widely accepted or established way of doing 'something' within some community of practice	
https://spec.edmcouncil.org/fibo/ontology/FND/DatesAndTimes/BusinessDates/DayOfMonth	DayOfMonth		BusinessRecurrenceInterval	class	FND	specific, recurring day of the month	
https://spec.edmcouncil.org/fibo/ontology/FND/DatesAndTimes/BusinessDates/DayOfWeek	DayOfWeek	day of the week	BusinessRecurrenceInterval	class	FND	specific, recurring day of the week	
https://spec.edmcouncil.org/fibo/ontology/FND/DatesAndTimes/BusinessDates/EndOfMonth	EndOfMonth	end of the month	BusinessRecurrenceInterval	class	FND	the last day of a calendar month, irrespective of the length of the calendar month	
https://spec.edmcouncil.org/fibo/ontology/FND/DatesAndTimes/FinancialDates/AdHocSchedule	AdHocSchedule		Schedule	class	FND	schedule consisting of some number of individual events that are not necessarily recurring	
https://spec.edmcouncil.org/fibo/ontology/FND/DatesAndTimes/FinancialDates/AdHocScheduleEntry	AdHocScheduleEntry		DatedCollectionConstituent	class	FND	entry, including a date or date and time, among multiple non-regularly-recurring entries in a schedule	
https://spec.edmcouncil.org/fibo/ontology/FND/DatesAndTimes/FinancialDates/Age	Age			class	FND	length of time that something or someone has been alive or existed	
https://spec.edmcouncil.org/fibo/ontology/FND/DatesAndTimes/FinancialDates/AnchorDate	AnchorDate			class	FND	fixed reference point within a series or timeline	It is an explicit date chosen to provide context or structure for analyzing data or events.
https://spec.edmcouncil.org/fibo/ontology/FND/DatesAndTimes/FinancialDates/BusinessCalendar	BusinessCalendar		Schedule	class	FND	schedule and communications tool used to manage meetings, plan events, and coordinate activities within and/or across organizations	academic calendar, bank holiday calendar
https://spec.edmcouncil.org/fibo/ontology/FND/DatesAndTimes/FinancialDates/CalculatedDate	CalculatedDate			class	FND	date that is or will be determined based on some formula	The hasDateValue property of a CalculatedDate is not set until the Date is calculated. Since the calculation may depend upon future events that may or may not ever happen, the hasDateValue property may never be set.
https://spec.edmcouncil.org/fibo/ontology/FND/DatesAndTimes/FinancialDates/CalculationPeriod	CalculationPeriod			class	FND	explicit period from the start to the end of a specific interval or range within which a computational process or operation occurs	
https://spec.edmcouncil.org/fibo/ontology/FND/DatesAndTimes/FinancialDates/CalculationPeriodLength	CalculationPeriodLength			class	FND	explicit number of days from the adjusted effective or start date to the adjusted termination or end date calculated in accordance with the applicable day count fraction	
https://spec.edmcouncil.org/fibo/ontology/FND/DatesAndTimes/FinancialDates/CalendarPeriod	CalendarPeriod			class	FND	time interval that occurs within a system that fixes the beginning and length of a segment of the year with respect to that system	A calendar-specified date may be figured with respect to a calendar week, a calendar month, a calendar quarter, or a calendar year.
https://spec.edmcouncil.org/fibo/ontology/FND/DatesAndTimes/FinancialDates/CalendarSpecifiedInterval	CalendarSpecifiedInterval	calendar-specified interval	RecurrenceInterval	class	FND	recurrence interval that is defined as the nth day of some calendar period (such as a calendar month), and a time direction (forward from the beginning of the month, or backwards from the end)	The nth day is an ordinal number, not a cardinal number. '1' means the first day of the calendar period. | The 15th day of each calendar month. | The last day of each quarter, specified as RelativeDay 1, and TimeDirection set to FromEnd.
https://spec.edmcouncil.org/fibo/ontology/FND/DatesAndTimes/FinancialDates/DatedCollectionConstituent	DatedCollectionConstituent			class	FND	element of a collection that is associated with a date and time	Note that the use of several options for the representation of a date and time stamp enables extensions for milliseconds, nanoseconds using an xsd:string that has the format of an xsd:dateTime datatype but extends the level of granularity consistently. An example of where this is required is to represent prices that change multiple times in a given day.
https://spec.edmcouncil.org/fibo/ontology/FND/DatesAndTimes/FinancialDates/DatedStructuredCollection	DatedStructuredCollection			class	FND	structured collection whose elements are required to have a date and time	
https://spec.edmcouncil.org/fibo/ontology/FND/DatesAndTimes/FinancialDates/ExplicitRecurrenceInterval	ExplicitRecurrenceInterval		RecurrenceInterval	class	FND	recurrence interval defined via an explicit duration	
https://spec.edmcouncil.org/fibo/ontology/FND/DatesAndTimes/FinancialDates/RecurrenceInterval	RecurrenceInterval	frequency		class	FND	time interval that is consistent between elements of a regular schedule	
https://spec.edmcouncil.org/fibo/ontology/FND/DatesAndTimes/FinancialDates/RegularSchedule	RegularSchedule	parametric schedule	Schedule	class	FND	schedule whose time intervals recur regularly	A RegularSchedule is a Schedule defined as a set of Dates that start on a recurrence start date and repeat after each recurrence interval. The size of this set is defined by a count. The 'initial ScheduleStub' associated with a RegularSchedule identifies any special treatment applied before the recurrence start date. Similarly, a 'final ScheduleStub' identifies any special handling at the end of the recurrences. For example, a mortgage loan that is due each calendar month may have an initial payment due before the first calendar month, or a final payment due after the last monthly payment. | A parametric schedule is a regular schedule for one of the events that occur in a periodic schedule of interest accruals, interest payments, and (for floating rate swapstreams), changes to the interest rate. Parametric schedules may be specified individually but more commonly, calculation events are scheduled, with other dates specified as offsets. In a regular schedule, related dates may be independently parametrically scheduled. | A 30 year mortgage is payable monthly on the 10th of the month, starting July 2015. The mortgage is issued on June 15, 2015 so the first payment is for the period June 15-June 30, and the last payment is for June 1-14 2045. The payment schedule is a RegularSchedule with these properties: * comprises: regular payment OccurrenceKind (with payment details) (see the 'comprises' property of the Occurrences ontology) * hasInitialStub: June 15-30, 2015 for initial payment * hasFinalStub: June 1-14, 2045 for final payment * hasCount: 358 * hasOverallPeriod starting Date: June 15, 2015 with a duration of 30 years * hasRecurrenceInterval: specifies 10th day of each calendar month * hasRecurrenceStartDate: July 1, 2015 | A corporate bond pays interest for 10 years starting on the first day of 2015. Interest payments are due 15 days after the expiration of each 6 month period: on July 15 and January 16. The payment schedule is a RegularSchedule, with these properties: * comprises: identifies the interest payment details * overall DatePeriod starting date is '2015-01-01', ending date is '2025-01-15', and duration is 'P10Y15D' * hasCount is 20 (2 payments per year for 10 years) * hasRecurrenceInterval is 'P6M' * hasRecurrenceStartDate is '2015-01-15' | An ISDA FpML schedule has a specified date (via a convention), and a date roll rule which is specified for the whole schedule and applies to each of the dates returned by the parametric specification of the schedule. It has: (1) a schedule beginning and end; (2) a set of regular repeating periods: the scheduled event takes place once per period; (3) optionally one or two stubs (one start and one end), which may be longer than the repeating period, or shorter. The precise parameters used are: Start of the overall Schedule period: Effective Date End of the overall Schedule period: Termination Date Start of first regular period: not specified (assume Effective Date) Length of each regular period: Frequency (a duration) There are generally three ways in which the regular periods of a parametric schedule may be expressed: first plus last first plus period length last plus period length event date plus period length. In FpML, Roll events (the date that something rolls over from the value used in one period to the value used in the next) is defined in a Roll Convention, which may be a day of the month, a day of the week, or some published set of dates, typically the ISDA quarterly dates for these events. This is therefore the date within the regular period (before adjustments) when the event occurs. This is in addition to a date for the start or end of such a period. In general this applies to the Calculation Schedule (i.e. the event is the calculation event) with other dates specified relative to this, however in principle the other related events (payment and reset or refix) are specified relative to this.
https://spec.edmcouncil.org/fibo/ontology/FND/DatesAndTimes/FinancialDates/RelativeDate	RelativeDate		CalculatedDate	class	FND	calculated date that is some duration before or after another date	When the 'hasRelativeDuration' property is negative, the RelativeDate is before the 'isRelativeTo' Date; otherwise the RelativeDate is after the 'isRelativeTo' Date. | A settlement date, defined as T+3: three days after the trade date. The 'hasRelativeDuration' property is set to '3D'.
https://spec.edmcouncil.org/fibo/ontology/FND/DatesAndTimes/FinancialDates/Schedule	Schedule			class	FND	collection of events, observations, or other occurrences and the associated dates and/or times when they will be done	The overall period covers the entire DatePeriod of the Schedule, from the earliest Date to the final Date of the Schedule. Schedules may be ad hoc, essentially a list of dates and events without any consistency in the durations between events, regular, in which case there is a consistently recurring interval between events, or a combination of the two. There may be a single overall period, or more than one if the schedule is extended for some reason.
https://spec.edmcouncil.org/fibo/ontology/FND/DatesAndTimes/FinancialDates/ScheduleStub	ScheduleStub			class	FND	date period before the start of the recurring part of a schedule or after the end of the recurring part, which may be associated with a specific occurrence kind	A 30 year mortgage calls for monthly payments on the first day of each month, according to a RegularSchedule. If the mortgage does not start on the first day of a calendar month, then an initial ScheduleStub specifies the payment due for the DatePeriod up to the first day of the next calendar month. Similarly, a final ScheduleStub specifies the last payment due for the DatePeriod after the end of the last full calendar month.
https://spec.edmcouncil.org/fibo/ontology/FND/DatesAndTimes/FinancialDates/SpecifiedDate	SpecifiedDate		CalculatedDate	class	FND	calculated date that is defined by a rule that is captured as a string by the 'hasDateSpecification' property	
https://spec.edmcouncil.org/fibo/ontology/FND/DatesAndTimes/FinancialDates/TimeDirection	TimeDirection			class	FND	enumeration that indicates whether a calendar-specified date is figured from the start or the end of a calendar period	
https://spec.edmcouncil.org/fibo/ontology/FND/DatesAndTimes/Occurrences/Calculation	Calculation		Occurrence	class	FND	actual execution of some computation, computational process, or operation that was scheduled or triggered by something	
https://spec.edmcouncil.org/fibo/ontology/FND/DatesAndTimes/Occurrences/CalculationEvent	CalculationEvent		OccurrenceKind	class	FND	kind of event that is either scheduled or triggered by something, such as a related financial event, that causes a calculation to be performed	A calculation event may be prescriptive, that occurs within a specified period, or ad hoc. | A calculation event related to a debt instrument might be a rate reset event, calculation of interest subsequent to a rate change, an amortization calculation, calculation of interest and/or recalculation of principal due to a late payment, etc. A calculation event related to an investment might involve the adjustment of the number of shares owned, such as a redemption or dividend related event.
https://spec.edmcouncil.org/fibo/ontology/FND/DatesAndTimes/Occurrences/Occurrence	Occurrence	event		class	FND	happening of an OccurrenceKind, i.e., an event	Each occurrence has a date time stamp, which identifies when the event occurred, and, optionally, a location (possibly virtual), that identifies where the occurrence happened.
https://spec.edmcouncil.org/fibo/ontology/FND/DatesAndTimes/Occurrences/OccurrenceBasedDate	OccurrenceBasedDate	occurrence-based date	CalculatedDate	class	FND	calculated date that is defined with respect to the occurrence of some occurrence kind	The 'hasDateValue' property of an OccurrenceBasedDate is not set until the Occurrence happens. The 'triggeredBy' property relates an OccurrenceBasedDate to the OccurrenceKind that gives the meaning of the OccurrenceBasedDate.
https://spec.edmcouncil.org/fibo/ontology/FND/DatesAndTimes/Occurrences/OccurrenceKind	OccurrenceKind			class	FND	classifier that specifies the general nature of an occurrence (event)	As types (or categories) of events, OccurenceKinds do not happen; OccurenceKinds describe Occurrences which happen and exemplify an OccurenceKind. As occurrences are things that actually happen, they have an actual date where as OccurenceKinds do not have an actual date. | loan origination | trade settlement
https://spec.edmcouncil.org/fibo/ontology/FND/GoalsAndObjectives/Objectives/Aim	Aim			class	FND	intention specifying a desired direction, condition, or situation toward which an agent's actions are directed, without requiring precise scope or measurable criteria	Business aims are sometimes considered broad, long-term goals, and in such cases, the term 'aim' is used interchangeably with goal. Here, however we differentiate between qualitative goals and quantitative objectives, both of which are kinds of aims, with the critical differences including measurability and time frame. Goals tend to have a much longer trajectory, provide the basis for determining objectives, and are often aligned with an organization's mission, whereas objectives are short term and measurable.
https://spec.edmcouncil.org/fibo/ontology/FND/GoalsAndObjectives/Objectives/Approach	Approach			class	FND	way of addressing an aim or problem characterized by high-level planning and systematic execution, without presupposing scope or granularity	
https://spec.edmcouncil.org/fibo/ontology/FND/GoalsAndObjectives/Objectives/BusinessObjective	BusinessObjective		Objective	class	FND	objective that reflects the strategic goals and direction of a business within a time frame and available resources	Business objectives allow an organization to define its goals and direction. A company uses strategy and tactics at every level of its operation to achieve its objectives. These define the way a company allocates its resources and the strengths, weaknesses and opportunities it may have. Companies usually do not alter their objectives once they are implemented, unless changes in circumstances arise. Setting a clear course for the organization is key to its success. | In general, objectives are more specific and easier to measure than goals. Objectives are basic tools that underlie all planning and strategic activities. They serve as the basis for creating policy and evaluating performance. Some examples of business objectives include minimizing expenses, expanding internationally, or making a profit.
https://spec.edmcouncil.org/fibo/ontology/FND/GoalsAndObjectives/Objectives/BusinessStrategy	BusinessStrategy		Strategy	class	FND	strategy for achieving a specific business goal, objective, solution or outcome	
https://spec.edmcouncil.org/fibo/ontology/FND/GoalsAndObjectives/Objectives/DistributionStrategy	DistributionStrategy		Strategy	class	FND	strategy for making a product or service available, or for distributing funds, such as in the form of a dividend or coupon	
https://spec.edmcouncil.org/fibo/ontology/FND/GoalsAndObjectives/Objectives/FinancialObjective	FinancialObjective		Objective	class	FND	objective that reflects the strategic financial goals and direction of a party within a time frame and available resources	
https://spec.edmcouncil.org/fibo/ontology/FND/GoalsAndObjectives/Objectives/Goal	Goal		Aim	class	FND	aim distinguished by broad scope and aspirational character, often qualitative and long-term, in order to achieve a desired state	Many people endeavor to reach goals within a finite time by setting deadlines.
https://spec.edmcouncil.org/fibo/ontology/FND/GoalsAndObjectives/Objectives/InvestmentObjective	InvestmentObjective		FinancialObjective	class	FND	financial objective used by an investor to determine whether or not a given potential investment is appropriate for themselves or on behalf of another party	The combination of investment objectives and risk tolerance are typically used to identify appropriate investment options. | An investor whose objective is capital growth might choose to invest in more aggressive, growth-oriented mutual funds and/or stocks, over income-generating mutual funds and/or bonds.
https://spec.edmcouncil.org/fibo/ontology/FND/GoalsAndObjectives/Objectives/LocalInvestmentObjective	LocalInvestmentObjective		InvestmentObjective	class	FND	financial objective that aims to support geographically centralized, community development needs	
https://spec.edmcouncil.org/fibo/ontology/FND/GoalsAndObjectives/Objectives/Method	Method		Approach	class	FND	approach distinguished by systematic, repeatable procedures and operational specificity for doing or calculating something, consisting of defined steps or rules to achieve a result	
https://spec.edmcouncil.org/fibo/ontology/FND/GoalsAndObjectives/Objectives/Objective	Objective		Aim	class	FND	aim distinguished by specific scope and measurable criteria, often quantitative and short-term that a party seeks to attain, typically in order to achieve its long-term goals	
https://spec.edmcouncil.org/fibo/ontology/FND/GoalsAndObjectives/Objectives/Program	Program	programme		class	FND	state of affairs and coordinated set of activities designed to obtain benefits not available from managing them individually	https://www.prince2.com/usa/blog/project-vs-programme
https://spec.edmcouncil.org/fibo/ontology/FND/GoalsAndObjectives/Objectives/ProgramIdentifier	ProgramIdentifier	programme identifier		class	FND	sequence of characters uniquely identifying a specific program within the context in which that program is administered	
https://spec.edmcouncil.org/fibo/ontology/FND/GoalsAndObjectives/Objectives/ProgramName	ProgramName	programme name	ContextualName	class	FND	contextual designation for a program within the context in which that program is administered	
https://spec.edmcouncil.org/fibo/ontology/FND/GoalsAndObjectives/Objectives/Project	Project			class	FND	state of affairs and unique and temporary organization, designed to deliver a tangible output	https://www.prince2.com/usa/blog/project-vs-programme | A project has a fixed - generally fairly short - timeframe, and a project manager is responsible for delivering the output on time and on budget.
https://spec.edmcouncil.org/fibo/ontology/FND/GoalsAndObjectives/Objectives/ProjectIdentifier	ProjectIdentifier			class	FND	sequence of characters uniquely identifying a specific project within the context in which that project or an overarching program is administered	
https://spec.edmcouncil.org/fibo/ontology/FND/GoalsAndObjectives/Objectives/ProjectName	ProjectName		ContextualName	class	FND	contextual designation for a project	
https://spec.edmcouncil.org/fibo/ontology/FND/GoalsAndObjectives/Objectives/SalesStrategy	SalesStrategy		BusinessStrategy	class	FND	strategy for selling something, including allocating resources to the sales process, reducing costs, and optimizing revenues	
https://spec.edmcouncil.org/fibo/ontology/FND/GoalsAndObjectives/Objectives/Strategy	Strategy		Approach	class	FND	high-level approach that guides decision-making and the coordination of actions and plans in pursuit of some aim	A strategy is a high-level plan or approach designed to achieve a long-term goal or outcome, often by choosing among different possible methods or courses of action. A strategy may involve activities that are needed in order to achieve specific goals or objectives. It may take into account one or more policies or any number of restrictions and constraints. Strategies are typically distinguished by long-term orientation, adaptive planning, and broad scope.
https://spec.edmcouncil.org/fibo/ontology/FND/GoalsAndObjectives/Objectives/Study	Study			class	FND	analytical activity that investigates a specified area of interest, to determine its characteristics, relationships, constraints, or implications	Studies involve exploration, analysis, sometimes modeling, and sometimes evaluation, but are not necessarily focused on evaluation and may or may not be criteria-based, which distinguishes it from the concept of an assessment. In a business context, a study might map capabilities, analyze value streams, or model information flows. Only some studies produce an assessment (e.g., capability maturity assessment). A clinical research study may observe, test, or model phenomena, and may or may not result in a clinical or risk assessment. A study conducted as part of a project or larger programme may explore feasibility, options, impacts, or requirements.
https://spec.edmcouncil.org/fibo/ontology/FND/GoalsAndObjectives/Objectives/TripleBottomLineObjective	TripleBottomLineObjective		InvestmentObjective	class	FND	financial objective that integrates economic performance, environmental stewardship, and social responsibility as co-equal criteria for success	
https://spec.edmcouncil.org/fibo/ontology/FND/Law/LegalCapacity/Claim	Claim		LegalConstruct	class	FND	demand or assertion made by one party on another, based on facts that, taken together, give rise to a legally enforceable right or judicial action	Claims arise from the existence of a formal commitment between the parties or as implicitly agreed upon through the operation of law or constitution.
https://spec.edmcouncil.org/fibo/ontology/FND/Law/LegalCapacity/ContingentObligation	ContingentObligation		Duty	class	FND	obligation that depends on a future event or the performance of an action	
https://spec.edmcouncil.org/fibo/ontology/FND/Law/LegalCapacity/ContingentRight	ContingentRight		Right	class	FND	right that depends on a future event or the performance of an action	Contingent means that the interest, claim, or right is conditional, realized only when and if something occurs.
https://spec.edmcouncil.org/fibo/ontology/FND/Law/LegalCapacity/ContractualCapability	ContractualCapability		LegalCapacity	class	FND	the capacity to enter into legally binding contracts	
https://spec.edmcouncil.org/fibo/ontology/FND/Law/LegalCapacity/ContractualInterest	ContractualInterest		ContractualRight	class	FND	legally enforceable benefit or entitlement arising from a contract, agreement, or instrument, in which an entity holds specified rights or obligations related to the performance, use, or benefit of something, without necessarily holding ownership	Contractual interest may include rights to income, access, use, or participation, and is governed by the terms and conditions of the underlying contract. It may be transferable or limited, and can coexist with or be independent of ownership rights. | Contractual interests differ from ownership interests in terms of (1) the source of rights, which are specified in an agreement or contract in the case of contractual interests, and in terms of title or equity with respect to ownership, (2) control, which is typically limited at best in the case of contractual interest, and (3) transferability, which depends on the terms of the contract. Examples of contractual interest include fund units, leaseholds, annuities, and rights to certain services, whereas shares, real estate, and assets of a trust reflect ownership interest.
https://spec.edmcouncil.org/fibo/ontology/FND/Law/LegalCapacity/ContractualObligation	ContractualObligation		LegalObligation	class	FND	legally binding obligation that arises from the terms of a contract	Contractual obligations require a party to perform or refrain from performing specific actions, and failure to meet an obligation can result in legal consequences.
https://spec.edmcouncil.org/fibo/ontology/FND/Law/LegalCapacity/ContractualOption	ContractualOption		ContractualRight	class	FND	contractual right that may be exercised at some point in the future, such as an option to extend a contract, or other available but not obligatory rights as defined in the contract	
https://spec.edmcouncil.org/fibo/ontology/FND/Law/LegalCapacity/ContractualRight	ContractualRight		Right	class	FND	legally enforceable benefit or entitlement granted to a party within a binding agreement	Contractual rights are established by the terms of a contract, which can be explicit (written) or implied by law, industry standards, or consistent practices.
https://spec.edmcouncil.org/fibo/ontology/FND/Law/LegalCapacity/DelegatedLegalAuthority	DelegatedLegalAuthority		LegalCapacity	class	FND	institutionalized and legal power inherent in a particular job, function, or position that is meant to enable its holder to successfully carry out his or her responsibilities, where such power has been delegated through some formal means	This is always accompanied by an equal responsibility for one's actions or a failure to act.
https://spec.edmcouncil.org/fibo/ontology/FND/Law/LegalCapacity/DeliveryObligation	DeliveryObligation		ContingentObligation	class	FND	obligation to deliver something in order to satisfy a claim or debt	A delivery obligation is the responsibility of one party to deliver goods, services, instruments, money, or other specified items to another party, typically as outlined in an agreement. Failure to do so may result in breach of contract if the obligation is specified as such, which may have further legal ramifications.
https://spec.edmcouncil.org/fibo/ontology/FND/Law/LegalCapacity/Duty	Duty		LegalConstruct	class	FND	some obligation which exists and is imposed on some individual	
https://spec.edmcouncil.org/fibo/ontology/FND/Law/LegalCapacity/LegalCapacity	LegalCapacity		LegalConstruct	class	FND	the capability to carry out certain actions or to have certain rights together with the resources to do so	
https://spec.edmcouncil.org/fibo/ontology/FND/Law/LegalCapacity/LegalConstruct	LegalConstruct			class	FND	something which is conferred by way of law or contract, such as a right	
https://spec.edmcouncil.org/fibo/ontology/FND/Law/LegalCapacity/LegalObligation	LegalObligation		Duty	class	FND	an obligation or duty that is enforceable by a court	
https://spec.edmcouncil.org/fibo/ontology/FND/Law/LegalCapacity/LegalRight	LegalRight		Right	class	FND	personal right, privilege, or benefit that a government, contract, or law provides or protects, making an individual or entity eligible to receive something	A legal right, if challenged, may be supported in court as recognizable and enforceable in law, statutes, regulations, or other legislative actions. | This entitlement creates a corresponding obligation for the provider to deliver that benefit.
https://spec.edmcouncil.org/fibo/ontology/FND/Law/LegalCapacity/LiabilityCapacity	LiabilityCapacity		LegalCapacity	class	FND	the ability to be sued at law	
https://spec.edmcouncil.org/fibo/ontology/FND/Law/LegalCapacity/License	License			class	FND	grant of permission needed to do something	Barron's Dictionary of Business and Economics Terms, Fifth Edition, 2012 | Note that in some cases, a license may also be considered an agreement or contract, depending on the specifics of the license and jurisdiction.
https://spec.edmcouncil.org/fibo/ontology/FND/Law/LegalCapacity/LicenseIdentifier	LicenseIdentifier			class	FND	an identifier associated with a license	
https://spec.edmcouncil.org/fibo/ontology/FND/Law/LegalCapacity/Licensee	Licensee			class	FND	a party to whom a license has been granted	Barron's Dictionary of Business and Economics Terms, Fifth Edition, 2012
https://spec.edmcouncil.org/fibo/ontology/FND/Law/LegalCapacity/Licensor	Licensor			class	FND	a party who grants a license	Barron's Dictionary of Business and Economics Terms, Fifth Edition, 2012
https://spec.edmcouncil.org/fibo/ontology/FND/Law/LegalCapacity/LitigationCapacity	LitigationCapacity		LegalCapacity	class	FND	the legal capacity to pursue a litigation action in law	
https://spec.edmcouncil.org/fibo/ontology/FND/Law/LegalCapacity/NotificationObligation	NotificationObligation		ContingentObligation	class	FND	requirement for one party to formally inform another party (or parties) about specific events, actions, or changes as outlined in the agreement	Common triggering events include breaches, changes in circumstances, delays, or other kinds of events that may have a material impact on the agreement.
https://spec.edmcouncil.org/fibo/ontology/FND/Law/LegalCapacity/Policy	Policy			class	FND	system of principles, rules and guidelines, adopted by an organization to guide decision making with respect to particular situations and implemented via procedures or protocols to achieve stated goals	
https://spec.edmcouncil.org/fibo/ontology/FND/Law/LegalCapacity/Regulation	Regulation		LegalConstruct	class	FND	a rule used to carry out a law	Many government agencies issue regulations to administer laws.
https://spec.edmcouncil.org/fibo/ontology/FND/Law/LegalCapacity/ReportingPolicy	ReportingPolicy		Policy	class	FND	policy specifying principles, rules and/or guidelines regarding some aspect of reporting	For example a policy for how frequently a given kind of report is produced.
https://spec.edmcouncil.org/fibo/ontology/FND/Law/LegalCapacity/Right	Right		LegalConstruct	class	FND	entitlement to perform certain actions (or not), or to be in certain states (or not); or entitlement that requires others to perform certain actions or be in certain states (or not)	Rights dominate modern understandings of what actions are permissible and which institutions are just. Rights structure the form of governments, the content of laws, and the shape of morality as many now see it. To accept a set of rights is to approve a distribution of freedom and authority, and so to endorse a certain view of what may, must, and must not be done. According to the Hohfeldian incidents (Wesley Hohfeld (1879-1918)), rights are complex and consist of four major components: privilege, claim, power, and immunity. | Examples include contractual rights, legal rights, human rights, political rights, and so forth.
https://spec.edmcouncil.org/fibo/ontology/FND/Law/LegalCapacity/SignatoryCapacity	SignatoryCapacity		LegalCapacity	class	FND	the capacity of some natural person to sign agreements on the part of some organization or legal person	
https://spec.edmcouncil.org/fibo/ontology/FND/Law/LegalCore/Constitution	Constitution			class	FND	set of basic principles by which an organization is governed, especially in relation to the rights of the people it governs	A constitution is an aggregate of fundamental principles or established precedents that constitute the legal basis of a polity, organisation or other type of entity and commonly determine how that entity is to be governed.
https://spec.edmcouncil.org/fibo/ontology/FND/Law/LegalCore/CourtOfLaw	CourtOfLaw		FormalOrganization	class	FND	person or body of persons having judicial authority to hear and resolve disputes on the basis of statutes or the common law	A court of law is a formal forum of justice that may have authority over civil, criminal, ecclesiastical, or military cases.
https://spec.edmcouncil.org/fibo/ontology/FND/Law/LegalCore/Law	Law			class	FND	rule recognized by some community as regulating the behavior of its members and that it may enforce through the imposition of penalties	Law is a term which does not have a universally accepted definition. Certain laws are made by governments, specifically by their legislatures although the sense intended here is broader. The formation of laws themselves may be influenced by a constitution (written or unwritten) and the rights encoded therein. The law shapes politics, economics and society in countless ways and serves as a social mediator of relations between people.
https://spec.edmcouncil.org/fibo/ontology/FND/Law/LegalCore/StatuteLaw	StatuteLaw		Law	class	FND	law enacted by a legislature	https://www.law.cornell.edu/wex/statute | In the United States, statutes may also be called acts, such as the Civil Rights Act of 1964 or the Sarbanes-Oxley Act. Federal laws must be passed by both houses of Congress, the House of Representative and the Senate, and then usually require approval from the president before they can take effect. | Statutes may originate with national, state legislatures or local municipalities. Statutory laws are subordinate to the higher constitutional laws of the land.
https://spec.edmcouncil.org/fibo/ontology/FND/Organizations/FormalOrganizations/Employee	Employee			class	FND	person in the service of another under any contract of hire, express or implied, oral or written, where the employer has the right to control and direct that person in the material details of how the work is to be performed	
https://spec.edmcouncil.org/fibo/ontology/FND/Organizations/FormalOrganizations/Employer	Employer			class	FND	party that provides compensation, including wages or a salary and potentially other benefits, in exchange for work performed by one or more people, and that has the right to control and direct the employee in the material details of how the work is to be performed	
https://spec.edmcouncil.org/fibo/ontology/FND/Organizations/FormalOrganizations/Employment	Employment			class	FND	situation representing the state of being employed, i.e., the relationship that holds between an employer and employee for some period of time	In the broadest sense, employment is the situation in which someone is fully engaged in doing something that they want to do. From a FIBO perspective, however, employment is understood to be more specific. It is the relationship between two parties, evidenced by an implicit or explicit contract, in which work is compensated and in which one party, a legal person, typically a formal organization, acts as the employer and the other, typically a legally capable natural person, as the employee.
https://spec.edmcouncil.org/fibo/ontology/FND/Organizations/FormalOrganizations/Group	Group			class	FND	collection of agents (people, organizations, software agents, etc.) that are considered as a unit	
https://spec.edmcouncil.org/fibo/ontology/FND/OwnershipAndControl/Control/Control	Control			class	FND	situation in which some party has the power to direct or strongly influence the direction of the management and policies related to something	Control may be direct (explicit) or indirect (implicit), derived through ownership of voting shares, beneficial ownership, other ownership relations, through provisions of a contract, or otherwise.
https://spec.edmcouncil.org/fibo/ontology/FND/OwnershipAndControl/Control/ControlledThing	ControlledThing			class	FND	something over which some party exercises some form of control with respect to some situation	
https://spec.edmcouncil.org/fibo/ontology/FND/OwnershipAndControl/Control/ControllingParty	ControllingParty			class	FND	actor that exercises some form of control in the context of some situation	
https://spec.edmcouncil.org/fibo/ontology/FND/OwnershipAndControl/Control/DeFactoControl	DeFactoControl		Control	class	FND	control that exists informally and is accepted, although not formally recognized	For example, de facto acquisition or change of control means the acquisition, directly or indirectly, by any person or group of persons acting jointly or in concert, of beneficial ownership of, or control or direction over, sufficient voting shares of some legal entity to permit such person or persons to exercise, or to control or direct the voting of, 50 percent or more of the total number of votes in that entity.
https://spec.edmcouncil.org/fibo/ontology/FND/OwnershipAndControl/Control/DeJureControl	DeJureControl		LegalConstruct	class	FND	control that exists as a matter of law, i.e., legitimate, legal control of something	
https://spec.edmcouncil.org/fibo/ontology/FND/OwnershipAndControl/Ownership/Asset	Asset	economic resource		class	FND	something of monetary value that is owned or provides benefit to some party	Financial Accounting Standards Board (FASB) Statement of Financial Accounting Concepts No. 6, Elements of Financial Statements, paragraph 25. | An asset is something that provides probable future economic benefit obtained or controlled by some party as a result of past transactions or events. An asset has three essential characteristics: (a) it embodies a probable future benefit that involves a capacity, singly or in combination with other assets, to contribute directly or indirectly to future net cash inflows, (b) a party can obtain the benefit and control others' access to it, and (c) the transaction or other event giving rise to the party's right to or control of the benefit has already occurred.
https://spec.edmcouncil.org/fibo/ontology/FND/OwnershipAndControl/Ownership/CapitalSurplus	CapitalSurplus		PaidInCapital	class	FND	capital contributed in excess of the par value (stated value) of the ownership interest issued	
https://spec.edmcouncil.org/fibo/ontology/FND/OwnershipAndControl/Ownership/EarningsBeforeInterestTaxesDepreciationAmortization	EarningsBeforeInterestTaxesDepreciationAmortization	earnings before interest, taxes, depreciation and amortization | EBITDA	Expression	class	FND	measure of potential cash flow that excludes the effects of capital structure, taxes and non-cash expenses	By stripping out the non-cash depreciation and amortization expense as well as taxes and debt costs dependent on the capital structure, EBITDA attempts to represent cash profit generated by the company's operations. EBITDA is not a metric recognized under Generally Accepted Accounting Principles (GAAP). Some public companies report EBITDA in their quarterly results along with adjusted EBITDA figures typically excluding additional costs, such as stock-based compensation. | EBITDA is often used as a proxy for cash flow, as it shows how much cash a company can generate from its core operations. However, EBITDA has some limitations, such as ignoring the cost of maintaining and replacing capital assets, and being susceptible to manipulation by excluding certain expenses.
https://spec.edmcouncil.org/fibo/ontology/FND/OwnershipAndControl/Ownership/FinancialAsset	FinancialAsset		TangibleAsset	class	FND	non-physical, tangible asset whose value is derived from a contractual claim, such as bank deposits, bonds, stocks, rights, certificates, and bank balances	Financial assets are typically more liquid than other tangible assets, such as commodities or real estate. Financial assets may not cover all assets that might be included on a balance sheet, and do not include tangible, physical assets or intangible assets such as intellectual property.
https://spec.edmcouncil.org/fibo/ontology/FND/OwnershipAndControl/Ownership/Holding	Holding		Asset	class	FND	owned financial interest consisting of legal or beneficial ownership of an asset or security that confers economic rights on its owner	Note that there is no common, broadly accepted definition of the term holding across regulators, either within a single country such as the US, or across national jurisdictions. Typically, a holding may refer to a single asset, such as a piece of real estate, a portfolio of assets, multiple portfolios, and so forth, and may be aggregated over multiple assets.
https://spec.edmcouncil.org/fibo/ontology/FND/OwnershipAndControl/Ownership/Income	Income		MonetaryAmount	class	FND	revenue received during a period of time	Income includes cash or cash equivalent(s) received during some period of time in exchange for labor or services, from the sale of goods or property, or as receipts from financial investments.
https://spec.edmcouncil.org/fibo/ontology/FND/OwnershipAndControl/Ownership/IntangibleAsset	IntangibleAsset		Asset	class	FND	identifiable, non-monetary asset that lacks physical substance	Intangible assets include assets that may involve a legal claim to some future benefit, typically a claim to future cash. Intangible assets have become an increasingly larger component of the valuation for all companies, from newer social media companies to even the most established and iconic manufacturers. | Intangible assets may include intellectual property, patents, copyrights, trademarks, rights-of-way (easements), brands, organizational abilities (know-how), and data.
https://spec.edmcouncil.org/fibo/ontology/FND/OwnershipAndControl/Ownership/Owner	Owner			class	FND	party that is legally recognized as having the right to possess, the privilege to use, and ability to transfer any rights or privileges associated with something, as permitted by law	
https://spec.edmcouncil.org/fibo/ontology/FND/OwnershipAndControl/Ownership/OwnersEquity	OwnersEquity	owners' equity | capital | contributed capital | equity | net worth	Expression	class	FND	owners' share in a business plus operating profit	Barron's Dictionary of Banking Terms, Sixth Edition, 2012. | Owner's equity is represented by capital investments and accumulated earnings less any dividends or other financial obligations. It is typically used to talk about equity in a business, but may also refer to the net assets of a pool or special purpose vehicle.
https://spec.edmcouncil.org/fibo/ontology/FND/OwnershipAndControl/Ownership/Ownership	Ownership			class	FND	situation in which some party holds the legal title to something (explicitly or implicitly) and has the right to transfer that title and/or possession	Ownership is the right to possess, use, sell, donate or give as a gift any asset or property belonging to a person known as the 'owner'. An owner can be either a beneficial owner or a legal owner.
https://spec.edmcouncil.org/fibo/ontology/FND/OwnershipAndControl/Ownership/PaidInCapital	PaidInCapital	paid-in capital	OwnersEquity	class	FND	assets received from investors in exchange for an ownership interest	
https://spec.edmcouncil.org/fibo/ontology/FND/OwnershipAndControl/Ownership/PhysicalAsset	PhysicalAsset		TangibleAsset	class	FND	tangible asset that has a material form, such as property, equipment, and inventory	Physical (tangible) assets are real items of value that are used to generate revenue for a company.
https://spec.edmcouncil.org/fibo/ontology/FND/OwnershipAndControl/Ownership/Portfolio	Portfolio			class	FND	collection of holdings assembled and maintained as a unit for management purposes to achieve strategic objectives	http://www.investopedia.com/terms/h/holdings.asp | http://www.investopedia.com/terms/p/portfolio.asp | The holdings of any given portfolio may include a variety of investment products, including stocks, bonds and mutual funds to options, futures and exchange-traded funds, and relatively esoteric instruments such as private equity and hedge funds as well as other assets of the owner, such as interests in real estate, art, or vehicles. With respect to financial assets, the number and nature of holdings contribute to the degree of diversification of a portfolio. A mix of stocks across different sectors, bonds of different maturities, and other investments would suggest a well-diversified portfolio, while concentrated holdings in a handful of stocks within a single sector indicates a portfolio with limited diversification.
https://spec.edmcouncil.org/fibo/ontology/FND/OwnershipAndControl/Ownership/RetainedEarnings	RetainedEarnings		OwnersEquity	class	FND	net profits kept to accumulate in a business after dividends are paid	If the corporation takes a loss, then that loss is retained and called variously retained losses, accumulated losses or accumulated deficit. Retained earnings and losses are cumulative from year to year with losses offsetting earnings.
https://spec.edmcouncil.org/fibo/ontology/FND/OwnershipAndControl/Ownership/ShareholdersEquity	ShareholdersEquity	shareholders' equity	OwnersEquity	class	FND	equity that is manifested in the form of shares in an entity, fund or structured product	
https://spec.edmcouncil.org/fibo/ontology/FND/OwnershipAndControl/Ownership/TangibleAsset	TangibleAsset		Asset	class	FND	asset that is a physical, measurable resource, i.e., one that takes a physical form	Tangible assets include cash, cash equivalents and accounts receivables (AR), inventory, equipment, buildings and real estate, crops, and investments. Tangible assets such as art, furniture, stamps, gold, wine, toys and books of significant value may be included in an individual or organization's asset portfolio.
https://spec.edmcouncil.org/fibo/ontology/FND/OwnershipAndControl/OwnershipAndControl/OwnershipControlSituation	OwnershipControlSituation			class	FND	situation in which some party owns and controls something	
https://spec.edmcouncil.org/fibo/ontology/FND/Parties/Parties/PartyRoleIdentificationScheme	PartyRoleIdentificationScheme		IdentificationScheme	class	FND	system for allocating identifiers to roles that parties play	
https://spec.edmcouncil.org/fibo/ontology/FND/Parties/Parties/PartyRoleIdentifier	PartyRoleIdentifier			class	FND	sequence of characters, capable of uniquely identifying a party based on a specific role that they play in some context	
https://spec.edmcouncil.org/fibo/ontology/FND/Parties/Parties/TaxIdentificationScheme	TaxIdentificationScheme		IdentificationScheme	class	FND	identification scheme used to identify taxpayers in some jurisdiction	https://www.oecd-ilibrary.org/taxation/standard-for-automatic-exchange-of-financial-account-information-in-tax-matters-second-edition_9789264267992-en
https://spec.edmcouncil.org/fibo/ontology/FND/Parties/Parties/TaxIdentifier	TaxIdentifier			class	FND	identifier assigned to a taxpayer that enables compulsory financial charges and other levies to be imposed on the taxpayer by a governmental organization in order to fund government spending and various public expenditures	https://www.oecd-ilibrary.org/taxation/standard-for-automatic-exchange-of-financial-account-information-in-tax-matters-second-edition_9789264267992-en | Tax identifiers are used for various tax-related purposes in the United States and in other countries under the Common Reporting Standard (CRS).
https://spec.edmcouncil.org/fibo/ontology/FND/Places/Addresses/Address	Address		Index	class	FND	index to a location to which communications may be delivered	
https://spec.edmcouncil.org/fibo/ontology/FND/Places/Addresses/AddressComponent	AddressComponent			class	FND	aspect of an address	
https://spec.edmcouncil.org/fibo/ontology/FND/Places/Addresses/AddressingScheme	AddressingScheme		IndexingScheme	class	FND	system for allocating addresses to objects	
https://spec.edmcouncil.org/fibo/ontology/FND/Places/Addresses/ConventionalStreetAddress	ConventionalStreetAddress		PhysicalAddress	class	FND	physical address that identifies a location on a street to which communications may be delivered	Other unconventional addresses may include rural and highway route addresses, general delivery addresses, post office box addresses, private mail center addresses, and so forth.
https://spec.edmcouncil.org/fibo/ontology/FND/Places/Addresses/GeographicDirectionalSymbol	GeographicDirectionalSymbol			class	FND	code element that gives directional information for postal delivery	In the United States, these include N, S, E, W, NE, NW, SE, SW.
https://spec.edmcouncil.org/fibo/ontology/FND/Places/Addresses/PhysicalAddress	PhysicalAddress		Address	class	FND	physical address where communications can be addressed, papers served or representatives located for any kind of organization or person	
https://spec.edmcouncil.org/fibo/ontology/FND/Places/Addresses/PhysicalAddressIdentifier	PhysicalAddressIdentifier			class	FND	unique identifier for a physical address	Physical address identifiers may include bar codes, QCR codes, and +codes in a number of countries.
https://spec.edmcouncil.org/fibo/ontology/FND/Places/Addresses/PhysicalAddressingScheme	PhysicalAddressingScheme		AddressingScheme	class	FND	scheme for specifying physical addresses according to a country specific standard	
https://spec.edmcouncil.org/fibo/ontology/FND/Places/Addresses/PostCodeArea	PostCodeArea			class	FND	physical area uniquely identified by some postal code	
https://spec.edmcouncil.org/fibo/ontology/FND/Places/Addresses/PostOfficeBox	PostOfficeBox		SupplementalAddressComponent	class	FND	post office box associated with an address	Post office box identifiers are only unique to a given jurisdiction, which may be a post office, town, or other region.
https://spec.edmcouncil.org/fibo/ontology/FND/Places/Addresses/PostOfficeBoxAddress	PostOfficeBoxAddress		PhysicalAddress	class	FND	physical address used to deliver communications to a designated container at a local post office or the local equivalent for the jurisdiction, where mail is held until the recipient collects it, rather than to a given house, building, or other location	
https://spec.edmcouncil.org/fibo/ontology/FND/Places/Addresses/PostOfficeBoxDesignator	PostOfficeBoxDesignator		SupplementalAddressDesignator	class	FND	designator used, together with an identifier, for a post office box	In the U.S., the preferred designator is 'PO BOX'.
https://spec.edmcouncil.org/fibo/ontology/FND/Places/Addresses/Postcode	Postcode	postal code		class	FND	sequence of characters used to assist in the sorting of mail	
https://spec.edmcouncil.org/fibo/ontology/FND/Places/Addresses/PostdirectionalSymbol	PostdirectionalSymbol		GeographicDirectionalSymbol	class	FND	geographic directional symbol that follows the street name and street suffix in a street address	
https://spec.edmcouncil.org/fibo/ontology/FND/Places/Addresses/PredirectionalSymbol	PredirectionalSymbol		GeographicDirectionalSymbol	class	FND	geographic directional symbol that occurs after the primary street number but before the street name in a street address	
https://spec.edmcouncil.org/fibo/ontology/FND/Places/Addresses/PrimaryAddressNumber	PrimaryAddressNumber	street number	AddressComponent	class	FND	address component that identifies a location with respect to a given street	Although traditionally called a 'number', the street number may consist of alphanumeric characters, for example, '221B'.
https://spec.edmcouncil.org/fibo/ontology/FND/Places/Addresses/RegionSpecificIdentifier	RegionSpecificIdentifier	region-specific identifier		class	FND	geographic region or subdivision identifier used internally by a country or other region	
https://spec.edmcouncil.org/fibo/ontology/FND/Places/Addresses/SecondaryUnit	SecondaryUnit		AddressComponent	class	FND	address component that identifies an individual unit within a larger structure, such as an apartment, office, hangar, slip, mailbox, and so forth, at a given street address	
https://spec.edmcouncil.org/fibo/ontology/FND/Places/Addresses/SecondaryUnitDesignator	SecondaryUnitDesignator			class	FND	classifier for a smaller structure or component within a larger facility, such as an apartment, office, mail stop, or other similar designation	Note that only certain secondary units require a secondary range, such as an apartment number, to complete a delivery point.
https://spec.edmcouncil.org/fibo/ontology/FND/Places/Addresses/SecondaryUnitIndicator	SecondaryUnitIndicator		AddressComponent	class	FND	index to the specific unit within a secondary unit, such as a building or apartment, at a particular street address	
https://spec.edmcouncil.org/fibo/ontology/FND/Places/Addresses/StreetAddress	StreetAddress		AddressComponent	class	FND	index to a location that consists of a primary address number, predirectional, street name, suffix, postdirectional, and an optional secondary unit	
https://spec.edmcouncil.org/fibo/ontology/FND/Places/Addresses/StreetName	StreetName		AddressComponent	class	FND	identifier for a street in some context (e.g., city, municipality, geographic region)	
https://spec.edmcouncil.org/fibo/ontology/FND/Places/Addresses/StreetSuffix	StreetSuffix		AddressComponent	class	FND	classifier for a street or other delivery location, such as a dwelling located along a waterway	The suffix may provide some insight into the size or length of the street, though not necessarily consistently. In some cities, the suffix differentiates the street from another in the same context, such as 19th Street vs. 19th Avenue in San Francisco.
https://spec.edmcouncil.org/fibo/ontology/FND/Places/Addresses/StructureName	StructureName		AddressComponent	class	FND	name for a building, house, office complex, shopping center, or other structure or group of structures	Examples include 'McCoy Center', which is the name of the office complex where JPMorgan Chase's Polaris facility is located, 'Apple Park', which is the name of the corporate headquarters of Apple, Inc., and 'Howells Bridge Cottage', which is the name of a very old cottage in Cornwall.
https://spec.edmcouncil.org/fibo/ontology/FND/Places/Addresses/SupplementalAddressComponent	SupplementalAddressComponent		AddressComponent	class	FND	address component that provides additional information that is important to ensuring proper delivery of communications	Supplemental components include post office box information, rural route and highway contract route information, private mailboxes, and so forth, that are not part of a conventional street address.
https://spec.edmcouncil.org/fibo/ontology/FND/Places/Addresses/SupplementalAddressDesignator	SupplementalAddressDesignator			class	FND	classifier for supplemental address information, such as a highway contract route, rural route, building complex, shopping center, condominium complex, mail box, or other similar designation	
https://spec.edmcouncil.org/fibo/ontology/FND/Places/Addresses/SupplementalAddressUnit	SupplementalAddressUnit		AddressComponent	class	FND	address component that includes a specific route, box, apartment, condominium or other indicator or unit associated with a specific address	
https://spec.edmcouncil.org/fibo/ontology/FND/Places/Addresses/VirtualAddress	VirtualAddress		Address	class	FND	address identifying a virtual, i.e. non-physical, location	
https://spec.edmcouncil.org/fibo/ontology/FND/Places/RealProperty/PersonalProperty	PersonalProperty		Asset	class	FND	asset that is a movable item or possession not fixed to land	Personal property may include tangible assets, such as machinery, furniture, vehicles, artwork, and jewelry, regardless of whether such assets are owned by a person or organization, and intangible assets, including but not limited to intellectual property and financial instruments.
https://spec.edmcouncil.org/fibo/ontology/FND/Places/RealProperty/PropertyInspection	PropertyInspection		AssessmentEvent	class	FND	event that involves analyzing one or more aspects of a real property	The concept of a property inspection is separate from conducting an overarching appraisal. Examples are termite inspections, construction inspections, evaluation for completion of some milestone, improvement, correction, etc.
https://spec.edmcouncil.org/fibo/ontology/FND/Places/RealProperty/PropertyInspectionReport	PropertyInspectionReport		AssessmentReport	class	FND	report covering the findings of a property inspection	
https://spec.edmcouncil.org/fibo/ontology/FND/Places/RealProperty/RealEstate	RealEstate	real estate asset	Asset	class	FND	real property, interests in mortgages on real property (including interests in mortgages on leaseholds of land or improvements thereon), and shares in qualified real estate investment trusts	https://www.law.cornell.edu/cfr/text/26/1.856-3 | The term 'mortgages on real property' includes deeds of trust on real property. Note that interpretation of the term 'real estate' is context-dependent - this broader interpretation is used in tax law in the US and elsewhere.
https://spec.edmcouncil.org/fibo/ontology/FND/Places/RealProperty/RealProperty	RealProperty	parcel	PhysicalAsset	class	FND	physical asset defined as land together with any structures that are permanently attached to that land, such as houses, trees, fences and improvements	https://www.law.cornell.edu/cfr/text/10/600.101 | Real property may be classified according to its general use as residential, commercial, agricultural, industrial, or special purpose. This term is sometimes used synonymously with 'real estate', though not in all circumstances under US law. | Real property typically encompasses both the physical land and everything that lies above, below, or on its surface, including any fixed structures, natural resources, and rights or interests (e.g., mineral rights). There are cases, such as condominiums, in which the interior of the structure is owned by a party that may not own the land. There are also cases in which certain long-term leases have similar characteristics to ownership, but are time-bound.
https://spec.edmcouncil.org/fibo/ontology/FND/Places/RealProperty/RealPropertyAppraisal	RealPropertyAppraisal		Appraisal	class	FND	value assessment that estimates the amount of money some real property is worth	The valuation uses one or more methodologies and is conducted by an appraiser or technology with a logical model that performs the same function.
https://spec.edmcouncil.org/fibo/ontology/FND/Places/RealProperty/RealPropertyIdentifier	RealPropertyIdentifier			class	FND	unique identifier given to identify a specific real property in some jurisidiction	
https://spec.edmcouncil.org/fibo/ontology/FND/Places/RealProperty/TractIdentifier	TractIdentifier			class	FND		
https://spec.edmcouncil.org/fibo/ontology/FND/Places/RealProperty/TractOfLand	TractOfLand			class	FND		
https://spec.edmcouncil.org/fibo/ontology/FND/Places/VirtualPlaces/ElectronicMailAddress	ElectronicMailAddress	e-mail address | email address	VirtualAddress	class	FND	virtual address that defines an electronic messaging endpoint to which email messages can be delivered, typically via an Simple Mail Transfer Protocol (SMTP) based communications system	Electronic mail, abbreviated e-mail or email, is a method of composing, sending, and receiving messages over electronic communication systems. The term e-mail applies both to the Internet e-mail system based on the Simple Mail Transfer Protocol (SMTP) and to intranet systems allowing users within one company or organization to send messages to each other. Often these workgroup collaboration systems natively use non-standard protocols but have some form of gateway to allow them to send and receive Internet e-mail. Some organizations may use the Internet protocols for internal e-mail service.
https://spec.edmcouncil.org/fibo/ontology/FND/Places/VirtualPlaces/NetworkLocation	NetworkLocation			class	FND	a virtual location that may be identified by a network address (an identifier for a node or interface)	
https://spec.edmcouncil.org/fibo/ontology/FND/Places/VirtualPlaces/NotionalPlace	NotionalPlace			class	FND	an abstract place; one of many commonly understood concepts such as domestic, Eurozone etc.	
https://spec.edmcouncil.org/fibo/ontology/FND/Places/VirtualPlaces/TelephoneNumber	TelephoneNumber	phone number	VirtualAddress	class	FND	virtual address that may be assigned to a fixed-line telephone subscriber station connected to a telephone line or to a wireless electronic telephony device, such as a radio telephone or a mobile telephone, or to other devices or services for data transmission via the public switched telephone network (PSTN) or other public and private networks	Telephone numbers are assigned within the framework of a national or regional telephone numbering plan to subscribers by telephone service operators, which may be commercial entities, state-controlled administrations, or other telecommunication industry associations.
https://spec.edmcouncil.org/fibo/ontology/FND/ProductsAndServices/PaymentsAndSchedules/Payee	Payee		Obligee	class	FND	a party to whom a debt should be paid, or to whose order a bill of exchange, note, or check is made payable, or who receives or will receive a payment from a payer in partial or complete fulfillment of an obligation	
https://spec.edmcouncil.org/fibo/ontology/FND/ProductsAndServices/PaymentsAndSchedules/Payer	Payer		Obligor	class	FND	a party who pays a bill or fees, or who makes payments to a payee in partial or complete fulfillment of an obligation	
https://spec.edmcouncil.org/fibo/ontology/FND/ProductsAndServices/PaymentsAndSchedules/Payment	Payment		Occurrence	class	FND	delivery of money in fulfillment of an obligation, such as to satisfy a claim or debt	
https://spec.edmcouncil.org/fibo/ontology/FND/ProductsAndServices/PaymentsAndSchedules/PaymentEvent	PaymentEvent		TransactionEvent	class	FND	an event that involves delivery of money in fulfillment of an obligation	
https://spec.edmcouncil.org/fibo/ontology/FND/ProductsAndServices/PaymentsAndSchedules/PaymentObligation	PaymentObligation		Commitment	class	FND	legally enforceable duty to pay a sum of money according to the terms stated in a contract	the duty of a borrower to repay a loan, related to the legal right of a lender to enforce payment
https://spec.edmcouncil.org/fibo/ontology/FND/ProductsAndServices/PaymentsAndSchedules/PaymentSchedule	PaymentSchedule		Schedule	class	FND	schedule for delivery of money in fulfillment of an obligation	Examples include coupon payment, loan payment, and interest payment schedules, among others.
https://spec.edmcouncil.org/fibo/ontology/FND/ProductsAndServices/ProductsAndServices/Buyer	Buyer	purchaser		class	FND	party that purchases something in exchange for money or other consideration under a contract of sale	A buyer is the party that acquires, or agrees to acquire, ownership (in case of goods), or benefit or usage (in case of rights or services), something in the context of a sale, and may or may not be an end user of the product, good, service, or right.
https://spec.edmcouncil.org/fibo/ontology/FND/ProductsAndServices/ProductsAndServices/Client	Client			class	FND	party that purchases professional services from, or has a formal relationship to purchase services from another party	
https://spec.edmcouncil.org/fibo/ontology/FND/ProductsAndServices/ProductsAndServices/ClientIdentifier	ClientIdentifier		PartyRoleIdentifier	class	FND	sequence of characters uniquely identifying a client within the context of some organization	
https://spec.edmcouncil.org/fibo/ontology/FND/ProductsAndServices/ProductsAndServices/Commodity	Commodity		Good	class	FND	material resource used in commerce that is interchangeable with other commodities of the same type	Commodities are most often used as inputs in the production of other goods or services. The quality of a given commodity may differ slightly, but it is essentially uniform across producers.
https://spec.edmcouncil.org/fibo/ontology/FND/ProductsAndServices/ProductsAndServices/Consumer	Consumer			class	FND	party that utilizes economic goods or services, typically for personal, family, or household purposes	The general notion of a consumer includes an end user, and is not limited to a purchaser, in the distribution chain of a good or service
https://spec.edmcouncil.org/fibo/ontology/FND/ProductsAndServices/ProductsAndServices/ContractualProduct	ContractualProduct		Product	class	FND	product that takes the form of an agreement	This represents the case where the product itself is a contract, such as a life insurance policy or financial instrument, rather than a product or service whose terms of use, license to use, or terms of service are specified in a product.
https://spec.edmcouncil.org/fibo/ontology/FND/ProductsAndServices/ProductsAndServices/ContractualTemplateProduct	ContractualTemplateProduct		ContractualProduct	class	FND	contractual product that is finalized through specification of values for parameters defined in a template	
https://spec.edmcouncil.org/fibo/ontology/FND/ProductsAndServices/ProductsAndServices/CustomProduct	CustomProduct	bespoke product | custom-made product | made to order product	Product	class	FND	product that is made to order, commissioned based on a customer's specifications	
https://spec.edmcouncil.org/fibo/ontology/FND/ProductsAndServices/ProductsAndServices/Customer	Customer		Buyer	class	FND	party that receives or consumes products (goods or services) and has the ability to choose between different products and suppliers	
https://spec.edmcouncil.org/fibo/ontology/FND/ProductsAndServices/ProductsAndServices/CustomerIdentifier	CustomerIdentifier		PartyRoleIdentifier	class	FND	sequence of characters uniquely identifying a customer within the context of some organization	
https://spec.edmcouncil.org/fibo/ontology/FND/ProductsAndServices/ProductsAndServices/Good	Good			class	FND	physical, produced item over which ownership rights can be established, whose ownership can be passed from one party to another by engaging in transactions, and that is not money or real estate	https://data.oecd.org/trade/trade-in-goods.htm | https://www.law.cornell.edu/ucc/9/9-102#goods | An inherently useful and relatively scarce tangible item produced from agricultural, construction, manufacturing, or mining activities. Off-the-shelf products, including off-the-shelf software products and customization of software products, are generally considered to be goods. Energy, such as electricity, is also considered to be a good from a legal perspective, and meets the criteria of being manufactured or produced via some process, including but not limited to a mining process. According to the UN Convention On Contract For The International Sale Of Goods, the term 'good' does not include (1) items bought for personal use, (2) items bought at an auction or foreclosure sale, (3) aircraft or ocean-going vessels. | From the Universal Commercial Code (UCC) in the United States, the term 'good' includes (i) fixtures, (ii) standing timber that is to be cut and removed under a conveyance or contract for sale, (iii) the unborn young of animals, (iv) crops grown, growing, or to be grown, even if the crops are produced on trees, vines, or bushes, and (v) manufactured homes. The term also includes a computer program embedded in goods and any supporting information provided in connection with a transaction relating to the program if (i) the program is associated with the goods in such a manner that it customarily is considered part of the goods, or (ii) by becoming the owner of the goods, a person acquires a right to use the program in connection with the goods. The term does not include a computer program embedded in goods that consist solely of the medium in which the program is embedded. The term also does not include accounts, chattel paper, commercial tort claims, deposit accounts, documents, general intangibles, instruments, investment property, letter-of-credit rights, letters of credit, money, or oil, gas, or other minerals before extraction.
https://spec.edmcouncil.org/fibo/ontology/FND/ProductsAndServices/ProductsAndServices/NegotiableCommodity	NegotiableCommodity		Commodity	class	FND	commodity that can be bought or sold in some marketplace	
https://spec.edmcouncil.org/fibo/ontology/FND/ProductsAndServices/ProductsAndServices/OffTheShelfProduct	OffTheShelfProduct	off-the-shelf product | commercial off-the-shelf product | commercially available off-the-shelf product | COTS product	Product	class	FND	product that is readily available from merchandise in stock, or can be quickly and easily configured to order, not specially designed or custom-made	
https://spec.edmcouncil.org/fibo/ontology/FND/ProductsAndServices/ProductsAndServices/Producer	Producer			class	FND	grower, maker, fabricator, or manufacturer of some product or other good	
https://spec.edmcouncil.org/fibo/ontology/FND/ProductsAndServices/ProductsAndServices/Product	Product			class	FND	commercially distributed good that is (1) tangible property, (2) the output or result of a fabrication, manufacturing, or production process, or (3) something that passes through a distribution channel before being consumed or used.	Financial products include contracts that are developed via a financial service-specific process, such as a life insurance policy, demand deposit account or financial instrument, for example. Leases and rentals are similar in that they are initiated via some contractual development process, wherein the product is the right to use something for some period of time.
https://spec.edmcouncil.org/fibo/ontology/FND/ProductsAndServices/ProductsAndServices/ProductIdentifier	ProductIdentifier			class	FND	sequence of characters uniquely identifying a product in some context	
https://spec.edmcouncil.org/fibo/ontology/FND/ProductsAndServices/ProductsAndServices/Sale	Sale		TransactionEvent	class	FND	exchange of goods or services for money	
https://spec.edmcouncil.org/fibo/ontology/FND/ProductsAndServices/ProductsAndServices/Seller	Seller	purveyor | vendor		class	FND	party that makes, offers or contracts to make a sale to an actual or potential buyer	
https://spec.edmcouncil.org/fibo/ontology/FND/ProductsAndServices/ProductsAndServices/ServiceAgreement	ServiceAgreement	service contract	WrittenContract	class	FND	written contract between a client and service provider whereby the service provider supplies some service in the form of time, effort, and/or expertise in exchange for compensation	
https://spec.edmcouncil.org/fibo/ontology/FND/ProductsAndServices/ProductsAndServices/Supplier	Supplier			class	FND	party that provides goods or services that some party wants or needs, especially over a long period of time	A supplier may be distinguished from a contractor or subcontractor, who commonly adds specialized input to deliverables.
https://spec.edmcouncil.org/fibo/ontology/FND/ProductsAndServices/ProductsAndServices/TransactionConfirmation	TransactionConfirmation			class	FND	written communication from a seller or service provider reciting the relevant details of a transaction	
https://spec.edmcouncil.org/fibo/ontology/FND/ProductsAndServices/ProductsAndServices/TransactionEvent	TransactionEvent		OccurrenceKind	class	FND	any sale, assignment, lease, license, loan, advance, contribution, or other transfer of any interest in or right to use any property (tangible or intangible) or money, however that transaction is effected, and regardless of whether the terms of the transaction are formally documented	
https://spec.edmcouncil.org/fibo/ontology/FND/Relations/Relations/Referent	Referent			class	FND	something that another concept stands for, exemplifies, symbolizes, or otherwise mentions	
https://spec.edmcouncil.org/fibo/ontology/FND/Utilities/Analytics/AnnualizedStandardDeviation	AnnualizedStandardDeviation		StandardDeviation	class	FND	standard deviation for some measure over a specific reference period	Standard deviation applied to the annual rate of return of an investment provides insights on the historical volatility of that investment. The greater the standard deviation of the price of a security, the greater the volatility. Multiplying monthly standard deviation by the square root of twelve (12) is an industry standard method of approximating annualized standard deviations of monthly returns.
https://spec.edmcouncil.org/fibo/ontology/FND/Utilities/Analytics/ArithmeticMean	ArithmeticMean	average	Mean	class	FND	sum of a collection of numbers divided by the number of numbers in the collection	While the arithmetic mean is often used to report central tendencies, it is not a robust statistic, meaning that it is greatly influenced by outliers (values that are very much larger or smaller than most of the values). Notably, for skewed distributions, such as the distribution of income for which a few people's incomes are substantially greater than most people's, the arithmetic mean may not accord with one's notion of 'middle', and robust statistics, such as the median, may be a better description of central tendency.
https://spec.edmcouncil.org/fibo/ontology/FND/Utilities/Analytics/AverageAbsoluteDeviation	AverageAbsoluteDeviation	mean absolute deviation	Dispersion	class	FND	average of the absolute deviations from a central point	The central point can be the mean, median, mode, or the result of another measure of central tendency. Absolute deviation is the distance between each value in the data set and that data set's mean or median.
https://spec.edmcouncil.org/fibo/ontology/FND/Utilities/Analytics/Difference	Difference		StatisticalMeasure	class	FND	quantity by which amounts differ; the remainder left after subtraction of one value from another	
https://spec.edmcouncil.org/fibo/ontology/FND/Utilities/Analytics/Dispersion	Dispersion		StatisticalMeasure	class	FND	degree of scatter or variability shown by observations	http://stats.oecd.org/glossary/detail.asp?ID=3637 | A measure of statistical dispersion is a nonnegative real number that is zero if all the data are the same and increases as the data become more diverse. | It is usually measured as an average deviation about some central value (e.g. mean deviation, standard deviation) or by an order statistic (e.g. quartile deviation, range) but may also be a mean of deviations of values among themselves (e.g. Gini's mean difference and also standard deviation). | Common examples of measures of statistical dispersion are the variance, standard deviation, and interquartile range. The collection size argument, above, represents the number of elements in the set, if known. The collection of values under consideration is represented as a structured collection in FIBO, typically a sample set derived from a finite population.
https://spec.edmcouncil.org/fibo/ontology/FND/Utilities/Analytics/FinitePopulation	FinitePopulation			class	FND	population for which it is possible to count its units	http://stats.oecd.org/glossary/detail.asp?ID=3649 | In statistics, a population is a set of similar items or events of interest for some question or experiment. In other words, a population is the complete group of units to which survey results are to apply. (These units may be persons, animals, objects, businesses, trips, etc.). See http://www.statcan.gc.ca/edu/power-pouvoir/glossary-glossaire/5214842-eng.htm#p.
https://spec.edmcouncil.org/fibo/ontology/FND/Utilities/Analytics/Formula	Formula	complex expression		class	FND	rule expressed in letters and symbols that consists of at least one expression	
https://spec.edmcouncil.org/fibo/ontology/FND/Utilities/Analytics/GeometricMean	GeometricMean		Mean	class	FND	mean that indicates the central tendency or typical value of a set of numbers by using the product of their values (as opposed to the arithmetic mean which uses their sum)	The geometric mean is defined as the nth root of the product of n numbers. A geometric mean is often used when comparing different items - finding a single 'figure of merit' for these items - when each item has multiple properties that have different numeric ranges. For example, the geometric mean can give a meaningful 'average' to compare two companies which are each rated at 0 to 5 for their environmental sustainability, and are rated at 0 to 100 for their financial viability. If an arithmetic mean were used instead of a geometric mean, the financial viability is given more weight because its numeric range is larger - so a small percentage change in the financial rating (e.g. going from 80 to 90) makes a much larger difference in the arithmetic mean than a large percentage change in environmental sustainability (e.g. going from 2 to 5).
https://spec.edmcouncil.org/fibo/ontology/FND/Utilities/Analytics/KeyPerformanceIndicator	KeyPerformanceIndicator	KPI	QualifiedMeasure	class	FND	measurable target that indicates how an individual or business is performing in terms of meeting its goals	https://www.forbes.com/advisor/business/what-is-a-kpi-definition-examples/ | https://www.kpi.org/KPI-Basics/ | Although they are both designed to measure performance, KPIs and metrics have different characteristics and are used by businesses in different ways. Metrics are measures used to track progress and evaluate success, while KPIs are metrics tied to specific goals during a certain period of time. KPIs are designed to align with business goals and targets, while metrics evaluate the performance of particular processes. | Key Performance Indicators (KPIs) are the critical (key) quantifiable indicators of progress toward an intended result. KPIs provide a focus for strategic and operational improvement, create an analytical basis for decision making and help focus attention on what matters most. Managing with the use of KPIs includes setting targets (the desired level of performance) and tracking progress against those targets. | Examples include profits, sales numbers, employee turnover and average annual expenses.
https://spec.edmcouncil.org/fibo/ontology/FND/Utilities/Analytics/Mean	Mean	expected value | first (raw) moment	StatisticalMeasure	class	FND	most common measure of central tendency; the average of a set of numbers	http://www.statcan.gc.ca/edu/power-pouvoir/glossary-glossaire/5214842-eng.htm#m | https://stats.oecd.org/glossary/detail.asp?ID=3762 | When unqualified, the mean usually refers to the expectation of a variate, or to the arithmetic mean of a sample used as an estimate of the expectation.
https://spec.edmcouncil.org/fibo/ontology/FND/Utilities/Analytics/Median	Median		StatisticalMeasure	class	FND	value of the variate dividing the total frequency of a data sample, population, or probability distribution, into two halves	https://stats.oecd.org/glossary/detail.asp?ID=3717 | The basic advantage of the median in describing data compared to the mean is that it is not skewed by extremely large or small values, and may provide a better idea of a 'typical' value. | This measure represents the middle value (if n is odd) or the average of the two middle values (if n is even) in an ordered list of data values. The median divides the total frequency distribution into two equal parts: one-half of the cases fall below the median and one-half of the cases exceed the median.
https://spec.edmcouncil.org/fibo/ontology/FND/Utilities/Analytics/MedianAbsoluteDeviation	MedianAbsoluteDeviation		Dispersion	class	FND	median of the absolute deviations of observations from the average which may be the arithmetic mean, the median or the mode	
https://spec.edmcouncil.org/fibo/ontology/FND/Utilities/Analytics/NumericIndexValue	NumericIndexValue			class	FND	numeric value of some aggregate relative to the value of that aggregate as of some date	http://www.statcan.gc.ca/edu/power-pouvoir/glossary-glossaire/5214842-eng.htm#i | A mathematical device or number which is used to express the observation (e.g., price level, volume of trade, relative amount etc.) of a given period, in comparison with that of a prior period.
https://spec.edmcouncil.org/fibo/ontology/FND/Utilities/Analytics/QualifiedMeasure	QualifiedMeasure		StatisticalMeasure	class	FND	statistical measure that is constrained by features, quantity kinds or units that refine how it is calculated	
https://spec.edmcouncil.org/fibo/ontology/FND/Utilities/Analytics/SamplingVariance	SamplingVariance		Variance	class	FND	measure of the extent to which the estimate of a characteristic from different possible samples of the same size and the same design differ from one another	http://www.statcan.gc.ca/pub/12-587-x/12-587-x2003001-eng.pdf | https://stats.oecd.org/glossary/detail.asp?ID=3834 | The word 'sampling' can usually be omitted, as being defined by the context or otherwise understood. The sampling variance of a statistic is the square of its standard error.
https://spec.edmcouncil.org/fibo/ontology/FND/Utilities/Analytics/ScopedMeasure	ScopedMeasure		QualifiedMeasure	class	FND	qualified measure that is constrained by filters on the statistical population to which it applies	Note that (1) the anchor date reflects the start of the current series, such as 1982-1984 for the CPI, (2) the fixed comparative date might be something like March 2009, if one is comparing a current index against its value at the end of the great recession, (3) the relative comparative date might be something like a month or year ago, depending on the analysis requirements, and (4) the relative comparative period might be a 3 month average prior value, again depending on the analysis requirements.
https://spec.edmcouncil.org/fibo/ontology/FND/Utilities/Analytics/StandardDeviation	StandardDeviation	SD	Dispersion	class	FND	square root of variance that measures the spread or dispersion around the mean of a data set	http://www.statcan.gc.ca/edu/power-pouvoir/glossary-glossaire/5214842-eng.htm#s | https://stats.oecd.org/glossary/detail.asp?ID=3845 | The most widely used measure of dispersion of a frequency distribution introduced by K. Pearson (1893). It is equal to the positive square root of the variance. The standard deviation should not be confused with the root mean square deviation. | While standard deviation is the most widely-used measure of spread, using squared deviations, it may not be the most robust.
https://spec.edmcouncil.org/fibo/ontology/FND/Utilities/Analytics/StatisticalArea	StatisticalArea			class	FND	physical location that is defined per some program for designating geographic regions for the purposes of tabulating and presenting statistical data	U.S. Bureau of Labor Statistics and Statistics Canada reference definitions - https://wiki.edmcouncil.org/display/IND/Statistics+Canada+Census+Information | U.S. Bureau of Labor Statistics and Statistics Canada reference definitions - https://wiki.edmcouncil.org/pages/viewpage.action?pageId=6358041
https://spec.edmcouncil.org/fibo/ontology/FND/Utilities/Analytics/StatisticalAreaIdentifier	StatisticalAreaIdentifier			class	FND	identifier for a physical location that is defined per a nationally consistent program for designating geographic regions for the purposes of tabulating and presenting statistical data	U.S. Bureau of Labor Statistics and Statistics Canada reference definitions - https://wiki.edmcouncil.org/display/IND/Statistics+Canada+Census+Information | U.S. Bureau of Labor Statistics and Statistics Canada reference definitions - https://wiki.edmcouncil.org/pages/viewpage.action?pageId=6358041
https://spec.edmcouncil.org/fibo/ontology/FND/Utilities/Analytics/StatisticalMeasure	StatisticalMeasure			class	FND	summary (means, mode, total, index, etc.) of the individual quantitative variable values for the statistical units in a specific group (study domain)	http://stats.oecd.org/glossary/detail.asp?ID=5068 | Statistical measures may consist of several orthogonal characteristics, including (a) whether they reflect an estimate or variable, (b) the datatype, or from a FIBO perspective, nature of the measure (e.g., index, total, ratio, percent, percent change, mean, others), (c) the population (or the universe that applies to the highest level if defined in general) to which the measure applies, and (d) any relevant aspects used to subset or stratify a measure, (i.e., make them apply to a smaller universe).
https://spec.edmcouncil.org/fibo/ontology/FND/Utilities/Analytics/StatisticalPopulation	StatisticalPopulation		FinitePopulation	class	FND	statistical universe filtered by time and region	A common aim of statistical analysis is to produce information about some chosen population. In statistical inference, a subset of the population (a statistical sample) is chosen to represent the population in a statistical analysis. If a sample is chosen properly, characteristics of the entire population that the sample is drawn from can be estimated from corresponding characteristics of the sample.
https://spec.edmcouncil.org/fibo/ontology/FND/Utilities/Analytics/StatisticalProgram	StatisticalProgram		Program	class	FND	program that presents a detailed investigation and analysis of a subject or situation involving one or more studies or surveys	
https://spec.edmcouncil.org/fibo/ontology/FND/Utilities/Analytics/StatisticalUniverse	StatisticalUniverse			class	FND	collection representing the total membership, or 'universe', of people, resources, products, services, events, or entities of interest for some question, experiment, survey or statistical program	A statistical universe can be a group of actually existing objects (e.g. the set of all stars within the Milky Way galaxy) or a hypothetical and potentially infinite group of objects conceived as a generalization from experience (e.g. the set of all possible hands in a game of poker).
https://spec.edmcouncil.org/fibo/ontology/FND/Utilities/Analytics/Variance	Variance	second moment	Dispersion	class	FND	measure of spread, calculated as the average squared deviation of each number from the mean of a data set	http://www.statcan.gc.ca/edu/power-pouvoir/glossary-glossaire/5214842-eng.htm#v
https://spec.edmcouncil.org/fibo/ontology/FND/Utilities/Analytics/WeightingFunction	WeightingFunction		StatisticalMeasure	class	FND	expression or function that determines the relative importance or influence of a given element of a set with respect to the whole	For certain indices, one of the most common weighting factor is by market capitalization. In that case, each of the elements in the basket is multiplied by its market cap to determine its relative importance to the basket overall. | With respect to discrete calculations, weighting functions are positive functions defined on discrete sets, such as weighted sums and weighted averages. | Given a sample size of 1000, and a population of 300M, then the chance that any individual is selected is 1 in 300K. In that case, 300K is the weight assigned to each of the elements in the sample.
https://spec.edmcouncil.org/fibo/ontology/FND/Utilities/AnnotationVocabulary/MaturityLevel	MaturityLevel		LifecycleStage	class	FND	classifier used to indicate the state of an artifact with respect to its development lifecycle	FIBO currently has three maturity levels: Informative, Provisional, and Release.
https://spec.edmcouncil.org/fibo/ontology/FND/Utilities/AnnotationVocabulary/Module	Module			class	FND	classifier used to indicate a category used to modularize something based on principles of the model driven architecture methodology (MDA), including but not limited to separation of concerns, coherence, and establishing clear logical boundaries in order to increase reusability and maintainability	A module should be designed to reflect these principles, including a small number of models that have well-defined relationships with one another, that form a coherent and cohesive whole for some purpose, and that have clear boundaries or interfaces to other modules.
https://spec.edmcouncil.org/fibo/ontology/IND/EconomicIndicators/EconomicIndicators/AverageDailyEarnings	AverageDailyEarnings		AverageEarnings	class	IND	measure of the average daily wage an employee makes over the reporting period	http://stats.oecd.org/glossary/detail.asp?ID=4360
https://spec.edmcouncil.org/fibo/ontology/IND/EconomicIndicators/EconomicIndicators/AverageEarnings	AverageEarnings		EconomicIndicator	class	IND	measure of the average wage an hourly or salaried worker makes in a given period of time	http://stats.oecd.org/glossary/detail.asp?ID=4360 | Average earnings are typically calculated on an hourly, daily, weekly, or monthly basis. They may be expressed as an amount of money or in terms of a percent change with respect to a prior period, depending on the jurisdiction and report.
https://spec.edmcouncil.org/fibo/ontology/IND/EconomicIndicators/EconomicIndicators/AverageHourlyEarnings	AverageHourlyEarnings		AverageEarnings	class	IND	measure of the average hourly wage an employee makes over the reporting period	http://stats.oecd.org/glossary/detail.asp?ID=4360
https://spec.edmcouncil.org/fibo/ontology/IND/EconomicIndicators/EconomicIndicators/AverageMonthlyEarnings	AverageMonthlyEarnings		AverageEarnings	class	IND	measure of the average monthly wage an employee makes over the reporting period	http://stats.oecd.org/glossary/detail.asp?ID=4360
https://spec.edmcouncil.org/fibo/ontology/IND/EconomicIndicators/EconomicIndicators/AverageWeeklyEarnings	AverageWeeklyEarnings		AverageEarnings	class	IND	measure of the average weekly wage an employee makes over the reporting period	http://stats.oecd.org/glossary/detail.asp?ID=4360
https://spec.edmcouncil.org/fibo/ontology/IND/EconomicIndicators/EconomicIndicators/CapitalLaborEnergyMaterialsMultifactorProductivity	CapitalLaborEnergyMaterialsMultifactorProductivity	capital-labor-energy-materials multifactor productivity | KLEMS multifactor productivity | KLEMS-MFP	Productivity	class	IND	ratio of a quantity index of gross output to a quantity index of combined inputs	http://www.oecd.org/std/productivity-stats/2352458.pdf | Shows the time profile of how productively combined inputs are used to generate gross output. Conceptually, the KLEMS productivity measure captures disembodied technical change. In practice, it reflects also efficiency change, economies of scale, variations in capacity utilisation and measurement errors.
https://spec.edmcouncil.org/fibo/ontology/IND/EconomicIndicators/EconomicIndicators/CapitalLaborMultifactorProductivityValueAdded	CapitalLaborMultifactorProductivityValueAdded	capital-labor multifactor productivity (MFP), based on value added	Productivity	class	IND	ratio of a quantity index of value added to a quantity index of combined labor and capital input	http://www.oecd.org/std/productivity-stats/2352458.pdf | Capital-labour MFP indices show the time profile of how productively combined labour and capital inputs are used to generate value added. Conceptually, capital-labour productivity is not, in general, an accurate measure of technical change. It is, however, an indicator of an industry's capacity to contribute to economy-wide growth of income per unit of primary input. In practice, the measure reflects the combined effects of disembodied technical change, economies of scale, efficiency change, variations in capacity utilisation and measurement errors.
https://spec.edmcouncil.org/fibo/ontology/IND/EconomicIndicators/EconomicIndicators/CapitalProductivityValueAdded	CapitalProductivityValueAdded	capital productivity, based on value added	Productivity	class	IND	ratio of a quantity index of value added to a quantity index of capital input	http://www.oecd.org/std/productivity-stats/2352458.pdf | Changes in capital productivity indicate the extent to which output growth can be achieved with lower welfare costs in the form of foregone consumption. | The capital productivity index shows the time profile of how productively capital is used to generate value added. Capital productivity reflects the joint influence of labour, intermediate inputs, technical change, efficiency change, economies of scale, capacity utilisation and measurement errors.
https://spec.edmcouncil.org/fibo/ontology/IND/EconomicIndicators/EconomicIndicators/Civilian	Civilian		LegallyCompetentNaturalPerson	class	IND	person that is not a member of the military (i.e., that is not on active duty)	U.S. Bureau of Labor Statistics and Statistics Canada reference definitions - https://wiki.edmcouncil.org/pages/viewpage.action?pageId=6358041
https://spec.edmcouncil.org/fibo/ontology/IND/EconomicIndicators/EconomicIndicators/CivilianLaborForce	CivilianLaborForce		CivilianNonInstitutionalPopulation	class	IND	subset of the civilian, non-institutional population considered to be part of the labor force during a given reporting period	U.S. Bureau of Labor Statistics and Statistics Canada reference definitions - https://wiki.edmcouncil.org/pages/viewpage.action?pageId=6358041
https://spec.edmcouncil.org/fibo/ontology/IND/EconomicIndicators/EconomicIndicators/CivilianLaborForceParticipationRate	CivilianLaborForceParticipationRate		EconomicIndicator	class	IND	economic indicator representing the rate of participation the labor force of a given economy for some specified period	https://www.bls.gov/cps/definitions.htm#lfpr | The labor force participation rate is the percentage of the population that is either employed or unemployed (that is, either working or actively seeking work).
https://spec.edmcouncil.org/fibo/ontology/IND/EconomicIndicators/EconomicIndicators/CivilianNonInstitutionalPerson	CivilianNonInstitutionalPerson	civilian non-institutional person	LegalWorkingAgePerson	class	IND	legal working-age person that does not live in an institution (for example, a correctional facility, long-term care hospital, or nursing home), and is not on active military duty	U.S. Bureau of Labor Statistics and Statistics Canada reference definitions - https://wiki.edmcouncil.org/pages/viewpage.action?pageId=6358041 | The working-age population is the total population in a region, within a set range of ages, that is considered to be able and likely to work. The working-age population measure is used to give an estimate of the total number of potential workers within an economy. For example, in the U.S., it is 16, whereas in Canada it is 15.
https://spec.edmcouncil.org/fibo/ontology/IND/EconomicIndicators/EconomicIndicators/CivilianNonInstitutionalPopulation	CivilianNonInstitutionalPopulation	civilian non-institutional population	StatisticalUniverse	class	IND	statistical universe consisting of people of a certain age who reside in a given region, do not live in institutions (for example, correctional facilities, long-term care hospitals, and nursing homes), and are not on active military duty	U.S. Bureau of Labor Statistics and Statistics Canada reference definitions - https://wiki.edmcouncil.org/pages/viewpage.action?pageId=6358041
https://spec.edmcouncil.org/fibo/ontology/IND/EconomicIndicators/EconomicIndicators/CombinedStatisticalArea	CombinedStatisticalArea	CSA	GovernmentSpecifiedStatisticalArea	class	IND	combination of adjacent metropolitan and micropolitan areas with economic ties measured by commuting patterns	These areas that combine retain their own designations as metropolitan or micropolitan statistical areas within the larger combined statistical area.
https://spec.edmcouncil.org/fibo/ontology/IND/EconomicIndicators/EconomicIndicators/ConsumerPriceIndex	ConsumerPriceIndex	CPI	EconomicIndicator	class	IND	economic indicator representing measure of the change over time in the prices of consumer goods and services that households consume	http://unstats.un.org/unsd/nationalaccount/docs/SNA2008.pdf | http://www.ilo.org/public/english/bureau/stat/guides/cpi/
https://spec.edmcouncil.org/fibo/ontology/IND/EconomicIndicators/EconomicIndicators/DiscouragedWorkerPopulation	DiscouragedWorkerPopulation		MarginallyAttachedPopulation	class	IND	subset of the marginally attached population that have given a job-market related reason for not currently looking for work	https://www.bls.gov/news.release/empsit.t15.htm
https://spec.edmcouncil.org/fibo/ontology/IND/EconomicIndicators/EconomicIndicators/EconomicIndicator	EconomicIndicator		ScopedMeasure	class	IND	statistical measure of economic activity that is regular and comparable in the context of a statistical area (region), used for analysis of economic performance and predictions of future performance	Barron's Dictionary of Business and Economic Terms, Fifth Edition, 2012 | The two main features of any indicator are the regularity with which they are measured and published, and the fact that they are comparable from one release to the next. | Example indicators include the average work week, weekly claims for unemployment insurance, new orders, vendor performance, stock prices, and changes in the money supply.
https://spec.edmcouncil.org/fibo/ontology/IND/EconomicIndicators/EconomicIndicators/EmployedPopulation	EmployedPopulation		CivilianLaborForce	class	IND	subset of the civilian labor force considered to be employed during the reporting period	U.S. Bureau of Labor Statistics and Statistics Canada reference definitions - https://wiki.edmcouncil.org/pages/viewpage.action?pageId=6358041 | There are a number of distinctions with respect to how individuals are counted from country to country, including whether or not they are considered employed if they are on unpaid leave for some reason, and whether or not they are counted multiple times if they have more than one paying job.
https://spec.edmcouncil.org/fibo/ontology/IND/EconomicIndicators/EconomicIndicators/EmployedPopulationPartTime	EmployedPopulationPartTime	employed population part-time | population employed part-time	EmployedPopulation	class	IND	subset of the employed population that includes persons that are working fewer than 30 to 35 hours per week based on usual working hours	https://stats.oecd.org/Index.aspx?DatasetCode=STLABOUR | In the U.S., part-time workers are those who usually work fewer than 35 hours per week. See https://www.bls.gov/cps/definitions.htm for additional details. | The definition of part-time varies considerably from country to country according to the OECD. Classification may be based on (1) employee perception, (2) usual working hours, which is the most reliable measure, or (3) actual working hours, which varies due to holidays, illness, etc.
https://spec.edmcouncil.org/fibo/ontology/IND/EconomicIndicators/EconomicIndicators/EmployedPopulationPartTimeForEconomicReasons	EmployedPopulationPartTimeForEconomicReasons	employed population part-time for economic reasons | involuntary part-time population | population employed part-time for economic reasons	EmployedPopulationPartTime	class	IND	subset of the employed population that includes persons that are working fewer than 30 to 35 hours per week due to slack work, unfavorable business conditions, inability to find full-time work, and seasonal declines in demand	https://stats.oecd.org/Index.aspx?DatasetCode=STLABOUR | https://www.bls.gov/cps/definitions.htm
https://spec.edmcouncil.org/fibo/ontology/IND/EconomicIndicators/EconomicIndicators/EmployedPopulationPartTimeForNonEconomicReasons	EmployedPopulationPartTimeForNonEconomicReasons	employed population part-time for non-economic reasons | population employed part-time for non-economic reasons	EmployedPopulationPartTime	class	IND	subset of the employed population that includes persons that are working fewer than 30 to 35 hours per week due to illness or other health or medical limitations, childcare problems, family or personal obligations, being in school or training, retirement or Social Security limits on earnings, and having a job where full-time work is less than 35 hours	https://www.bls.gov/cps/definitions.htm
https://spec.edmcouncil.org/fibo/ontology/IND/EconomicIndicators/EconomicIndicators/EmployedPopulationTemporarilyNotAtWork	EmployedPopulationTemporarilyNotAtWork		EmployedPopulation	class	IND	subset of the employed population that includes persons that are temporarily absent from work for various reasons	https://www.bls.gov/news.release/empsit.t15.htm | This includes persons temporarily not at work because of illness or injury, holiday or vacation, strike or lockout, educational or training leave, maternity or parental leave, reduction in economic activity, temporary disorganisation or suspension of work due to such reasons as bad weather, mechanical or electrical breakdown, or shortage of raw materials or fuels, or other temporary absence with or without leave should be considered as in paid employment provided they had a formal job attachment.
https://spec.edmcouncil.org/fibo/ontology/IND/EconomicIndicators/EconomicIndicators/EmploymentPopulationRatio	EmploymentPopulationRatio	employment-population ratio	EconomicIndicator	class	IND	economic indicator representing the ratio of the employed population with respect to the overall civilian non-institutional population of a given economy for some specified period	
https://spec.edmcouncil.org/fibo/ontology/IND/EconomicIndicators/EconomicIndicators/Enterprise	Enterprise		FunctionalBusinessEntity	class	IND	functional business entity that produces and/or sells goods or services	http://www.bls.gov/opub/hom/glossary.htm#E | An enterprise (a private firm, government, or nonprofit organization) can consist of a single establishment or multiple establishments. All establishments in an enterprise may be classified in one industry (e.g., a chain), or they may be classified in different industries (e.g., a conglomerate).
https://spec.edmcouncil.org/fibo/ontology/IND/EconomicIndicators/EconomicIndicators/EnterprisePopulation	EnterprisePopulation		StatisticalUniverse	class	IND	statistical universe consisting of enterprises designed for the purposes of supporting surveys such as those used as the basis for employment and producer price indices	
https://spec.edmcouncil.org/fibo/ontology/IND/EconomicIndicators/EconomicIndicators/Establishment	Establishment		InstitutionalUnit	class	IND	an enterprise (or part of an enterprise) that operates from a single physical location	http://stats.oecd.org/glossary/detail.asp?ID=857 | http://www.bls.gov/opub/hom/glossary.htm#E | http://www.statcan.gc.ca/eng/concepts/units | The physical location of a certain economic activity - for example, a factory, mine, store, or office. An individual establishment is generally classified by having one NAICS code associated with it for statistical purposes, whereas an enterprise may be classified by multiple NAICS codes. The statistical structure is defined based on the operating structure and the accounting data produced by that entity. A given location may only need to publish revenues, whereas an operating unit (establishment) has employment statistics, etc. An establishment is defined as a producing unit at a single geographical location at which or from which economic activity is conducted and for which, at a minimum, employment data are available. In the case of a home-based business, the actual physical location would be specified as two distinct institutional units - as a household from a personal living and consumer perspective and as an establishment / operating unit due to the statistics required of the business.
https://spec.edmcouncil.org/fibo/ontology/IND/EconomicIndicators/EconomicIndicators/EstablishmentEmployment	EstablishmentEmployment	payroll employment	EconomicIndicator	class	IND	economic indicator representing the total number of persons who work in or for the establishment including working proprietors, active business partners and unpaid family workers, as well as persons working outside the establishment when paid by and under the control of the establishment, for example, sales representatives, outside service engineers and repair and maintenance personnel	http://stats.oecd.org/glossary/detail.asp?ID=780 | Also included are salaried managers and salaried directors of incorporated enterprises. The total should include part-time workers and seasonal workers on the payroll, persons on short-term leave (sick leave, maternity leave, annual leave or vacation) and on strike, but not persons on indefinite leave, military leave or pension. Excluded are directors of incorporated enterprises and members of shareholders committees who are paid solely for their attendance at meetings, labour made available to the establishment by other units and charged for, such as contract workers paid through contractors, persons carrying out repair and maintenance work in the establishment on behalf of other units and all homeworkers.
https://spec.edmcouncil.org/fibo/ontology/IND/EconomicIndicators/EconomicIndicators/EstablishmentPopulation	EstablishmentPopulation		EnterprisePopulation	class	IND	a subset of the enterprise population focused on establishments	
https://spec.edmcouncil.org/fibo/ontology/IND/EconomicIndicators/EconomicIndicators/FixedBasket	FixedBasket	basket of goods	Basket	class	IND	basket of goods and services whose quantity and quality are held fixed for some period of time	https://www.imf.org/external/pubs/ft/ppi/2010/manual/ppi.pdf
https://spec.edmcouncil.org/fibo/ontology/IND/EconomicIndicators/EconomicIndicators/FixedBasketConstituent	FixedBasketConstituent		BasketConstituent	class	IND	component of a fixed basket	
https://spec.edmcouncil.org/fibo/ontology/IND/EconomicIndicators/EconomicIndicators/FixedBasketPopulation	FixedBasketPopulation	goods and services population | goods and/or services population	StatisticalUniverse	class	IND	statistical universe consisting of specific goods and/or services designed for the purposes of supporting surveys such as those used as the basis for price indices	https://www.imf.org/external/pubs/ft/ppi/2010/manual/ppi.pdf
https://spec.edmcouncil.org/fibo/ontology/IND/EconomicIndicators/EconomicIndicators/GovernmentSpecifiedStatisticalArea	GovernmentSpecifiedStatisticalArea	government-specified statistical area	StatisticalArea	class	IND	statistical area defined by a government agency	
https://spec.edmcouncil.org/fibo/ontology/IND/EconomicIndicators/EconomicIndicators/GrossDomesticProduct	GrossDomesticProduct	GDP	EconomicIndicator	class	IND	economic indicator representing the broadest measure of aggregate economic activity, measuring the total unduplicated market value of all final goods and services produced within a statistical area in a period	BEA's Handbook of Methods for GDP and related national accounts, available at https://www.bea.gov/methodologies/index.htm#national_meth | https://en.wikipedia.org/wiki/Gross_domestic_product | https://home.treasury.gov/system/files/261/FSOC-2013-Annual-Report.pdf | GDP represents a valuation expressed in terms of the prices actually paid by the purchaser after all applicable taxes and subsidies. | Gross domestic product (GDP) is the value of the goods and services produced by the nation's economy less the value of the goods and services used up in production. GDP is also equal to the sum of personal consumption expenditures, gross private domestic investment, net exports of goods and services, and government consumption expenditures and gross investment. Conceptually, this measure can be arrived at by three separate means: as the sum of goods and services sold to final users, as the sum of income payments and other costs incurred in the production of goods and services, and as the sum of the value added at each stage of production. Although these three ways of measuring GDP are conceptually the same, their calculation may not result in identical estimates of GDP because of differences in data sources, timing, and estimation techniques.
https://spec.edmcouncil.org/fibo/ontology/IND/EconomicIndicators/EconomicIndicators/Household	Household		InstitutionalUnit	class	IND	individual or small group of persons who occupy a housing unit (such as a house or apartment) as their usual place of residence, who pool some, or all, of their income and wealth and who consume certain types of goods and services collectively, mainly housing and food	A household may be either (a) a one-person household, that is to say, a person who makes provision for his or her own food or other essentials for living without combining with any other person to form part of a multi-person household or (b) a multi-person household, that is to say, a group of two or more persons living together who make common provision for food or other essentials for living. The persons in the group may pool their incomes and may, to a greater or lesser extent, have a common budget; they may be related or unrelated persons or constitute a combination of persons both related and unrelated. A household may be located in a housing unit or in a set of collective living quarters such as a boarding house, a hotel or a camp, or may comprise the administrative personnel in an institution. The household may also be homeless. | From the perspective of the U.S Census Bureau, a household includes the related family members and all the unrelated people, if any, such as lodgers, foster children, wards, or employees who share the housing unit. A person living alone in a housing unit, or a group of unrelated people sharing a housing unit such as partners or roomers, is also counted as a household. The count of households excludes group quarters [such as institutional facilities]. There are two major categories of households, 'family' and 'nonfamily'.
https://spec.edmcouncil.org/fibo/ontology/IND/EconomicIndicators/EconomicIndicators/HousingUnit	HousingUnit			class	IND	house, an apartment, a mobile home or trailer, a group of rooms, or a single room occupied as separate living quarters, or if vacant, intended for occupancy as separate living quarters	Separate living quarters are those in which the occupants live separately from any other individuals in the building and which have direct access from outside the building or through a common hall. For vacant units, the criteria of separateness and direct access are applied to the intended occupants whenever possible.
https://spec.edmcouncil.org/fibo/ontology/IND/EconomicIndicators/EconomicIndicators/InflationRate	InflationRate		EconomicIndicator	class	IND	economic indicator representing a change in prices of goods and services for a specified period, for a given statistical area	Inflation rate can be used to define changes, from period-to-period, in wage (wage inflation), house prices or producer inputs/outputs. It can be calculated month-over-month and quarter-over-quarter, as well as year-over-year, or on any periodic basis required by the publisher and its community of interest.
https://spec.edmcouncil.org/fibo/ontology/IND/EconomicIndicators/EconomicIndicators/InputProducerPriceIndex	InputProducerPriceIndex	input PPI	ProducerPriceIndex	class	IND	economic indicator representing measure of the rate of change over time in the prices of inputs of goods and services purchased by the producer	https://www.imf.org/external/pubs/ft/ppi/2010/manual/ppi.pdf
https://spec.edmcouncil.org/fibo/ontology/IND/EconomicIndicators/EconomicIndicators/InstitutionalPerson	InstitutionalPerson		Person	class	IND	person that resides in an institution for some reason, due, for example, to hospitalization, rehabilitation, or incarceration	U.S. Bureau of Labor Statistics and Statistics Canada reference definitions - https://wiki.edmcouncil.org/pages/viewpage.action?pageId=6358041
https://spec.edmcouncil.org/fibo/ontology/IND/EconomicIndicators/EconomicIndicators/InstitutionalUnit	InstitutionalUnit		FunctionalEntity	class	IND	party that is capable, in its own right, of owning assets, incurring liabilities, and engaging in economic activities and in transactions with other parties	http://stats.oecd.org/glossary/detail.asp?ID=1415 | http://www.statcan.gc.ca/eng/concepts/units | https://www.statcan.gc.ca/en/concepts/ccius/intro | There is a hierarchical relationship between institutional units and establishments. An institutional unit contains one or more entire establishment(s); an establishment belongs to one and only one institutional unit. There are two main types of units in the real world that may qualify as institutional units, namely persons or groups of persons in the form of households, and legal or social entities.
https://spec.edmcouncil.org/fibo/ontology/IND/EconomicIndicators/EconomicIndicators/LaborProductivityGrossOutput	LaborProductivityGrossOutput	labor productivity, based on gross output	Productivity	class	IND	ratio of a quantity index of gross output to a quantity index of labor input	http://www.oecd.org/std/productivity-stats/2352458.pdf | Gross-output based labour productivity traces the labour requirements per unit of (physical) output. It reflects the change in the input coefficient of labour by industry and can help in the analysis of labour requirements by industry. | Shows the time profile of how productively labour is used to generate gross output. Labour productivity changes reflect the joint influence of changes in capital, intermediate inputs, as well as technical, organisational and efficiency change within and between firms, the influence of economies of scale, varying degrees of capacity utilisation and measurement errors.
https://spec.edmcouncil.org/fibo/ontology/IND/EconomicIndicators/EconomicIndicators/LaborProductivityValueAdded	LaborProductivityValueAdded	labor productivity, based on value added	Productivity	class	IND	ratio of a quantity index of value added to a quantity index of labor input	http://www.oecd.org/std/productivity-stats/2352458.pdf | At the aggregate level, value-added based labour productivity forms a direct link to a widely used measure of living standards, income per capita. Productivity translates directly into living standards, by adjusting for changing working hours, unemployment, labour force participation rates and demographic changes. | Shows the time profile of how productively labour is used to generate value added. Labour productivity changes reflect the joint influence of changes in capital, as well as technical, organisational and efficiency change within and between firms, the influence of economies of scale, varying degrees of capacity utilisation and measurement errors.
https://spec.edmcouncil.org/fibo/ontology/IND/EconomicIndicators/EconomicIndicators/MarginallyAttachedPopulation	MarginallyAttachedPopulation		PopulationNotInLaborForce	class	IND	subset of the population that includes people who currently are neither working nor looking for work but indicate that they want and are available for a job and have looked for work sometime in the past 12 months	https://www.bls.gov/news.release/empsit.t15.htm
https://spec.edmcouncil.org/fibo/ontology/IND/EconomicIndicators/EconomicIndicators/MetropolitanStatisticalArea	MetropolitanStatisticalArea	MSA	GovernmentSpecifiedStatisticalArea	class	IND	one or more adjacent counties or county equivalents that have at least one urban core area of at least 50,000 population, plus adjacent territory that has a high degree of social and economic integration with the core as measured by commuting ties	
https://spec.edmcouncil.org/fibo/ontology/IND/EconomicIndicators/EconomicIndicators/MicropolitanStatisticalArea	MicropolitanStatisticalArea	μSA	GovernmentSpecifiedStatisticalArea	class	IND	one or more adjacent counties or county equivalents that have at least one urban core area of at least 10,000 population but less than 50,000, plus adjacent territory that has a high degree of social and economic integration with the core as measured by commuting ties	
https://spec.edmcouncil.org/fibo/ontology/IND/EconomicIndicators/EconomicIndicators/MilitaryPerson	MilitaryPerson		LegallyCompetentNaturalPerson	class	IND	person that is a member of the active duty military	U.S. Bureau of Labor Statistics and Statistics Canada reference definitions - https://wiki.edmcouncil.org/pages/viewpage.action?pageId=6358041
https://spec.edmcouncil.org/fibo/ontology/IND/EconomicIndicators/EconomicIndicators/OutputProducerPriceIndex	OutputProducerPriceIndex	output PPI	ProducerPriceIndex	class	IND	economic indicator representing measure of the rate of change over time in the prices of products sold as they leave the producer	https://www.imf.org/external/pubs/ft/ppi/2010/manual/ppi.pdf
https://spec.edmcouncil.org/fibo/ontology/IND/EconomicIndicators/EconomicIndicators/PersonalConsumptionExpenditures	PersonalConsumptionExpenditures	PCE	EconomicIndicator	class	IND	economic indicator representing measure of the value of the goods and services purchased by, or on the behalf of, 'persons'	https://www.bea.gov/data/consumer-spending/main | Personal consumption expenditures consist of purchases of goods and services by households and by nonprofit institutions serving households (NPISHs). These goods and services include imputed expenditures on items such as the services of housing by a homeowner (the equivalent of rent), financial and insurance services for which there is no explicit charge, and medical care provided to individuals and financed by government or by private insurance.
https://spec.edmcouncil.org/fibo/ontology/IND/EconomicIndicators/EconomicIndicators/PopulationNotInLaborForce	PopulationNotInLaborForce	population not in the labor force	CivilianNonInstitutionalPopulation	class	IND	subset of the civilian, noninstitutional population, that is considered neither employed nor unemployed by the reporting agency during the reporting period	U.S. Bureau of Labor Statistics and Statistics Canada reference definitions - https://wiki.edmcouncil.org/pages/viewpage.action?pageId=6358041 | There are a number of distinctions with respect to how individuals are counted from country to country, including whether or not they are considered employed if they are on unpaid leave for some reason, and whether or not they are counted multiple times if they have more than one paying job.
https://spec.edmcouncil.org/fibo/ontology/IND/EconomicIndicators/EconomicIndicators/ProducerPriceIndex	ProducerPriceIndex	PPI	EconomicIndicator	class	IND	economic indicator representing measure of the rate of change over time in the prices of goods and services bought and sold by producers	https://www.imf.org/external/pubs/ft/ppi/2010/manual/ppi.pdf | Statistical agencies implement the Laspeyres index by putting it into price-relative (price change from the base period) and revenue-share (from the base period) format. In this form, the Laspeyres index can be written as the sum of base-period revenue shares of the items in the index times their corresponding price relatives. Statistical agency practice has introduced some approximations to the theoretical Laspeyres target due to a number of practical problems with producing the Laspeyres index exactly. For these and other pragmatic reasons, some agencies use alternatives depending on circumstances. See the IMF publication cited for a full explanation of the most commonly used approaches and trade-offs made for determining PPI. | The standard methodology for a typical PPI is based on a Laspeyres price index with fixed quantities from an earlier base period. The construction of this index can be thought of in terms of selecting a basket of goods and services representative of base-period revenues, valuing this at base-period prices, and then repricing the same basket at current-period prices. The target PPI in this case is defined to be the ratio of these two revenues. Practicing statisticians use this methodology because it has at least three practical advantages. It is easily explained to the public, it can use often expensive and untimely weighting information from the date of the last (or an even earlier) survey or administrative source (rather than requiring sources of data for the current month), and it need not be revised if users accept the Laspeyres premise.
https://spec.edmcouncil.org/fibo/ontology/IND/EconomicIndicators/EconomicIndicators/Productivity	Productivity		EconomicIndicator	class	IND	economic indicator representing ratio of a volume measure of output to a volume measure of input use	http://stats.oecd.org/glossary/detail.asp?ID=2167 | http://www.oecd.org/std/productivity-stats/2352458.pdf | The primary objectives of productivity measurement include: (a) tracing technology change, i.e., the currently known ways of converting resources into outputs desired by the economy, (b) identifying changes in efficiency, (c) understanding real cost savings, (d) benchmarking production processes, and (e) assessing standards of living. Productivity measures may also be single factor or multifactor.
https://spec.edmcouncil.org/fibo/ontology/IND/EconomicIndicators/EconomicIndicators/StatisticalInformationPublisher	StatisticalInformationPublisher		Publisher	class	IND	publisher that packages and makes analytical and statistical data available	
https://spec.edmcouncil.org/fibo/ontology/IND/EconomicIndicators/EconomicIndicators/UltimateConsumer	UltimateConsumer	consumer as defined by the Consumer Price Index (CPI)	Consumer	class	IND	person that is the ultimate user of a good, product or service	For the purposes of the CPI and related statistics, the definition of consumer is limited to humans. In general, a consumer could include a pet, as the consumer of pet food, for example, although the pet owner would likely be the purchaser and target of advertising. | The consumer is not always the purchaser of the product. Consumers are considered to be the users of the final product. For example, purchasers of building products are interim users of these products while constructing the finished product, which then may be purchased by the consumer.
https://spec.edmcouncil.org/fibo/ontology/IND/EconomicIndicators/EconomicIndicators/UnderemployedPopulation	UnderemployedPopulation		EmployedPopulation	class	IND	subset of the employed population that includes persons employed part-time for economic reasons, who want and are available for full-time work but have had to settle for a part-time schedule	https://www.bls.gov/news.release/empsit.t15.htm
https://spec.edmcouncil.org/fibo/ontology/IND/EconomicIndicators/EconomicIndicators/UnderemployedPopulationWithRespectToOccupation	UnderemployedPopulationWithRespectToOccupation		UnderemployedPopulation	class	IND	subset of the underemployed population that includes persons employed in a role that does not reflect their training and experience, excluding those that change careers	
https://spec.edmcouncil.org/fibo/ontology/IND/EconomicIndicators/EconomicIndicators/UnderutilizedPopulation	UnderutilizedPopulation		CivilianNonInstitutionalPopulation	class	IND	subset of the civilian non-institutional population that includes persons employed part-time for economic reasons, persons that are marginally attached to the labor force, and persons that are identified as unemployed	https://www.bls.gov/news.release/empsit.t15.htm
https://spec.edmcouncil.org/fibo/ontology/IND/EconomicIndicators/EconomicIndicators/UnemployedPopulation	UnemployedPopulation		CivilianLaborForce	class	IND	subset of the civilian labor force that is considered to have had no employment but was available for work, except for temporary illness, and had made specific efforts to find employment sometime during a specified period, during the reporting period	U.S. Bureau of Labor Statistics and Statistics Canada reference definitions - https://wiki.edmcouncil.org/pages/viewpage.action?pageId=6358041 | Persons who were waiting to be recalled to a job from which they had been laid off need not have been looking for work to be classified as unemployed.
https://spec.edmcouncil.org/fibo/ontology/IND/EconomicIndicators/EconomicIndicators/UnemploymentRate	UnemploymentRate		EconomicIndicator	class	IND	economic indicator representing the ratio of the unemployed population with respect to the civilian labor force of a given economy for some specified period	http://www.bls.gov/cps/faq.htm#Ques3 | Persons are classified as unemployed if they do not have a job, have actively looked for work in the prior 4 weeks, and are currently available for work. Workers expecting to be recalled from layoff are counted as unemployed, whether or not they have engaged in a specific jobseeking activity. In all other cases, the individual must have been engaged in at least one active job search activity in the 4 weeks preceding the interview and be available for work (except for temporary illness).
https://spec.edmcouncil.org/fibo/ontology/IND/EconomicIndicators/EconomicIndicators/ValueAddedProducerPriceIndex	ValueAddedProducerPriceIndex	value-added producer price index | value-added PPI	ProducerPriceIndex	class	IND	economic indicator representing a weighted average of the input and output producer price indices	https://www.imf.org/external/pubs/ft/ppi/2010/manual/ppi.pdf
https://spec.edmcouncil.org/fibo/ontology/IND/ForeignExchange/ForeignExchange/CurrencyConversionService	CurrencyConversionService		ForeignExchangeService	class	IND	foreign exchange service involving the conversion of currency of one country or group of countries for another, typically, but not always, as a counter transaction	A currency exchange service may be provided by a stand-alone business or may be part of the services offered by a bank or other financial institution. The currency exchange profits from its services either through adjusting the exchange rate or taking a commission.
https://spec.edmcouncil.org/fibo/ontology/IND/ForeignExchange/ForeignExchange/CurrencyForwardRate	CurrencyForwardRate		QuotedExchangeRate	class	IND	rate of exchange between two currencies for settlement at some future point in time, expressed as a premium on the spot rate	
https://spec.edmcouncil.org/fibo/ontology/IND/ForeignExchange/ForeignExchange/CurrencyForwardRateVolatility	CurrencyForwardRateVolatility		ExchangeRateVolatility	class	IND	measure of exchange rate fluctuation based on a range of projected values for exchange rates	
https://spec.edmcouncil.org/fibo/ontology/IND/ForeignExchange/ForeignExchange/CurrencySpotBuyRate	CurrencySpotBuyRate		CurrencySpotRate	class	IND	indicative spot buying market rate as observed by the reporting source	
https://spec.edmcouncil.org/fibo/ontology/IND/ForeignExchange/ForeignExchange/CurrencySpotMidRate	CurrencySpotMidRate		CurrencySpotRate	class	IND	indicative middle market (mean of spot buying and selling) rate as observed by the reporting source	
https://spec.edmcouncil.org/fibo/ontology/IND/ForeignExchange/ForeignExchange/CurrencySpotRate	CurrencySpotRate		QuotedExchangeRate	class	IND	rate at which one currency may be exchanged for another for immediate delivery	Spot rates represent the prices buyers pay in one currency to purchase a second currency. Although the spot exchange rate is for delivery on the earliest value date, the standard settlement date for most spot transactions is two business days after the transaction date.
https://spec.edmcouncil.org/fibo/ontology/IND/ForeignExchange/ForeignExchange/CurrencySpotSellRate	CurrencySpotSellRate		CurrencySpotRate	class	IND	indicative spot selling market rate as observed by the reporting source	
https://spec.edmcouncil.org/fibo/ontology/IND/ForeignExchange/ForeignExchange/CurrencySpotVolatility	CurrencySpotVolatility		ExchangeRateVolatility	class	IND	measure of exchange rate fluctuation based on a range of past actual values for exchange rates	
https://spec.edmcouncil.org/fibo/ontology/IND/ForeignExchange/ForeignExchange/ExchangeRateStructure	ExchangeRateStructure		DatedStructuredCollection	class	IND	structured collection of quoted or projected exchange rates, such that volatility may be constructed for the structure	
https://spec.edmcouncil.org/fibo/ontology/IND/ForeignExchange/ForeignExchange/ExchangeRateVolatility	ExchangeRateVolatility		Volatility	class	IND	statistical measure of the rate of change in the rate at which one currency can be exchanged for another	
https://spec.edmcouncil.org/fibo/ontology/IND/ForeignExchange/ForeignExchange/ForeignExchangeService	ForeignExchangeService		FinancialService	class	IND	financial service involving the exchange of one currency for another, conversion of one currency for another, and transfer of money from one country to another whereby currency conversion is required	
https://spec.edmcouncil.org/fibo/ontology/IND/ForeignExchange/ForeignExchange/InternationalElectronicFundsTransferService	InternationalElectronicFundsTransferService	international wire transfer	ElectronicFundsTransferService	class	IND	electronic funds transfer (EFT) service involving the transfer of funds across national borders, that may also involve currency conversion	
https://spec.edmcouncil.org/fibo/ontology/IND/ForeignExchange/ForeignExchange/QuotedExchangeRate	QuotedExchangeRate		ExchangeRate	class	IND	exchange rate quoted at a specific point in time, for a given block amount of currency as quoted against another (base) currency	An exchange rate of R represents a rate of R units of the quoted currency to 1 unit of the base currency.
https://spec.edmcouncil.org/fibo/ontology/IND/Indicators/Indicators/DailyAverageMarketRate	DailyAverageMarketRate		MarketRate	class	IND	overall level of a given rate, calculated as the sum of some selected observed values of the rates for a particular reference rate, foreign exchange rate, lending rate, or other market rate divided by the number of samples collected over the course of a twenty-four (24) hour period for a specific date	http://www.investopedia.com/terms/m/marketaverage.asp
https://spec.edmcouncil.org/fibo/ontology/IND/Indicators/Indicators/EndOfDayMarketRate	EndOfDayMarketRate	end-of-day market rate	MarketRate	class	IND	value of a given market rate of the end of the business day for a specific date	
https://spec.edmcouncil.org/fibo/ontology/IND/Indicators/Indicators/HistoricalPriceVolatility	HistoricalPriceVolatility		HistoricalVolatility	class	IND	historical volatility measure of past trading ranges of prices of underlying securities and indexes	Calculations for historical volatility are generally based on the change from one closing price to the next.
https://spec.edmcouncil.org/fibo/ontology/IND/Indicators/Indicators/HistoricalVolatility	HistoricalVolatility	realized volatility	Volatility	class	IND	measure of volatility that uses actual values for pricing, rates, and other measurements calculated over some prior period	
https://spec.edmcouncil.org/fibo/ontology/IND/Indicators/Indicators/ImpliedPriceVolatility	ImpliedPriceVolatility		ImpliedVolatility	class	IND	measure of volatility that represents the expected fluctuations of an underlying stock or index over a specific time frame	
https://spec.edmcouncil.org/fibo/ontology/IND/Indicators/Indicators/ImpliedVolatility	ImpliedVolatility	projected volatility	Volatility	class	IND	measure of volatility that is a forward-looking metric used to calculate probability	
https://spec.edmcouncil.org/fibo/ontology/IND/Indicators/Indicators/MarketRate	MarketRate			class	IND	value of a rate established in the marketplace for a set of instruments or that describes the economic climate for an industry and/or political region (e.g., SOFR, Prime)	Financial market rates include, but are not limited to reference rates, foreign exchange rates, lending rates, bankers' acceptance rates, and so forth.
https://spec.edmcouncil.org/fibo/ontology/IND/Indicators/Indicators/MarketSpread	MarketSpread		ScopedMeasure	class	IND	statistical measure providing the difference (or spread) between two market rates	
https://spec.edmcouncil.org/fibo/ontology/IND/Indicators/Indicators/PriceStructure	PriceStructure	price history	DatedStructuredCollection	class	IND	structured collection of prices, such as market prices for some index or security, such that volatility or other analyses may be performed over the structure	Historical prices are needed not only for various statistical analyses but for determining best prices for certain kinds of options, for example. Note that prices may be quoted or calculated.
https://spec.edmcouncil.org/fibo/ontology/IND/Indicators/Indicators/PriceVolatility	PriceVolatility		Volatility	class	IND	statistical measure of the rate of change in pricing for a given security or market index	Volatility can be determined using the standard deviation or variance among prices for the security or market index over some period of time. For a specific security, volatility may measure the amount and frequency in rapid price fluctuation. It is computed as the annualized standard deviation of the percentage change in a security's daily price.
https://spec.edmcouncil.org/fibo/ontology/IND/Indicators/Indicators/QuotedPrice	QuotedPrice		MonetaryPrice	class	IND	a monetary price quoted by some publisher on a given date	
https://spec.edmcouncil.org/fibo/ontology/IND/Indicators/Indicators/TermStructure	TermStructure		DatedStructuredCollection	class	IND	structured collection of rates, such as interest rates, or bond yields with different terms to maturity, such that a yield curve may be constructed for the structure	Term structure refers to a set of discrete points; elements are ordered by time. Restrictions on the rate (see above) and a point in time, paired together, and then ordered in a structured collection is how this should ultimately be modeled. Then the concept of yield curve would be a child of term structure, for calculation of net present value, for example. Term structures consist of two or more observed or projected values, typically related to debt instruments or interest rates. assessment of monetary policy conditions, and so forth.
https://spec.edmcouncil.org/fibo/ontology/IND/Indicators/Indicators/Volatility	Volatility		Dispersion	class	IND	statistical measure of the dispersion around the average of some random variable over some period of time	
https://spec.edmcouncil.org/fibo/ontology/IND/InterestRates/InterestRates/BaseRate	BaseRate	bank base rate | BBR	ReferenceInterestRate	class	IND	basic rate of interest on which the actual rate a bank charges on loans to its customers is calculated	Typically, the bank base rate is a reference rate set by a central bank. Banks that are regulated by a given central bank cannot lend below the base rate to their customers. The bank base rate is determined on an ongoing basis and represents the central bank's judgement of the price of short-term funds on their interbank market.
https://spec.edmcouncil.org/fibo/ontology/IND/InterestRates/InterestRates/InterbankBidRate	InterbankBidRate		InterbankRate	class	IND	interbank rate that is the interest rate at which participating banks are willing to borrow deposits from other banks	Unlike an interbank offered rate, which is the rate at which banks lend money, an interbank bid rate is the rate at which banks ask to borrow.
https://spec.edmcouncil.org/fibo/ontology/IND/InterestRates/InterestRates/InterbankMidRate	InterbankMidRate		InterbankRate	class	IND	interbank rate that represents the mid-point between bid and offer rates	
https://spec.edmcouncil.org/fibo/ontology/IND/InterestRates/InterestRates/InterbankOfferedRate	InterbankOfferedRate		InterbankRate	class	IND	interbank rate that is the interest rate at which participating banks lend money	
https://spec.edmcouncil.org/fibo/ontology/IND/InterestRates/InterestRates/InterbankRate	InterbankRate		ReferenceInterestRate	class	IND	reference rate that is the rate of interest charged on short-term loans between banks	Banks borrow and lend money in the interbank market in order to manage liquidity and meet the requirements placed on them. The interest rate charged depends on the availability of money in the market, on prevailing rates and on the specific terms of the contract, such as term length.
https://spec.edmcouncil.org/fibo/ontology/IND/InterestRates/InterestRates/InterestRateAuthority	InterestRateAuthority		Publisher	class	IND	financial service provider/publisher responsible for specifying some benchmark interest rate	This is typically a bank, central bank in the case of the publication of bank interest rates, or the committee responsible for publishing interbank rates, such as EURIBOR.
https://spec.edmcouncil.org/fibo/ontology/IND/InterestRates/InterestRates/InterestRateBenchmark	InterestRateBenchmark			class	IND	classifier for regularly updated interest rates that are publicly accessible, typically set by a central bank or group of financial institutions	Benchmark rates, such as EURIBOR, the Fed Funds rate, and many others including those identified as FpML rates, are used as benchmarks for a variety of debt instruments.
https://spec.edmcouncil.org/fibo/ontology/IND/InterestRates/InterestRates/InterestRateBenchmarkClassificationScheme	InterestRateBenchmarkClassificationScheme		ClassificationScheme	class	IND	scheme for classifying interest rate benchmarks, such as the FpML classification scheme	
https://spec.edmcouncil.org/fibo/ontology/IND/InterestRates/InterestRates/OvernightRate	OvernightRate		ReferenceInterestRate	class	IND	reference rate that is an interest rate at which a depository institution lends funds to another depository institution (short-term), or the interest rate the central bank charges a financial institution to borrow money overnight	The overnight rate is the lowest available interest rate, and as such, it is only available to the most creditworthy institutions. It is the underlying rate for Overnight Interest Rate Swaps (IOS).
https://spec.edmcouncil.org/fibo/ontology/IND/InterestRates/InterestRates/ReferenceInterestRate	ReferenceInterestRate		InterestRate	class	IND	market rate that is a rate of interest paid by or agreed among some bank or set of banks	The reference rate is a moving index such as EURIBOR, the prime rate or the rate on benchmark U.S. Treasuries.
https://spec.edmcouncil.org/fibo/ontology/IND/InterestRates/InterestRates/SpecificProviderInterestRateBenchmark	SpecificProviderInterestRateBenchmark	specific-provider interest rate benchmark	InterestRateBenchmark	class	IND	interest rate benchmark that is made available by a specific market data provider for reference purposes	Benchmarks, such as those published by Bloomberg, Thomson-Reuters, and others, are usually quoted as of a specific date and time of day.
https://spec.edmcouncil.org/fibo/ontology/IND/MarketIndices/BasketIndices/BasketOfCreditRisks	BasketOfCreditRisks		WeightedBasket	class	IND	basket of instruments, legal entities, or a combination thereof collected for the purpose of analyzing risk	Note that the risk related to a given constituent may be calculated based on either (1) the overall credit risk associated with the entity or, (2) the combined risk associated with an entity and the specific instrument identified, or (3) risk associated with the instrument on its own. Criteria for constituents is based on sectors (emerging market, financial, sovereign, etc), spread range (investment grade, non-investment grade), or asset type (loan, bond, mortgage-backed, asset-backed), second criteria is based on maturity of protection (2,3,5,7,10 yrs). Markit manages over 2000 CDS indexes, for example.
https://spec.edmcouncil.org/fibo/ontology/IND/MarketIndices/BasketIndices/BasketOfEquities	BasketOfEquities		BasketOfSecurities	class	IND	basket of securities whose constituents are listed shares	
https://spec.edmcouncil.org/fibo/ontology/IND/MarketIndices/BasketIndices/CapitalizationBasedWeightingFunction	CapitalizationBasedWeightingFunction	capitalization-based weighting function	WeightingFunction	class	IND	weighting function derived from the relative market capitalization (share price times the number of shares outstanding) of the companies tracked by an index	
https://spec.edmcouncil.org/fibo/ontology/IND/MarketIndices/BasketIndices/CreditIndex	CreditIndex		ReferenceIndex	class	IND	reference index that is a function of credit events that change the value of an underlying portfolio	Such an index does not necessarily reference a static portfolio, as there may be provisions for replacing defaulted securities on which the index depends.
https://spec.edmcouncil.org/fibo/ontology/IND/MarketIndices/BasketIndices/CreditIndexConstituent	CreditIndexConstituent		WeightedBasketConstituent	class	IND	constituent of a basket of credit risks	
https://spec.edmcouncil.org/fibo/ontology/IND/MarketIndices/BasketIndices/EquityIndex	EquityIndex		ReferenceIndex	class	IND	benchmark whose constituents are exclusively equity instruments	
https://spec.edmcouncil.org/fibo/ontology/IND/MarketIndices/BasketIndices/MarketCapitalization	MarketCapitalization	market cap	Expression	class	IND	expression representing the perceived value of a company as determined by the stock market at a specific point in time	
https://spec.edmcouncil.org/fibo/ontology/IND/MarketIndices/BasketIndices/ReferenceIndex	ReferenceIndex	benchmark	ScopedMeasure	class	IND	measure of change in the value of the contents of a basket over a given period of time	An index is a function based on a set of structured calculations with respect to a basket of credit risks, financial instruments or other indices over time. Analysis may be computed based on historical values, projected values, etc.
https://spec.edmcouncil.org/fibo/ontology/LOAN/LoansGeneral/Loans/ClosedEndCredit	ClosedEndCredit	closed-end credit	CreditAgreement	class	LOAN	credit agreement in which the loan principal cannot be increased after funds are dispersed in full when the loan closes	The loan may require regular payments that pay down principal periodically, or it may require the full payment of principal at maturity.
https://spec.edmcouncil.org/fibo/ontology/LOAN/LoansGeneral/Loans/CollateralizedLoan	CollateralizedLoan		SecuredLoan	class	LOAN	secured loan that is secured with cash or other acceptable collateral (real property, securities or other assets) provided by the borrower as specified in the collateral agreement	ISO 10962, Securities and related financial instruments - Classification of financial instruments (CFI) code, Fourth Edition, 2019.
https://spec.edmcouncil.org/fibo/ontology/LOAN/LoansGeneral/Loans/Comaker	Comaker	co-maker | cosigner	ContractThirdParty	class	LOAN	party that signs a borrower's promissory note, providing additional security and potentially improving the quality of the debt	Differences between a co-maker and co-borrower include: (1) a co-maker is not listed on the title of the asset to which the loan applies, (2) a co-maker does not have any legal ownership rights to the asset, and (3) the co-maker does not make regular payments on the loan unless the primary borrower(s) fails to do so. | The co-maker's liability is similar to that of an endorser or guarantor, but with additional risk/exposure, as they can be compelled to honor the debt much sooner and regardless of whether certain conditions are met.
https://spec.edmcouncil.org/fibo/ontology/LOAN/LoansGeneral/Loans/CombinedLoanToValueRatio	CombinedLoanToValueRatio	combined loan-to-value ratio	PercentageMonetaryAmount	class	LOAN	ratio of the total amount of debt that is secured by the asset(s) and the appraised value of the asset(s) securing the financing	This is particularly important for secondary loans, or for refinancing that combines outstanding loans against a given asset. Lenders use this ratio to evaluate the risk of extending a loan to a borrower(s) in cases where multiple loans are involved.
https://spec.edmcouncil.org/fibo/ontology/LOAN/LoansGeneral/Loans/GuaranteedLoan	GuaranteedLoan		SecuredLoan	class	LOAN	loan that is secured with respect to repayment of principal and interest by guaranty	A loan guarantee is a promise by one party to assume the debt obligation of a borrower if that borrower defaults. A guarantee can be limited or unlimited, making the guarantor liable for only a portion or all of the debt. | In the U.S., the term 'guaranteed loan' typically refers to a loan that is backed by a federal agency, such as the Department of Veterans Affairs or the Small Business Administration. Student loans may be guaranteed by the Student Loan Marketing Association.
https://spec.edmcouncil.org/fibo/ontology/LOAN/LoansGeneral/Loans/IndividualPaymentTransaction	IndividualPaymentTransaction		IndividualTransaction	class	LOAN	actual payment of principal, interest, fees, or other related amounts towards fulfillment of a debt obligation	
https://spec.edmcouncil.org/fibo/ontology/LOAN/LoansGeneral/Loans/LenderLienPosition	LenderLienPosition			class	LOAN	classifier indicating whether the lender has the primary lien position with respect to an asset used as collateral for the loan	
https://spec.edmcouncil.org/fibo/ontology/LOAN/LoansGeneral/Loans/Loan	Loan		CreditAgreementRepaidPeriodically	class	LOAN	debt instrument whereby one party extends money or credit to another party (or parties) with the understanding that the borrowed money will be repaid according to the terms of the contract	
https://spec.edmcouncil.org/fibo/ontology/LOAN/LoansGeneral/Loans/LoanPaymentSchedule	LoanPaymentSchedule		PaymentSchedule	class	LOAN	regular or explicit (ad hoc) payment schedule associated with a given loan-specific account	Loan payment schedules may or may not be amortization schedules, i.e., they may or may not include principal.
https://spec.edmcouncil.org/fibo/ontology/LOAN/LoansGeneral/Loans/LoanSpecificCustomerAccount	LoanSpecificCustomerAccount	loan-specific customer account	CustomerAccount	class	LOAN	account held by the borrower associated with a specific loan	
https://spec.edmcouncil.org/fibo/ontology/LOAN/LoansGeneral/Loans/LoanToValueRatio	LoanToValueRatio	loan-to-value ratio | LTV	PercentageMonetaryAmount	class	LOAN	ratio, expressed as a percentage, between the principal amount of the loan and the appraised value of the asset securing the financing	
https://spec.edmcouncil.org/fibo/ontology/LOAN/LoansGeneral/Loans/OpenEndCredit	OpenEndCredit	open-end credit | charge account credit | revolving credit	CreditAgreement	class	LOAN	credit agreement that may be extended up to an agreed credit limit and paid down at any time within the period of the line, if any, and on which interest is charged only on the outstanding balance	There is a credit limit most of the time, with exceptions including reverse mortgages with tenure payment. The borrower has the option of paying off the outstanding balance, without penalty, or making installment payments. | Credit card and overdraft lines of credit are among the most widely used forms of open-end credit.
https://spec.edmcouncil.org/fibo/ontology/LOAN/LoansGeneral/Loans/OwnershipInterest	OwnershipInterest			class	LOAN	classifier indicating the nature of the applicant's or borrower's ownership or leasehold interest in an asset used as collateral for the loan	
https://spec.edmcouncil.org/fibo/ontology/LOAN/LoansGeneral/Loans/PaymentHistory	PaymentHistory		TransactionRecord	class	LOAN	record of actual payments of principal, interest, and other related amounts made by a borrower to a lender or servicer in order to fulfill their re-payment obligation	
https://spec.edmcouncil.org/fibo/ontology/LOAN/LoansGeneral/Loans/PrepaymentTerms	PrepaymentTerms	pre-payment terms	PrincipalRepaymentTerms	class	LOAN	principal repayment terms related to payment of the loan prior to maturity	Prepayment may or may not involve refinancing with the same lender. Prepayment terms include any prepayment penalty period, penalty amount and whether or not there is provision for waiver of the penalty, and any conditions related to making additional payments or payments over and above the expected installment payment over the lifetime of the loan.
https://spec.edmcouncil.org/fibo/ontology/LOAN/LoansGeneral/Loans/SecuredLoan	SecuredLoan		Loan	class	LOAN	loan in which the borrower pledges some asset via a security agreement as collateral for the loan, or that is secured via third-party guarantee	
https://spec.edmcouncil.org/fibo/ontology/LOAN/LoansGeneral/Loans/Servicer	Servicer		FinancialServiceProvider	class	LOAN	party that collects principal and interest payments on behalf of the lender	In cases where a loan has been securitized, the servicer is also responsible for forwarding payments to investors, filing reports with credit-rating agencies and investors, and so forth.
https://spec.edmcouncil.org/fibo/ontology/LOAN/LoansGeneral/Loans/TotalOutstandingPrincipal	TotalOutstandingPrincipal		Principal	class	LOAN	the principal balance of all loans secured by the property	
https://spec.edmcouncil.org/fibo/ontology/LOAN/LoansGeneral/Loans/UnsecuredLoan	UnsecuredLoan		Loan	class	LOAN	loan granted based on the strength of the borrower's credit history or reputation in the community	
https://spec.edmcouncil.org/fibo/ontology/LOAN/LoansSpecific/CardAccounts/CardAccount	CardAccount		CustomerAccount	class	LOAN	account whose terms and conditions are defined in a card agreement that is represented by a payment card	
https://spec.edmcouncil.org/fibo/ontology/LOAN/LoansSpecific/CardAccounts/CardAuthenticationValue	CardAuthenticationValue	CAV	MagneticStripeVerificationCodeValue	class	LOAN	card verification value specifically for JCB payment cards	https://www.pcisecuritystandards.org/pci_security/glossary
https://spec.edmcouncil.org/fibo/ontology/LOAN/LoansSpecific/CardAccounts/CardAuthenticationValue2	CardAuthenticationValue2	CAV2	ThreeDigitVerificationCodeValue	class	LOAN	card verification value specifically for JCB payment cards	https://www.pcisecuritystandards.org/pci_security/glossary
https://spec.edmcouncil.org/fibo/ontology/LOAN/LoansSpecific/CardAccounts/CardExpirationDate	CardExpirationDate			class	LOAN	date on which a given payment card expires	
https://spec.edmcouncil.org/fibo/ontology/LOAN/LoansSpecific/CardAccounts/CardIdentificationNumber	CardIdentificationNumber	CID	ThreeDigitVerificationCodeValue	class	LOAN	card verification value specifically for American Express and Discover payment cards	https://www.pcisecuritystandards.org/pci_security/glossary
https://spec.edmcouncil.org/fibo/ontology/LOAN/LoansSpecific/CardAccounts/CardProduct	CardProduct		FinancialProduct	class	LOAN	financial product involving the issuance of credit, debit, or other payment cards	
https://spec.edmcouncil.org/fibo/ontology/LOAN/LoansSpecific/CardAccounts/CardSecurityCode	CardSecurityCode	CSC	MagneticStripeVerificationCodeValue	class	LOAN	card verification value specifically for American Express payment cards	https://www.pcisecuritystandards.org/pci_security/glossary
https://spec.edmcouncil.org/fibo/ontology/LOAN/LoansSpecific/CardAccounts/CardValidationCode	CardValidationCode	PAN CVC	MagneticStripeVerificationCodeValue	class	LOAN	card verification code specifically for Mastercard payment cards	https://www.pcisecuritystandards.org/pci_security/glossary
https://spec.edmcouncil.org/fibo/ontology/LOAN/LoansSpecific/CardAccounts/CardValidationCode2	CardValidationCode2	PAN CVC2	ThreeDigitVerificationCodeValue	class	LOAN	card verification value specifically for Mastercard payment cards	https://www.pcisecuritystandards.org/pci_security/glossary
https://spec.edmcouncil.org/fibo/ontology/LOAN/LoansSpecific/CardAccounts/CardVerificationCodeValue	CardVerificationCodeValue	card verification code or value		class	LOAN	code that specifies either (1) magnetic-stripe data, or (2) printed security features that are used to protect data integrity and limit alteration, counterfeiting and fraud generally	https://www.pcisecuritystandards.org/pci_security/glossary
https://spec.edmcouncil.org/fibo/ontology/LOAN/LoansSpecific/CardAccounts/CardVerificationValue	CardVerificationValue	CVV	MagneticStripeVerificationCodeValue	class	LOAN	card verification value specifically for Visa and Discover payment cards	https://www.pcisecuritystandards.org/pci_security/glossary
https://spec.edmcouncil.org/fibo/ontology/LOAN/LoansSpecific/CardAccounts/CardVerificationValue2	CardVerificationValue2	CVV2	ThreeDigitVerificationCodeValue	class	LOAN	card verification value specifically for Visa payment cards	https://www.pcisecuritystandards.org/pci_security/glossary
https://spec.edmcouncil.org/fibo/ontology/LOAN/LoansSpecific/CardAccounts/Cardholder	Cardholder		CustomerAccountHolder	class	LOAN	account holder to whom a payment card is issued	https://www.pcisecuritystandards.org/pci_security/glossary
https://spec.edmcouncil.org/fibo/ontology/LOAN/LoansSpecific/CardAccounts/CommercialCreditCardAgreement	CommercialCreditCardAgreement	corporate credit card agreement	CreditCardAgreement	class	LOAN	credit card agreement for a card issued to, or in conjunction with, a formal organization, such as a small business, middle market business, local, state, or national government, or large corporation	https://www.fdic.gov/regulations/examinations/credit_card/pdf_version/ch2.pdf | Corporate card programs come in more than one form to serve different business needs. In general, they are contractual agreements between a sponsoring entity and a financial institution, in which the financial institution issues corporate cards to select employees of the sponsoring company.
https://spec.edmcouncil.org/fibo/ontology/LOAN/LoansSpecific/CardAccounts/ConsumerCreditCardAgreement	ConsumerCreditCardAgreement		CreditCardAgreement	class	LOAN	credit card agreement for a card issued for household, family, or other personal expenditures that is accessed by a borrower's use of a credit card	https://www.law.cornell.edu/cfr/text/12/228.12
https://spec.edmcouncil.org/fibo/ontology/LOAN/LoansSpecific/CardAccounts/CreditCard	CreditCard		PaymentCard	class	LOAN	card issued by a financial service provider that enables the cardholder to borrow funds	https://www.fdic.gov/regulations/examinations/credit_card/pdf_version/ch2.pdf | In its non-physical form, a credit card represents a payment mechanism which facilitates both consumer and commercial business transactions, including purchases and cash advances. A credit card generally operates as a substitute for cash or a check and most often provides an unsecured revolving line of credit. The borrower is required to pay at least part of the card's outstanding balance each billing cycle, depending on the terms as set forth in the cardholder agreement. As the debt reduces, the available credit increases for accounts in good standing. These complex financial arrangements have ever-shifting terms and prices. A charge card differs from a credit card in that the charge card must be paid in full each month. | In physical form, a credit card traditionally is a thin, rectangular plastic card. The front of the card contains a series of numbers that are representative of various items such as the applicable network, bank, and account. | Issuance of credit cards has the condition that the cardholder will pay back the original, borrowed amount plus any additional agreed-upon charges. The credit company provider may also grant a line of credit (LOC) to the cardholder which allows the holder to borrow money in the form of a cash advance. The issuer pre-sets borrowing limits which have a basis on the individual's credit rating.
https://spec.edmcouncil.org/fibo/ontology/LOAN/LoansSpecific/CardAccounts/CreditCardAccount	CreditCardAccount		LoanOrCreditAccount	class	LOAN	card account whose terms and conditions are defined in a credit card agreement that is represented by a credit card	
https://spec.edmcouncil.org/fibo/ontology/LOAN/LoansSpecific/CardAccounts/CreditCardAgreement	CreditCardAgreement		CommittedCreditFacility	class	LOAN	account-specific credit facility that specifies the terms and conditions under which the credit card is offered to the cardholder by the issuer	
https://spec.edmcouncil.org/fibo/ontology/LOAN/LoansSpecific/CardAccounts/CreditCardNetwork	CreditCardNetwork			class	LOAN	classifier for the network that authorizes, processes, and sets the terms of credit card transactions, as well as transfers payments between shoppers, merchants, and their banks	Mastercard, Visa, American Express, Discover
https://spec.edmcouncil.org/fibo/ontology/LOAN/LoansSpecific/CardAccounts/CreditCardProduct	CreditCardProduct		CardProduct	class	LOAN	card product allowing the holder to purchase goods or services on credit	
https://spec.edmcouncil.org/fibo/ontology/LOAN/LoansSpecific/CardAccounts/DebitCard	DebitCard		PaymentCard	class	LOAN	payment card issued by a financial service provider that enables the cardholder to access funds in a demand deposit account	
https://spec.edmcouncil.org/fibo/ontology/LOAN/LoansSpecific/CardAccounts/DebitCardAccount	DebitCardAccount		CardAccount	class	LOAN	card account that is represented by a one or more debit cards	
https://spec.edmcouncil.org/fibo/ontology/LOAN/LoansSpecific/CardAccounts/DebitCardProduct	DebitCardProduct		CardProduct	class	LOAN	card product card typically provided by a depository institution allowing the holder to transfer money electronically to another account when making a purchase	
https://spec.edmcouncil.org/fibo/ontology/LOAN/LoansSpecific/CardAccounts/IssuingFinancialInstitution	IssuingFinancialInstitution	issuing bank	Issuer	class	LOAN	issuer and financial services provider that issues payment cards or performs, facilitates, or supports issuing services including but not limited to issuing banks and issuing processors	https://www.pcisecuritystandards.org/pci_security/glossary
https://spec.edmcouncil.org/fibo/ontology/LOAN/LoansSpecific/CardAccounts/MagneticStripeVerificationCodeValue	MagneticStripeVerificationCodeValue	magnetic stripe verification code or value	CardVerificationCodeValue	class	LOAN	card verification code on a card's magnetic stripe that uses secure cryptographic processes to protect data integrity on the stripe, and reveals any alteration or counterfeiting	https://www.pcisecuritystandards.org/pci_security/glossary
https://spec.edmcouncil.org/fibo/ontology/LOAN/LoansSpecific/CardAccounts/PaymentCard	PaymentCard			class	LOAN	legal document issued by a financial services provider that enables the cardholder to access the funds in the customer's designated bank accounts, or through a credit account and make payments by electronic funds transfer and access automated teller machines (ATMs)	For purposes of Payment Card Industry Data Security Standard (PCI DSS), a payment card is any payment card/device that bears the logo of the founding members of PCI SSC, which are American Express, Discover Financial Services, JCB International, MasterCard, or Visa, Inc. | The term payment card includes credit cards, debit cards, and stored-value cards, as well as payment through any distinctive marks of a payment card (such as a credit card number). A payment card is issued under an agreement that provides standards and mechanisms for settling the transactions between a merchant acquiring bank or similar entity and the providers who accept the cards as payment.
https://spec.edmcouncil.org/fibo/ontology/LOAN/LoansSpecific/CardAccounts/PaymentCardAgreement	PaymentCardAgreement		CreditAgreement	class	LOAN	account-specific credit agreement that specifies the terms and conditions under which the payment card is offered to the cardholder by the issuer	
https://spec.edmcouncil.org/fibo/ontology/LOAN/LoansSpecific/CardAccounts/PrimaryCardAccountNumber	PrimaryCardAccountNumber	primary account number | PAN	AccountIdentifier	class	LOAN	composite identifier of 14 or 16 digits embossed on a bank or payment card and encoded in the card's magnetic strip	The PAN identifies the issuer of the card and the account including part of the account number, and contains a check digit that verifies the authenticity of the embossed account number.
https://spec.edmcouncil.org/fibo/ontology/LOAN/LoansSpecific/CardAccounts/SmartCard	SmartCard		PaymentCard	class	LOAN	payment card that has integrated circuits embedded within it	https://www.pcisecuritystandards.org/pci_security/glossary | The circuits, also referred to as the 'chip,' contain payment card data including but not limited to data equivalent to the magnetic-stripe data.
https://spec.edmcouncil.org/fibo/ontology/LOAN/LoansSpecific/CardAccounts/ThreeDigitVerificationCodeValue	ThreeDigitVerificationCodeValue	three-digit verification code or value	CardVerificationCodeValue	class	LOAN	card verification code that is the rightmost three-digit value printed in the signature panel area on the back of the card	https://www.pcisecuritystandards.org/pci_security/glossary
https://spec.edmcouncil.org/fibo/ontology/LOAN/LoansSpecific/CommercialLoans/CommercialLoan	CommercialLoan	commercial and industrial loan	Loan	class	LOAN	loan extended to a corporation, commercial enterprise, joint venture, or other organization as opposed to a consumer	Such loans may include those that provide working capital, are used to finance the purchase of equipment and/or materials, for facilities and/or improvement of facilities, and so forth, and are typically secured.
https://spec.edmcouncil.org/fibo/ontology/LOAN/LoansSpecific/ConsumerLoans/ConsumerLoan	ConsumerLoan		Loan	class	LOAN	loan to one or more individuals for household, family, or other personal expenditures, excluding mortgages and student loans	12 CFR § 228.12, https://www.law.cornell.edu/cfr/text/12/228.12 | In the United Kingdom and per the Bank of England, lending to individuals (excluding student loans) consists of sterling lending secured on dwellings (i.e. mortgages) and sterling consumer credit to UK-resident individuals. See https://www.bankofengland.co.uk/statistics/details/further-details-about-total-lending-to-individuals-data. This definition is broader than the definition used in the US, however. | In the United States, consumer loans do not include a home mortgage, small business, or small farm loans. They are defined by law to include the following: (1) Motor vehicle loan, which is a consumer loan extended for the purchase of and secured by a motor vehicle; (2) Credit card loan, which is a line of credit for household, family, or other personal expenditures that is accessed by a borrower's use of a 'credit card,' as this term is defined in § 1026.2 of 12 CFR § 228.12; (3) Other secured consumer loan, which is a secured consumer loan that is not included in one of the other categories of consumer loans; and (4) Other unsecured consumer loan, which is an unsecured consumer loan that is not included in one of the other categories of consumer loans. | Other secured consumer loans may include loans against insurance policies, against securities held in a retirement account, loans secured with collateral other than for the loan's stated purpose, lines of credit other than credit card agreements, and so forth.
https://spec.edmcouncil.org/fibo/ontology/LOAN/LoansSpecific/ConsumerLoans/HomeEquityLineOfCredit	HomeEquityLineOfCredit		RevolvingLineOfCredit	class	LOAN	line of credit granted to a homeowner secured by the equity value in a borrower's home or other property	Home equity loans allow the borrower to borrow against the difference between the fair market value of the property, as determined by an appraisal, and the amount of any outstanding debt on that property, which is typically a first mortgage. Common practice is to set the maximum amount that can be borrowed of up to 80 percent of the fair market value less any outstanding debt. | Usually, the term of a HELOC can vary from 5 to up to 25 years, with an initial draw period during which the borrower can access the line of credit, followed by a repayment period during which monthly payments on principal and interest are due until the loan is paid in full. Note that there are restrictions in the US on the nature of the property that may be used as collateral for a HELOC - it must be classified as a 1-4 family dwelling. That determination is independent from the use of proceeds.
https://spec.edmcouncil.org/fibo/ontology/LOAN/LoansSpecific/ConsumerLoans/MotorVehicleLoan	MotorVehicleLoan	auto loan	CollateralizedLoan	class	LOAN	collateralized, simple-interest loan that is repaid in monthly installments over a period of typically three to five years, for the purpose of purchasing a vehicle	12 CFR § 228.12, https://www.law.cornell.edu/cfr/text/12/228.12 | Many lenders will only approve auto loans for vehicles (i.e., cars, trucks) that are a certain age (typically 5 years or less) due to depreciation of the value of the vehicle. Because an auto loan is a 'secured' type of loan, the vehicle that is being financed is used as collateral (i.e. if the borrower fails to repay the loan, the vehicle may be seized by the lender).
https://spec.edmcouncil.org/fibo/ontology/LOAN/LoansSpecific/ConsumerLoans/SecuredConsumerLoan	SecuredConsumerLoan		SecuredLoan	class	LOAN	loan to one or more individuals for household, family, or other personal expenditures in which the borrower pledges some asset via a security agreement as collateral for the loan, or that is secured via third-party guarantee	
https://spec.edmcouncil.org/fibo/ontology/LOAN/LoansSpecific/ConsumerLoans/UnsecuredConsumerLoan	UnsecuredConsumerLoan		UnsecuredLoan	class	LOAN	loan to one or more individuals for household, family, or other personal expenditures granted based on the strength of the borrower's credit history or reputation in the community	
https://spec.edmcouncil.org/fibo/ontology/LOAN/LoansSpecific/GreenLoans/AssessmentBoundary	AssessmentBoundary			class	LOAN	defined scope, limits, and criteria used to determine what is included or excluded in an evaluation, analysis, or measurement of environmental impacts, sustainability performance, or related objectives	The assessment boundary ensures consistency, transparency, and focus by specifying the parameters for the evaluation. It includes: (1) the scope of assessment, (2) the relevant spacial boundaries, (3) the time period(s) over which the assessment is to be conducted, (4) organizational boundaries - which parts of an organization or project are included in the evaluation, (5) impact categories - which environmental or sustainability impacts are included, (6) lifecycle boundaries - which stages of the lifecycle are included, (7) exclusions - specific elements, processes, or impacts that are excluded from the assessment and justification for these exclusions, and (8) stakeholder boundaries - the extent to which external stakeholders or externalities (e.g., indirect social impacts) are considered. - The scope statement specifies which aspects, activities, processes, or entities are included in the evaluation. For example, in a greenhouse gas (GHG) emissions assessment, the boundary might cover Scope 1 (direct emissions), Scope 2 (indirect emissions from energy use), and Scope 3 (upstream and downstream emissions in the value chain). - The spatial boundaries cover the geographic region(s) relevant for the assessment, including but not limited to a specific site, facility, region, or global operations of a company or project. - The relevant timeframe may be a single year, the entire lifecycle of a product, or a specific project phase. - Organizational boundaries may include a parent company, subsidiaries, joint ventures, or specific divisions based on control, ownership, or influence. - Impact may include carbon emissions, energy use, water consumption, biodiversity impact, and waste generation. - Lifecycle boundaries may cover product or process evaluations (e.g., Life Cycle Assessment or LCA). If so, the boundary defines which stages of the lifecycle are included: Cradle-to-Grave: Includes all stages, from raw material extraction to disposal, Cradle-to-Gate: Covers stages up to the point where the product leaves the manufacturing facility. or Gate-to-Gate: Focuses on a specific segment of the lifecycle, such as manufacturing processes, for example. - Small, immaterial emissions sources might be excluded if their impact is negligible. - Stakeholder boundaries with respect to a given sustainability evaluation might include impacts on local communities or supply chain partners.
https://spec.edmcouncil.org/fibo/ontology/LOAN/LoansSpecific/GreenLoans/EnvironmentalProgram	EnvironmentalProgram		Program	class	LOAN	broad scale initiative, activity, or investment aimed at improving environmental sustainability, reducing ecological harm, or addressing environmental challenges	Key characteristics of an environmental or sustainability program include achieving measurable positive environmental outcomes, and aligning with broader sustainability goals, such as those outlined in international frameworks (e.g., the United Nations Sustainable Development Goals (SDGs), Paris Agreement). Large scale environmental programs may consist of a number of projects aimed at addressing specific requirements that support the broader challenges outlined under the program.
https://spec.edmcouncil.org/fibo/ontology/LOAN/LoansSpecific/GreenLoans/EnvironmentalProject	EnvironmentalProject		Project	class	LOAN	specific initiative, activity, or investment aimed at improving environmental sustainability, reducing ecological harm, or addressing environmental challenges	Key characteristics of an environmental or sustainability project include achieving measurable positive environmental outcomes, and aligning with broader sustainability goals, such as those outlined in international frameworks (e.g., the United Nations Sustainable Development Goals (SDGs), Paris Agreement). | Such projects are designed to align with environmental goals, such as mitigating climate change, conserving natural resources, protecting biodiversity, and promoting a circular economy.
https://spec.edmcouncil.org/fibo/ontology/LOAN/LoansSpecific/GreenLoans/GreenLoan	GreenLoan		CreditAgreementRepaidPeriodically	class	LOAN	credit agreement and/or contingent facility (such as a bonding line, guarantee line or letter of credit) made available exclusively to finance, re-finance or guarantee, in whole or in part, new and/or existing eligible green projects that are aligned to the four core components of the Green Loan Principles (GLP)	https://www.addleshawgoddard.com/en/insights/insights-briefings/2020/financial-services/green-loans-and-sustainability-linked-loans-what-is-the-difference/ | https://www.lsta.org/content/sustainable-lending-glossary-of-terms/ | Example categories of eligibility contained in the LMA's Green Loan Principles (GLP) include loans designed to facilitate renewable energy, energy efficiency, climate change adaptation and green buildings that meet regional, national or internationally recognised standards or certifications.
https://spec.edmcouncil.org/fibo/ontology/LOAN/LoansSpecific/GreenLoans/GreenProject	GreenProject		EnvironmentalProject	class	LOAN	project that contributes to environmental sustainability by addressing climate change, conserving natural resources, reducing pollution, or promoting ecological balance	Loan Market Association (LMA) Green Loan Principles, available at https://www.icmagroup.org/assets/documents/Regulatory/Green-Bonds/LMA_Green_Loan_Principles_Booklet-220318.pdf. | https://www.lma.eu.com/application/files/8916/9755/2443/Green_Loan_Principles_23_February_2023.pdf | https://www.prince2.com/usa/blog/project-vs-programme | Green projects must align with established green finance principles, such as the Green Loan Principles (GLP) issued by the Loan Market Association (LMA), or other recognized sustainability frameworks. | The borrower must demonstrate that the project meets predefined eligibility criteria for green financing. These criteria are usually aligned with the taxonomy or standards set forth by the Green Loan Principles, the EU Taxonomy for Sustainable Activities, or other regional or international guidelines. | To qualify as a green project within a green loan: (a) the project must meet use-of-proceeds requirements, meaning that funds must be exclusively allocated to activities that qualify as green, (b) the borrower must establish clear processes for evaluating and selecting eligible projects, (c) there must be transparency in how funds are managed and allocated, often verified through audits or certifications, and (d) the borrower must report regularly on the environmental impact of the project, typically through measurable metrics (e.g., tons of CO₂ avoided, energy saved). | Examples include: renewable energy projects (e.g., solar, wind, hydroelectric power), green buildings certified by recognized standards (e.g., LEED, BREEAM), sustainable water and wastewater management systems, pollution reduction technologies and systems, sustainable forestry and agriculture initiatives, circular economy projects, such as recycling or waste-to-energy facilities, low-carbon transportation infrastructure (e.g., electric vehicle charging stations, public transit projects), and the like.
https://spec.edmcouncil.org/fibo/ontology/LOAN/LoansSpecific/GreenLoans/GreenProjectUseOfProceedsProvision	GreenProjectUseOfProceedsProvision		UseOfProceedsProvision	class	LOAN	use of proceeds provision specifying that funds obtained through financing, such as through a credit agreement, offering, warrant, or other instrument are intended to be used for Green Projects (including other related and supporting expenditures, including research and development)	All designated Green Projects should provide clear environmental benefits, which will be assessed, and where feasible, quantified, measured and reported by the borrower, per requirements outlined in the LMA Green Loan Principles (GLP). Where funds are to be used, in whole or part, for refinancing, it is recommended that borrowers provide an estimate of the share of financing versus refinancing. Where appropriate, they should also clarify which investments or project portfolios may be refinanced, and, to the extent relevant, the expected look-back period for refinanced Green Projects. A green loan may take the form of one or more tranches of a loan facility. In such cases, the green tranche(s) must be clearly designated, with proceeds of the green tranche(s) credited to a separate account or tracked by the borrower in an appropriate manner. The GLP explicitly recognise several broad categories of eligibility for Green Projects with the objective of addressing key areas of environmental concern such as climate change, natural resources depletion, loss of biodiversity, and air, water and soil pollution. This non-exhaustive list, set out in Appendix 1, is intended to capture the most usual types of projects supported, and expected to be supported, by the green loan market. However, it is recognised that definitions of green and green projects may vary depending on sector and geography
https://spec.edmcouncil.org/fibo/ontology/LOAN/LoansSpecific/GreenLoans/ObservedIndicatorValue	ObservedIndicatorValue		DatedCollectionConstituent	class	LOAN	observation (measurement) of a key performance indicator measured at specific date and time	
https://spec.edmcouncil.org/fibo/ontology/LOAN/LoansSpecific/GreenLoans/ObservedIndicatorValueStructure	ObservedIndicatorValueStructure		DatedStructuredCollection	class	LOAN	collection of observations for some key performance indicator measured over a specified window of time	
https://spec.edmcouncil.org/fibo/ontology/LOAN/LoansSpecific/GreenLoans/SustainabilityBusinessObjective	SustainabilityBusinessObjective		BusinessObjective	class	LOAN	objective related to improving the sustainability profile of the business	https://www.lsta.org/content/sustainability-linked-loan-principles-sllp/ | The borrower of an SLL should clearly communicate to its lenders its sustainability objective(s) and how such objectives align with its proposed sustainability performance targets (SPTs).
https://spec.edmcouncil.org/fibo/ontology/LOAN/LoansSpecific/GreenLoans/SustainabilityBusinessStrategy	SustainabilityBusinessStrategy		BusinessStrategy	class	LOAN	strategy for achieving specific business objectives related to sustainability (from an environmental and/or social and/or governance (ESG) perspective)	https://www.lsta.org/content/sustainability-linked-loan-principles-sllp/ | An SLL borrower should clearly communicate to its lender(s) its rationale for the selection of its KPI(s) (i.e. relevance, materiality, whether it is core to the borrower's overall business) and the motivation for the SPT(s) (i.e. ambition level, benchmarking approach and how the borrower intends to reach such SPTs). Borrowers are encouraged to position this information within the context of their overarching objectives, sustainability strategy, policy, sustainability commitments and/or processes relating to sustainability. | SLLs aim to support a borrower's efforts in improving its sustainability profile over the term of the loan. They do so by aligning loan terms to the borrower's performance, which is measured using one or more sustainability KPIs that can be internal and/or external. The KPIs must be material to the borrower's core sustainability and business strategy, and address relevant ESG challenges of its industry sector.
https://spec.edmcouncil.org/fibo/ontology/LOAN/LoansSpecific/GreenLoans/SustainabilityKeyPerformanceIndicator	SustainabilityKeyPerformanceIndicator		KeyPerformanceIndicator	class	LOAN	measurable performance indicator that is sustainability specific	https://www.lsta.org/content/sustainability-linked-loan-principles-sllp/ | A sustainability KPI must be: (a) relevant, core and material to the borrower's overall business, and of high strategic significance to the borrower's current and/or future operations; (b) measurable or quantifiable on a consistent methodological basis; and (c) able to be benchmarked (i.e. as much as possible using an external reference or definitions to facilitate the assessment of the SPT's level of ambition). A clear definition of the KPI(s) should be provided by the borrower and should include the applicable scope or parameters, as well as the calculation methodology, a definition of a baseline and be benchmarked against an industry standard and/or industry peers where feasible.
https://spec.edmcouncil.org/fibo/ontology/LOAN/LoansSpecific/GreenLoans/SustainabilityKeyPerformanceIndicatorIdentifier	SustainabilityKeyPerformanceIndicatorIdentifier			class	LOAN	sequence of characters uniquely identifying a specific sustainability-related key performance indicator	
https://spec.edmcouncil.org/fibo/ontology/LOAN/LoansSpecific/GreenLoans/SustainabilityLinkedLoan	SustainabilityLinkedLoan	sustainability-linked loan | SLL	CreditAgreementRepaidPeriodically	class	LOAN	credit agreement and/or contingent facility (such as a bonding line, guarantee line or letter of credit) for which the economic characteristics can vary depending on whether the borrower achieves ambitious, material and quantifiable predetermined sustainability performance objectives aligned with Sustainability-Linked Loan Principles (SSLP)	https://www.addleshawgoddard.com/en/insights/insights-briefings/2020/financial-services/green-loans-and-sustainability-linked-loans-what-is-the-difference/ | https://www.lsta.org/content/sustainable-lending-glossary-of-terms/ | A borrower's sustainability performance is measured using sustainability performance targets (SPTs), which include key performance indicators, external ratings and/or equivalent metrics that measure improvements in the borrower's sustainability profile. | The use of proceeds in relation to a SLL is not a determinant in its categorisation and, in most instances, SLLs will be used for general corporate purposes. Instead, SLLs look to support a borrower in improving its sustainability performance.
https://spec.edmcouncil.org/fibo/ontology/LOAN/LoansSpecific/GreenLoans/SustainabilityPerformanceTarget	SustainabilityPerformanceTarget	SPT	DatedStructuredCollection	class	LOAN	collection of quantitative target values used to calibrate the level of achievement a borrower makes with respect to a key performance indicator, by date, including, but not limited to, the methodology used to calculate its value at any point over the lifetime of a loan	https://www.lsta.org/content/sustainability-linked-loan-principles-sllp/ | An SLL borrower should clearly communicate to its lenders its rationale for the selection of its KPI(s) (i.e. relevance, materiality, whether it is core to the borrower’s overall business) and the motivation for the SPT(s) (i.e. ambition level, benchmarking approach and how the borrower intends to reach such SPTs). Borrowers are encouraged to position this information within the context of their overarching objectives, sustainability strategy, policy, sustainability commitments and/or processes relating to sustainability. | The process for calibration of the SPT(s) per KPI is key to the structuring of SLLs, since it will be the expression of the level of ambition the borrower is ready to commit to. The SPTs must be set in good faith and remain relevant (so long as they apply) and ambitious throughout the life of the loan.
https://spec.edmcouncil.org/fibo/ontology/LOAN/LoansSpecific/GreenLoans/SustainabilityPerformanceTargetIdentifier	SustainabilityPerformanceTargetIdentifier			class	LOAN	sequence of characters uniquely identifying a specific sustainability-related performance target	
https://spec.edmcouncil.org/fibo/ontology/LOAN/LoansSpecific/GreenLoans/SustainabilityStructuringAgent	SustainabilityStructuringAgent		SyndicateMember	class	LOAN	financial institution appointed to help design, implement, and monitor the sustainability aspects of a syndicated green loan	This role is typically present in sustainability-linked loans (SLLs) or green loans, which tie the loan's terms to the borrower's environmental, social, and governance (ESG) performance. The sustainability structuring agent's role is crucial in ensuring that the loan's sustainability metrics align with both the borrower's goals and the expectations of the participating lenders.
https://spec.edmcouncil.org/fibo/ontology/LOAN/LoansSpecific/GreenLoans/TargetIndicatorValue	TargetIndicatorValue		DatedCollectionConstituent	class	LOAN	target value for a key performance indicator as of a specific date and time	
https://spec.edmcouncil.org/fibo/ontology/LOAN/LoansSpecific/GreenLoans/TransitionLoan	TransitionLoan		CreditAgreementRepaidPeriodically	class	LOAN	credit agreement and/or contingent facility (such as a bonding line, guarantee line or letter of credit) designed to help a business or organization shift from carbon-intensive or environmentally harmful practices to more sustainable and environmentally friendly operations	Transition loans are part of the broader sustainable finance market and are specifically tailored for companies in industries that are not inherently green but are committed to adopting practices that align with a low-carbon or sustainable economy. | Transition loans are structured to assist companies in reducing greenhouse gas (GHG) emissions, improving energy efficiency, adopting renewable energy sources, or meeting other sustainability targets aligned with climate transition goals. They support initiatives such as retrofitting fossil fuel-based systems, decarbonizing supply chains, or adopting cleaner production methods. Transition loans align with emerging Climate Transition Finance principles (developed by groups such as the International Capital Market Association, ICMA). Borrowers are expected to demonstrate that the loan aligns with long-term, science-based climate goals, such as those outlined in the Paris Agreement (e.g., limiting global warming to well below 2°C).
https://spec.edmcouncil.org/fibo/ontology/LOAN/LoansSpecific/GreenLoans/TransitionProject	TransitionProject		EnvironmentalProject	class	LOAN	project that supports broad, sector-specific efforts to reduce environmental impact	Borrowers must demonstrate a credible transition plan, which include: (a) clear sustainability performance targets (SPTs), (b) alignment with recognized climate goals and frameworks (e.g., the Science Based Targets initiative, SBTi), and (c) transparency in reporting progress and outcomes. Third-party verification or certification of the transition plan and its alignment with best practices is often required. | Green loans focus on funding projects with direct and measurable environmental benefits (e.g., solar farms, green buildings). Transition loans are for broader initiatives aimed at improving sustainability in traditionally carbon-intensive sectors. | Sustainability-Linked Loans (SLLs): Transition loans share similarities with SLLs, as both tie terms (such as interest rates) to achieving predefined sustainability goals. However, transition loans are specifically framed within the context of long-term decarbonization or sustainability transitions.
https://spec.edmcouncil.org/fibo/ontology/LOAN/LoansSpecific/GreenLoans/TransitionStrategy	TransitionStrategy		BusinessStrategy	class	LOAN	strategy for achieving specific business objectives related to sustainability in the context of long-term decarbonization or sustainability transitions	Note that although there are similarities with sustainability business strategies, they are not the same. KPIs and SPTs may, however, be defined similarly for a given project.
https://spec.edmcouncil.org/fibo/ontology/LOAN/LoansSpecific/GreenLoans/TransitionUseOfProceedsProvision	TransitionUseOfProceedsProvision		UseOfProceedsProvision	class	LOAN	use of proceeds provision specifying that funds obtained through financing, such as through a credit agreement, offering, warrant, or other instrument are intended to be used to fund specific projects, investments, or operational changes that support a company's transition toward sustainability	
https://spec.edmcouncil.org/fibo/ontology/LOAN/LoansSpecific/StudentLoans/PrivateStudentLoan	PrivateStudentLoan		RegulatedStudentLoan	class	LOAN	student loan that is not considered a government-backed / regulated loan	
https://spec.edmcouncil.org/fibo/ontology/LOAN/LoansSpecific/StudentLoans/RegulatedStudentLoan	RegulatedStudentLoan		StudentLoan	class	LOAN	student loan (1) whose lender is a government agency or instrumentality, and/or (2) that is treated uniquely due to tax regulations	In the United States, certain student loans survive bankruptcy and are subject to additional tax regulations that do not apply to other kinds of loans.
https://spec.edmcouncil.org/fibo/ontology/LOAN/LoansSpecific/StudentLoans/StudentLoan	StudentLoan		Loan	class	LOAN	loan provided for the purposes of education, allowing students and parents/guardians to borrow money for college	Student loans may include loans for graduate and professional education. Student loans may be obtained from government institutions, from private sources such as a bank or financial institution, or from other organizations.
https://spec.edmcouncil.org/fibo/ontology/LOAN/RealEstateLoans/Mortgages/ClosedEndMortgageLoan	ClosedEndMortgageLoan	closed-end mortgage loan	ClosedEndCredit	class	LOAN	loan secured by real estate with no ability for the borrower to receive additional funds under the loan at a later date	MISMO Business Glossary, available at https://www.mismo.org/standards-resources/business-glossary/
https://spec.edmcouncil.org/fibo/ontology/LOAN/RealEstateLoans/Mortgages/ClosedEndReverseMortgage	ClosedEndReverseMortgage	closed-end reverse mortgage	ClosedEndMortgageLoan	class	LOAN	reverse mortgage that provides a lump sum payment to the borrower at closing, with no ability for the borrower to receive additional funds under the mortgage at a later date	Normally, closed-end reverse mortgages are first liens.
https://spec.edmcouncil.org/fibo/ontology/LOAN/RealEstateLoans/Mortgages/LoanSecuredByRealEstate	LoanSecuredByRealEstate		CollateralizedLoan	class	LOAN	loan that, at origination, is secured wholly or substantially by a lien or liens on real property for which the lien or liens are central to the extension of the credit - that is, the borrower would not have been extended credit in the same amount or on terms as favorable without the lien or liens on real property	In general parlance, loans secured by real estate are often called mortgages or mortgage loans. This usage conflates a number of related concepts, which would limit the usability of FIBO for financial institutions and regulators with respect to such loans. As described herein, many different kinds of loans can be secured by real estate, including various commercial, construction, agricultural, and consumer loans. | In the US, to be considered wholly or substantially secured by a lien or liens on real property, the estimated value of the real estate collateral at origination (after deducting any more senior liens held by others) must be greater than 50 percent of the principal amount of the loan at origination. | The borrower agrees to pay the lender over time, typically in a series of regular payments divided into principal and interest. The property then serves as collateral to secure the loan. | Examples include (a) Construction, land development, and other land loans: (1) 1-4 family residential construction loans, and (2) Other construction loans and all land development and other land loans; (b) Secured by farmland (including farm residential and other improvements); (c) Secured by 1-4 family residential properties: (1) Revolving, open-end loans secured by 1-4 family residential properties and extended under lines of credit, and (2) Closed-end loans secured by 1-4 family residential properties including those secured by first liens and those secured by junior liens; (d) Secured by multifamily (5 or more) residential properties; and (e) Secured by nonfarm nonresidential properties: (1) Loans secured by owner-occupied nonfarm nonresidential, and (2) Loans secured by other nonfarm nonresidential properties.
https://spec.edmcouncil.org/fibo/ontology/LOAN/RealEstateLoans/Mortgages/Mortgage	Mortgage		SecurityAgreement	class	LOAN	grant of financial interest in real property to a party that is not an owner of that real property and is recorded by a registration authority	A mortgage prevents transfer of the ownership of the real property unless the financial interest is satisfied. Any loan can be collateralized by a mortgage, including, for example, a bail bond.
https://spec.edmcouncil.org/fibo/ontology/LOAN/RealEstateLoans/Mortgages/OpenEndMortgageLoan	OpenEndMortgageLoan	open-end mortgage loan	OpenEndCredit	class	LOAN	loan secured by real estate with a provision that the outstanding loan amount may be increased upon mutual agreement of the lender and the borrower	MISMO Business Glossary, available at https://www.mismo.org/standards-resources/business-glossary/
https://spec.edmcouncil.org/fibo/ontology/LOAN/RealEstateLoans/Mortgages/OpenEndReverseMortgage	OpenEndReverseMortgage	open-end reverse mortgage	OpenEndMortgageLoan	class	LOAN	reverse mortgage structured like a home equity line of credit in that it provides the borrower with additional funds after closing (either as fixed monthly payments, under a line of credit, or both)	Normally, open-end reverse mortgages are first liens. These include combinations of both a lump sum payment to the borrower at closing and payments after the closing of the loan.
https://spec.edmcouncil.org/fibo/ontology/LOAN/RealEstateLoans/Mortgages/ReverseMortgageLoan	ReverseMortgageLoan		LoanSecuredByRealEstate	class	LOAN	loan secured by real estate that pays money to the borrower against a set principal limit based on the value of existing equity in the underlying collateral	The interest accrued is added to the principal balance.
https://spec.edmcouncil.org/fibo/ontology/SEC/Debt/AssetBackedSecurities/AutoAssetBackedSecurity	AutoAssetBackedSecurity	auto asset-backed security	AssetBackedSecurity	class	SEC	asset-backed security that is backed by an underlying pool of auto-related loans and/or leases	https://content.naic.org/sites/default/files/capital-markets-primer-auto-abs.pdf | Auto asset-backed securities (auto ABS) are typically structured finance securities that are collateralized by auto loans or leases, such as those to prime (good credit standing) and subprime (poor credit standing) borrowers. Loans or leases are bundled into pools and transferred to a special-purpose entity (SPE), which, in turn, transfers the pool to a (bankruptcy remote) trust. Payments on the underlying auto loans and leases are pooled in the trust, and the funds are used to pay note investors their respective principal which, in turn, transfers the pool to a (bankruptcy remote) trust, i.e., one that protects the security from bankruptcy. Payments on the underlying auto loans and leases are pooled in the trust, and the funds are used to pay note investors their respective principal and interest when due. Any leftover funds - known as excess spread, or the net interest margin - are paid to the equity holder (usually the issuer, such as an auto finance company). | If the credit risk of the pool has been decoupled from the institution via an SPV, then an auto asset-backed security is also a structured finance instrument.
https://spec.edmcouncil.org/fibo/ontology/SEC/Debt/AssetBackedSecurities/AutoDebtPool	AutoDebtPool		DebtPool	class	SEC	debt pool of loans and/or leases that are motor vehicle-related	
https://spec.edmcouncil.org/fibo/ontology/SEC/Debt/AssetBackedSecurities/BondPool	BondPool		DebtPool	class	SEC	debt pool of consisting of bonds	
https://spec.edmcouncil.org/fibo/ontology/SEC/Debt/AssetBackedSecurities/ConsumerAssetBackedSecurity	ConsumerAssetBackedSecurity	consumer asset-backed security	AssetBackedSecurity	class	SEC	structured finance securities collateralized by pools of auto loans and leases (auto ABS), credit card receivables (credit card ABS) or student loans (student loan ABS)	https://content.naic.org/sites/default/files/capital-markets-primer-consumer-abs.pdf
https://spec.edmcouncil.org/fibo/ontology/SEC/Debt/AssetBackedSecurities/ControlledAmortizationAssetBackedSecurity	ControlledAmortizationAssetBackedSecurity	controlled amortization asset-backed security	AssetBackedSecurity	class	SEC	asset-backed security based on a pool of bonds securitized using a controlled amortization structure	http://www.investinginbonds.com/learnmore.asp?catid=11&subcatid=57&id=15 | Controlled-amortization ABS resemble corporate bonds with a sinking fund. After a predetermined 'revolving' period during which only interest payments are made, these securities attempt to return principal to investors in a series of defined periodic payments that usually occur over less than a year. | Revolving debt (primarily credit card receivables, but also HELOCs, trade receivables, dealer floor-plan loans and some leases) may be securitized using a controlled amortization structure. This is a method of providing investors with a relatively predictable repayment schedule, even though the underlying assets are nonamortizing. A risk inherent in this kind of ABS is an early amortization event.
https://spec.edmcouncil.org/fibo/ontology/SEC/Debt/AssetBackedSecurities/CreditCardAccountPool	CreditCardAccountPool		DebtPool	class	SEC	pool of credit card receivables associated with designated accounts	Federal Deposit Insurance Corporation (FDIC) Credit Card Securitization Manual, available at https://www.fdic.gov/regulations/examinations/credit_card_securitization/ch2.html | In a credit card securitization transaction only the receivables are sold, not the accounts that generate the receivables. The financial institution retains legal ownership of the credit card accounts and can continue to change the terms on the accounts. Accounts corresponding to securitized loans are typically referred to as the designated accounts (or sometimes trust accounts). The initial outstanding balances on the designated accounts are sold to the trust as are the rights to any new charges on the designated accounts. Subsequently, as cardholder purchase activity generates more receivables on the designated accounts, these new receivables are purchased by the trust from the originating institution/seller/transferor. The trust uses the monthly principal payments received from the cardholders to acquire these new charges or receivables. When the securitization is initially set up, the originating institution/seller adds sufficient receivables to support the principal balance of the certificates plus an additional amount (seller's interest) that serves to absorb fluctuations in the outstanding balance of the receivables. The originating institution/seller will make subsequent additions to the trust in order to keep the seller's interest at the required level.
https://spec.edmcouncil.org/fibo/ontology/SEC/Debt/AssetBackedSecurities/CreditCardAssetBackedSecurity	CreditCardAssetBackedSecurity	credit card asset-backed security	AssetBackedSecurity	class	SEC	asset-backed security based on credit card receivables	Federal Deposit Insurance Corporation (FDIC) Credit Card Securitization Manual, available at https://www.fdic.gov/regulations/examinations/credit_card_securitization/ch2.html | Credit card securitizations currently represent the primary funding vehicle for unsecured revolving consumer credit. Similar to mortgage and other asset securitizations, the financial institution that originates the credit card receivables sells a group of these receivables to a trust. The trust then creates and sells certificates backed by the credit card receivables to investors, which are predominately institutional investors. Very few credit card ABS are marketed to retail customers, primarily due to the complex nature of the transactions and the need to continually monitor various performance indices on the underlying receivables. The underlying credit card receivables generate income to support the interest payments on the certificates.
https://spec.edmcouncil.org/fibo/ontology/SEC/Debt/AssetBackedSecurities/FullyAmortizingAssetBackedSecurity	FullyAmortizingAssetBackedSecurity	fully amortizing asset-backed security	AssetBackedSecurity	class	SEC	asset-backed security based on a pool of debt instruments that returns principal to investors over the life of the security	http://www.investinginbonds.com/learnmore.asp?catid=11&subcatid=57&id=15 | Fully amortizing asset-backed securities are designed to closely reflect the full repayment of the underlying loans through scheduled interest and principal payments. | These are typically backed by HELs, auto loans, manufactured-housing contracts and other fully amortizing assets. Prepayment risk is a key consideration with such ABS, although the rate of prepayment may vary considerably by the type of underlying asset.
https://spec.edmcouncil.org/fibo/ontology/SEC/Debt/AssetBackedSecurities/HomeEquityLineOfCreditPool	HomeEquityLineOfCreditPool		DebtPool	class	SEC	debt pool consisting of home equity loans	
https://spec.edmcouncil.org/fibo/ontology/SEC/Debt/AssetBackedSecurities/HomeEquityLoanAssetBackedSecurity	HomeEquityLoanAssetBackedSecurity	home equity loan asset-backed security	AssetBackedSecurity	class	SEC	asset-backed security based on home equity loan receivables	If the credit risk of the pool has been decoupled from the institution via an SPV, then home equity asset-backed securities are also structured finance instruments. | Similar to mortgages, home equity loans are often taken out by borrowers who have less-than-stellar credit scores or few assets - the reason why they didn’t qualify for a mortgage. These are amortizing loans - that is, payment goes toward satisfying a specific sum and consists of three categories: interest, principal, and prepayments.
https://spec.edmcouncil.org/fibo/ontology/SEC/Debt/AssetBackedSecurities/StudentLoanAssetBackedSecurity	StudentLoanAssetBackedSecurity	student loan asset-backed security	AssetBackedSecurity	class	SEC	asset-backed security based on student loan receivables	If the credit risk of the pool has been decoupled from the institution via an SPV, then student loan asset-backed securities are also structured finance instruments. | The main purpose behind Student Loan ABS is to diversify the risk for lenders across many investors. By pooling and then packaging the loans into securities and selling them to investors, agencies can spread around the default risk, which allows them to give out more loans and larger loans. This way, more students have access to loans, investors have a diversifying investment instrument, and lenders can generate consistent cash flow from their securitization and debt collection services.
https://spec.edmcouncil.org/fibo/ontology/SEC/Debt/AssetBackedSecurities/StudentLoanPool	StudentLoanPool		DebtPool	class	SEC	debt pool consisting of student loans	
https://spec.edmcouncil.org/fibo/ontology/SEC/Debt/Bonds/AmortizingBond	AmortizingBond		Bond	class	SEC	bond that regularly pays down the principal (face value) on the debt along with its interest expense over the life of the bond	
https://spec.edmcouncil.org/fibo/ontology/SEC/Debt/Bonds/Bond	Bond		CreditAgreementRepaidAtMaturity	class	SEC	tradable debt instrument representing a loan in which the issuer owes the holder(s) a debt	Depending on the terms of the contract, the issuer is obliged to pay interest (the coupon) and/or to repay the principal at maturity. The most common bonds are corporate or governmental, typically used to finance specific projects or operations.
https://spec.edmcouncil.org/fibo/ontology/SEC/Debt/Bonds/BondAmortizationPaymentTerms	BondAmortizationPaymentTerms		BondPrincipalRepaymentTerms	class	SEC	terms that include a schedule for repayment of the principal over the lifetime of the bond, typically in equal payments at regular intervals	
https://spec.edmcouncil.org/fibo/ontology/SEC/Debt/Bonds/BondConversionTerms	BondConversionTerms		ConversionTerms	class	SEC	terms indicating when a convertible bond can be converted to another security (usually a publicly traded share issued by of the same issuer)	
https://spec.edmcouncil.org/fibo/ontology/SEC/Debt/Bonds/BondCoupon	BondCoupon	coupon percent rate | coupon rate | nominal yield	InterestRate	class	SEC	interest rate on a debt security that the issuer promises to pay to the holder until maturity, expressed as an annual percentage of the face value	
https://spec.edmcouncil.org/fibo/ontology/SEC/Debt/Bonds/BondInsurance	BondInsurance		InsurancePolicy	class	SEC	insurance policy that a bond issuer purchases that guarantees the repayment of the principal and all associated interest payments to the bondholders in the event of default	
https://spec.edmcouncil.org/fibo/ontology/SEC/Debt/Bonds/BondPrincipalRepaymentTerms	BondPrincipalRepaymentTerms		PrincipalRepaymentTerms	class	SEC	terms for the repayment of the principal on a bond	
https://spec.edmcouncil.org/fibo/ontology/SEC/Debt/Bonds/BondRegistrar	BondRegistrar		LegalAgent	class	SEC	party responsible for maintaining records on behalf of the issuer that identify the owners of a registered bond issue	The trustee under a bond contract often also acts as registrar.
https://spec.edmcouncil.org/fibo/ontology/SEC/Debt/Bonds/BondVariableCoupon	BondVariableCoupon		VariableInterestRate	class	SEC	bond coupon that has a variable interest rate	
https://spec.edmcouncil.org/fibo/ontology/SEC/Debt/Bonds/BondWithPartialCall	BondWithPartialCall		CallableBond	class	SEC	bond with a feature whereby the issue can be partially called for amounts that are at the discretion of the issuer	
https://spec.edmcouncil.org/fibo/ontology/SEC/Debt/Bonds/BondWithPublishedSinkingFund	BondWithPublishedSinkingFund		AmortizingBond	class	SEC	bond whereby amortization is via a known and published schedule	
https://spec.edmcouncil.org/fibo/ontology/SEC/Debt/Bonds/BondWithWarrant	BondWithWarrant		Bond	class	SEC	bond that is issued together with one or more warrant(s) attached as part of the offer, the warrant(s) granting the holder the right to purchase a designated security, often the common stock of the issuer of the debt, at a specified price	This concept is needed primarily to support cases where the bond issuer is the issuer of the warrant.
https://spec.edmcouncil.org/fibo/ontology/SEC/Debt/Bonds/BuildAmericaBond	BuildAmericaBond		MunicipalBond	class	SEC	taxable municipal bond issued through December 31, 2010 under the American Recovery and Reinvestment Act of 2009 (ARRA)	BABs may be direct pay subsidy bonds or tax credit bonds.
https://spec.edmcouncil.org/fibo/ontology/SEC/Debt/Bonds/BulletBond	BulletBond		Bond	class	SEC	bond whose entire principal value is paid on the maturity date, rather than amortized over its lifetime	
https://spec.edmcouncil.org/fibo/ontology/SEC/Debt/Bonds/BulletPrincipalRepaymentTerms	BulletPrincipalRepaymentTerms	bond bullet principal repayment terms	BondPrincipalRepaymentTerms	class	SEC	terms for repayment of the principal for a bond as a single payment covering the whole principal amount	
https://spec.edmcouncil.org/fibo/ontology/SEC/Debt/Bonds/CallableBond	CallableBond		Bond	class	SEC	bond that includes a stipulation allowing the issuer the right to repurchase and retire the bond at the call price after the call protection period	
https://spec.edmcouncil.org/fibo/ontology/SEC/Debt/Bonds/CallableConvertibleBond	CallableConvertibleBond		CallableBond	class	SEC	convertible bond that is also callable	
https://spec.edmcouncil.org/fibo/ontology/SEC/Debt/Bonds/CertificateOfObligation	CertificateOfObligation	CO	MunicipalSecurity	class	SEC	municipal security available to governing councils in case of emergency, such as a natural disaster, that needs immediate action without time for voter referendum	CO's are similar to GO bonds, except that they do not require voter approval before they are issued. The CO's are also guaranteed by the City's taxation power and are counted in the calculation of the tax rate that is needed to support debt payments. | For example, when a hurricane destroys the police and emergency services building, there is no time to go through the process of voter referendum. The local council must be able to borrow the money to set up provisional buildings and necessary equipment for police and emergency services so that the community is served in continuity.
https://spec.edmcouncil.org/fibo/ontology/SEC/Debt/Bonds/CertificateOfParticipation	CertificateOfParticipation	COP	DebtInstrument	class	SEC	debt instrument evidencing a pro rata share in a specific pledged revenue stream, usually lease payments by the issuer that are typically subject to annual appropriation	A certificate of participation (COP) is a type of financing where an investor purchases a share of the lease revenues of a program rather than the bond being secured by those revenues. The certificate generally entitles the holder to receive a share, or participation, in the payments from a particular project. The payments are passed through the lessor to the certificate holders. The lessor typically assigns the lease and the payments to a trustee, which then distributes the payments to the certificate holders.
https://spec.edmcouncil.org/fibo/ontology/SEC/Debt/Bonds/ConventionalGilt	ConventionalGilt		FixedCouponBond	class	SEC	fixed coupon bond issued by HM Treasury that guarantees to pay the holder of the gilt a fixed cash payment (coupon) every six months until the maturity date, at which point the holder receives the final coupon payment and the return of the principal	Conventional gilts are the simplest form of government bond and constitute around 75 percent of the gilt portfolio.
https://spec.edmcouncil.org/fibo/ontology/SEC/Debt/Bonds/ConvertibleBond	ConvertibleBond		Bond	class	SEC	bond that gives the holder the right to convert the bond into a fixed number of shares (conversion ratio) if the equity price rises above a specified level (strike price)	If the equity price remains below the strike price throughout the term of the bond it matures and is redeemed like a regular bond. The conversion ratio and strike price are usually set when the convertible bond is issued.
https://spec.edmcouncil.org/fibo/ontology/SEC/Debt/Bonds/CorporateBond	CorporateBond		Bond	class	SEC	bond issued by a company in order to raise financing	Corporate bonds are issued for purposes such as mergers and acquisitions, business expansion, or to cover ongoing operational needs, and are typically longer-term debt instruments that have a maturity of at least one year. Corporate debt instruments with maturity shorter than one year are referred to as commercial paper. | Note that some classification schemes consider any bond except those issued by a government in its own currency to be a corporate bond, for example, a bond issued by Canada in US dollars might be classified as a corporate bond. Bonds issued by multinational / supranational organizations such as the European Bank for Reconstruction and Development (EBRD) may also be considered corporate bonds rather than government bonds.
https://spec.edmcouncil.org/fibo/ontology/SEC/Debt/Bonds/CouponPaymentTerms	CouponPaymentTerms		InterestPaymentTerms	class	SEC	terms for payment of interest on a bond	
https://spec.edmcouncil.org/fibo/ontology/SEC/Debt/Bonds/EquityLinkedBond	EquityLinkedBond		VariableCouponBond	class	SEC	bond based on the return on an equity over time, i.e. the price and dividend payments or the total return (similar to total return swaps)	
https://spec.edmcouncil.org/fibo/ontology/SEC/Debt/Bonds/ExtraordinaryRedemptionProvision	ExtraordinaryRedemptionProvision		CallFeature	class	SEC	provision that gives a bond issuer the right to call its bonds due to an unusual one-time occurrence, as specified in the offering statement	Such redemptions may occur when bond proceeds are not spent according to schedule; when bond proceeds are used in a way that makes nontaxable bond interest taxable; or when a catastrophe destroys the project being financed, among other reasons.
https://spec.edmcouncil.org/fibo/ontology/SEC/Debt/Bonds/FirstRegularCouponDate	FirstRegularCouponDate			class	SEC	scheduled date for the first regular coupon payment, in a regular repeating series of coupon periods, after any non standard (long or short) first coupon period in the schedule	
https://spec.edmcouncil.org/fibo/ontology/SEC/Debt/Bonds/FixedCouponBond	FixedCouponBond		Bond	class	SEC	bond whose coupon rate and principal amount are fixed at the time of origination or sale and remain constant while the security is outstanding	
https://spec.edmcouncil.org/fibo/ontology/SEC/Debt/Bonds/FixedCouponTerms	FixedCouponTerms		CouponPaymentTerms	class	SEC	terms for payment of interest on a bond with a fixed interest rate	
https://spec.edmcouncil.org/fibo/ontology/SEC/Debt/Bonds/FloatingRateNote	FloatingRateNote		VariableCouponBond	class	SEC	bond with a variable interest rate based on a published reference interest rate	The adjustments to the interest rate (coupon) are made periodically, usually on a quarterly or monthly basis, and are tied to a certain money-market index. Also known as a "floater". For example six months USD LIBOR + 0.20%.
https://spec.edmcouncil.org/fibo/ontology/SEC/Debt/Bonds/FullFaithCreditBond	FullFaithCreditBond	full faith and credit bond	UnsecuredBond	class	SEC	bond secured by an unconditional promise to pay by another entity	Full faith and credit bonds are typically backed by a government entity and are considered low risk.
https://spec.edmcouncil.org/fibo/ontology/SEC/Debt/Bonds/GeneralObligationMunicipalBond	GeneralObligationMunicipalBond	GO bond	FullFaithCreditBond	class	SEC	municipal bond that is backed by the full faith and credit and general resources of the issuing municipality, including its general taxing authority	
https://spec.edmcouncil.org/fibo/ontology/SEC/Debt/Bonds/GovernmentBond	GovernmentBond	government-issued bond	Bond	class	SEC	debt security issued by a government to fund government spending	
https://spec.edmcouncil.org/fibo/ontology/SEC/Debt/Bonds/GovernmentIssuedDebtSecurity	GovernmentIssuedDebtSecurity		DebtInstrument	class	SEC	debt security issued by some government on behalf of some polity, including sovereign and municipal debt	
https://spec.edmcouncil.org/fibo/ontology/SEC/Debt/Bonds/GreenBond	GreenBond		Bond	class	SEC	bond issued specifically to fund climate or environmental projects	These bonds are typically asset-linked and backed by the issuer's balance sheet. Green bonds finance projects aimed at energy efficiency, pollution prevention, sustainable agriculture, fishery and forestry, the protection of aquatic and terrestrial ecosystems, clean transportation, sustainable water management and the cultivation of environmentally friendly technologies, and often include incentives such as tax exemption.
https://spec.edmcouncil.org/fibo/ontology/SEC/Debt/Bonds/ImplicitFullFaithCreditBond	ImplicitFullFaithCreditBond	implicit full faith and credit bond	UnsecuredBond	class	SEC	bond issued by a government sponsored agency or corporation rather than by the government directly	It doesn't carry an explicit full faith and credit guarantee but the market believes the government wouldn't let it default or fail.
https://spec.edmcouncil.org/fibo/ontology/SEC/Debt/Bonds/IndexLinkedBond	IndexLinkedBond	index-linked bond	VariableIncomeBond	class	SEC	bond whose income may vary over time, because either the coupon rate or principal amount is related to a specific index, such as the Consumer Price Index	
https://spec.edmcouncil.org/fibo/ontology/SEC/Debt/Bonds/InflationLinkedBond	InflationLinkedBond	inflation-linked bond | inflation-indexed bond | ILB	IndexLinkedBond	class	SEC	bond indexed to inflation so that the principal or interest payments rise and fall with the rate of inflation	Inflation-linked bonds are primarily issued by sovereign governments, such as the U.S. and the UK.
https://spec.edmcouncil.org/fibo/ontology/SEC/Debt/Bonds/LastRegularCouponDate	LastRegularCouponDate			class	SEC	scheduled date of the last regular coupon payment, that is the last of the payments that are made according to a regular repeating series of coupon periods, before any non-standard (long or short) final coupon period in the schedule	
https://spec.edmcouncil.org/fibo/ontology/SEC/Debt/Bonds/ListedBond	ListedBond		Bond	class	SEC	bond that may be traded on an exchange	Most exchange traded bonds are corporate bonds (but most corporate bonds are not exchange traded bonds).
https://spec.edmcouncil.org/fibo/ontology/SEC/Debt/Bonds/MakeWholeCall	MakeWholeCall		CallEvent	class	SEC	call allowing the issuer to pay off remaining debt early	The issuer typically has to make a lump sum payment to the investor(s) derived from a formula based on the net present value (NPV) of future coupon payments that will not be paid incrementally because of the call combined with the principal payment the investor would have received at maturity.
https://spec.edmcouncil.org/fibo/ontology/SEC/Debt/Bonds/MandatoryConvertibleBond	MandatoryConvertibleBond		ConvertibleBond	class	SEC	convertible bond that converts into shares at maturity regardless of the equity price	The conversion ratio at maturity reflects the equity price and par value of the bond when issued. There is also typically a second higher conversion ratio if the equity price rises above the strike during the term of the bond.
https://spec.edmcouncil.org/fibo/ontology/SEC/Debt/Bonds/MediumTermNote	MediumTermNote		Bond	class	SEC	bond issued over time under a shelf registration program, where each issue may have a different coupon and maturity typically ranging from one to ten years	A medium-term note (MTN) is a debt note that usually matures (is paid back) in 5 to 10 years, but the term may be less than one year or as long as 100 years. They can be issued on a fixed or floating coupon basis. | By shelf registration we mean the security registration process where an issuer registers in advance, and can issue lots of securities for up to three years. | Medium term notes are typically issued by corporations and financial institutions, although GSEs also have MTN programs. MTNs may be issued under a shelf registration program which allows the company to issue bonds over time with varying maturities and coupons. Companies issue MTNs to have a more flexible source of funding. They may also issue MTN in response to 'reverse inquiry' by investors looking for bonds with specific maturities, issue size and coupon.
https://spec.edmcouncil.org/fibo/ontology/SEC/Debt/Bonds/MunicipalBond	MunicipalBond	muni	GovernmentBond	class	SEC	government bond that may be issued by a regional, rather than national, authority	Municipal bonds may be issued by states, cities, counties, special tax districts or special agencies or authorities of state or local governments.
https://spec.edmcouncil.org/fibo/ontology/SEC/Debt/Bonds/MunicipalDebtFundsUsage	MunicipalDebtFundsUsage			class	SEC	official statement specifying how the funds raised via a new issue of municipal securities are to be applied	
https://spec.edmcouncil.org/fibo/ontology/SEC/Debt/Bonds/MunicipalDebtRemarketingAgent	MunicipalDebtRemarketingAgent		Dealer	class	SEC	municipal securities dealer responsible for reselling to investors securities (such as variable rate demand obligations and other tender option bonds) that have been tendered for purchase by their owner	The remarketing agent also typically is responsible for resetting the interest rate for a variable rate issue and may act as tender agent.
https://spec.edmcouncil.org/fibo/ontology/SEC/Debt/Bonds/MunicipalDebtSourceOfFunds	MunicipalDebtSourceOfFunds			class	SEC	official statement identifying the source of funds for a new issue of municipal securities	
https://spec.edmcouncil.org/fibo/ontology/SEC/Debt/Bonds/MunicipalNote	MunicipalNote		MunicipalSecurity	class	SEC	short-term obligation to repay a specified principal amount on a certain date, together with interest at a stated rate, usually payable from a defined source of anticipated revenues	Notes usually mature in one year or less, although notes of longer maturities are also issued.
https://spec.edmcouncil.org/fibo/ontology/SEC/Debt/Bonds/MunicipalSecurity	MunicipalSecurity		GovernmentIssuedDebtSecurity	class	SEC	debt obligation issued by a regional governmental entity	A municipal security is typically a bond, note, warrant, certificate or other similar obligation issued by a state or local government or their agencies or authorities (such as cities, towns, villages, counties or special districts or authorities). A prime feature of most municipal securities is that interest or other investment earnings on them are generally excluded from gross income of the bondholder for federal income tax purposes. Some municipal securities are subject to federal income tax, although the issuers or bondholders may receive other federal tax advantages for certain types of taxable municipal securities. Some examples include Build America Bonds, municipal fund securities and direct pay subsidy bonds.
https://spec.edmcouncil.org/fibo/ontology/SEC/Debt/Bonds/MunicipalTrustee	MunicipalTrustee		Trustee	class	SEC	financial institution with trust powers, designated by the issuer, that acts, pursuant to a bond contract, in a fiduciary capacity for the benefit of the bondholders in enforcing the terms of the bond contract	In many cases, the trustee also acts as custodian, paying agent, registrar and/or transfer agent for the bonds.
https://spec.edmcouncil.org/fibo/ontology/SEC/Debt/Bonds/OriginalIssueDiscountBond	OriginalIssueDiscountBond	OID bond	Bond	class	SEC	interest-bearing bond issued at a deep discount to face value	An original issue discount (OID) is the discount in price from a bond's face value at the time a bond or other debt instrument is first issued. The OID is the amount of discount or the difference between the original face value and the price paid for the bond. | The principal amount accretes over time at a constant accrual rate and is redeemed at full face value at maturity.
https://spec.edmcouncil.org/fibo/ontology/SEC/Debt/Bonds/PartialCall	PartialCall		CallEvent	class	SEC	call of part of an issue	
https://spec.edmcouncil.org/fibo/ontology/SEC/Debt/Bonds/PartialCallFeature	PartialCallFeature		CallFeature	class	SEC	call feature whereby the issuer can recall part of the issue on scheduled dates, where bonds are selected to be called according to some rule, or by selecting various bonds at random	
https://spec.edmcouncil.org/fibo/ontology/SEC/Debt/Bonds/PartialRedemptionAllocationConvention	PartialRedemptionAllocationConvention		Convention	class	SEC	convention used to determine how the partial call will be actioned with respect to bond selection	
https://spec.edmcouncil.org/fibo/ontology/SEC/Debt/Bonds/PerpetualBond	PerpetualBond	consul	Bond	class	SEC	bond that has no maturity date, i.e., one that pays interest in perpetuity	Perpetual bonds function much like dividend-paying stocks or certain preferred securities. Just as the owner of the stock receives a dividend payment as long as the stock is held, the perpetual bond owner receives an interest payment as long as the bond is held.
https://spec.edmcouncil.org/fibo/ontology/SEC/Debt/Bonds/RateBasisConvention	RateBasisConvention		Convention	class	SEC	basis for a percentage quoted rate as used in specifying bond call percentage amounts	
https://spec.edmcouncil.org/fibo/ontology/SEC/Debt/Bonds/RedemptionPayment	RedemptionPayment		PaymentEvent	class	SEC	repayment event involving payment of a bond's principal amount at maturity or when it is called	
https://spec.edmcouncil.org/fibo/ontology/SEC/Debt/Bonds/RedemptionSchedule	RedemptionSchedule		PaymentSchedule	class	SEC	repayment schedule whereby a given percentage of a bond issue is redeemed on predefined dates	
https://spec.edmcouncil.org/fibo/ontology/SEC/Debt/Bonds/RegulatoryCall	RegulatoryCall		CallEvent	class	SEC	call triggered by some regulation-specific rule	
https://spec.edmcouncil.org/fibo/ontology/SEC/Debt/Bonds/RemarketableBond	RemarketableBond		CorporateBond	class	SEC	corporate bond program where the coupon rate on outstanding bonds is periodically reset through an auction process	A remarketing agent (dealer or underwriter) periodically surveys bond holders to identify those who want to sell bonds. The agent surveys market (or holds an auction) to determine interest rate at which the bonds can be resold. The rate on all outstanding bonds resets at the new rate. These programs are perpetual in the sense they often don't have a fixed maturity date, but the company can redeem them. If an auction fails, i.e., the agent can't place all the bonds then.
https://spec.edmcouncil.org/fibo/ontology/SEC/Debt/Bonds/RevenueBond	RevenueBond		MunicipalBond	class	SEC	municipal bond supported by the revenue from a specific project	Revenue bonds are municipal bonds that finance income-producing projects, such as toll bridges, highways, or local stadiums, and are secured by a specified revenue source. Typically, revenue bonds can be issued by any government agency or fund that is managed in the manner of a business, such as entities having both operating revenues and expenses.
https://spec.edmcouncil.org/fibo/ontology/SEC/Debt/Bonds/SecuredBond	SecuredBond		Bond	class	SEC	bond that is backed by collateral, such as a tangible asset or income stream, in addition to a general promise to pay	A secured bond may be collateralized by a claim on real assets, such as a factory or auto fleet; or by a claim on a revenue stream. A secured bond differs from a mortgage in that proceeds of the bond sale aren't used to acquire the asset.
https://spec.edmcouncil.org/fibo/ontology/SEC/Debt/Bonds/SinkingFundAmortizationTerms	SinkingFundAmortizationTerms		BondAmortizationPaymentTerms	class	SEC	terms for the paydown of principal in a sinking fund type of amortizing security	
https://spec.edmcouncil.org/fibo/ontology/SEC/Debt/Bonds/SovereignBond	SovereignBond		GovernmentBond	class	SEC	bond issued by the government of a country	Sovereign bonds issued by G20 developed countries are generally full faith and credit obligations. Sovereign bonds issued by emerging and developing countries may be issued in local currency or a G7 currency, and may either be full faith and credit (unsecured) or secured.
https://spec.edmcouncil.org/fibo/ontology/SEC/Debt/Bonds/SovereignDebtInstrument	SovereignDebtInstrument		GovernmentIssuedDebtSecurity	class	SEC	debt security issued by the government of a country	
https://spec.edmcouncil.org/fibo/ontology/SEC/Debt/Bonds/SpecialAssessmentBond	SpecialAssessmentBond		MunicipalBond	class	SEC	municipal bond used to fund a development project that is payable from the revenues of an assessment (tax) on the community that is intended to benefit from the project	A special assessment is a charge imposed against a property in a particular locality because that property receives a special benefit by virtue of some public improvement, separate and apart from the general benefit accruing to the public at large. Special assessments may be apportioned according to the value of the benefit received, rather than merely the cost of the improvement.
https://spec.edmcouncil.org/fibo/ontology/SEC/Debt/Bonds/SpecialObligationBond	SpecialObligationBond		MunicipalBond	class	SEC	bond secured by a limited revenue source, such as receipts derived from a designated project	
https://spec.edmcouncil.org/fibo/ontology/SEC/Debt/Bonds/SpecialTaxBond	SpecialTaxBond		MunicipalBond	class	SEC	bond secured by revenues derived from designated taxes other than ad valorem taxes	For example, bonds for a particular purpose might be supported by sales, cigarette, fuel or business license taxes.
https://spec.edmcouncil.org/fibo/ontology/SEC/Debt/Bonds/StepUpBond	StepUpBond	step down bond	Bond	class	SEC	bond with a coupon that increases (steps up) while the bond is outstanding	The step change may be one time, or occur according to a schedule or at regular intervals.
https://spec.edmcouncil.org/fibo/ontology/SEC/Debt/Bonds/SteppedCouponTerms	SteppedCouponTerms		CouponPaymentTerms	class	SEC	coupon payment terms for securities with a coupon that increases (steps up) while the bond is outstanding	
https://spec.edmcouncil.org/fibo/ontology/SEC/Debt/Bonds/StripBond	StripBond		ZeroCouponBond	class	SEC	bond that is part of a series of bonds formed by selling each interest payment and the principal amount of a bond as separate zero coupon bonds.	
https://spec.edmcouncil.org/fibo/ontology/SEC/Debt/Bonds/TaxAllocationBond	TaxAllocationBond		MunicipalBond	class	SEC	bond payable from the incremental increase in tax revenues realized from any increase in property value and other economic activity, often designed to capture the economic benefit resulting from a bond financing	Tax increment bonds, also known as tax allocation bonds, often are used to finance the redevelopment of blighted areas.
https://spec.edmcouncil.org/fibo/ontology/SEC/Debt/Bonds/TreasuryBill	TreasuryBill	T-bill	USTreasurySecurity	class	SEC	short-term zero coupon treasury obligation with a maturity ranging from one to twelve months	The pricing of T-bills is unique among U.S. government debt issues. Treasury bills are offered in multiples of $100 and in terms ranging from a few days to 52 weeks. Rather than providing interest payments as Treasury Bonds or Notes do, T-bills are sold at a discount, and the entire return is realized upon maturity. The price of a bill is determined at auction. The annualized interest rate earned on T-bills is equal to the difference between the purchase price and maturity value, divided by the maturity value.
https://spec.edmcouncil.org/fibo/ontology/SEC/Debt/Bonds/TreasuryBond	TreasuryBond		SovereignBond	class	SEC	long term term coupon bearing treasury obligation issued in terms of 20 years or 30 years that pays interest every six months until they mature	
https://spec.edmcouncil.org/fibo/ontology/SEC/Debt/Bonds/TreasuryInflationProtectedSecurity	TreasuryInflationProtectedSecurity	treasury inflation-protected security | TIPS	InflationLinkedBond	class	SEC	variable income bond whose principal is indexed to inflation or deflation and thus changes over the life of the security	Treasury Inflation-Protected Securities, or TIPS, provide protection against inflation. The principal of a TIPS increases with inflation and decreases with deflation, as measured by the Consumer Price Index. When a TIPS matures, you are paid the adjusted principal or original principal, whichever is greater.
https://spec.edmcouncil.org/fibo/ontology/SEC/Debt/Bonds/TreasuryNote	TreasuryNote		MediumTermNote	class	SEC	medium term coupon bearing treasury obligation with original maturity ranging from two to ten years	
https://spec.edmcouncil.org/fibo/ontology/SEC/Debt/Bonds/UKGovernmentSecurity	UKGovernmentSecurity	U.K. Government security | gilt | gilt-edged security	SovereignDebtInstrument	class	SEC	debt instrument issued by HM Treasury and listed on the London Stock Exchange	If a private investor wishes to purchase gilts the secondary market can be accessed through a stockbroker, bank or the DMO's Purchase and Sale Service. | The term 'gilt' or 'gilt-edged security' is a reference to the primary characteristic of gilts as an investment: their security. This is a reflection of the fact that the British Government has never failed to make interest or principal payments on gilts as they fall due.
https://spec.edmcouncil.org/fibo/ontology/SEC/Debt/Bonds/USTreasurySecurity	USTreasurySecurity	U.S. Treasury security	SovereignDebtInstrument	class	SEC	debt instrument issued by the United States Department of the Treasury that carries a full faith and credit guarantee	
https://spec.edmcouncil.org/fibo/ontology/SEC/Debt/Bonds/UnlistedBond	UnlistedBond	OTC Bond	Bond	class	SEC	bond that is traded over the counter rather than via an exchange or other listing facility	
https://spec.edmcouncil.org/fibo/ontology/SEC/Debt/Bonds/UnsecuredBond	UnsecuredBond	debenture	Bond	class	SEC	bond that is only secured by the bond issuer's good credit standing	Most unsecured bonds pose limited risk of default, as the organizations that issue them are typically financially sound.
https://spec.edmcouncil.org/fibo/ontology/SEC/Debt/Bonds/VariableCouponBond	VariableCouponBond		VariableIncomeBond	class	SEC	bond that has a floating interest rate	The rate adjusts according to a predetermined formula outlined in the bond's prospectus or official statement.
https://spec.edmcouncil.org/fibo/ontology/SEC/Debt/Bonds/VariableCouponTerms	VariableCouponTerms		CouponPaymentTerms	class	SEC	contractual terms specifying the calculation of the interest rate for a variable coupon bond	
https://spec.edmcouncil.org/fibo/ontology/SEC/Debt/Bonds/VariableDebtPrincipal	VariableDebtPrincipal		PubliclyIssuedDebt	class	SEC	principal that is defined in relation to some variable and so varies over time, as principal	Not the same as principal paydown. This is when the principal itself varies over time, usually as a result of being defined in relation to some index such as an inflation index. Forms the debt principal in instruments such as inflation bonds.
https://spec.edmcouncil.org/fibo/ontology/SEC/Debt/Bonds/VariableIncomeBond	VariableIncomeBond		Bond	class	SEC	bond whose income may vary over time, because either the coupon rate or principal amount changes in line with an index or schedule over the life of the security	
https://spec.edmcouncil.org/fibo/ontology/SEC/Debt/Bonds/VariableInterestCalculationFormula	VariableInterestCalculationFormula		FullyIndexedInterestRate	class	SEC	formula for the calculation of variable interest	
https://spec.edmcouncil.org/fibo/ontology/SEC/Debt/Bonds/VariableInterestExpression	VariableInterestExpression		Expression	class	SEC	an expression used to determine a variable interest payment amount	
https://spec.edmcouncil.org/fibo/ontology/SEC/Debt/Bonds/VariablePrincipalBond	VariablePrincipalBond		VariableIncomeBond	class	SEC	bond whose principal adjusts over time with changes in an index	The principal on variable principal bonds adjusts line with an index such as inflation or GDP. For example, for a bond linked to the CPI, if inflation rises two percent the principal increases by 2 percent. The coupon rate is typically fixed. The best-known example is TIPS or Treasury Inflation Protected Bonds, which are linked to the CPI. TIPs offer a real or inflation adjusted rate of return.
https://spec.edmcouncil.org/fibo/ontology/SEC/Debt/Bonds/ZeroCouponBond	ZeroCouponBond	z-bond	Bond	class	SEC	bond issued with a coupon rate of zero and that trades at a deep discount to face value	Fannie Mae also issues zero-coupon callable debt securities. Zero-coupon notes are debt securities on which no coupon interest is paid to the investor. Rather, the security is purchased at a discounted dollar price and matures at par. If the option on a callable zero-coupon security is exercised, it is redeemed at a higher dollar price than the original issue price. The yield for a callable zero-coupon security is based on the difference between the original discounted price and the principal payment at the call date. | The principal amount accretes over time at a constant accrual rate and is redeemed at full face value at maturity. In effect, the accrual rate is the coupon rate or yield which is added to the outstanding principal rather than being paid out to investors.
https://spec.edmcouncil.org/fibo/ontology/SEC/Debt/Bonds/ZeroCouponTerms	ZeroCouponTerms		BondAmortizationPaymentTerms	class	SEC	terms for payment of interest on a zero coupon bond	
https://spec.edmcouncil.org/fibo/ontology/SEC/Debt/DebtInstruments/CallEvent	CallEvent		RedemptionEvent	class	SEC	an event associated with the call schedule for a debt instrument	
https://spec.edmcouncil.org/fibo/ontology/SEC/Debt/DebtInstruments/CallFeature	CallFeature	call provision	RedemptionProvision	class	SEC	redemption provision defining the rights of the issuer to buy back a security at a call price after a call protection period	Most corporate and municipal bonds have ten-year call features (termed call protection by holders); government securities typically have none.
https://spec.edmcouncil.org/fibo/ontology/SEC/Debt/DebtInstruments/CallNotificationProvision	CallNotificationProvision		NotificationProvision	class	SEC	provision of a call feature defining notification requirements	
https://spec.edmcouncil.org/fibo/ontology/SEC/Debt/DebtInstruments/CallPremium	CallPremium		MonetaryPrice	class	SEC	the price over par paid by an issuer to redeem securities when exercising a call provision	
https://spec.edmcouncil.org/fibo/ontology/SEC/Debt/DebtInstruments/CallSchedule	CallSchedule		Schedule	class	SEC	a schedule of call prices and when they are in effect	
https://spec.edmcouncil.org/fibo/ontology/SEC/Debt/DebtInstruments/CallWindow	CallWindow			class	SEC	an explicit period of time prior to a call date during which an issuer or agent must give notice to holders	
https://spec.edmcouncil.org/fibo/ontology/SEC/Debt/DebtInstruments/DebtOffering	DebtOffering		SecuritiesOffering	class	SEC	an offering of one or more debt instruments for sale	
https://spec.edmcouncil.org/fibo/ontology/SEC/Debt/DebtInstruments/FixedIncomeSecurity	FixedIncomeSecurity		TradableDebtInstrument	class	SEC	tradeable debt instrument that provides a return in the form of fixed periodic payments and typically the return of principal at maturity	Fixed income securities provide payments according to a regular schedule. This does not necessarily mean that the payments themselves are of a fixed amount, however.
https://spec.edmcouncil.org/fibo/ontology/SEC/Debt/DebtInstruments/FullyIndexedInterestRate	FullyIndexedInterestRate	fully-indexed interest rate	FloatingInterestRate	class	SEC	a variable interest rate that is calculated by adding a margin to a specified index rate	Fully indexed interest rates are used for variable rate credit products. The interest rate on a variable (adjustable) rate mortgage corresponds to a specific benchmark (often the prime rate, but sometimes LIBOR, the one-year constant-maturity Treasury, or other benchmarks) plus a spread (also called the margin. The margin on a fully indexed interest rate product is determined by the underwriter and based on the borrower's credit quality.
https://spec.edmcouncil.org/fibo/ontology/SEC/Debt/DebtInstruments/InterestOnlyStrip	InterestOnlyStrip	interest-only strip | IO strip	Strip	class	SEC	a strip that represents the non-principal portion of the monthly payments on the underlying debt instrument, such as a bond	An interest-only strip holder is interested in rising rates and no prepayment, as prepayment would cause them forfeit future interest payments and receive nothing from the return of the principal. | An interest-only strip can be reintegrated into other synthetic or engineered products. For example, interest-only strips can be pooled to create or make up a portion of a larger collateralized mortgage obligation (CMO), asset-backed security (ABS) or collateralized debt obligation (CDO) structure.
https://spec.edmcouncil.org/fibo/ontology/SEC/Debt/DebtInstruments/IssuedDebt	IssuedDebt		Debt	class	SEC	debt that is set out by the borrower in some form of financial security in which the lender is the holder or counterparty of that security	
https://spec.edmcouncil.org/fibo/ontology/SEC/Debt/DebtInstruments/MakeWholeFeature	MakeWholeFeature	make whole provision	CallFeature	class	SEC	a call provision allowing the issuer to pay off remaining debt early	The issuer typically has to make a lump sum payment to the investor derived from a formula based on the net present value (NPV) of future interest or coupon payments that will not be paid incrementally because of the call combined with the principal payment the investor would have received at maturity.
https://spec.edmcouncil.org/fibo/ontology/SEC/Debt/DebtInstruments/Margin	Margin	spread		class	SEC	a variable that is added to a specified index rate to determine the fully indexed interest rate charged to a borrower on a credit balance	
https://spec.edmcouncil.org/fibo/ontology/SEC/Debt/DebtInstruments/NonTradableDebtInstrument	NonTradableDebtInstrument	non-tradable debt instrument	DebtInstrument	class	SEC	a debt instrument that may not be bought or sold	Generally, a nonnegotiable instrument may be redeemed by the issuer, but this is often subject to some limitations. | Low-risk instruments such as savings bonds are examples of nonnegotiable debt instruments.
https://spec.edmcouncil.org/fibo/ontology/SEC/Debt/DebtInstruments/NotificationProvision	NotificationProvision		RedemptionProvision	class	SEC	provision of a redemption feature defining notification requirements	
https://spec.edmcouncil.org/fibo/ontology/SEC/Debt/DebtInstruments/PrescriptiveEvent	PrescriptiveEvent		OccurrenceKind	class	SEC	event related to the imposition or enforcement of a rule, method, formula, etc.	
https://spec.edmcouncil.org/fibo/ontology/SEC/Debt/DebtInstruments/PrincipalOnlyStrip	PrincipalOnlyStrip	principal-only strip	Strip	class	SEC	a strip that represents the principal portion of the monthly payments on the underlying debt instrument, such as a bond	
https://spec.edmcouncil.org/fibo/ontology/SEC/Debt/DebtInstruments/PubliclyIssuedDebt	PubliclyIssuedDebt		IssuedDebt	class	SEC	an issued debt in the form of a tradable debt instrument (security)	
https://spec.edmcouncil.org/fibo/ontology/SEC/Debt/DebtInstruments/PutEvent	PutEvent		RedemptionEvent	class	SEC	an event associated with the put schedule for a debt instrument, i.e., an event involving the 'put', or surrender of the instrument by the holder	
https://spec.edmcouncil.org/fibo/ontology/SEC/Debt/DebtInstruments/PutFeature	PutFeature	put provision	DebtTerms	class	SEC	redemption provision giving the holder the right, but not the obligation, to sell a specified amount of the debt instrument (i.e., redeem it), prior to maturity	
https://spec.edmcouncil.org/fibo/ontology/SEC/Debt/DebtInstruments/PutNotificationProvision	PutNotificationProvision		NotificationProvision	class	SEC	a provision of a put feature defining notification requirements	
https://spec.edmcouncil.org/fibo/ontology/SEC/Debt/DebtInstruments/PutPremium	PutPremium		MonetaryPrice	class	SEC	an amount over par that a debt instrument holder must pay to sell the security early	
https://spec.edmcouncil.org/fibo/ontology/SEC/Debt/DebtInstruments/PutSchedule	PutSchedule		Schedule	class	SEC	a schedule that defines the events associated with the put feature of a debt instrument, i.e, the dates on which the debt instrument may be sold at what price by the holder	
https://spec.edmcouncil.org/fibo/ontology/SEC/Debt/DebtInstruments/PutWindow	PutWindow			class	SEC	an explicit period of time prior to a put date during which holder or agent must give notice to an issuer	
https://spec.edmcouncil.org/fibo/ontology/SEC/Debt/DebtInstruments/RedemptionEvent	RedemptionEvent		PrescriptiveEvent	class	SEC	a prescriptive event involving the return of an investor's principal in a fixed-income security, such as a preferred stock or bond, or the sale of units in a mutual fund	
https://spec.edmcouncil.org/fibo/ontology/SEC/Debt/DebtInstruments/RelativePrice	RelativePrice		SecurityPrice	class	SEC	security price specified in comparison with either a stated or market value for a debt instrument at some point in time	
https://spec.edmcouncil.org/fibo/ontology/SEC/Debt/DebtInstruments/StepEvent	StepEvent		CalculationEvent	class	SEC	event that prescribes a change in a contractual term, such as a rate or notional amount, for a given contract	
https://spec.edmcouncil.org/fibo/ontology/SEC/Debt/DebtInstruments/StepSchedule	StepSchedule		Schedule	class	SEC	schedule specifying the date(s) and change in a contractual term(s), e.g., rate or notional amount, for a contract that has a feature where stipulated changes occur at specified intervals or on specified dates	
https://spec.edmcouncil.org/fibo/ontology/SEC/Debt/DebtInstruments/Strip	Strip	Separate Trading of Registered Interest and Principal of Securities	FixedIncomeSecurity	class	SEC	a tradeable debt instrument created either through the process of removing coupons from a bond and then selling the separate parts as a zero coupon bond and an interest paying coupon bond or through taking the opposite position from some variant in the options market	STRIPS is an acronym for Separate Trading of Registered Interest and Principal of Securities, which has come to be used as a term in its own right.
https://spec.edmcouncil.org/fibo/ontology/SEC/Debt/DebtInstruments/TradableDebtInstrument	TradableDebtInstrument		DebtInstrument	class	SEC	a debt instrument that is also a security, i.e., that can be bought and sold by the holder	Details from Ecofin: A [debt] instrument can be traded, if its features depend only on one borrower. If the instrument has no bilateral or multilateral obligations, the investor can easily transfer it to another investor without asking the borrower (except the terms prohibit this explicitly). This is simplified with securitised instruments, where the debt is already split into handy denominations which trade easily (e.g. in round thousands or millions as with bonds, commercial paper, etc.). But in principle it works also with interbank loans and similar instruments. FIBIM Definition: Financial instruments evidencing moneys owed by the issuer to the holder on terms as specified.
https://spec.edmcouncil.org/fibo/ontology/SEC/Debt/DebtInstruments/VariableIncomeSecurity	VariableIncomeSecurity		TradableDebtInstrument	class	SEC	tradeable debt instrument that provide their owners with a rate of return that is dynamic and determined by market forces	Variable-income securities provide investors with both greater risks as well as rewards.
https://spec.edmcouncil.org/fibo/ontology/SEC/Debt/DistributedLoans/AdministrativeAgent	AdministrativeAgent		SyndicateMember	class	SEC	role of a financial institution (often one of the primary lenders in the syndicate) designated to act as an intermediary between the borrowers and the syndicate lenders	An administrative agent is designated by the syndicate and granted the authority to disburse funds, collect payments, monitor compliance and act as the communications intermediary with the borrower on behalf of the syndicate. This coordination role is crucial to ensuring that lenders' rights and oblications are properly coordinated and to streamline operations. Their authority and the scope of what they can do is explicitly stated in the loan agreement, and does not allow unilateral decision making with respect to the terms of the loan.
https://spec.edmcouncil.org/fibo/ontology/SEC/Debt/DistributedLoans/Bookrunner	Bookrunner		FinancialInstitution	class	SEC	financial institution (typically a commercial or investment bank) responsible for coordinating the arrangement, structuring, and marketing of the loan to potential lenders	A 'bookrunner' is primarily responsible for managing the distribution and sale of a security during a new issuance, while a 'lead arranger' is the primary bank that structures and leads a syndicated loan, often assigning portions of the loan to other banks to participate in the deal; essentially, the bookrunner focuses on selling the security to investors, while the lead arranger focuses on structuring the loan itself and coordinating the syndicate of lenders involved.
https://spec.edmcouncil.org/fibo/ontology/SEC/Debt/DistributedLoans/DocumentationAgent	DocumentationAgent		SyndicateMember	class	SEC	financial institution designated to oversee the drafting, negotiation, and finalization of the loan documentation	
https://spec.edmcouncil.org/fibo/ontology/SEC/Debt/DistributedLoans/FinanceSyndicate	FinanceSyndicate		Syndicate	class	SEC	group of financial institutions or lenders that collectively agree to provide funding for a large loan to a single borrower	Syndicates are formed to enable the provision of substantial financing amounts that would be challenging or risky for any one lender to offer alone. The syndicate structure allows lenders to share the loan amount, spreading both the funding and associated risks among multiple participants.
https://spec.edmcouncil.org/fibo/ontology/SEC/Debt/DistributedLoans/FinanceSyndicateMember	FinanceSyndicateMember		SyndicateMember	class	SEC	syndicate member that is a financial services provider that contributes funds to a syndicated loan or loan participation note	Syndicate members may include a variety of financial institutions, such as commercial banks, investment banks, institutional investors - insurance companies, pension funds, and hedge funds, and specialty finance firms, focused on specific industries or credit profiles, which may join syndicates for specialized or higher-risk loans.
https://spec.edmcouncil.org/fibo/ontology/SEC/Debt/DistributedLoans/LeadArranger	LeadArranger	arranger | lead bank | lead manager	FinancialInstitution	class	SEC	financial institution that spearheads the loan structuring and syndication process on behalf of the borrower	The lead arranger acts as the primary point of contact for the borrower. They perform credit analysis and due diligence, ensure that the structure meets borrowers goals, and coordinates with potential lenders regarding the initial structure and commitments.
https://spec.edmcouncil.org/fibo/ontology/SEC/Debt/DistributedLoans/LoanParticipationNote	LoanParticipationNote	LPN	CreditFacility	class	SEC	credit facility and fixed-income security that may be distributed across a group of lenders	The main difference between a loan participation and a loan syndication is that in a loan participation, one lender sells ownership interests in a loan to other lenders, while in a loan syndication, the lenders work together to originate and lend on the loan. | With an LPN, a lead bank underwrites and issues the loan. This lending institution then recruits other banks to participate and share the risks and profits on a pro rata basis. The lead lender keeps a partial interest in the loan and is responsible for servicing it.
https://spec.edmcouncil.org/fibo/ontology/SEC/Debt/DistributedLoans/SyndicatedLoan	SyndicatedLoan		CreditFacility	class	SEC	credit agreement in which a group of lenders, known as a syndicate, collectively provides a large loan to a single borrower	A syndicated loan enables pooling of funds from multiple financial institutions, typically under the leadership of one or more arranging banks. These kinds of credit agreements are often used by large corporations, private equity investors and government entities for significant capital needs such as acquisitions, project financing, or to meet operational requirements.
https://spec.edmcouncil.org/fibo/ontology/SEC/Debt/DistributedLoans/SyndicationAgent	SyndicationAgent		FinancialInstitution	class	SEC	financial institution (typically a commercial or investment bank) designated to help structure, arrange, and manage the loan syndication process	Syndication agents are important at the beginning of the process, including setting up the syndicate, supporting distribution of the loan across lenders, marketing, and the like. They are far less involved in loan administration, which is managed by the administrative agent.
https://spec.edmcouncil.org/fibo/ontology/SEC/Debt/ExerciseConventions/AmericanExerciseTerms	AmericanExerciseTerms		ExerciseTerms	class	SEC	exercise terms that stipulate that an option may be exercised on or before the date of expiration	Under certain circumstances, early exercise may be advantageous to the option holder.
https://spec.edmcouncil.org/fibo/ontology/SEC/Debt/ExerciseConventions/BermudanExerciseTerms	BermudanExerciseTerms		ExerciseTerms	class	SEC	exercise terms that stipulate that an option may only be exercised on predetermined dates within some exercise window, often on one day each month or at the date of expiration	The Bermuda option is named as such because its exercise dates are more flexible than European options and less flexible than American options. Thus, it is in the middle, just like Bermuda is between Europe and America. Bermuda options are also referred to as Mid-Atlantic, Quasi American, or Semi-American options.
https://spec.edmcouncil.org/fibo/ontology/SEC/Debt/ExerciseConventions/CanaryExerciseTerms	CanaryExerciseTerms		BermudanExerciseTerms	class	SEC	exercise terms that stipulate that an option may only be exercised on predetermined dates until the first step is reached, but not after that point	
https://spec.edmcouncil.org/fibo/ontology/SEC/Debt/ExerciseConventions/EuropeanExerciseTerms	EuropeanExerciseTerms		ExerciseTerms	class	SEC	exercise terms that stipulate that an option may only be exercised at the date of expiration	
https://spec.edmcouncil.org/fibo/ontology/SEC/Debt/ExerciseConventions/ExerciseConvention	ExerciseConvention		Convention	class	SEC	convention that determines when the holder or future holder of an option can implement the rights defined in the option	
https://spec.edmcouncil.org/fibo/ontology/SEC/Debt/ExerciseConventions/ExerciseTerms	ExerciseTerms		ContractualCommitment	class	SEC	contract terms specific to the conditions, conventions and other stipulations related to the exercise of an option or entitlement	
https://spec.edmcouncil.org/fibo/ontology/SEC/Debt/PoolBackedSecurities/AbsolutePrepaymentRate	AbsolutePrepaymentRate	ABS	DebtPoolStatisticalMeasure	class	SEC	measure of the monthly rate of loan prepayments as a percentage of the original pool balance	ABS is defined by the following formula where SMM refers to Single Monthly Mortality, which measures the percentage of dollars prepaid in a given month expressed as a percentage of the scheduled loan balance. ABS = (100 * SMM)/100 + (SMM X (Age - 1). | The ABS measurement differs from conditional prepayment rate (CPR) used in the mortgage industry, which measures prepayment as an annualized percentage of the current pool balance.
https://spec.edmcouncil.org/fibo/ontology/SEC/Debt/PoolBackedSecurities/AssetBackedSecurity	AssetBackedSecurity	asset-backed security | ABS	PoolBackedSecurity	class	SEC	debt instrument backed by receivables other than those arising out of real estate loans or mortgages	ISO 10962, Securities and related financial instruments - Classification of Financial Instruments (CFI code), Fourth edition, 2019-10-01 | An asset-backed security (ABS) is a type of financial investment that is collateralized by an underlying pool of assets—usually ones that generate a cash flow from debt, such as loans, leases, credit card balances, or receivables. It takes the form of a bond or note, paying income at a fixed rate for a set amount of time, until maturity. ABS are financial securities backed by income-generating assets such as credit card receivables, home equity loans, student loans, and auto loans. Pooling assets into an ABS is a process called securitization. One difference between an ABS and a collateralized debt obligation (CDO) is that the CDO issuer is generally a special purpose vehicle (SPV) or trust. | Asset-backed securities, for example home equity loans (HEL), credit cards, and so forth are backed by receivables [payments] that are either secured (such as HEL) or unsecured (for example, credit cards). They are typically tranched based on default risk.
https://spec.edmcouncil.org/fibo/ontology/SEC/Debt/PoolBackedSecurities/AttachmentPoint	AttachmentPoint		PercentageMonetaryAmount	class	SEC	lower tranche boundary of a tranche defined as a percentage of the value of the total pool of collateral, either at issuance or as of some point in time	Alexander Veremyev, Peter Tsyurmasto, and Stan Uryasev. "Optimal Structuring of CDO contracts: Optimization Approach". https://www.ise.ufl.edu/uryasev/files/2012/10/structuring_CDO_JCR_oct12.pdf | https://fincyclopedia.net/finance/ | A CDO tranche becomes liable for losses when the total amount of defaults or losses in the underlying debt pool exceeds a certain threshold, called the attachment point. The attachment point is expressed as a percentage of the total value of the debt pool. In other words, the attachment point is the level of subordination above which a given tranche stands. Note that the notion of 'liability for loss' is in a financial or econonmic sense rather than a legal sense. | The higher the attachment point, the lower the risk and the return for the tranche. The lower the attachment point, the higher the risk and the return for the tranche. The most senior tranches have the highest attachment points and are paid first from the cash flows of the debt pool. The most junior tranches have the lowest attachment points and are paid last from the cash flows of the debt pool. The junior tranches also bear the first losses when defaults occur in the debt pool.
https://spec.edmcouncil.org/fibo/ontology/SEC/Debt/PoolBackedSecurities/DebtPoolStatisticalMeasure	DebtPoolStatisticalMeasure		QualifiedMeasure	class	SEC	qualified measure of some aspect of the behavior of one or more debt instrument(s) that may vary over time	
https://spec.edmcouncil.org/fibo/ontology/SEC/Debt/PoolBackedSecurities/DefaultRate	DefaultRate		DebtPoolStatisticalMeasure	class	SEC	qualified measure of the rate at which holders of the debt instruments in the pool default on those instruments	
https://spec.edmcouncil.org/fibo/ontology/SEC/Debt/PoolBackedSecurities/DetachmentPoint	DetachmentPoint		PercentageMonetaryAmount	class	SEC	upper tranche boundary of a tranche defined as a percentage of the value of the total pool of collateral, either at issuance or as of some point in time	Alexander Veremyev, Peter Tsyurmasto, and Stan Uryasev. "Optimal Structuring of CDO contracts: Optimization Approach". https://www.ise.ufl.edu/uryasev/files/2012/10/structuring_CDO_JCR_oct12.pdf | https://fincyclopedia.net/finance/ | The CDO tranche loss arises when the cumulative collateral loss exceeds the tranche's attachment point. The detachment point corresponds to the amount of pool losses that will completely wipe out the respective tranche. The detachment point is the maximum of pool-level losses at which a given tranche becomes liable for losses.
https://spec.edmcouncil.org/fibo/ontology/SEC/Debt/PoolBackedSecurities/PoolBackedSecurity	PoolBackedSecurity	pool-backed security	TradableDebtInstrument	class	SEC	debt instrument that derives its cashflow from an underlying pool of mortgage loans or other receivables	If the security is a component of a collateralized debt obligation, then the underlying pool is typically segmented into various tranches, each of which provides cash flows to hedge particular risks, or that offset other gains by time to maturity or other factors.
https://spec.edmcouncil.org/fibo/ontology/SEC/Debt/PoolBackedSecurities/PrepaymentSpeed	PrepaymentSpeed		DebtPoolStatisticalMeasure	class	SEC	estimated rate at which a debt or part of a debt is paid off ahead of schedule	A prepayment model is used to estimate the level of prepayments (speed) on a loan portfolio that will occur in a set period of time, given possible changes in interest rates. Understanding prepayment speed is critical in assessing the value of mortgage pass-through securities. Prepayment models are based on mathematical equations and usually involve the analysis of historical prepayment trends to predict what will happen in the future. Prepayment models are often used to value mortgage pools such as GNMA securities or other securitized debt products, including mortgage-backed securities (MBS).
https://spec.edmcouncil.org/fibo/ontology/SEC/Debt/PoolBackedSecurities/PrincipalProtectedNote	PrincipalProtectedNote	capital protected note	CapitalProtectedProduct	class	SEC	structured finance that offers investors exposure to chosen underlying assets using various approaches and asymmetric pay-off profiles	ISO 10962, Securities and related financial instruments - Classification of Financial Instruments (CFI code), Fourth edition, 2019-10-01. | There are one or more reference entities underlying the product. Redemption is made at least in the amount of the conditional capital protection at maturity, provided that no credit event by the reference entity has occurred. Conditional capital protection only applies to the nominal amount and not to the purchase price. The general functioning of a capital guaranteed structured instrument is as follows: the notional amount is split into a zero bond, that will deliver the capital guarantee at maturity, and the difference between the zero bond's value (= present value of the guarantee level at maturity) and the notional amount is used for structuring the performance component with options which deliver the agreed pay-off profile of the structured instrument.
https://spec.edmcouncil.org/fibo/ontology/SEC/Debt/PoolBackedSecurities/SingleMonthlyMortality	SingleMonthlyMortality	SMM	DebtPoolStatisticalMeasure	class	SEC	estimated per-month percentage of mortgages in an MBS pool that will be paid off early	Single monthly mortality (SMM) is a way to gauge the prepayment risk of a mortgage-backed security.
https://spec.edmcouncil.org/fibo/ontology/SEC/Debt/PoolBackedSecurities/StructuredFinanceInstrument	StructuredFinanceInstrument	structured finance	StructuredProduct	class	SEC	pool-backed security wherein the risk associated with the pool has been uncoupled from the risk associated with the originating institution through a special purpose vehicle	Structured finance instruments represent a form of securitization technology which can be defined by three key characteristics: (1) pooling of financial assets, such as loans, bonds, or credit-default swaps; (2) de-linking of the credit risk of the asset pool from the credit risk of the originating firm, usually through use of a finite-lived, stand-alone special purpose vehicle (SPV); and (3) issuance by the SPV of "tranched" liabilities backed by the asset pool. Structured finance instruments are typically presented to large financial institutions or companies with complicated financing needs that are unsatisfied with conventional financial products. | Collateralized debt obligations (CDOs), synthetic financial instruments, collateralized bond obligations (CBOs), and syndicated loans are examples of structured finance instruments.
https://spec.edmcouncil.org/fibo/ontology/SEC/Debt/PoolBackedSecurities/StructuredFinanceWithoutPrincipalProtection	StructuredFinanceWithoutPrincipalProtection	structured finance without capital protection	StructuredFinanceInstrument	class	SEC	structured finance that is a short-term note linked to an underlying asset that offers a steady stream of income	ISO 10962, Securities and related financial instruments - Classification of Financial Instruments (CFI code), Fourth edition, 2019-10-01. | The redemption at the end of the term is determined on the basis of the performance and final fixing of the underlying asset: a redemption at the nominal value is guaranteed as long as the underlying asset has not touched its barrier during relevant barrier monitoring. If the underlying asset has touched its barrier but is again above the strike price at final fixing, the nominal price is also repaid. Nevertheless, if the underlying asset has touched its barrier during barrier monitoring and closes below the strike price at final fixing, the underlying asset is delivered or cash compensation paid, provided that no credit event by the reference entity has occurred. Depending on the characteristics of the product, either a coupon or a discount to the underlying asset can apply. A coupon is paid out regardless of the performance of the underlying asset, provided that no credit event by the reference entity has occurred.
https://spec.edmcouncil.org/fibo/ontology/SEC/Debt/PoolBackedSecurities/Tranche	Tranche		StructuredFinanceInstrument	class	SEC	segment of a pool of securities, typically debt instruments	A tranche is one of a number of related securities in the same offering that represents a partition of a debt pool whose cash flow is derived from the combined cash flows of the instruments in that partition.
https://spec.edmcouncil.org/fibo/ontology/SEC/Debt/PoolBackedSecurities/WeightedAverageCoupon	WeightedAverageCoupon	WAC	ArithmeticMean	class	SEC	weighted-average gross interest rates of the pool of mortgages that underlie a mortgage-backed security (MBS) weighed by their balances at the time the securities were issued	The weighted average coupon (WAC) is calculated by taking the gross of the interest rates owed on the underlying mortgages of the MBS and weighting them according to the percentage of the security that each mortgage represents. The WAC represents the average interest rate of different pools of mortgages with varying interest rates. In the weighted average calculation, the principal balance of each underlying mortgage is used as the weighting factor. To calculate the WAC, the coupon rate of each mortgage or MBS is multiplied by its remaining principal balance. The results are added together, and the sum total is divided by the remaining balance. A mortgage-backed security's current WAC can differ from its original WAC as the underlying mortgages pay down at different speeds. In the weighted-average calculation, the principal balance of each underlying mortgage is used as the weighting factor.
https://spec.edmcouncil.org/fibo/ontology/SEC/Debt/PoolBackedSecurities/WeightedAverageLife	WeightedAverageLife	average life | WAL	ArithmeticMean	class	SEC	weighted average of the times of the principal repayments Average life is calculated using the weighted average time to the receipt of all future cash flows.	Average life is calculated using the weighted average time to the receipt of all future cash flows of an amortizing loan or amortizing bond. it's the average time until a dollar of principal is repaid. | The time weightings used in weighted average life calculations are based on payments to the principal. In many loans, such as mortgages, each payment consists of payments to principal and payments to interest. In WAL, only the principal payments are considered and these payments tend to get larger over time, with early payments of a mortgage going mostly to interest, while payments made towards the end of the loan are applied mostly to the principal balance of the loan. | Where it refers to pre-payment above, if the bond does not include prepayment then this is not included. However, analytics that refer to this e.g. Yield to Average Life, then this figure is relevant. It is not relevant for other types of bond where e.g. you would use yield to next call, yield to worst etc. Average Life used in place of Maturity for Yield Calculation. This is not only used for Yield calculations though. It is referred to as an analytic figure in its own right. Average Life uses one of a number of standard pre-payment models (for structured finance at least). For MBS, the average life includes some calculations to take account of pre-payments on the underlying mortgages. This takes account of the possibillity of borrowers paying early. This has to be modeled or forecast (not given) as it's a function of market conditions and interest rate. You would not see this in a market data feed. When you model MBS you calculate Average Life as part of the model i.e. you estimate the percentage of prepayment in the next x length of time and factor this into the Average Life. Refers to Weighted Average Time to receipt of future cash flows. For MBS, early payments will shorten the Average Life. For Student Loans, Credit Card, Loan etc, i.e. all Pool Backed (any bond that has securitized debt). Other bonds: Sinking Funds etc., also Early Payment - partial Call for a corporate / regular bond. Early Payment for pass through has the same effect. Sinking Fund: Each payment is part principal and part interest, this is implicit in the overall definition of "Early payment".
https://spec.edmcouncil.org/fibo/ontology/SEC/Debt/PoolBackedSecurities/WeightedAverageLoanAge	WeightedAverageLoanAge	WALA	ArithmeticMean	class	SEC	dollar-weighted average measuring the age of the individual loans in a mortgage pass-through or pooled security	A weighted average loan age (WALA) may apply to pool-backed securities such as Ginnie Mae or Freddie Mac securities. The WALA is measured as the time in months since the origination of the loans, with the weighting based on each loan's size in proportion to the aggregate total of the pool. | This is defined by the issuer. WALA is more official, not an analysis from a vendor. This changes but the values are relayed by the issuer on an ongoing basis. Investopedia explains Weighted Average Loan Age - WALA The weighted average age will change over time as some mortgages get paid off faster than others. Based on the issuer of the mortgage-backed securities (MBS), the WALA may be weighted on the remaining principal balance dollar figure, or the beginning notional value of the loan. The flip side of the WALA is the weighted average maturity (WAM), which is a dollar-weighted measure of the months remaining until the principal amounts are completely repaid on each loan in the pool.
https://spec.edmcouncil.org/fibo/ontology/SEC/Debt/PoolBackedSecurities/WeightedAverageMaturity	WeightedAverageMaturity	WAM	ArithmeticMean	class	SEC	weighted average amount of time until the maturities on mortgages in a mortgage-backed security (MBS)	The measure is calculated by totaling each mortgage value represented by the MBS. The weights of each mortgage is found by dividing the value of each into the total of all. To arrive at the WAM number the weight of each security is multiplied by the time until maturity of each mortgage, and then all the values are added together. For example say an MBS has three mortgages valued at $1,000, $2,000 and $3,000 (a total of $6,000) and mature in one, two and three years respectively. The weights of these are 1/6 (1,000/6,000), 1/3 (2,000/6,000) and 1/2 (3,000/6,000). The WAM is 2 1/3 years (1/6 x 1 year + 1/3 x 2 years + 1/2 x 3 years). Note that this calculation would need to be adjusted if there are multiple pools behind the MBS. | This term is used more broadly to describe maturities in a portfolio of debt securities, including corporate debt and municipal bonds. The higher the WAM, the longer it takes for all of the mortgages or bonds in the portfolio to mature. WAM is used to manage debt portfolios and to assess the performance of debt portfolio managers.
https://spec.edmcouncil.org/fibo/ontology/SEC/Debt/PoolBackedSecurities/WeightedAverageRemainingTerm	WeightedAverageRemainingTerm	weighted average remaining maturity | WART	ArithmeticMean	class	SEC	weighted average time to maturity of a portfolio of asset-backed securities (ABS) or mortgage-backed (MBS) securities	The longer the WART, the longer the portfolio's assets will take to mature, on average. WART is often used in relation to mortgage-backed securities (MBS) but can also be applied to any portfolio of fixed-income securities. WART is closely related to weighted average loan age (WALA), which is its inverse.
https://spec.edmcouncil.org/fibo/ontology/SEC/Debt/TradedShortTermDebt/BankersAcceptance	BankersAcceptance	bankers' acceptance	BillOfExchange	class	SEC	short-term debt instrument that is guaranteed and paid by a bank and used as a relatively safe form of payment for large transactions	Considered negotiable instruments with features of a time draft, bankers' acceptances are created by the drawer and provide the bearer with the right to the amount noted on the face of the acceptance on the specified date. Unlike traditional checks, bankers' acceptances function based on the creditworthiness of the banking institution instead of the individual or business acting as the drawer. Additionally, the drawer must provide the funds necessary to support the bankers' acceptance, eliminating the risk associated with insufficient funds on the part of the drawer.
https://spec.edmcouncil.org/fibo/ontology/SEC/Debt/TradedShortTermDebt/BillOfExchange	BillOfExchange	bank draft | draft	MoneyMarketInstrument	class	SEC	short-term negotiable financial instrument consisting of an order in writing addressed by one person (the seller of goods) to another (the buyer), requiring the latter to pay a fixed amount of money on demand (a sight draft) or on a predetermined date (a time draft)	A bill of exchange is a written agreement between two parties - the buyer and the seller - used primarily in international trade. The buyer or seller typically employs a bank to issue the bill of exchange due to the risks involved with international transactions. Bills of exchange can be transferred by endorsement, much like a check. They can also require the buyer to pay a third party - a bank - in the event that the buyer fails to make good on his agreement with the seller.
https://spec.edmcouncil.org/fibo/ontology/SEC/Debt/TradedShortTermDebt/CommercialPaper	CommercialPaper		MoneyMarketInstrument	class	SEC	an unsecured short-term debt instrument typically issued by a bank, corporation, or foreign government to obtain funds to meet short-term debt obligations, such as accounts receivable, inventories, or payroll, backed only by an issuing bank or company promise to pay the face amount on the maturity date specified on the note	Commercial paper has a very-short to short maturity period (usually, 2 to 30 days, and rarely more than 270 days).
https://spec.edmcouncil.org/fibo/ontology/SEC/Debt/TradedShortTermDebt/Drawee	Drawee		Payer	class	SEC	party that is required to pay the amount stated on the bill of exchange to the payee	
https://spec.edmcouncil.org/fibo/ontology/SEC/Debt/TradedShortTermDebt/Drawer	Drawer		Obligee	class	SEC	party that requires a drawee to pay either a third party or themselves with respect to a bill of exchange	
https://spec.edmcouncil.org/fibo/ontology/SEC/Debt/TradedShortTermDebt/EurodollarDeposit	EurodollarDeposit		CertificateOfDeposit	class	SEC	a certificate of deposit with a fixed interest rate issued in U.S. dollars outside the jurisdiction of the Federal Reserve, held at banks outside of the United States, including branches of U.S. banks located outside of the U.S.	A bank in Japan or Singapore may accept dollar deposits, but these are still called Eurodollar deposits. The market also includes other currencies, so there are Eurosterling, Euroyen, Euroswiss, etc. Eurocurrency is the general term for any currency deposited in bank branches outside countries where it is the national currency.
https://spec.edmcouncil.org/fibo/ontology/SEC/Debt/TradedShortTermDebt/MoneyMarketInstrument	MoneyMarketInstrument		FixedIncomeSecurity	class	SEC	a short-term debt security that gives the owner the unconditional right to receive a stated, fixed sum of money on a specified date	https://stats.oecd.org/glossary/detail.asp?ID=6073 | These instruments usually are traded at a discount in organized markets; the discount is dependent upon the interest rate and the time remaining to maturity. Included are such instruments as treasury bills, commercial and financial paper, bankers' acceptances, negotiable certificates of deposit (with original maturities of one year or less), and short-term notes issued under note issuance facilities.
https://spec.edmcouncil.org/fibo/ontology/SEC/Debt/TradedShortTermDebt/RepurchaseAgreement	RepurchaseAgreement	REPO	MoneyMarketInstrument	class	SEC	agreement between two parties whereby one party lends the other a security at a specified price with a commitment to take the security back at a later date for another specified price	Most repos are overnight transactions, with the sale taking place one day and being reversed the next day. Long-term repos - called term repos - can extend for a month or more. Usually, repos are for a fixed period of time, but open-ended deals are also possible. Reverse repo is a term used to describe the opposite side of a repo transaction. The party who sells and later repurchases a security is said to perform a repo. The other party - who purchases and later resells the security - is said to perform a reverse repo. While a repo functions like the sale and subsequent repurchase of a security, but the legal reality and the economic effect is that of a secured loan. This is a loan as the original owner retains the rights to the cashflows of the underlying security. Economically, the party purchasing the security makes funds available to the seller and holds the security as collateral. If the repurchased security pays a dividend, coupon or partial redemptions during the repo, the funds are returned to the original owner. The difference between the sale and repurchase prices paid for the security represent interest on the loan. Indeed, repos are quoted as interest rates. A repo always pays interest at maturity, i.e. there are no periodic interest payments.
https://spec.edmcouncil.org/fibo/ontology/SEC/Equities/EquityInstruments/AdjustableRateDividend	AdjustableRateDividend		PreferredDividend	class	SEC	dividend that varies with a benchmark	The value of the dividend from the preferred share is set by a predetermined formula to move with rates, and because of this flexibility preferred prices are often more stable then fixed-rate preferred stocks.
https://spec.edmcouncil.org/fibo/ontology/SEC/Equities/EquityInstruments/AuctionRateDividend	AuctionRateDividend		PreferredDividend	class	SEC	preferred share dividend whose rate is periodically reset through an auction, typically every 7, 14, 28, or 35 days	
https://spec.edmcouncil.org/fibo/ontology/SEC/Equities/EquityInstruments/CommonShare	CommonShare	ordinary share	Share	class	SEC	share that signifies a unit of ownership in a corporation and represents a claim on part of the corporation's assets and earnings	In the event that the corporation is liquidated, claims of secured and unsecured creditors and owners of bonds and preferred shares take precedence over claims of common share holders.
https://spec.edmcouncil.org/fibo/ontology/SEC/Equities/EquityInstruments/ConvertibleCommonShare	ConvertibleCommonShare		CommonShare	class	SEC	common share that is convertible into another security	
https://spec.edmcouncil.org/fibo/ontology/SEC/Equities/EquityInstruments/ConvertiblePreferredShare	ConvertiblePreferredShare		PreferredShare	class	SEC	preferred share that includes an option for the holder to convert the shares into a fixed number of common shares after a predetermined date	Most convertible preferred stock is exchanged at the request of the shareholder, but sometimes there is a provision that allows the company, or issuer, to force conversion. The value of a convertible preferred stock is ultimately based on the performance of the common stock.
https://spec.edmcouncil.org/fibo/ontology/SEC/Equities/EquityInstruments/CumulativePreferredShare	CumulativePreferredShare		PreferredShare	class	SEC	preferred share whose dividends, if not paid on time, accumulate until paid out	These dividends have precedence over ordinary dividends which cannot be paid until any cumulative dividend obligations have been paid. Dividends are typically deferred due to insufficient earnings or other business reasons.
https://spec.edmcouncil.org/fibo/ontology/SEC/Equities/EquityInstruments/Custodian	Custodian		FinancialInstitution	class	SEC	financial institution that holds customers' securities for safekeeping	https://www.investopedia.com/terms/c/custodian.asp | The custodian may hold stocks or other assets in electronic or physical form for mutual funds, individuals, and organizational clients.
https://spec.edmcouncil.org/fibo/ontology/SEC/Equities/EquityInstruments/Dividend	Dividend		Commitment	class	SEC	announced commitment to make a specific distribution of a portion of earnings to shareholders, prorated by class of security	The amount and timing of payment is set by the board of directors, typically quarterly. Dividends may be paid in the form of money, shares, scrip, or on rare occasion, property.
https://spec.edmcouncil.org/fibo/ontology/SEC/Equities/EquityInstruments/DividendDistributionMethod	DividendDistributionMethod		Convention	class	SEC	convention by which dividends are provided to shareholders	Distribution may be by payment of a monetary amount or by reinvestment, as specified by the board of directors at the time a decision to issue a dividend is made.
https://spec.edmcouncil.org/fibo/ontology/SEC/Equities/EquityInstruments/DividendSchedule	DividendSchedule		RegularSchedule	class	SEC	payment schedule indicating the dates on which dividends are due to be paid	
https://spec.edmcouncil.org/fibo/ontology/SEC/Equities/EquityInstruments/EnhancedVotingShare	EnhancedVotingShare		Share	class	SEC	share that confers more than one vote per share	
https://spec.edmcouncil.org/fibo/ontology/SEC/Equities/EquityInstruments/EquityConversionTerms	EquityConversionTerms		ConversionTerms	class	SEC	conversion terms specifying the details regarding conversion of shares into other securities	
https://spec.edmcouncil.org/fibo/ontology/SEC/Equities/EquityInstruments/EquityPosition	EquityPosition		Position	class	SEC	position in an equity instrument	
https://spec.edmcouncil.org/fibo/ontology/SEC/Equities/EquityInstruments/EquityRedemptionProvision	EquityRedemptionProvision		RedemptionProvision	class	SEC	redemption provision that specifies the conditions under which the issuer or shareholder may redeem the shares	
https://spec.edmcouncil.org/fibo/ontology/SEC/Equities/EquityInstruments/EquityRedemptionProvisionWithExtendableRedemptionDate	EquityRedemptionProvisionWithExtendableRedemptionDate		EquityRedemptionProvision	class	SEC	equity redemption provision that allows modification of the redemption date beyond the original specified date	
https://spec.edmcouncil.org/fibo/ontology/SEC/Equities/EquityInstruments/ExchangeablePreferredShare	ExchangeablePreferredShare		PreferredShare	class	SEC	preferred share that may be exchanged for a security of another issuer	
https://spec.edmcouncil.org/fibo/ontology/SEC/Equities/EquityInstruments/ExtendablePreferredShare	ExtendablePreferredShare	extendible preferred share	PreferredShare	class	SEC	preferred share whose redemption date can be extended at the issuer or holder option	ISO 10962, Securities and related financial instruments - Classification of financial instruments (CFI) code, Fourth Edition, October 2019 | An extendable preferred share may be redeemed at the option of the issuer and/or of the shareholder with an extendable redemption (meturity) date.
https://spec.edmcouncil.org/fibo/ontology/SEC/Equities/EquityInstruments/FixedRateDividend	FixedRateDividend		PreferredDividend	class	SEC	dividend that provides a specified annual return on the nominal value (and any premium) paid on shares	In other words, the return is not variable depending on whether or not the company makes a profit. Annual dividends are calculated as a percentage of the par value, which is the price of the preferred stock at the time it was issued. Most preferred shares have fixed rate dividends.
https://spec.edmcouncil.org/fibo/ontology/SEC/Equities/EquityInstruments/FullyPaidShare	FullyPaidShare		Share	class	SEC	share whose payment status indicates that no additional money is owed to the company by shareholders on the value of the shares	
https://spec.edmcouncil.org/fibo/ontology/SEC/Equities/EquityInstruments/HardRetractablePreferredShare	HardRetractablePreferredShare		RetractablePreferredShare	class	SEC	retractable preferred share whose retraction value must be paid in cash	
https://spec.edmcouncil.org/fibo/ontology/SEC/Equities/EquityInstruments/LimitedPartnershipUnit	LimitedPartnershipUnit		Share	class	SEC	share in a form of partnership similar to a general partnership, except that in addition to one or more general partners (GPs), there are one or more limited partners (LPs)	ISO 10962, Securities and related financial instruments - Classification of financial instruments (CFI) code, Fourth Edition, October 2019 | Like shareholders in a corporation, the LPs have limited liability, i.e., they are only liable on debts incurred by the firm to the extent of their registered investment and they have no management authority. The GPs pay the LPs the equivalent of a dividend on their investment, the nature and extent of which is usually defined in the partnership agreement.
https://spec.edmcouncil.org/fibo/ontology/SEC/Equities/EquityInstruments/ListedShare	ListedShare		Share	class	SEC	share that is listed on at least one platform	Listing requirements vary by exchange and include minimum stockholder's equity, a minimum share price and a minimum number of shareholders. Exchanges have listing requirements to ensure that only high quality securities are traded on them and to uphold the exchange's reputation among investors.
https://spec.edmcouncil.org/fibo/ontology/SEC/Equities/EquityInstruments/NilPaidShare	NilPaidShare		Share	class	SEC	share whose payment status indicates that none of the market value has been received by the company for the shares	
https://spec.edmcouncil.org/fibo/ontology/SEC/Equities/EquityInstruments/NonCumulativePreferredShare	NonCumulativePreferredShare	non-cumulative preferred share	PreferredShare	class	SEC	preferred share whose dividend payments are not carried forward	
https://spec.edmcouncil.org/fibo/ontology/SEC/Equities/EquityInstruments/NonParticipatingPreferredShare	NonParticipatingPreferredShare	non-participating preferred share	PreferredShare	class	SEC	preferred share that is not a participating preferred share	
https://spec.edmcouncil.org/fibo/ontology/SEC/Equities/EquityInstruments/NonVotingShare	NonVotingShare	non-voting share	Share	class	SEC	share that has no voting right	
https://spec.edmcouncil.org/fibo/ontology/SEC/Equities/EquityInstruments/OrdinaryDividend	OrdinaryDividend		Dividend	class	SEC	dividend that is paid to shareholders periodically	Most dividends are considered ordinary, unless they are specifically designated as qualified dividends. | Note that the terms related to ordinary dividend payment are typically specified in the context of a board resolution rather than contractually.
https://spec.edmcouncil.org/fibo/ontology/SEC/Equities/EquityInstruments/PartiallyPaidShare	PartiallyPaidShare		Share	class	SEC	share whose payment status indicates that only a portion of the market value has been received by the company for the shares	
https://spec.edmcouncil.org/fibo/ontology/SEC/Equities/EquityInstruments/ParticipatingPreferredShare	ParticipatingPreferredShare		PreferredShare	class	SEC	preferred share that, in addition to paying a stipulated dividend, gives the holder the right to participate with common share holders in additional distributions of earnings under specified conditions	Participating preferred shares are rare, typically only issued when needed to attract investors.
https://spec.edmcouncil.org/fibo/ontology/SEC/Equities/EquityInstruments/PerpetualPreferredShare	PerpetualPreferredShare		PreferredShare	class	SEC	preferred share that has no fixed maturity date	
https://spec.edmcouncil.org/fibo/ontology/SEC/Equities/EquityInstruments/PrecedenceRight	PrecedenceRight		ContractualRight	class	SEC	right that give the shareholder higher priority with respect to certain pre-defined dividend payments over other shareholders and that pay out first in the case of liquidation	
https://spec.edmcouncil.org/fibo/ontology/SEC/Equities/EquityInstruments/PreferredDividend	PreferredDividend		Dividend	class	SEC	commitment to distribute a portion of earnings to shareholders, similar to a dividend but often with a fixed payment amount and schedule	
https://spec.edmcouncil.org/fibo/ontology/SEC/Equities/EquityInstruments/PreferredShare	PreferredShare	preference share	Share	class	SEC	share that pays dividends at a specified rate and has preference over common shares in the payment of dividends and liquidation of corporate assets	
https://spec.edmcouncil.org/fibo/ontology/SEC/Equities/EquityInstruments/PreferredShareWithAdjustableRateDividend	PreferredShareWithAdjustableRateDividend		PreferredShare	class	SEC	preferred share whose dividend rate varies according to some benchmark	
https://spec.edmcouncil.org/fibo/ontology/SEC/Equities/EquityInstruments/PreferredShareWithAuctionRateDividend	PreferredShareWithAuctionRateDividend		PreferredShare	class	SEC	preferred share whose dividend rate is periodically reset through an auction, such as a Dutch auction	
https://spec.edmcouncil.org/fibo/ontology/SEC/Equities/EquityInstruments/PreferredShareWithFixedMaturityDate	PreferredShareWithFixedMaturityDate		PreferredShare	class	SEC	preferred share whose maturity date is set, typically according to the terms of the prospectus	
https://spec.edmcouncil.org/fibo/ontology/SEC/Equities/EquityInstruments/PreferredShareWithFixedRateDividend	PreferredShareWithFixedRateDividend		PreferredShare	class	SEC	preferred share whose dividends are set, typically according to the terms of the prospectus	
https://spec.edmcouncil.org/fibo/ontology/SEC/Equities/EquityInstruments/PricePerShare	PricePerShare	share price | PPS	SecurityPrice	class	SEC	price for one share of a given security at some point in time	
https://spec.edmcouncil.org/fibo/ontology/SEC/Equities/EquityInstruments/PrivatelyHeldShare	PrivatelyHeldShare		Share	class	SEC	share in a security that signifies ownership in an entity that is not publicly traded	Privately owned companies include family-owned businesses, sole proprietorships and the vast majority of small and medium-sized businesses. These companies are often too small for an initial public offering (IPO) due, for example to a small market capitalization and/or low trading volume, and fulfill their financing requirements in other ways, including through smaller offerings.
https://spec.edmcouncil.org/fibo/ontology/SEC/Equities/EquityInstruments/QualifiedDividend	QualifiedDividend		Dividend	class	SEC	dividend that falls under capital gains tax rates that are lower than the income tax rates on unqualified (ordinary) dividends	
https://spec.edmcouncil.org/fibo/ontology/SEC/Equities/EquityInstruments/RedeemablePreferredShare	RedeemablePreferredShare		PreferredShare	class	SEC	preferred share that gives the issuer the right to redeem the stock under specified conditions	
https://spec.edmcouncil.org/fibo/ontology/SEC/Equities/EquityInstruments/RedeemablePreferredShareWithExtendableMaturityDate	RedeemablePreferredShareWithExtendableMaturityDate		PreferredShareWithFixedMaturityDate	class	SEC	redeemable preferred share with a fixed maturity date whose issuer has the option to extend the maturity date	
https://spec.edmcouncil.org/fibo/ontology/SEC/Equities/EquityInstruments/RedeemablePreferredShareWithExtendableRedemptionDate	RedeemablePreferredShareWithExtendableRedemptionDate	extendible preferred share	RedeemablePreferredShare	class	SEC	redeemable preferred share whose redemption date can be modified	
https://spec.edmcouncil.org/fibo/ontology/SEC/Equities/EquityInstruments/RestrictedShare	RestrictedShare		Share	class	SEC	share whose ownership/transfer/sale is subject to special conditions including country-specific restrictions	
https://spec.edmcouncil.org/fibo/ontology/SEC/Equities/EquityInstruments/RestrictedVotingShare	RestrictedVotingShare		Share	class	SEC	share that confers less than one vote per share	
https://spec.edmcouncil.org/fibo/ontology/SEC/Equities/EquityInstruments/RetractablePreferredShare	RetractablePreferredShare		PreferredShare	class	SEC	preferred share that gives the owner (shareholder) the right to redeem the stock under specified conditions	When retractable preferred shares reach maturity, the shareholder has the right to sell them back to the stock issuer at the price stated on the agreement. In some cases, the issuer can force the shareholder to sell, and may have the option of exchanging retractable preferred shares for common shares instead of cash.
https://spec.edmcouncil.org/fibo/ontology/SEC/Equities/EquityInstruments/RetractablePreferredShareWithExtendableMaturityDate	RetractablePreferredShareWithExtendableMaturityDate		PreferredShareWithFixedMaturityDate	class	SEC	retractable preferred share with a fixed maturity date whose issuer and/or holders have the option to extend the maturity date	
https://spec.edmcouncil.org/fibo/ontology/SEC/Equities/EquityInstruments/RetractablePreferredShareWithExtendableRedemptionDate	RetractablePreferredShareWithExtendableRedemptionDate	extendible preferred share	RetractablePreferredShare	class	SEC	retractable preferred share whose redemption date can be modified	
https://spec.edmcouncil.org/fibo/ontology/SEC/Equities/EquityInstruments/Share	Share		EquityInstrument	class	SEC	financial instrument that signifies a unit of equity ownership in a corporation, or a unit of ownership in a mutual fund, or interest in a general or limited partnership, or a unit of ownership in a structured product, such as a real estate investment trust	
https://spec.edmcouncil.org/fibo/ontology/SEC/Equities/EquityInstruments/ShareIssuer	ShareIssuer		Issuer	class	SEC	issuer of securities that represent an ownership interest in something	This includes shares that represent equity ownership in a corporation, or ownership in a mutual fund, or an interest in a general or limited partnership, or ownership in a structured product, such as a real estate investment trust.
https://spec.edmcouncil.org/fibo/ontology/SEC/Equities/EquityInstruments/SharePaymentStatus	SharePaymentStatus		LifecycleStatus	class	SEC	classifier that specifies the overall payment status for shares issued	When a company issues shares upon incorporation or through an initial or secondary issuance, shareholders are required to pay a set amount for those shares. Once the company has received the full amount from shareholders, the shares become fully paid shares.
https://spec.edmcouncil.org/fibo/ontology/SEC/Equities/EquityInstruments/ShareYield	ShareYield	dividend yield | dividend-price ratio	Yield	class	SEC	ratio of the annualized dividend per share divided by the (current) price per share	
https://spec.edmcouncil.org/fibo/ontology/SEC/Equities/EquityInstruments/SingleVotingShare	SingleVotingShare		Share	class	SEC	share that has the right to exactly one vote	
https://spec.edmcouncil.org/fibo/ontology/SEC/Equities/EquityInstruments/SoftRetractablePreferredShare	SoftRetractablePreferredShare		RetractablePreferredShare	class	SEC	retractable preferred share whose retraction value may be paid in cash or in an equal value of common stock of the issuer, at the option of the issuer	
https://spec.edmcouncil.org/fibo/ontology/SEC/Equities/EquityInstruments/SpecialDividend	SpecialDividend		Dividend	class	SEC	dividend that is paid to shareholders on a one-time basis	
https://spec.edmcouncil.org/fibo/ontology/SEC/Equities/EquityInstruments/UnrestrictedShare	UnrestrictedShare		NegotiableSecurity	class	SEC	share whose ownership/transfer/sale is not subject to special conditions including country-specific restrictions	
https://spec.edmcouncil.org/fibo/ontology/SEC/Equities/EquityInstruments/VariableInterestEntityShare	VariableInterestEntityShare	VIE share	Share	class	SEC	share that certifies ownership of a contractual right to a percentage of a company's profits	Unlike a traditional stock certificate, the VIE share provides a legal proprietary interest in a completely separate company's assets, sometimes referred to as a shell company. The contractual right certified by the VIE share is derived from a contract between (1) the company named on the VIE share and (2) the shell company. In other words, VIE shareholders only have a traditional stock certificate in the completely separate shell company, which is entitled to a percentage of the named company's profits via a private contract.
https://spec.edmcouncil.org/fibo/ontology/SEC/Equities/EquityInstruments/VotingRight	VotingRight		ContractualRight	class	SEC	contractual right that specifies shareholder voting entitlements, such as to elect directors, elect outside auditors, and vote on matters of corporate policy	Voting may involve decisions on issuing securities, initiating stock splits, and making substantial changes in the corporation's operations. Note that a given share may not have voting rights, in which case the number of votes per share would be zero.
https://spec.edmcouncil.org/fibo/ontology/SEC/Funds/Funds/AlignedCommunityInvestmentFund	AlignedCommunityInvestmentFund	ACIF	CommunityInvestmentFund	class	SEC	community investment fund that raises capital publicly from community members and deploys some of that capital via investments into its client businesses or other businesses in the community	For example, an entrepreneurial support organization (ESO) that derives most of its income from providing consulting services to early stage businesses, can raise capital publicly from its community and deploy some of that capital via investments into its client businesses. These investments would comprise its ACIF.
https://spec.edmcouncil.org/fibo/ontology/SEC/Funds/Funds/ClosedEndInvestment	ClosedEndInvestment	closed-end investment | closed-end fund	ManagedInvestment	class	SEC	investment fund that has a fixed number of shares offered by an investment company through an initial public offering	
https://spec.edmcouncil.org/fibo/ontology/SEC/Funds/Funds/CollectiveInvestmentVehicle	CollectiveInvestmentVehicle			class	SEC		
https://spec.edmcouncil.org/fibo/ontology/SEC/Funds/Funds/CommunityInvestmentFund	CommunityInvestmentFund	CIF	PrivateFund	class	SEC	professionally-managed investment fund with three essential characteristics: capital is sourced from people in the community (ideally from retail/non-accredited investors); capital is invested into local people, projects, and businesses; and capital is deployed by individuals in the community, typically but not necessarily a nonprofit fund	Community Investment Fund Handbook and Toolkit, available at https://www.nc3now.org/community-investment-fund-handbook--toolkit.html. | A community investment fund is typically but not necessarily a nonprofit fund.
https://spec.edmcouncil.org/fibo/ontology/SEC/Funds/Funds/DiversifiedCommunityInvestmentFund	DiversifiedCommunityInvestmentFund	DCIF	CommunityInvestmentFund	class	SEC	community investment fund that invests primarily in real estate but can also invest in any local business or project, and can do so with investment capital raised publicly from within the fund's own community, including community investors	A Diversified Community Investment Fund (DCIF) is a specialized community-scale investment vehicle structured to both support local development and comply with U.S. securities laws - particularly the Investment Company Act of 1940 (the 'ICA'). This type of fund must meet two requirements: (1) its primary business is investing in real estate, rather than securities (e.g., stock) issued by other companies; and (2) real estate and other non-securities assets must comprise at least 60% of the fund's assets. The DCIF structure is intentionally calibrated to circumvent classification as an investment company - which would trigger certain SEC registration and disclosure requirements. Under the ICA, if a fund is 'primarily engaged in ... investing ... in securities,' it must register as an investment company. By meeting the 60/40 real estate-to-business allocation, the DCIF qualifies instead as a real estate fund, avoiding that designation.
https://spec.edmcouncil.org/fibo/ontology/SEC/Funds/Funds/ExchangeTradedFund	ExchangeTradedFund	exchange-traded fund | ETF	OpenEndInvestment	class	SEC	investment fund whose fund units are traded on an exchange, much like stocks	ISO 10962:2019 Securities and related financial instruments - Classification of financial instruments (CFI) code, Fourth edition, October 2019 | An ETF holds assets such as stocks, commodities, or bonds, and trades close to its net asset value over the course of the trading day. Most ETFs track an index, such as a stock, bond, or commodity index.
https://spec.edmcouncil.org/fibo/ontology/SEC/Funds/Funds/FundAdministrator	FundAdministrator		ServiceProvider	class	SEC	role of the party responsible for managing the operational, accounting, and compliance functions of an investment fund	A fund administrator performs administrative tasks on behalf of an investment fund, including net asset value (NAV) calculation, financial reporting, investor servicing, and regulatory compliance. The role supports operational efficiency and transparency, enabling fund managers to focus on investment strategy.
https://spec.edmcouncil.org/fibo/ontology/SEC/Funds/Funds/FundContract	FundContract		OrganizationCoveringAgreement	class	SEC	contract that embodies and defines the fund legal form in cases where there is no independent organization	
https://spec.edmcouncil.org/fibo/ontology/SEC/Funds/Funds/FundHolder	FundHolder		BeneficialOwner	class	SEC	party that owns units in or a percentage of and has rights and responsibilities with respect to some fund, provided in exchange for investment	Note that in some cases the concept of 'fund holder' may be synonymous with shareholder, but not all.
https://spec.edmcouncil.org/fibo/ontology/SEC/Funds/Funds/FundHolding	FundHolding		FinancialAsset	class	SEC	ownership interest in a fund, which may represented by fund units that confer financial rights and governance privileges	
https://spec.edmcouncil.org/fibo/ontology/SEC/Funds/Funds/FundManager	FundManager	plan manager | program manager	ServiceProvider	class	SEC	role of the party responsible for making investment decisions and managing the portfolio of an investment fund	A fund manager is an individual or entity that oversees the investment strategy and asset allocation of a fund, with the objective of achieving financial returns in accordance with the fund's mandate. The fund manager may operate under regulatory oversight and fiduciary obligations, and may be supported by analysts, traders, and compliance officers. | A fund manager, often a mutual fund company, a brokerage firm, an investment adviser, or an insurance company, handles all of the transactions and investments within the plan.
https://spec.edmcouncil.org/fibo/ontology/SEC/Funds/Funds/FundOfFunds	FundOfFunds	umbrella fund	ManagedInvestment	class	SEC	investment fund that invests directly in other investment funds rather than investing in stocks, bonds, and other securities	ISO 10962:2019 Securities and related financial instruments - Classification of financial instruments (CFI) code, Fourth edition, October 2019
https://spec.edmcouncil.org/fibo/ontology/SEC/Funds/Funds/FundPosition	FundPosition		Position	class	SEC	position in some fund, which may be defined in terms of fund units	
https://spec.edmcouncil.org/fibo/ontology/SEC/Funds/Funds/FundUnit	FundUnit		ContractualInterest	class	SEC	quantified share of beneficial interest in a pooled fund, representing a proportional claim on the fund's assets, income, or entitlements	A fund unit may be tradable or non-tradable depending on the legal form, regulatory status, and operational framework of the fund. | Fund units are allocated to a participant, investor, or beneficiary according to the fund's governing structure.
https://spec.edmcouncil.org/fibo/ontology/SEC/Funds/Funds/HedgeFund	HedgeFund		OpenEndInvestment	class	SEC	investment fund that pursues a total return and is usually open to qualified investors only	ISO 10962:2019 Securities and related financial instruments - Classification of financial instruments (CFI) code, Fourth edition, October 2019
https://spec.edmcouncil.org/fibo/ontology/SEC/Funds/Funds/LegalFundStructure	LegalFundStructure		LegalConstruct	class	SEC	structure of a fund with respect to its legal formation in some jurisdiction	
https://spec.edmcouncil.org/fibo/ontology/SEC/Funds/Funds/MutualFund	MutualFund	standard (vanilla) investment fund	OpenEndInvestment	class	SEC	open-end professionally managed investment fund established for the purpose of investing in securities such as stocks, bonds, money market instruments and similar assets	ISO 10962:2019 Securities and related financial instruments - Classification of financial instruments (CFI) code, Fourth edition, October 2019
https://spec.edmcouncil.org/fibo/ontology/SEC/Funds/Funds/NonTradableFundUnit	NonTradableFundUnit	non-tradable fund unit	NonNegotiableSecurity	class	SEC	security representing an interest in a fund that cannot be traded ontside of the fund itself	Non-tradable fund units are commonly found in pension funds, insurance pools, or internal benefit plans, where units serve as accounting or entitlement mechanisms without market transferability.
https://spec.edmcouncil.org/fibo/ontology/SEC/Funds/Funds/NonprofitFund	NonprofitFund		PrivateFund	class	SEC	investment vehicle designed to support a nonprofit mission, whose objectives include environmental stewardship and/or social responsibility in addition to financial performance	A nonprofit fund is a pool of financial resources that is established and managed by a nonprofit organization to support its mission and activities, organized for charitable, educational, religious, cultural, or other purposes recognized as serving the public good. Some nonprofit funds are restricted by donors for a specific use (such as an endowment for scholarships), while others are unrestricted and can be used at the nonprofit's discretion. | Common examples include endowment funds (permanently invested, only earnings are spent), operating funds (used for day-to-day expenses), and special project funds (earmarked for particular initiatives).
https://spec.edmcouncil.org/fibo/ontology/SEC/Funds/Funds/OpenEndInvestment	OpenEndInvestment	open-end investment | open-end fund	ManagedInvestment	class	SEC	investment fund that offered through a fund company that sells shares directly to investors	
https://spec.edmcouncil.org/fibo/ontology/SEC/Funds/Funds/PensionFund	PensionFund		ManagedInvestment	class	SEC	investment fund run by a financial intermediary on behalf of an organization and its employees/members	ISO 10962:2019 Securities and related financial instruments - Classification of financial instruments (CFI) code, Fourth edition, October 2019 | A pension fund is a common asset pool meant to generate stable growth over a long-term investment horizon.
https://spec.edmcouncil.org/fibo/ontology/SEC/Funds/Funds/PrivateCreditFund	PrivateCreditFund		PrivateFund	class	SEC	investment vehicle that provides loans or other forms of credit to companies, typically outside of the traditional banking system	These funds are managed by asset managers, private equity firms or specialized lenders (both nonprofit and for-profit) and cater to institutional investors, high-net-worth individuals, family offices, and, in some cases, retail investors. The kinds of loans they provide include senior secured loans, mezzanine debt, unitranche loans, and special situations financing through direct lending to companies. These funds are typically illiquid, with long investment horizons (5–10 years). They generally provide higher returns than traditional fixed-income instruments, but with greater risk due to borrower default potential. Nonprofit funds may provide lower returns because of the mission to provide affordable funding to disadvantaged borrowers. Key features of private credit funds include: - Loans are held on the fund's balance sheet - Returns come primarily from interest income and potential capital appreciation - Often involve direct negotiations and customized loan terms.
https://spec.edmcouncil.org/fibo/ontology/SEC/Funds/Funds/PrivateEquityFund	PrivateEquityFund	PE fund	PrivateFund	class	SEC	investment fund used for making investments in various equity (and to a lesser extent debt) securities according to an investment strategy associated with private equity	ISO 10962:2019 Securities and related financial instruments - Classification of financial instruments (CFI) code, Fourth edition, October 2019 | Private equity funds are typically structured as limited partnerships or limited liability companies, wherein investors are limited partners, and the fund is managed by one or more general partners. It is composed of investors and funds that invest directly in private companies, or that engage in buyouts of public companies, resulting in the delisting of the public equity.
https://spec.edmcouncil.org/fibo/ontology/SEC/Funds/Funds/RealEstateInvestmentTrust	RealEstateInvestmentTrust	REIT	ManagedInvestment	class	SEC	investment fund that offers shares/units to the public and invests in real estate directly	ISO 10962:2019 Securities and related financial instruments - Classification of financial instruments (CFI) code, Fourth edition, October 2019 | Real estate investment trusts own, and in most cases operate, income-producing real estate. REITs own many types of commercial real estate, ranging from office and apartment buildings to warehouses, hospitals, shopping centers, hotels and commercial forests. Some REITs engage in financing real estate.
https://spec.edmcouncil.org/fibo/ontology/SEC/Funds/Funds/SovereignWealthFund	SovereignWealthFund	social wealth fund | sovereign investment fund	CollectiveInvestmentVehicle	class	SEC	state-owned investment fund that consists of pools of money derived from a country's reserves	Sovereign wealth funds include the International Monetary Fund, whose corresponding legal entity is a polity.
https://spec.edmcouncil.org/fibo/ontology/SEC/Funds/Funds/TradableFundUnit	TradableFundUnit		EquityInstrument	class	SEC	security representing a tradable interest in a fund	Tradable fund units typically occur in collective investment schemes such as mutual funds or exchange-traded funds (ETFs), where units are bought and sold on regulated markets.
https://spec.edmcouncil.org/fibo/ontology/SEC/Funds/Funds/UnitTrust	UnitTrust		UnitizedFund	class	SEC	pooled investment vehicle in which investors hold units that represent beneficial ownership in a trust-managed portfolio of assets	A unit trust is established under a trust deed, with a trustee holding legal title to the assets and a fund manager making investment decisions. They are common in the UK, Australia, Singapore, and other Commonwealth countries.
https://spec.edmcouncil.org/fibo/ontology/SEC/Funds/Funds/UnitizedFund	UnitizedFund		CollectiveInvestmentVehicle	class	SEC	pooled investment vehicle in which investors hold units that represent a proportional share of the fund's underlying assets, typically used in pensions or insurance-based products	The concept of a 'unitized fund' comes up in the context of the Financial Conduct Authority (FCA)'s framework for collective investment schemes (CIS) in the United Kingdom, particularly in the context of authorized unit trusts (AUTs) and insurance-based investments. | The differentiator with respect to a unitized fund is that investors hold units, rather than a direct shareholding or segregated account. | Examples include authorized unit trusts (AUTs), investment companies with variable capital (ICVCs), and insurance-linked unitized funds.
https://spec.edmcouncil.org/fibo/ontology/SEC/Securities/Baskets/BasketOfIndices	BasketOfIndices	market basket	WeightedBasket	class	SEC	basket composed of market indices	For example, certain equities derivatives have an underlying basket which is a basket of more than one index, not a basket of securities.
https://spec.edmcouncil.org/fibo/ontology/SEC/Securities/Baskets/BasketOfIndicesConstituent	BasketOfIndicesConstituent		WeightedBasketConstituent	class	SEC	single constituent of a basket of indices	
https://spec.edmcouncil.org/fibo/ontology/SEC/Securities/Baskets/BasketOfSecurities	BasketOfSecurities		WeightedBasket	class	SEC	basket composed of securities, typically of a particular asset class such as equities or bonds	
https://spec.edmcouncil.org/fibo/ontology/SEC/Securities/Baskets/MixedBasket	MixedBasket		WeightedBasket	class	SEC	basket that has a mix of constituents, including securities and indices	
https://spec.edmcouncil.org/fibo/ontology/SEC/Securities/Baskets/SecuritiesBasketConstituent	SecuritiesBasketConstituent		WeightedBasketConstituent	class	SEC	security identified as a component of a basket of securities	
https://spec.edmcouncil.org/fibo/ontology/SEC/Securities/ParametricSchedules/AuctionDateRule	AuctionDateRule		BusinessRecurrenceIntervalConvention	class	SEC	business recurrence interval convention that is a published rule for defining the date of some auction event	
https://spec.edmcouncil.org/fibo/ontology/SEC/Securities/ParametricSchedules/DateReturnedBySettlementDateRule	DateReturnedBySettlementDateRule		CalculatedDate	class	SEC	calculated date that is determined via a settlement rule	
https://spec.edmcouncil.org/fibo/ontology/SEC/Securities/ParametricSchedules/DateReturnedByTradingDateRule	DateReturnedByTradingDateRule		CalculatedDate	class	SEC	calculated date that is determined via a trading rule	
https://spec.edmcouncil.org/fibo/ontology/SEC/Securities/ParametricSchedules/FloatingRateNoteDate	FloatingRateNoteDate	floating-rate note date | FRN date	CalculatedDate	class	SEC	calculated date associated with a floating-rate note, also known as a floater or FRN, which is a debt instrument with a variable interest rate	
https://spec.edmcouncil.org/fibo/ontology/SEC/Securities/ParametricSchedules/FloatingRateNoteDateRule	FloatingRateNoteDateRule	floating-rate note date rule | FRN date rule	BusinessRecurrenceIntervalConvention	class	SEC	business day adjustment rule applied to floating-rate note instruments	
https://spec.edmcouncil.org/fibo/ontology/SEC/Securities/ParametricSchedules/InternationalMoneyMarketAustralianDollarTradingDateRule	InternationalMoneyMarketAustralianDollarTradingDateRule	International Money Market (IMM) Australian Dollar (AUD) trading date rule | IMM AUD trading date rule	TradingDateRule	class	SEC	trading date rule defined as the last trading day of an Australian Stock Exchange (ASX) 90-Day Bank Accepted Futures and Options product, one Sydney business day preceding the second Friday of the relevant settlement month	http://www.asx.com.au/documents/products/90-Day-bank-bill-futures-factsheet.pdf
https://spec.edmcouncil.org/fibo/ontology/SEC/Securities/ParametricSchedules/InternationalMoneyMarketCanadianDollarTradingDateRule	InternationalMoneyMarketCanadianDollarTradingDateRule	International Money Market (IMM) Canadian Dollar (CAD) trading date rule | IMM CAD trading date rule	TradingDateRule	class	SEC	trading date rule defined as the last trading day / expiration day of the Canadian Derivatives Exchange (Bourse do Montreal Inc.), three month Bankers' Acceptance Futures (Ticker symbol BAX), the second London banking day prior to the third Wednesday of the contract month	If the determined day is a bourse or bank holiday in Toronto or Montreal, the last trading day shall be the previous bank business day, per the Canadian Derivatives Exchange BAX contract specification. The above description implies a Date Roll Rule which is presumably referenced by referring to this rule, so that when this rule is referenced, there would be no Date Roll Rule defined in the FpML message. Semantically, this is still a Date Roll Rule, specifically a "Roll forward" rule with no modification (the third Wednesday of a month will never roll forward to a day in the following month so no Modified rule is required).
https://spec.edmcouncil.org/fibo/ontology/SEC/Securities/ParametricSchedules/InternationalMoneyMarketNewZealandDollarTradingDateRule	InternationalMoneyMarketNewZealandDollarTradingDateRule	International Money Market (IMM) New Zealand Dollar (NZD) trading date rule | IMM NZD trading date rule	TradingDateRule	class	SEC	trading date rule defined as the last trading day of an Australian Stock Exchange (ASX) New Zealand (NZ) 90-Day Bank Accepted Futures and Options product, the first Wednesday after the ninth day of the relevant settlement month	
https://spec.edmcouncil.org/fibo/ontology/SEC/Securities/ParametricSchedules/InternationalMoneyMarketSettlementDateRule	InternationalMoneyMarketSettlementDateRule	International Money Market (IMM) settlement date rule | IMM settlement date rule	SettlementDateRule	class	SEC	settlement date rule as defined in the International Money Market (IMM) settlement dates calendar	The International Money Market (IMM) is a division of the Chicago Mercantile Exchange (CME) that deals with the trading of currency and interest rate futures and options.
https://spec.edmcouncil.org/fibo/ontology/SEC/Securities/ParametricSchedules/ScheduledCalculationPeriodEndEvent	ScheduledCalculationPeriodEndEvent		OccurrenceKind	class	SEC	the end date of a specific calculation period	Note that this is not necessarily the same as the day before the next period's start date. Calculation schedules specify periods of time, with a start and an end as well as a duration, with the end date being determined by some convention or published list of dates. FpML for CalculationPeriod 'A type defining the parameters used in the calculation of a fixed or floating rate calculation period amount. This type forms part of cashflows representation of a swap stream.'
https://spec.edmcouncil.org/fibo/ontology/SEC/Securities/ParametricSchedules/ScheduledCalculationPeriodStartEvent	ScheduledCalculationPeriodStartEvent		OccurrenceKind	class	SEC	the start of a specific calculation period	FpML for CalculationPeriod 'A type defining the parameters used in the calculation of a fixed or floating rate calculation period amount. This type forms part of cashflows representation of a swap stream.'
https://spec.edmcouncil.org/fibo/ontology/SEC/Securities/ParametricSchedules/SettlementDateRule	SettlementDateRule		BusinessRecurrenceIntervalConvention	class	SEC	convention for determining settlement dates by reference to some jurisdiction or as set by a given exchange or similar venue	
https://spec.edmcouncil.org/fibo/ontology/SEC/Securities/ParametricSchedules/TradingDateRule	TradingDateRule		BusinessRecurrenceIntervalConvention	class	SEC	convention for determining trading dates defined with reference to some trading date calendar published by some trading facility or exchange	Corresponds to several ISDA FpML enumeration entries for determining Calculation Date, but refers to other kinds of trading date defined in those calendars. These include Canadian, Australian and New Zealand dates. Note also that some of these have roll rules included within them for when the date determined by the specification returns a non working day, while others explicitly return a business day and require no date roll rule. At least one is silent on this matter.
https://spec.edmcouncil.org/fibo/ontology/SEC/Securities/ParametricSchedules/USTreasuryBillAuctionDateRule	USTreasuryBillAuctionDateRule		AuctionDateRule	class	SEC	rule for setting auction dates for US Treasury bills	https://www.treasurydirect.gov/instit/auctfund/work/work.htm | To finance the public debt, the U.S. Treasury sells bills, notes, bonds, Floating Rate Notes (FRNs), and Treasury Inflation-Protected Securities (TIPS) to institutional and individual investors through public auctions. Treasury auctions occur regularly and have a set schedule. Rules and other information are available via announcements of pending auctions.
https://spec.edmcouncil.org/fibo/ontology/SEC/Securities/ParametricSchedules/USTreasuryBillDate	USTreasuryBillDate		CalculatedDate	class	SEC	auction date for US 13 week and 26 week Treasury bills	Per FpML notes/definition, this is every Monday except on New York holidays when it will be on a Tuesday.
https://spec.edmcouncil.org/fibo/ontology/SEC/Securities/Pools/CollectiveInvestmentVehicle	CollectiveInvestmentVehicle		PooledFund	class	SEC	assets pooled by investors whose share capital remains separate from the assets of the vehicle	ISO 10962:2019 Securities and related financial instruments - Classification of financial instruments (CFI) code, Fourth edition, October 2019 | A fund is an entity created to pool money from multiple investors - often referred to as limited partners. Each investor makes an investment in the fund by purchasing an interest in the fund entity, and the adviser uses that money to make investments on behalf of the fund. | Collective investment vehicles are typically organized and operated by management companies, banks, or trust companies. Shares or units are issued in the form of unit trusts, mutual funds, or other similar contracts. Common kinds of funds include pension funds, insurance funds, foundations, and endowments. Such pools are often invested and professionally managed, including investment pools, umbrella pools, share class pools, etc.
https://spec.edmcouncil.org/fibo/ontology/SEC/Securities/Pools/DebtPool	DebtPool		InstrumentPool	class	SEC	pool consisting of debt instruments, such as bonds, loans or mortgages	
https://spec.edmcouncil.org/fibo/ontology/SEC/Securities/Pools/FundFamily	FundFamily			class	SEC	collection of managed investments that are all managed by a single investment institution	
https://spec.edmcouncil.org/fibo/ontology/SEC/Securities/Pools/InstrumentPool	InstrumentPool		Pool	class	SEC	pool consisting of financial instruments that may be included in the same investment vehicle	
https://spec.edmcouncil.org/fibo/ontology/SEC/Securities/Pools/InstrumentPoolAsAsset	InstrumentPoolAsAsset		FinancialAsset	class	SEC	financial asset in the form of an instrument pool	
https://spec.edmcouncil.org/fibo/ontology/SEC/Securities/Pools/ManagedInvestment	ManagedInvestment	investment fund	CollectiveInvestmentVehicle	class	SEC	investment pool that is controlled by a professional investment manager who invests the pool in various financial instruments and assets that align with their investment objectives and is overseen by a board of directors	ISO 10962:2019 Securities and related financial instruments - Classification of financial instruments (CFI) code, Fourth edition, October 2019 | Bloomberg LP | A managed investment is an investment vehicle that consists of a pool of funds collected from many different investors run by a management company.
https://spec.edmcouncil.org/fibo/ontology/SEC/Securities/Pools/Pool	Pool			class	SEC	combination of resources for a common purpose or benefit	Barron's Dictionary of Finance and Investment Terms, Ninth Edition, 2014
https://spec.edmcouncil.org/fibo/ontology/SEC/Securities/Pools/PoolConstituent	PoolConstituent			class	SEC	component of a pool	A pool may consist of almost anything brought together for some purpose. It differs from a less formal collection in that there are typically facts defined about the members of the pool and potentially regarding the proportions of those members in the pool. Pool membership may change over time, and certain facts about the pool may also vary over time. However, the basic nature of something as a member of the pool is static while that membership holds.
https://spec.edmcouncil.org/fibo/ontology/SEC/Securities/Pools/PooledFund	PooledFund	fund	FinancialAsset	class	SEC	pool of funds that a group of investors combines for common benefit	A fund can be established for any purpose, such as a municipality setting aside money for a construction project, monies designated to endow a university chair or for scholarships, or funds set aside by insurance companies to settle claims. | The US Securities and Exchange Commission describes a fund as an entity created to pool money from multiple investors. | An investment club pools the funds of its members, giving them the opportunity to share in a portfolio offering greater diversification and the hope of a better return on their money than they could get individually.
https://spec.edmcouncil.org/fibo/ontology/SEC/Securities/Pools/PrivateFund	PrivateFund		ManagedInvestment	class	SEC	managed investment that cannot offer securities to the public	Private funds are not required to be registered or regulated as investment companies under the U.S. federal securities laws. They raise capital from investors through exempt offerings, which means the offering must fall within an exemption from registration under the Securities Act of 1933.
https://spec.edmcouncil.org/fibo/ontology/SEC/Securities/Pools/SecuritiesPool	SecuritiesPool		InstrumentPool	class	SEC	pool of securities organized for the purpose of issuing notes against those securities	
https://spec.edmcouncil.org/fibo/ontology/SEC/Securities/Pools/SecuritiesPoolConstituent	SecuritiesPoolConstituent			class	SEC		
https://spec.edmcouncil.org/fibo/ontology/SEC/Securities/SecuritiesClassification/AssetClass	AssetClass		FinancialInstrumentClassifier	class	SEC	financial instrument classifier for a group of securities that exhibit similar characteristics, behave similarly in the marketplace and are subject to the same laws and regulations	http://www.investopedia.com/terms/a/assetclasses.asp | https://www.law.cornell.edu/cfr/text/17/45.1 | Asset class means the broad category of goods, services or commodities, including any 'excluded commodity' as defined in CEA section 1a(19), with common characteristics underlying a swap. The asset classes include credit, equity, foreign exchange (excluding cross-currency), interest rate (including cross-currency), other commodity, and such other asset classes as may be determined by the Commission. | The three main asset classes are equities, or stocks; fixed income, or bonds; and cash equivalents, or money market instruments. Some investment professionals add real estate and commodities, and possibly other types of investments, to the asset class mix.
https://spec.edmcouncil.org/fibo/ontology/SEC/Securities/SecuritiesClassification/ClassificationOfFinancialInstrumentsCodeScheme	ClassificationOfFinancialInstrumentsCodeScheme	CFI code scheme	FinancialInstrumentClassificationScheme	class	SEC	classification scheme for set of codes for financial instruments that can be used globally for straight-through processing by all involved participants in an electronic data processing environment	https://www.iso.org/standard/73564.html | The ISO 10962 Securities and related financial instruments - Classification of financial instruments (CFI) code was developed as a solution to a number of challenges. One is to establish a series of codes which clearly classify financial instruments having similar features. The other is to develop a glossary of terms and provide common definitions which allow market participants to easily understand terminology being used.
https://spec.edmcouncil.org/fibo/ontology/SEC/Securities/SecuritiesClassification/FinancialInstrumentClassificationCode	FinancialInstrumentClassificationCode	CFI code	FinancialInstrumentClassifier	class	SEC	classifier and code for a financial instrument defined in the ISO 10962 Classification of Financial Instruments (CFI) Code Scheme	https://www.iso.org/standard/73564.html
https://spec.edmcouncil.org/fibo/ontology/SEC/Securities/SecuritiesClassification/FinancialInstrumentClassificationScheme	FinancialInstrumentClassificationScheme		ClassificationScheme	class	SEC	classification scheme defining a set of classifiers for financial instruments	the ISO 10962 Classification of Financial Instruments (CFI) classification scheme
https://spec.edmcouncil.org/fibo/ontology/SEC/Securities/SecuritiesClassification/FinancialInstrumentClassifier	FinancialInstrumentClassifier			class	SEC	classifier for a financial instrument based on its type and features	Examples include equity instrument, debt instrument, option, future, etc. per the the ISO 10962 CFI (Classification of Financial Instruments) standard, as cash instruments or derivative instruments per the Financial Accounting Standards Board (FASB) and International Accounting Standards Board (IASB) accounting standards, and so forth.
https://spec.edmcouncil.org/fibo/ontology/SEC/Securities/SecuritiesClassification/GlobalIndustryClassificationStandardsClassifier	GlobalIndustryClassificationStandardsClassifier	GICS classifier | GICS code	IndustrySectorClassifier	class	SEC	four-tiered standardized classification or delineation for an organization based on the principal business activity of the organization	
https://spec.edmcouncil.org/fibo/ontology/SEC/Securities/SecuritiesClassification/IndustryClassificationBenchmarkClassifier	IndustryClassificationBenchmarkClassifier	ICB classifier | ICB code	IndustrySectorClassifier	class	SEC	standardized classification or delineation for an organization based on their main source of revenue	
https://spec.edmcouncil.org/fibo/ontology/SEC/Securities/SecuritiesIdentification/FinancialInstrumentIdentificationScheme	FinancialInstrumentIdentificationScheme		IdentificationScheme	class	SEC	formal definition of the structure and application of a particular set of financial instrument identifiers	
https://spec.edmcouncil.org/fibo/ontology/SEC/Securities/SecuritiesIdentification/InternationalSecuritiesIdentificationNumber	InternationalSecuritiesIdentificationNumber	ISIN	SecurityIdentifier	class	SEC	security identifier that is defined as specified in ISO 6166, Securities and related financial instruments -- International securities identification numbering system (ISIN)	ISINs consist of two alphabetic characters, which are the ISO 3166-1 alpha-2 code for the issuing country, nine alpha-numeric characters (the National Securities Identifying Number, or NSIN, which identifies the security, padded as necessary with leading zeros), and one numerical check digit. The ISIN is specified as a class of identifiers because although there is a scheme associated with the structure of an ISIN, there are many country-specific variations issued by national numbering agencies.
https://spec.edmcouncil.org/fibo/ontology/SEC/Securities/SecuritiesIdentification/InternationalSecuritiesIdentificationNumberingScheme	InternationalSecuritiesIdentificationNumberingScheme	ISIN scheme	SecurityIdentificationScheme	class	SEC	formal definition of the structure and application of a ISINs as defined in ISO 6166	
https://spec.edmcouncil.org/fibo/ontology/SEC/Securities/SecuritiesIdentification/ListedSecurityIdentifier	ListedSecurityIdentifier		SecurityIdentifier	class	SEC	security identifier issued in the public domain and referred to in listings and other relevant publications	
https://spec.edmcouncil.org/fibo/ontology/SEC/Securities/SecuritiesIdentification/NationalNumberingAgency	NationalNumberingAgency	NNA		class	SEC	registration authority responsible for issuing and managing National Securities Identifying Numbers for securities in accordance with the ISO 6166 standard in some jurisdiction (typically that of a country)	
https://spec.edmcouncil.org/fibo/ontology/SEC/Securities/SecuritiesIdentification/NationalSecuritiesIdentifyingNumber	NationalSecuritiesIdentifyingNumber	NSIN	SecurityIdentifier	class	SEC	generic, nine-digit alpha numeric code which identifies a fungible security, assigned by a national numbering agency under the ISO 6166 standard	
https://spec.edmcouncil.org/fibo/ontology/SEC/Securities/SecuritiesIdentification/NationalSecuritiesIdentifyingNumberRegistry	NationalSecuritiesIdentifyingNumberRegistry	NSIN registry	SecurityRegistry	class	SEC	registry used by a national numbering agency to manage the financial instrument identifiers and related information that it registers	
https://spec.edmcouncil.org/fibo/ontology/SEC/Securities/SecuritiesIdentification/NationalSecuritiesIdentifyingNumberRegistryEntry	NationalSecuritiesIdentifyingNumberRegistryEntry	national numbering agency registry entry	SecurityRegistryEntry	class	SEC	entry in a National Securities Identifying Number registry	
https://spec.edmcouncil.org/fibo/ontology/SEC/Securities/SecuritiesIdentification/NationalSecurityIdentificationScheme	NationalSecurityIdentificationScheme		SecurityIdentificationScheme	class	SEC	security identification scheme, defining the format and structure of a National Securities Identifying Number (NSIN), published nationally on behalf of a country	generally incorporated into the ISIN scheme as well
https://spec.edmcouncil.org/fibo/ontology/SEC/Securities/SecuritiesIdentification/ProprietarySecurityIdentificationScheme	ProprietarySecurityIdentificationScheme		SecurityIdentificationScheme	class	SEC	security identification scheme published by a commercial entity	Proprietary schemes may be unique to an exchange or data provider, for example.
https://spec.edmcouncil.org/fibo/ontology/SEC/Securities/SecuritiesIdentification/ProprietarySecurityIdentifier	ProprietarySecurityIdentifier		SecurityIdentifier	class	SEC	identifier supplied by a commercial entity	
https://spec.edmcouncil.org/fibo/ontology/SEC/Securities/SecuritiesIdentification/SecurityIdentificationScheme	SecurityIdentificationScheme		FinancialInstrumentIdentificationScheme	class	SEC	formal definition of the structure and application of a particular set of securities identifiers	
https://spec.edmcouncil.org/fibo/ontology/SEC/Securities/SecuritiesIdentification/SecurityIdentifier	SecurityIdentifier		FinancialInstrumentIdentifier	class	SEC	any publicly available identifier that is used to identify a security	
https://spec.edmcouncil.org/fibo/ontology/SEC/Securities/SecuritiesIdentification/SecurityRegistry	SecurityRegistry			class	SEC	registry used to manage security identifiers and related information	Securities registries may be managed by an exchange, clearing house, custodian, bank, or other financial services provider.
https://spec.edmcouncil.org/fibo/ontology/SEC/Securities/SecuritiesIdentification/SecurityRegistryEntry	SecurityRegistryEntry			class	SEC	record for a security in a securities registry	
https://spec.edmcouncil.org/fibo/ontology/SEC/Securities/SecuritiesIdentification/TickerSymbol	TickerSymbol		ReassignableIdentifier	class	SEC	reassignable identifier of relatively short character string length that is unique within an exchange for a particular financial instrument or listing for that instrument	Every listed security has at least one unique ticker symbol, facilitating the vast array of trade orders that flow through the financial markets every day. However, in some countries this relationship may be indirect, through the listing, rather than direct, as is the case in the United States. In the US, the relationship between a ticker symbol and the listed security is one-to-one. This is not, however, the case in Singapore, where there may be unique ticker symbols for the same security based on the lot size. Some well-known ticker symbols are commonly used by multiple exchanges for the same instrument, such as 'IBM', though exchanges attempt to coordinate to limit duplication.
https://spec.edmcouncil.org/fibo/ontology/SEC/Securities/SecuritiesIssuance/BestEffortsOffering	BestEffortsOffering		SecuritiesOffering	class	SEC	securities offering whereby investment bankers commit to doing their best to sell the securities offered, but do not assume the full risk of an underwriter	Barron's Dictionary of Finance and Investment Terms, Ninth Edition, 2014. | In a best efforts offering, the agreement is strictly an agency arrangement, with no obligation on the part of the agent to purchase the securities. They act as a broker, in other words.
https://spec.edmcouncil.org/fibo/ontology/SEC/Securities/SecuritiesIssuance/ConversionTerms	ConversionTerms		RedemptionProvision	class	SEC	contract terms specifying when and how a security may be converted to another security (usually of the same issuer)	
https://spec.edmcouncil.org/fibo/ontology/SEC/Securities/SecuritiesIssuance/ConvertibleSecurity	ConvertibleSecurity		Security	class	SEC	security that can be converted into another security	Convertible securities may be convertible bonds or preferred stocks that pay regular interest and can be converted into shares of common stock (sometimes conditioned on the stock price appreciating to a predetermined level). | Warrants are equity convertible securities. They give the owner the option to buy newly issued shares at a determined exercise price and date.
https://spec.edmcouncil.org/fibo/ontology/SEC/Securities/SecuritiesIssuance/ExemptIssuer	ExemptIssuer		Issuer	class	SEC	issuer that issues securities that are excused from certain regulatory reporting requirements	http://www.investopedia.com/exam-guide/series-66/regulation-of-securities/exempt-securities.asp | In general, these include governments and issuers of tax exempt securities such as municipalities, banks and depository institutions, and authorized insurance companies, railroads and public utilities, and certain non-profit organizations.
https://spec.edmcouncil.org/fibo/ontology/SEC/Securities/SecuritiesIssuance/ExemptOffering	ExemptOffering		PublicOffering	class	SEC	public offering involving securities that are excused from certain regulatory reporting requirements	Barron's Dictionary of Finance and Investment Terms, Ninth Edition, 2014. | http://www.investopedia.com/exam-guide/series-66/regulation-of-securities/exempt-securities.asp | Such an offering may be considered exempt either because the issuer is exempt or the transaction specific to the offering is exempt.
https://spec.edmcouncil.org/fibo/ontology/SEC/Securities/SecuritiesIssuance/ExemptTransaction	ExemptTransaction		SecuritiesTransaction	class	SEC	securities transaction for which there is no requirement to register the transaction with a regulatory agency	http://www.investopedia.com/terms/e/exempttransaction.asp | Examples include non-issuer transactions in outstanding securities, other isolated non-issuer transactions, certain unsolicited / de minimis transactions, fiduciary transactions, transactions with financial institutions, private placement transactions that meet certain conditions, and so forth.
https://spec.edmcouncil.org/fibo/ontology/SEC/Securities/SecuritiesIssuance/FinancialInstrumentShortName	FinancialInstrumentShortName	FISN		class	SEC	abbreviated name for a financial instrument within a defined structure as specified in ISO 18774	ISO 18774:2015(E), Securities and related financial instruments - Financial Instrument Short Name (FISN)
https://spec.edmcouncil.org/fibo/ontology/SEC/Securities/SecuritiesIssuance/FirmCommitmentOffering	FirmCommitmentOffering		SecuritiesOffering	class	SEC	securities offering whereby the underwriter purchases the securities outright for their own account	Barron's Dictionary of Finance and Investment Terms, Ninth Edition, 2014.
https://spec.edmcouncil.org/fibo/ontology/SEC/Securities/SecuritiesIssuance/OfferingDocument	OfferingDocument		Publication	class	SEC	legal document that states the objectives, risks and terms of an investment	EDM Council | There are many variations, including offering memorandum, which is typically used in the context of a private placement, offering statement, which has slightly different meanings depending on the context (for securities, for bonds, etc.) and so forth. This concept is intended to act as a more abstract parent for these more nuanced concepts.
https://spec.edmcouncil.org/fibo/ontology/SEC/Securities/SecuritiesIssuance/OfferingStatement	OfferingStatement		OfferingDocument	class	SEC	offering memorandum that conforms to Regulation A, Offering Statement, of the Securities Act of 1933	See https://www.sec.gov/about/forms/form1-a.pdf for the actual form detail
https://spec.edmcouncil.org/fibo/ontology/SEC/Securities/SecuritiesIssuance/PrivateOffering	PrivateOffering	private placement	SecuritiesOffering	class	SEC	offering of securities made privately to a limited number of qualified potential investors	EDM Council / Quarule | Unlike a public offering, a private placement does not have to be registered with a regulatory agency if the securities are purchased for investment rather than resale.
https://spec.edmcouncil.org/fibo/ontology/SEC/Securities/SecuritiesIssuance/PrivatePlacementMemorandum	PrivatePlacementMemorandum	offering memorandum | PPM	OfferingDocument	class	SEC	legal document stating the objectives, risks and terms of investment involved with a private placement	Barron's Dictionary of Finance and Investment Terms, Ninth Edition, 2014. | http://www.investopedia.com/terms/o/offeringmemorandum.asp | An offering memorandum serves to provide buyers with information on the offering and to protect the sellers from the liability associated with selling unregistered securities. It includes information such as the financial statements, management biographies, a detailed description of the business, etc.
https://spec.edmcouncil.org/fibo/ontology/SEC/Securities/SecuritiesIssuance/Prospectus	Prospectus		OfferingDocument	class	SEC	formal, written offering document to sell securities that provides the facts an investor needs to make an informed investment decision	Barron's Dictionary of Finance and Investment Terms, Ninth Edition, 2014. | The Securities Act of 1933, as amended 5 April 2012, see http://www.sec.gov/about/laws/sa33.pdf | A prospectus may specify the facts about an offering of securities, mutual funds, or limited partnerships for investments in oil, gas, equipment leasing, or other kinds of limited partnerships. | In the United States, a prospectus may be a formal legal document, required by and filed with the Securities and Exchange Commission, if it provides details about an investment offering for sale to the public.
https://spec.edmcouncil.org/fibo/ontology/SEC/Securities/SecuritiesIssuance/PublicOffering	PublicOffering		SecuritiesOffering	class	SEC	offering of securities for sale to the investment public, after compliance with registration requirements of the relevant regulatory authorities	Barron's Dictionary of Finance and Investment Terms, Ninth Edition, 2014. | In the US, public offerings generally require approval of the Securities Exchange Commission and/or relevant state regulators, unless the issuer is an exempt issuer, and are usually conducted by an investment banker or a syndicate made up of several investment bankers, at a price agreed upon between the issuer and the investment bankers.
https://spec.edmcouncil.org/fibo/ontology/SEC/Securities/SecuritiesIssuance/SecuritiesOffering	SecuritiesOffering		Offering	class	SEC	offering of a security (or securities) for sale	Barron's Dictionary of Finance and Investment Terms, Ninth Edition, 2014. | http://www.investopedia.com/ | If the offering is public, then it can only be made after regulatory registration requirements have been met. The securities may be new or a secondary offering of a previously issued security, and may include stock, multiple classes of equity shares, municipal or other government bonds, and so forth. Offerings, especially to the investment public, are typically made by an investment banker, or syndicate of investment bankers.
https://spec.edmcouncil.org/fibo/ontology/SEC/Securities/SecuritiesIssuance/SecurityForm	SecurityForm		ContractDocument	class	SEC	nature of the proof of ownership of a security	Securities are typically issued in one of two forms, registered or bearer. Most securities issued today are in registered form, which enables the issuing firm or registrar to keep records of a security's owner and mail them any dividend, coupon, or other payments. Registered securities may be issued in book entry (digital only) or certificate (physical) form, but most today are entirely digital.
https://spec.edmcouncil.org/fibo/ontology/SEC/Securities/SecuritiesIssuance/SecurityUnderwriter	SecurityUnderwriter		Underwriter	class	SEC	party that has purchased from an issuer with a view to, or sells for an issuer in connection with, the distribution of any security, or participates or has a direct or indirect participation in any such undertaking, or participates or has a participation in the direct or indirect underwriting of any such undertaking	Section 3a of the Investment Company Act of 1940 as amended in January, 2012, https://www.sec.gov/about/laws/ica40.pdf
https://spec.edmcouncil.org/fibo/ontology/SEC/Securities/SecuritiesIssuance/SecurityUnderwritingArrangement	SecurityUnderwritingArrangement		UnderwritingArrangement	class	SEC	underwriting agreement between an organization (typically an investment bank) and a securities issuer that commits the underwriter to assuming risk involved in buying a new issue of securities and reselling it to the public	Barron's Dictionary of Business and Economics Terms, Fifth Edition, 2012 | Sales may be made either directly or through third-party dealers.
https://spec.edmcouncil.org/fibo/ontology/SEC/Securities/SecuritiesListings/ListedSecurity	ListedSecurity	exchange-traded security	RegisteredSecurity	class	SEC	registered security listed on at least one exchange	
https://spec.edmcouncil.org/fibo/ontology/SEC/Securities/SecuritiesListings/Listing	Listing	market listing	SecurityRegistryEntry	class	SEC	catalog entry for a securities offering managed by an exchange that provides the terms under which that security is made available on that exchange	
https://spec.edmcouncil.org/fibo/ontology/SEC/Securities/SecuritiesListings/ListingService	ListingService		FinancialService	class	SEC	service provided by an exchange to facilitate securities trading	
https://spec.edmcouncil.org/fibo/ontology/SEC/Securities/SecuritiesListings/RegisteredSecurity	RegisteredSecurity		Security	class	SEC	security that is registered with some registration authority	
https://www.omg.org/spec/Commons/BusinessAuthorizations/LegallyDelegatedAuthority	LegallyDelegatedAuthority		ControllingParty	class			
https://www.omg.org/spec/Commons/BusinessAuthorizations/ResponsibleParty	ResponsibleParty			class			
https://www.omg.org/spec/Commons/Classifiers/ClassificationScheme	ClassificationScheme		Scheme	class			
https://www.omg.org/spec/Commons/CodesAndCodeSets/CodeSet	CodeSet		Scheme	class			
https://www.omg.org/spec/Commons/ContextualDesignators/ContextualName	ContextualName			class			
https://www.omg.org/spec/Commons/ContextualIdentifiers/StructuredIdentifier	StructuredIdentifier			class			Use parseRegex and constructRegex annotation properties to express the rules for deconstructing and composing the actual composite identifiers from their constituent parts as appropriate. | For a fictional business identifier, the rule used to parse a composite identifier might be fibo-fnd-arr-id:parseRegex "RA([0-9]{6})-([0-9A-Z]*)", and fibo-fnd-arr-id:constructRegex "$1-$2", where RA represents a text value corresponding to the registration authority for the business identifier.
https://www.omg.org/spec/Commons/Identifiers/IdentificationScheme	IdentificationScheme		Scheme	class			
https://www.omg.org/spec/Commons/Locations/BusinessCenter	BusinessCenter			class			http://www.fpml.org/coding-scheme/business-center | Note that business centers, as defined in FpML, are intended for use in specifying the business calendar used by that municipality, or by certain organizations located in that municipality.
https://www.omg.org/spec/Commons/Locations/Municipality	Municipality			class			
https://www.omg.org/spec/Commons/Organizations/FormalOrganization	FormalOrganization			class			
https://www.omg.org/spec/Commons/Organizations/LegalEntity	LegalEntity			class			https://www.gleif.org/en/about-lei/common-data-file-format/lei-cdf-format/lei-cdf-format-version-2-1 | Examples of eligible legal entities include, without limitation: - all financial intermediaries; - banks and finance companies; - all entities that issue equity, debt or other securities for other capital structures; - all entities listed on an exchange; - all entities that trade stock or debt, investment vehicles, including mutual funds, pension funds and alternative investment vehicles constituted as corporate entities or collective investment agreements (including umbrella funds as well as funds under an umbrella structure, hedge funds, private equity funds, etc.); - all entities under the purview of a financial regulator and their affiliates, subsidiaries and holding companies; - counterparties to financial transactions.
https://www.omg.org/spec/Commons/Organizations/LegalPerson	LegalPerson			class			
https://www.omg.org/spec/Commons/Organizations/Organization	Organization			class			
https://www.omg.org/spec/Commons/Organizations/OrganizationIdentifier	OrganizationIdentifier			class			
https://www.omg.org/spec/Commons/Organizations/OrganizationName	OrganizationName			class			
https://www.omg.org/spec/Commons/Organizations/Service	Service			class			
https://www.omg.org/spec/Commons/Organizations/ServiceProvider	ServiceProvider		FunctionalEntity	class			
https://www.omg.org/spec/Commons/PartiesAndSituations/Agent	Agent			class			
https://www.omg.org/spec/Commons/PartiesAndSituations/Party	Party	independent party		class			
https://www.omg.org/spec/Commons/QuantitiesAndUnits/Expression	Expression			class			
https://www.omg.org/spec/Commons/RegulatoryAgencies/RegulatoryAgency	RegulatoryAgency			class			
https://www.omg.org/spec/Commons/RegulatoryAgencies/RegulatoryReport	RegulatoryReport		Report	class			
https://www.omg.org/spec/Commons/SitesAndFacilities/TractOfLand	TractOfLand			class			
