# The Financial products Markup Language, as the terms a program handling derivatives
# trades actually writes. FpML's complex types are already identifiers — Swap, CapFloor,
# CalculationPeriodDates — and most are phrases of more than one word, which is why the
# vocabulary is worth matching: a phrase is what a repository outside the domain does not
# hit by accident.
#
# Columns: concept, prefLabel, altLabel, broader, kind, module, definition, note.
# prefLabel is the complex type's own name. broader is its xsd:extension base, dropped
# where the base carries a namespace prefix — such a base is XML Schema's, not FpML's.
# A base the schema set declares as a simple type is a format constraint and not a
# broader subject, so it is stated in note instead: 195 types extend Scheme and 32
# NonEmptyScheme, and placing account type beneath a name for a string is a subject the
# publisher did not state. A base the set declares nothing at all for stays in broader,
# because nothing here can say it is not a subject. definition is the type's
# own xsd:documentation with its line breaks collapsed. module is the product area in the
# schema file's own name: ird, cd, fx, eqd. NOT CARRIED, and said outright: simple types
# as concepts of their own, and global elements, each of which restates a complex type
# under a lowercased name.
#
# Which schemas: the FpML 5.11 confirmation view, which is the fullest statement of the
# products the standard covers — the other views restate its types with fields removed.
#
# Source: the FpML 5.11 confirmation schemas as the HandCoded toolkit repository vendors
#   them, at https://github.com/handcoded/fpml-toolkit-java/tree/cf7a6cba14470313505559e662252cff8d3afda5,
#   pinned by the SHA-256 ContentDigest states over the schema set:
#   b22291af8343d847590f8b0512475b189dc55f18cee460ab35328ebb0bd0aba4.
# Licence: the FpML Public License, stated in each schema file's own header. The Licensor of
#   the FpML Specifications is the International Swaps and Derivatives Association, Inc.
#   (ISDA); the licence is at https://www.fpml.org/the_standard/fpml-public-license/ and
#   grants use, reproduction, modification and distribution of the specifications or
#   portions of them, with this notice carried on a copy distributed outside software.
# Generated by FpmlTermsExtraction: 1405 complex types.
http://www.fpml.org/FpML-5/confirmation#AbsoluteTolerance	AbsoluteTolerance			complexType	com	The acceptable tolerance in the delivered quantity of a physical commodity product in terms of a number of units of that product.	
http://www.fpml.org/FpML-5/confirmation#AbstractApplicablePartyProfileObjects	AbstractApplicablePartyProfileObjects			complexType	loan	An abstract base type that combines objects applicable to the description of a party profile (e.g. applicable assets and cash events to specific contacts or settlement instructions).	
http://www.fpml.org/FpML-5/confirmation#AbstractContractNotification	AbstractContractNotification		AbstractServicingNotification	complexType	loan	An extension of the AbstractServicingNotification which includes a reference to the facility and the loan contract to which embedded loan events apply. This abtract type should be used to 'wrap' contract-level business events.	
http://www.fpml.org/FpML-5/confirmation#AbstractEvent	AbstractEvent			complexType	business-events	Abstract base type for all events.	
http://www.fpml.org/FpML-5/confirmation#AbstractFacility	AbstractFacility		FacilitySummary	complexType	loan	An abstract type defining a facility baseline structure.	
http://www.fpml.org/FpML-5/confirmation#AbstractFacilityContractEvent	AbstractFacilityContractEvent		AbstractFacilityEvent	complexType	loan	An abstract base type for all facility and optionally contract-level business events.	
http://www.fpml.org/FpML-5/confirmation#AbstractFacilityEvent	AbstractFacilityEvent		AbstractLoanServicingEvent	complexType	loan	An abstract base type for all facility-level business events.	
http://www.fpml.org/FpML-5/confirmation#AbstractFacilityPaymentEvent	AbstractFacilityPaymentEvent		AbstractFacilityEvent	complexType	loan	An event describing a fee being paid at facility level.	
http://www.fpml.org/FpML-5/confirmation#AbstractFacilityRateChangeEvent	AbstractFacilityRateChangeEvent		AbstractFacilityContractEvent	complexType	loan	An abstract type describing changes in a facility-level rate.	
http://www.fpml.org/FpML-5/confirmation#AbstractLcEvent	AbstractLcEvent		AbstractLoanServicingEvent	complexType	loan	An abstract base type for all LC-level business events.	
http://www.fpml.org/FpML-5/confirmation#AbstractLoanAllocationEvent	AbstractLoanAllocationEvent		AbstractLoanEvent	complexType	loan	An abstract structure defining fundamental allocation event information.	
http://www.fpml.org/FpML-5/confirmation#AbstractLoanAllocationNotification	AbstractLoanAllocationNotification		CorrectableRequestMessage	complexType	loan	An underlying abstract structure for all syndicated loan trade allocation notifications; the wrapper for events which occur through the life-cycle of a loan allocation.	
http://www.fpml.org/FpML-5/confirmation#AbstractLoanAllocationSettlementEvent	AbstractLoanAllocationSettlementEvent		AbstractLoanAllocationEvent	complexType	loan	An abstract structure defining fundamental settlement event information.	
http://www.fpml.org/FpML-5/confirmation#AbstractLoanContractEvent	AbstractLoanContractEvent		AbstractLoanServicingEvent	complexType	loan	An abstract base type for all loan contract-level business events.	
http://www.fpml.org/FpML-5/confirmation#AbstractLoanContractPaymentEvent	AbstractLoanContractPaymentEvent		AbstractLoanContractEvent	complexType	loan	An abstract base type for all loan contract-level fee payment events.	
http://www.fpml.org/FpML-5/confirmation#AbstractLoanEvent	AbstractLoanEvent			complexType	loan	An abstract base type defining common features of a syndicated loan business event.	
http://www.fpml.org/FpML-5/confirmation#AbstractLoanPartyProfileStatement	AbstractLoanPartyProfileStatement		CorrectableRequestMessage	complexType	loan	An abstract base type for all supplementary communication to paying entities and/or servicing platforms.	
http://www.fpml.org/FpML-5/confirmation#AbstractLoanServicingEvent	AbstractLoanServicingEvent		AbstractLoanEvent	complexType	loan	An abstract base type defining common features of a syndicated loan servicing business event. Such events are originated by the borrower and are required to be communicated to the lender syndicate by agents.	
http://www.fpml.org/FpML-5/confirmation#AbstractLoanStatement	AbstractLoanStatement		CorrectableRequestMessage	complexType	loan	An abstract base type for all syndicated loan statement notifications; the wrapper for deal/facility/contract definitions and facility/contract positions at a particular point in time (snapshot).	
http://www.fpml.org/FpML-5/confirmation#AbstractLoanTask	AbstractLoanTask			complexType	loan	An underlying abstract structure that defines the responsible party for tasks that must be completed.	
http://www.fpml.org/FpML-5/confirmation#AbstractLoanTradeEvent	AbstractLoanTradeEvent		AbstractLoanEvent	complexType	loan	An abstract structure defining fundamental master loan trade event information.	
http://www.fpml.org/FpML-5/confirmation#AbstractLoanTradeNotification	AbstractLoanTradeNotification		CorrectableRequestMessage	complexType	loan	An underlying abstract structure for all syndicated loan trade notifications; the wrapper for events which occur through the life-cycle of a loan trade.	
http://www.fpml.org/FpML-5/confirmation#AbstractPartyProfile	AbstractPartyProfile		AbstractPartyProfileId	complexType	loan	An abstract base type that describes a party profile.	
http://www.fpml.org/FpML-5/confirmation#AbstractPartyProfileId	AbstractPartyProfileId			complexType	loan	An abstract base type that identifies a party profile.	
http://www.fpml.org/FpML-5/confirmation#AbstractServicingNotification	AbstractServicingNotification		CorrectableRequestMessage	complexType	loan	An abstract base type for all syndicated loan servicing notifications; the wrapper for loan events which occur through the life-cycle of a deal.	
http://www.fpml.org/FpML-5/confirmation#AbstractTradingAccrual	AbstractTradingAccrual			complexType	loan	An underlying structure that details the elements that affect the calculation of a trade-related accrual.	
http://www.fpml.org/FpML-5/confirmation#Account	Account			complexType	shared	A generic account that represents any party's account at another party. Parties may be identified by the account at another party.	
http://www.fpml.org/FpML-5/confirmation#AccountId	AccountId			complexType	shared	The data type used for account identifiers.	NonEmptyScheme
http://www.fpml.org/FpML-5/confirmation#AccountName	AccountName			complexType	shared	The data type used for the name of the account.	Scheme
http://www.fpml.org/FpML-5/confirmation#AccountReference	AccountReference		Reference	complexType	shared	Reference to an account.	
http://www.fpml.org/FpML-5/confirmation#AccountType	AccountType			complexType	shared	The data type used for account type.	Scheme
http://www.fpml.org/FpML-5/confirmation#AccrualOptionBase	AccrualOptionBase			complexType	loan	An abstract type used for defining accrual structures within loan instruments.	
http://www.fpml.org/FpML-5/confirmation#AccrualOptionChangeEvent	AccrualOptionChangeEvent		AbstractFacilityEvent	complexType	loan	An event describing a change to an accrual option associated with a specific facility.	
http://www.fpml.org/FpML-5/confirmation#AccrualPeriod	AccrualPeriod			complexType	loan	A structure that describes the details of the underlying elements that explain the calculation of an accrual against a reference balance.	
http://www.fpml.org/FpML-5/confirmation#AccrualTypeId	AccrualTypeId			complexType	loan	A structure used to uniquely identify a single accrual type within a syndicated loan structure.	
http://www.fpml.org/FpML-5/confirmation#AccruingFeeChange	AccruingFeeChange		AbstractFacilityEvent	complexType	loan	An event describing a future change to an accruing fee associated with a specific facility.	
http://www.fpml.org/FpML-5/confirmation#AccruingFeeExpiry	AccruingFeeExpiry		AbstractFacilityEvent	complexType	loan	An event describing a future expiry of one of the accruing fees associated with a specific facility.	
http://www.fpml.org/FpML-5/confirmation#AccruingFeeOption	AccruingFeeOption		FeeRateOptionBase	complexType	loan	A structure that represents the accruing fee option associated within a facility.	
http://www.fpml.org/FpML-5/confirmation#AccruingFeePayment	AccruingFeePayment		AbstractFacilityEvent	complexType	loan	An event describing an accruing fee payment made at the facility level.	
http://www.fpml.org/FpML-5/confirmation#AccruingFeeType	AccruingFeeType			complexType	loan	A list of all eligible accruing facility-level fee types.	Scheme
http://www.fpml.org/FpML-5/confirmation#AccruingPikOption	AccruingPikOption		FeeRateOptionBase	complexType	loan	A structure that represents the accruing PIK option associated within a facility.	
http://www.fpml.org/FpML-5/confirmation#AccruingPikPayment	AccruingPikPayment		AbstractFacilityEvent	complexType	loan	An event representing a payment to facilitate capitalization of interest on all outstanding contracts against a particular facility.	
http://www.fpml.org/FpML-5/confirmation#Acknowledgement	Acknowledgement		ResponseMessage	complexType	msg		
http://www.fpml.org/FpML-5/confirmation#ActionOnExpiration	ActionOnExpiration			complexType	business-events		
http://www.fpml.org/FpML-5/confirmation#ActionType	ActionType			complexType	shared	The data type used for ESMA action type.	Scheme
http://www.fpml.org/FpML-5/confirmation#ActualPrice	ActualPrice			complexType	asset		
http://www.fpml.org/FpML-5/confirmation#AdditionalData	AdditionalData			complexType	doc	Provides extra information not represented in the model that may be useful in processing the message i.e. diagnosing the reason for failure.	
http://www.fpml.org/FpML-5/confirmation#AdditionalDisruptionEvents	AdditionalDisruptionEvents			complexType	eq-shared	A type for defining ISDA 2002 Equity Derivative Additional Disruption Events.	
http://www.fpml.org/FpML-5/confirmation#AdditionalEvent	AdditionalEvent		AbstractEvent	complexType	business-events	Abstract base type for an extension/substitution point to customize FpML and add additional events.	
http://www.fpml.org/FpML-5/confirmation#AdditionalFixedPayments	AdditionalFixedPayments			complexType	cd		
http://www.fpml.org/FpML-5/confirmation#AdditionalPaymentAmount	AdditionalPaymentAmount			complexType	eq-shared	Specifies the amount of the fee along with, when applicable, the formula that supports its determination.	
http://www.fpml.org/FpML-5/confirmation#AdditionalTerm	AdditionalTerm			complexType	cd		Scheme
http://www.fpml.org/FpML-5/confirmation#Address	Address			complexType	shared	A type that represents a physical postal address.	
http://www.fpml.org/FpML-5/confirmation#AdjustableDate	AdjustableDate			complexType	shared	A type for defining a date that shall be subject to adjustment if it would otherwise fall on a day that is not a business day in the specified business centers, together with the convention for adjusting the date.	
http://www.fpml.org/FpML-5/confirmation#AdjustableDate2	AdjustableDate2			complexType	shared	A type that is different from AdjustableDate in two regards. First, date adjustments can be specified with either a dateAdjustments element or a reference to an existing dateAdjustments element. Second, it does not require the specification of date adjustments.	
http://www.fpml.org/FpML-5/confirmation#AdjustableDateOrRelativeDateSequence	AdjustableDateOrRelativeDateSequence			complexType	eq-shared	A type describing a date defined as subject to adjustment or defined in reference to another date through one or several date offsets.	
http://www.fpml.org/FpML-5/confirmation#AdjustableDates	AdjustableDates			complexType	shared	A type for defining a series of dates that shall be subject to adjustment if they would otherwise fall on a day that is not a business day in the specified business centers, together with the convention for adjusting the dates.	
http://www.fpml.org/FpML-5/confirmation#AdjustableDatesOrRelativeDateOffset	AdjustableDatesOrRelativeDateOffset			complexType	shared	A type for defining a series of dates, either as a list of adjustable dates, or a as a repeating sequence from a base date	
http://www.fpml.org/FpML-5/confirmation#AdjustableOffset	AdjustableOffset		Offset	complexType	repo	An adjustable offset can be used to specify a number of days, business or calendar, for example in a notice period.	
http://www.fpml.org/FpML-5/confirmation#AdjustableOrAdjustedDate	AdjustableOrAdjustedDate			complexType	shared	A type for defining a date that shall be subject to adjustment if it would otherwise fall on a day that is not a business day in the specified business centers, together with the convention for adjusting the date.	
http://www.fpml.org/FpML-5/confirmation#AdjustableOrRelativeDate	AdjustableOrRelativeDate			complexType	shared	A type giving the choice between defining a date as an explicit date together with applicable adjustments or as relative to some other (anchor) date.	
http://www.fpml.org/FpML-5/confirmation#AdjustableOrRelativeDates	AdjustableOrRelativeDates			complexType	shared	A type giving the choice between defining a series of dates as an explicit list of dates together with applicable adjustments or as relative to some other series of (anchor) dates.	
http://www.fpml.org/FpML-5/confirmation#AdjustableRelativeOrPeriodicDates	AdjustableRelativeOrPeriodicDates			complexType	shared		
http://www.fpml.org/FpML-5/confirmation#AdjustableRelativeOrPeriodicDates2	AdjustableRelativeOrPeriodicDates2			complexType	shared	A type giving the choice between defining a series of dates as an explicit list of dates together with applicable adjustments, or as relative to some other series of (anchor) dates, or as a set of factors to specify periodic occurences.	
http://www.fpml.org/FpML-5/confirmation#AdjustedPaymentDates	AdjustedPaymentDates			complexType	cd		
http://www.fpml.org/FpML-5/confirmation#AdjustedRelativeDateOffset	AdjustedRelativeDateOffset		RelativeDateOffset	complexType	shared	A type defining a date (referred to as the derived date) as a relative offset from another date (referred to as the anchor date) plus optional date adjustments.	
http://www.fpml.org/FpML-5/confirmation#Adjustment	Adjustment			complexType	loan	A structure used to describe an adjustment.	
http://www.fpml.org/FpML-5/confirmation#AdmissionToTrading	AdmissionToTrading			complexType	doc	Information about whether and when a product was admitted to trading on a facility.	
http://www.fpml.org/FpML-5/confirmation#AffectedTransactions	AffectedTransactions			complexType	credit-event-notification		
http://www.fpml.org/FpML-5/confirmation#Algorithm	Algorithm			complexType	doc		
http://www.fpml.org/FpML-5/confirmation#AlgorithmRole	AlgorithmRole			complexType	doc	A type describing a role played by an algorithm in one or more transactions. Examples include roles such as TradingDecision, RoutingDecision. This can be extended to provide custom roles.	Scheme
http://www.fpml.org/FpML-5/confirmation#Allocation	Allocation			complexType	doc		
http://www.fpml.org/FpML-5/confirmation#AllocationApproved	AllocationApproved		ResponseMessage	complexType	confirmation-processes	A message indicating that a request to allocate a trade has been approved by the sender.	
http://www.fpml.org/FpML-5/confirmation#AllocationRefused	AllocationRefused		ResponseMessage	complexType	confirmation-processes	A message indicating that a request to allocate a trade has been refused by the sender.	
http://www.fpml.org/FpML-5/confirmation#AllocationReportingStatus	AllocationReportingStatus			complexType	doc	Code that describes what type of allocation applies to the trade. Options include Unallocated, PreAllocation, PostAllocation.	Scheme
http://www.fpml.org/FpML-5/confirmation#Allocations	Allocations			complexType	doc	The allocations for a single side of a trade.	
http://www.fpml.org/FpML-5/confirmation#AmendmentFeePayment	AmendmentFeePayment		AbstractFacilityPaymentEvent	complexType	loan	A fee charged to the borrower for an amendment being made to the originally agreed credit agreement. The fee is based on a rate (as stated in the agreement) applied to the current commitment level. Calculated as a percentage of the unutilized portion of the facility.	
http://www.fpml.org/FpML-5/confirmation#AmericanExercise	AmericanExercise		Exercise	complexType	shared	A type defining the exercise period for an American style option together with any rules governing the notional amount of the underlying which can be exercised on any given exercise date and any associated exercise fees.	
http://www.fpml.org/FpML-5/confirmation#AmountRef	AmountRef			complexType	business-events	A type defining a nominal amount with a reference.	
http://www.fpml.org/FpML-5/confirmation#AmountReference	AmountReference		Reference	complexType	shared	Specifies a reference to a monetary amount.	
http://www.fpml.org/FpML-5/confirmation#AmountSchedule	AmountSchedule		Schedule	complexType	shared	A type defining a currency amount or a currency amount schedule.	
http://www.fpml.org/FpML-5/confirmation#AnyAssetReference	AnyAssetReference		Reference	complexType	asset	A reference to an asset, e.g. a portfolio, trade, or reference instrument..	
http://www.fpml.org/FpML-5/confirmation#ApplicableAssets	ApplicableAssets			complexType	loan	A structure that defines the assets (or type of assets) that a particular payment profile may be associated with.	
http://www.fpml.org/FpML-5/confirmation#ApplicableCommunicationDetails	ApplicableCommunicationDetails		AbstractApplicablePartyProfileObjects	complexType	loan	A structure that defines the assets (or type of assets) that a particular set of communication details may be associated with.	
http://www.fpml.org/FpML-5/confirmation#ApplicableSettlementInstructionDetails	ApplicableSettlementInstructionDetails		AbstractApplicablePartyProfileObjects	complexType	loan	A structure that defines the assets (or type of assets) that a particular set of settlement instrution details may be associated with.	
http://www.fpml.org/FpML-5/confirmation#ApplicableTransactionType	ApplicableTransactionType			complexType	loan	A scheme that describes transaction types.	
http://www.fpml.org/FpML-5/confirmation#ApplicableTransactions	ApplicableTransactions			complexType	loan	A structure that defines specific servicing transactions that a particular payment profile may be associated with.	
http://www.fpml.org/FpML-5/confirmation#Approval	Approval			complexType	doc	A specific approval state in the workflow.	
http://www.fpml.org/FpML-5/confirmation#ApprovalId	ApprovalId			complexType	doc	An approval identifier allocated by a party. FpML does not define the domain values associated with this element.	NonEmptyScheme
http://www.fpml.org/FpML-5/confirmation#ApprovalStatusNotification	ApprovalStatusNotification		NotificationMessage	complexType	confirmation-processes	A message describing the approvals currently applied to the trade and their status (e.g. pending, approved, refused).	
http://www.fpml.org/FpML-5/confirmation#ApprovalType	ApprovalType			complexType	doc	A type that qualifies the type of approval.	Scheme
http://www.fpml.org/FpML-5/confirmation#Approvals	Approvals			complexType	doc		
http://www.fpml.org/FpML-5/confirmation#Asian	Asian			complexType	option-shared	As per ISDA 2002 Definitions.	
http://www.fpml.org/FpML-5/confirmation#Asset	Asset			complexType	asset	Abstract base class for all underlying assets.	
http://www.fpml.org/FpML-5/confirmation#AssetClass	AssetClass			complexType	shared		Scheme
http://www.fpml.org/FpML-5/confirmation#AssetMeasureType	AssetMeasureType			complexType	asset	A scheme identifying the types of measures that can be used to describe an asset.	Scheme
http://www.fpml.org/FpML-5/confirmation#AssetOrTermPointOrPricingStructureReference	AssetOrTermPointOrPricingStructureReference		Reference	complexType	riskdef	Reference to an underlying asset, term point or pricing structure (yield curve).	
http://www.fpml.org/FpML-5/confirmation#AssetPool	AssetPool			complexType	asset	Characterise the asset pool behind an asset backed bond.	
http://www.fpml.org/FpML-5/confirmation#AssetReference	AssetReference		Reference	complexType	asset	Reference to an underlying asset.	
http://www.fpml.org/FpML-5/confirmation#AssetValuation	AssetValuation		Valuation	complexType	valuation	A structure that holds a set of measures about an asset, including possibly their sensitivities.	
http://www.fpml.org/FpML-5/confirmation#AssociationToAssetId	AssociationToAssetId			complexType	loan	A structure that defines an association identifier based on a qualifying scheme.	
http://www.fpml.org/FpML-5/confirmation#AssociationToAssetIdentifier	AssociationToAssetIdentifier			complexType	loan	A type defining an association between party or settlement information with an asset or assets	
http://www.fpml.org/FpML-5/confirmation#AutomaticExercise	AutomaticExercise			complexType	shared	A type to define automatic exercise of a swaption. With automatic exercise the option is deemed to have exercised if it is in the money by more than the threshold amount on the exercise date.	
http://www.fpml.org/FpML-5/confirmation#AverageDailyTradingVolumeLimit	AverageDailyTradingVolumeLimit			complexType	shared	To indicate the limitation percentage and limitation period.	
http://www.fpml.org/FpML-5/confirmation#AveragePriceLeg	AveragePriceLeg		CommoditySwapLeg	complexType	com	The average price leg of an average price commodity bullion or non-precious metal forward transaction.	
http://www.fpml.org/FpML-5/confirmation#AveragingObservationList	AveragingObservationList			complexType	option-shared	An un ordered list of weighted averaging observations.	
http://www.fpml.org/FpML-5/confirmation#AveragingPeriod	AveragingPeriod			complexType	option-shared	Period over which an average value is taken.	
http://www.fpml.org/FpML-5/confirmation#AveragingSchedule	AveragingSchedule			complexType	option-shared	Method of generating a series of dates.	
http://www.fpml.org/FpML-5/confirmation#BankruptcyEvent	BankruptcyEvent		CreditEvent	complexType	credit-event-notification		
http://www.fpml.org/FpML-5/confirmation#Barrier	Barrier			complexType	option-shared	As per ISDA 2002 Definitions.	
http://www.fpml.org/FpML-5/confirmation#BasicAssetValuation	BasicAssetValuation		Valuation	complexType	riskdef	A structure that holds a set of measures about an asset.	
http://www.fpml.org/FpML-5/confirmation#BasicQuotation	BasicQuotation			complexType	asset	Some kind of numerical measure about an asset, eg. its NPV, together with characteristics of that measure.	
http://www.fpml.org/FpML-5/confirmation#Basket	Basket		Asset	complexType	asset	A type describing the underlyer features of a basket swap. Each of the basket constituents are described through an embedded component, the basketConstituentsType.	
http://www.fpml.org/FpML-5/confirmation#BasketChangeEvent	BasketChangeEvent		ChangeEvent	complexType	business-events	A structure indicating that the basket underlyer of the trade has changed due to client trading activity	
http://www.fpml.org/FpML-5/confirmation#BasketConstituent	BasketConstituent			complexType	asset	A type describing each of the constituents of a basket.	
http://www.fpml.org/FpML-5/confirmation#BasketId	BasketId			complexType	asset		NonEmptyScheme
http://www.fpml.org/FpML-5/confirmation#BasketName	BasketName			complexType	asset		NonEmptyScheme
http://www.fpml.org/FpML-5/confirmation#BasketReferenceInformation	BasketReferenceInformation			complexType	cd	CDS Basket Reference Information	
http://www.fpml.org/FpML-5/confirmation#Beneficiary	Beneficiary			complexType	shared	A type defining the beneficiary of the funds.	
http://www.fpml.org/FpML-5/confirmation#BermudaExercise	BermudaExercise		Exercise	complexType	shared	A type defining the Bermuda option exercise dates and the expiration date together with any rules govenerning the notional amount of the underlying which can be exercised on any given exercise date and any associated exercise fee.	
http://www.fpml.org/FpML-5/confirmation#Bond	Bond		UnderlyingAsset	complexType	asset	An exchange traded bond.	
http://www.fpml.org/FpML-5/confirmation#BondOption	BondOption		OptionBaseExtended	complexType	bond-option	A Bond Option	
http://www.fpml.org/FpML-5/confirmation#BondOptionStrike	BondOptionStrike			complexType	bond-option	A complex type to specify the strike of a bond or convertible bond option.	
http://www.fpml.org/FpML-5/confirmation#BondReference	BondReference			complexType	ird	A type including a reference to a bond to support the representation of an asset swap or Condition Precedent Bond.	
http://www.fpml.org/FpML-5/confirmation#Borrowing	Borrowing		AbstractLoanContractEvent	complexType	loan	An event representing a principal borrowing is being requested by the borrower.	
http://www.fpml.org/FpML-5/confirmation#BoundedCorrelation	BoundedCorrelation			complexType	eq-shared	A type describing correlation bounds, which form a cap and a floor on the realized correlation.	
http://www.fpml.org/FpML-5/confirmation#BoundedVariance	BoundedVariance			complexType	eq-shared	A type describing variance bounds, which are used to exclude money price values outside of the specified range In a Up Conditional Swap Underlyer price must be equal to or higher than Lower Barrier In a Down Conditional Swap Underlyer price must be equal to or lower than Upper Barrier In a Corridor Conditional Swap Underlyer price must be equal to or higher than Lower Barrier and must be equal to or lower than Upper Barrier.	
http://www.fpml.org/FpML-5/confirmation#BreakageFeePayment	BreakageFeePayment		AbstractLoanContractPaymentEvent	complexType	loan	A fee calculated as the cost of breaking financing against a loan contract which is repaid early.	
http://www.fpml.org/FpML-5/confirmation#BrokerConfirmation	BrokerConfirmation			complexType	shared	Identifies the market sector in which the trade has been arranged.	
http://www.fpml.org/FpML-5/confirmation#BrokerConfirmationType	BrokerConfirmationType			complexType	shared	Identifies the market sector in which the trade has been arranged.	Scheme
http://www.fpml.org/FpML-5/confirmation#BrokerEquityOption	BrokerEquityOption		EquityDerivativeShortFormBase	complexType	eqd	A type for defining the broker equity options.	
http://www.fpml.org/FpML-5/confirmation#BulletPayment	BulletPayment		Product	complexType	ird	A product to represent a single cashflow.	
http://www.fpml.org/FpML-5/confirmation#BullionDeliveryLocation	BullionDeliveryLocation			complexType	com	A scheme defining where bullion is to be delivered for a Bullion Transaction.	Scheme
http://www.fpml.org/FpML-5/confirmation#BullionPhysicalLeg	BullionPhysicalLeg		PhysicalForwardLeg	complexType	com	Physically settled leg of a physically settled Bullion Transaction.	
http://www.fpml.org/FpML-5/confirmation#BusinessCenter	BusinessCenter			complexType	shared	A code identifying a business day calendar location. A business day calendar location is drawn from the list identified by the business day calendar location scheme.	Scheme
http://www.fpml.org/FpML-5/confirmation#BusinessCenterTime	BusinessCenterTime			complexType	shared	A type for defining a time with respect to a business day calendar location. For example, 11:00am London time.	
http://www.fpml.org/FpML-5/confirmation#BusinessCenters	BusinessCenters			complexType	shared	A type for defining business day calendar used in determining whether a day is a business day or not. A list of business day calendar locations may be ordered in the document alphabetically based on business day calendar location code. An FpML document containing an unordered business day calendar location list is still regarded as a conformant document.	
http://www.fpml.org/FpML-5/confirmation#BusinessCentersReference	BusinessCentersReference		Reference	complexType	shared	A pointer style reference to a set of business day calendar defined elsewhere in the document.	
http://www.fpml.org/FpML-5/confirmation#BusinessDateRange	BusinessDateRange		DateRange	complexType	shared	A type defining a range of contiguous business days by defining an unadjusted first date, an unadjusted last date and a business day convention and business centers for adjusting the first and last dates if they would otherwise fall on a non business day in the specified business centers. The days between the first and last date must also be good business days in the specified centers to be counted in the range.	
http://www.fpml.org/FpML-5/confirmation#BusinessDayAdjustments	BusinessDayAdjustments			complexType	shared	A type defining the business day convention and financial business centers used for adjusting any relevant date if it would otherwise fall on a day that is not a business day in the specified business centers.	
http://www.fpml.org/FpML-5/confirmation#BusinessDayAdjustmentsReference	BusinessDayAdjustmentsReference		Reference	complexType	shared	Reference to a business day adjustments structure.	
http://www.fpml.org/FpML-5/confirmation#BusinessEventIdentifier	BusinessEventIdentifier			complexType	business-events	A type defining an event identifier issued by the indicated party.	
http://www.fpml.org/FpML-5/confirmation#BusinessProcess	BusinessProcess			complexType	msg	A type that can be used to identify the type of business process in a request. Examples include Allocation, Clearing, Confirmation, etc.	Scheme
http://www.fpml.org/FpML-5/confirmation#BusinessUnit	BusinessUnit			complexType	shared	A type that represents information about a unit within an organization.	
http://www.fpml.org/FpML-5/confirmation#BusinessUnitReference	BusinessUnitReference		Reference	complexType	shared	Reference to an organizational unit.	
http://www.fpml.org/FpML-5/confirmation#BusinessUnitRole	BusinessUnitRole			complexType	shared	A type describing a role played by a unit in one or more transactions. Examples include roles such as Trader, Collateral, Confirmation, Settlement, etc. This can be extended to provide custom roles.	Scheme
http://www.fpml.org/FpML-5/confirmation#BuyerSellerAmounts	BuyerSellerAmounts			complexType	loan	A structure that defines the buyer and seller amounts of a payable.	
http://www.fpml.org/FpML-5/confirmation#CalculatedAmount	CalculatedAmount			complexType	eq-shared	An abstract base class for all calculated money amounts, which are in the currency of the cash multiplier of the calculation.	
http://www.fpml.org/FpML-5/confirmation#Calculation	Calculation			complexType	ird	A type definining the parameters used in the calculation of fixed or floating calculation period amounts.	
http://www.fpml.org/FpML-5/confirmation#CalculationAgent	CalculationAgent			complexType	shared	A type defining the ISDA calculation agent responsible for performing duties as defined in the applicable product definitions.	
http://www.fpml.org/FpML-5/confirmation#CalculationAmount	CalculationAmount		Money	complexType	cd		
http://www.fpml.org/FpML-5/confirmation#CalculationFromObservation	CalculationFromObservation			complexType	eq-shared	Abstract base class for all calculation from observed values.	
http://www.fpml.org/FpML-5/confirmation#CalculationPeriod	CalculationPeriod			complexType	ird	A type defining the parameters used in the calculation of a fixed or floating rate calculation period amount. This type forms part of cashflows representation of a swap stream.	
http://www.fpml.org/FpML-5/confirmation#CalculationPeriodAmount	CalculationPeriodAmount			complexType	ird	A type defining the parameters used in the calculation of fixed or floating rate calculation period amounts or for specifying a known calculation period amount or known amount schedule.	
http://www.fpml.org/FpML-5/confirmation#CalculationPeriodDates	CalculationPeriodDates			complexType	ird	A type defining the parameters used to generate the calculation period dates schedule, including the specification of any initial or final stub calculation periods. A calculation perod schedule consists of an optional initial stub calculation period, one or more regular calculation periods and an optional final stub calculation period. In the absence of any initial or final stub calculation periods, the regular part of the calculation period schedule is assumed to be between the effective date and the termination date. No implicit stubs are allowed, i.e. stubs must be explicitly specified using an appropriate combination of firstPeriodStateDate, firstRegularPeriodStartDate and lastRegularPeriodEndDate.	
http://www.fpml.org/FpML-5/confirmation#CalculationPeriodDatesReference	CalculationPeriodDatesReference		Reference	complexType	ird	Reference to a calculation period dates component.	
http://www.fpml.org/FpML-5/confirmation#CalculationPeriodFrequency	CalculationPeriodFrequency		Frequency	complexType	shared	A type defining the frequency at which calculation period end dates occur within the regular part of the calculation period schedule and thier roll date convention. In case the calculation frequency is of value T (term), the period is defined by the swap\swapStream\calculationPerioDates\effectiveDate and the swap\swapStream\calculationPerioDates\terminationDate.	
http://www.fpml.org/FpML-5/confirmation#CalculationPeriodsDatesReference	CalculationPeriodsDatesReference		Reference	complexType	com	A pointer style reference to single-day-duration calculation periods defined elsewhere - note that this schedule consists of a parameterised schedule in a calculationPeriodsSchedule container.	
http://www.fpml.org/FpML-5/confirmation#CalculationPeriodsReference	CalculationPeriodsReference		Reference	complexType	com	A pointer style reference to a calculation periods schedule defined elsewhere - note that this schedule consists of a series of actual dates in a calculationPeriods container.	
http://www.fpml.org/FpML-5/confirmation#CalculationPeriodsScheduleReference	CalculationPeriodsScheduleReference		Reference	complexType	com	A pointer style reference to a calculation periods schedule defined elsewhere - note that this schedule consists of a parameterised schedule in a calculationPeriodsSchedule container.	
http://www.fpml.org/FpML-5/confirmation#CalendarSpread	CalendarSpread			complexType	option-shared	A type for defining a calendar spread feature.	
http://www.fpml.org/FpML-5/confirmation#CancelableProvision	CancelableProvision			complexType	ird	A type defining the right of a party to cancel a swap transaction on the specified exercise dates. The provision is for 'walkaway' cancellation (i.e. the fair value of the swap is not paid). A fee payable on exercise can be specified.	
http://www.fpml.org/FpML-5/confirmation#CancelableProvisionAdjustedDates	CancelableProvisionAdjustedDates			complexType	ird	A type to define the adjusted dates for a cancelable provision on a swap transaction.	
http://www.fpml.org/FpML-5/confirmation#CancellationEvent	CancellationEvent			complexType	ird	The adjusted dates for a specific cancellation date, including the adjusted exercise date and adjusted termination date.	
http://www.fpml.org/FpML-5/confirmation#CapFloor	CapFloor		Product	complexType	ird	A type defining an interest rate cap, floor, or cap/floor strategy (e.g. collar) product.	
http://www.fpml.org/FpML-5/confirmation#Cash	Cash		Asset	complexType	asset		
http://www.fpml.org/FpML-5/confirmation#CashPayable	CashPayable			complexType	loan	A structure that represents payable cash, together with reference to any withholding tax being applied. This is used as a generic cash flow container across all loan business events (within the event header).	
http://www.fpml.org/FpML-5/confirmation#CashPriceMethod	CashPriceMethod			complexType	ird	A type defining the parameters necessary for each of the ISDA cash price methods for cash settlement.	
http://www.fpml.org/FpML-5/confirmation#CashSettlement	CashSettlement			complexType	ird	A type to define the cash settlement terms for a product where cash settlement is applicable.	
http://www.fpml.org/FpML-5/confirmation#CashSettlementPaymentDate	CashSettlementPaymentDate			complexType	ird	A type defining the cash settlement payment date(s) as either a set of explicit dates, together with applicable adjustments, or as a date relative to some other (anchor) date, or as any date in a range of contiguous business days.	
http://www.fpml.org/FpML-5/confirmation#CashSettlementReferenceBanks	CashSettlementReferenceBanks			complexType	shared	A type defining the list of reference institutions polled for relevant rates or prices when determining the cash settlement amount for a product where cash settlement is applicable.	
http://www.fpml.org/FpML-5/confirmation#CashSettlementTerms	CashSettlementTerms		SettlementTerms	complexType	cd		
http://www.fpml.org/FpML-5/confirmation#CashflowFixing	CashflowFixing			complexType	business-events	Details of the computation of a computed rate or price used to calculate the amount of a cashflow component. This computed rate or price may include averaging and/or various types of rate treatment rules. The details include all of the observations, the calculation parameters, and the resulting value.	
http://www.fpml.org/FpML-5/confirmation#CashflowId	CashflowId			complexType	shared	An identifier used to identify a single component cashflow.	NonEmptyScheme
http://www.fpml.org/FpML-5/confirmation#CashflowNotional	CashflowNotional			complexType	shared	The notional/principal value/quantity/volume used to compute the cashflow.	
http://www.fpml.org/FpML-5/confirmation#CashflowObservationReference	CashflowObservationReference		Reference	complexType	business-events	Reference to a cash flow observation component.	
http://www.fpml.org/FpML-5/confirmation#CashflowType	CashflowType			complexType	shared	A coding scheme used to describe the type or purpose of a cash flow or cash flow component.	Scheme
http://www.fpml.org/FpML-5/confirmation#Cashflows	Cashflows			complexType	ird	A type defining the cashflow representation of a swap trade.	
http://www.fpml.org/FpML-5/confirmation#ChangeEvent	ChangeEvent		AbstractEvent	complexType	business-events	Abstract base type for non-negotiated trade change descriptions	
http://www.fpml.org/FpML-5/confirmation#ClassifiablePayment	ClassifiablePayment		NonNegativePayment	complexType	option-shared	A classified non negative payment.	
http://www.fpml.org/FpML-5/confirmation#ClearanceSystem	ClearanceSystem			complexType	shared	Unless otherwise specified, the principal clearance system customarily used for settling trades in the relevant underlying.	Scheme
http://www.fpml.org/FpML-5/confirmation#Clearing	Clearing			complexType	confirmation-processes	A structure describing a trade registration event that is part of a clearing process.	
http://www.fpml.org/FpML-5/confirmation#ClearingConfirmed	ClearingConfirmed		NotificationMessage	complexType	confirmation-processes	A message indicating that a clearing request has been acted on and as a result a trade has been cleared.	
http://www.fpml.org/FpML-5/confirmation#ClearingEligibility	ClearingEligibility		ResponseMessage	complexType	clearing-processes		
http://www.fpml.org/FpML-5/confirmation#ClearingExceptionReason	ClearingExceptionReason			complexType	doc	The reason a trade is exempted from a clearing mandate.	Scheme
http://www.fpml.org/FpML-5/confirmation#ClearingInstructions	ClearingInstructions			complexType	business-events		
http://www.fpml.org/FpML-5/confirmation#ClearingRefused	ClearingRefused		NotificationMessage	complexType	confirmation-processes	A message indicating that a clearing request has not been acted on due to a business decision and therefore no trade has been cleared.	
http://www.fpml.org/FpML-5/confirmation#ClearingRequirements	ClearingRequirements			complexType	clearing-processes		
http://www.fpml.org/FpML-5/confirmation#ClearingStatus	ClearingStatus		NotificationMessage	complexType	confirmation-processes	A message providing the current status of a clearing request.	
http://www.fpml.org/FpML-5/confirmation#ClearingStatusItem	ClearingStatusItem			complexType	business-events	A component of a clearing status report. This provides the clearing status for a single trade.	
http://www.fpml.org/FpML-5/confirmation#ClearingStatusValue	ClearingStatusValue			complexType	doc	The current status value of a clearing request.	Scheme
http://www.fpml.org/FpML-5/confirmation#CoalAttributeDecimal	CoalAttributeDecimal			complexType	com	The different options for specifying the attributes of a coal quality measure as a decimal value.	
http://www.fpml.org/FpML-5/confirmation#CoalAttributePercentage	CoalAttributePercentage			complexType	com	The different options for specifying the attributes of a coal quality measure as a percentage of the measured value.	
http://www.fpml.org/FpML-5/confirmation#CoalDelivery	CoalDelivery			complexType	com	The physical delivery conditions for coal.	
http://www.fpml.org/FpML-5/confirmation#CoalDeliveryPoint	CoalDeliveryPoint			complexType	com	A scheme identifying the types of the Delivery Point for a physically settled coal trade.	Scheme
http://www.fpml.org/FpML-5/confirmation#CoalPhysicalLeg	CoalPhysicalLeg		PhysicalSwapLeg	complexType	com	Physically settled leg of a physically settled coal transaction.	
http://www.fpml.org/FpML-5/confirmation#CoalProduct	CoalProduct			complexType	com	A type defining the characteristics of the coal being traded in a physically settled gas transaction.	
http://www.fpml.org/FpML-5/confirmation#CoalProductSource	CoalProductSource			complexType	com	A scheme identifying the sources of coal for a physically settled coal trade.	Scheme
http://www.fpml.org/FpML-5/confirmation#CoalProductSpecifications	CoalProductSpecifications			complexType	com	The different options for specifying the quality attributes of the coal to be delivered.	
http://www.fpml.org/FpML-5/confirmation#CoalProductType	CoalProductType			complexType	com	A scheme identifying the types of coal for a physically settled coal trade.	Scheme
http://www.fpml.org/FpML-5/confirmation#CoalQualityAdjustments	CoalQualityAdjustments			complexType	com	A scheme identifying the quality adjustment formulae for a physically settled coal trade.	Scheme
http://www.fpml.org/FpML-5/confirmation#CoalStandardQuality	CoalStandardQuality			complexType	com	The quality attributes of the coal to be delivered.	
http://www.fpml.org/FpML-5/confirmation#CoalStandardQualitySchedule	CoalStandardQualitySchedule			complexType	com	The quality attributes of the coal to be delivered, specified on a periodic basis.	
http://www.fpml.org/FpML-5/confirmation#CoalTransportationEquipment	CoalTransportationEquipment			complexType	com	A scheme identifying the methods by which coal may be transported.	Scheme
http://www.fpml.org/FpML-5/confirmation#Collateral	Collateral			complexType	shared	A type for defining the obligations of the counterparty subject to credit support requirements.	
http://www.fpml.org/FpML-5/confirmation#CollateralAllocationAccepted	CollateralAllocationAccepted		ResponseMessage	complexType	confirmation-processes		
http://www.fpml.org/FpML-5/confirmation#CollateralArrangement	CollateralArrangement			complexType	repo	(SFTR required field.) Method used to provide collateral. Indication whether the collateral is subject to a title transfer collateral arrangement, a securities financial collateral arrangement, or a securities financial with the right of use.	Scheme
http://www.fpml.org/FpML-5/confirmation#CollateralPortfolio	CollateralPortfolio			complexType	reg-reporting-shared	The CollateralPortfolio component provides the ability to specify the collateral in support of the transaction reporting as of a particular value date. It includes unbounded choice of cash or nonCash collateral. This model would allow mixing cash and non-cash collateral without any regards to order. In real life transaction, you almost always see some cash or a collection of non-cash collateral blocs.	
http://www.fpml.org/FpML-5/confirmation#CollateralPortfolioId	CollateralPortfolioId			complexType	reg-reporting-shared		Scheme
http://www.fpml.org/FpML-5/confirmation#CollateralPosition	CollateralPosition		SecurityValuation	complexType	reg-reporting-shared		
http://www.fpml.org/FpML-5/confirmation#CollateralProfile	CollateralProfile			complexType	repo		Scheme
http://www.fpml.org/FpML-5/confirmation#CollateralType	CollateralType			complexType	repo		Scheme
http://www.fpml.org/FpML-5/confirmation#CollateralValuation	CollateralValuation			complexType	repo	This type is used in Repo trades, to specify the valuation of a specific piece of collateral in the transaction.	
http://www.fpml.org/FpML-5/confirmation#CollateralValueAllocation	CollateralValueAllocation			complexType	shared		
http://www.fpml.org/FpML-5/confirmation#CollateralizationType	CollateralizationType			complexType	shared	Code that describes what type of collateral is posted by a party to a transaction. Options include Uncollateralized, Partial, Full, One-Way.	Scheme
http://www.fpml.org/FpML-5/confirmation#CollateralizedExposureGrouping	CollateralizedExposureGrouping			complexType	shared	A type containing a code representing the aggregation level at which the trade collateralized exposure is calculated(e.g. Single Trade or Net Exposure.)	Scheme
http://www.fpml.org/FpML-5/confirmation#Commission	Commission			complexType	asset	A type describing the commission that will be charged for each of the hedge transactions.	
http://www.fpml.org/FpML-5/confirmation#CommitmentAdjustment	CommitmentAdjustment		AbstractFacilityEvent	complexType	loan	An event defining a future change in facility commitment.	
http://www.fpml.org/FpML-5/confirmation#CommitmentChange	CommitmentChange			complexType	loan	A structure which specifies the commitment changes occurring throughout the life of a facility.	
http://www.fpml.org/FpML-5/confirmation#CommitmentSchedule	CommitmentSchedule			complexType	loan	A structure that represents a complete amortization schedule through the life of a facility.	
http://www.fpml.org/FpML-5/confirmation#Commodity	Commodity		IdentifiedAsset	complexType	asset	A type describing a commodity underlying asset.	
http://www.fpml.org/FpML-5/confirmation#CommodityAmericanExercise	CommodityAmericanExercise		Exercise	complexType	com	A type for defining exercise procedures associated with an American style exercise of a commodity option.	
http://www.fpml.org/FpML-5/confirmation#CommodityBarrier	CommodityBarrier			complexType	com	The specification of how a barrier option will trigger (that is, knock-in or knock-out) or expire based on the position of the spot rate relative to trigger level.	
http://www.fpml.org/FpML-5/confirmation#CommodityBase	CommodityBase			complexType	asset		Scheme
http://www.fpml.org/FpML-5/confirmation#CommodityBasket	CommodityBasket			complexType	com	Describes the swap's underlyer when it has multiple asset components.	
http://www.fpml.org/FpML-5/confirmation#CommodityBasketBase	CommodityBasketBase			complexType	com	Abstract base class for all underlying assets.	
http://www.fpml.org/FpML-5/confirmation#CommodityBasketByNotional	CommodityBasketByNotional		CommodityBasketBase	complexType	com		
http://www.fpml.org/FpML-5/confirmation#CommodityBasketByPercentage	CommodityBasketByPercentage		CommodityBasketBase	complexType	com		
http://www.fpml.org/FpML-5/confirmation#CommodityBasketOption	CommodityBasketOption		Option	complexType	com		
http://www.fpml.org/FpML-5/confirmation#CommodityBasketUnderlyingBase	CommodityBasketUnderlyingBase			complexType	com		
http://www.fpml.org/FpML-5/confirmation#CommodityBasketUnderlyingByNotional	CommodityBasketUnderlyingByNotional		CommodityBasketUnderlyingBase	complexType	com		
http://www.fpml.org/FpML-5/confirmation#CommodityBasketUnderlyingByPercentage	CommodityBasketUnderlyingByPercentage		CommodityBasketUnderlyingBase	complexType	com		
http://www.fpml.org/FpML-5/confirmation#CommodityBusinessCalendar	CommodityBusinessCalendar			complexType	asset	Defines a commodity business day calendar.	Scheme
http://www.fpml.org/FpML-5/confirmation#CommodityCalculationPeriodsSchedule	CommodityCalculationPeriodsSchedule		Frequency	complexType	com	A parametric representation of the Calculation Periods for on Asian option or a leg of a swap. In case the calculation frequency is of value T (term), the period is defined by the commoditySwap\effectiveDate and the commoditySwap\terminationDate.	
http://www.fpml.org/FpML-5/confirmation#CommodityDeliveryPeriods	CommodityDeliveryPeriods			complexType	com	The different options for specifying the Delivery Periods of a physical leg.	
http://www.fpml.org/FpML-5/confirmation#CommodityDeliveryPoint	CommodityDeliveryPoint			complexType	com	A scheme identifying the types of the Delivery Point for a physically settled commodity trade.	Scheme
http://www.fpml.org/FpML-5/confirmation#CommodityDeliveryRisk	CommodityDeliveryRisk			complexType	com	A scheme identifying how the parties to the trade aportion responsibility for the delivery of the commodity product (for example Free On Board, Cost, Insurance, Freight)	Scheme
http://www.fpml.org/FpML-5/confirmation#CommodityDetails	CommodityDetails			complexType	asset		Scheme
http://www.fpml.org/FpML-5/confirmation#CommodityDigital	CommodityDigital			complexType	com	Defined the conditions under which the digital option can triggers and, if triggered, what payment results.	
http://www.fpml.org/FpML-5/confirmation#CommodityDigitalExercise	CommodityDigitalExercise			complexType	com	The parameters for defining how the commodity digital option can be exercised. It differs from the CommodityExercise type in that it lacks a specification of Settlement Currency. The Settlement Currency is specified in the 'featurePayment' element.	
http://www.fpml.org/FpML-5/confirmation#CommodityDigitalOption	CommodityDigitalOption		Option	complexType	com	Defines the digital commodity option product type. Digital options exercise when a barrier is breached and are financially settled. The 'commodityDigitalOption' type is an extension of the 'commodityOption' product.	
http://www.fpml.org/FpML-5/confirmation#CommodityEuropeanExercise	CommodityEuropeanExercise		Exercise	complexType	com	A type for defining exercise procedures associated with a European style exercise of a commodity option.	
http://www.fpml.org/FpML-5/confirmation#CommodityExercise	CommodityExercise			complexType	com	The parameters for defining how the commodity option can be exercised, how it is priced and how it is settled.	
http://www.fpml.org/FpML-5/confirmation#CommodityExerciseBasket	CommodityExerciseBasket			complexType	com	The parameters for defining how the commodity option can be exercised, how it is priced and how it is settled.	
http://www.fpml.org/FpML-5/confirmation#CommodityExercisePeriods	CommodityExercisePeriods			complexType	com		
http://www.fpml.org/FpML-5/confirmation#CommodityExpireRelativeToEvent	CommodityExpireRelativeToEvent			complexType	com	A scheme identifying the physical event relative to which option expiration occurs.	Scheme
http://www.fpml.org/FpML-5/confirmation#CommodityFixedInterestCalculation	CommodityFixedInterestCalculation			complexType	com		
http://www.fpml.org/FpML-5/confirmation#CommodityFixedPriceSchedule	CommodityFixedPriceSchedule			complexType	com	The Fixed Price for a given Calculation Period during the life of the trade. There must be a Fixed Price step specified for each Calculation Period, regardless of whether the Fixed Price changes or remains the same between periods.	
http://www.fpml.org/FpML-5/confirmation#CommodityForward	CommodityForward		Product	complexType	com	Commodity Forward	
http://www.fpml.org/FpML-5/confirmation#CommodityForwardLeg	CommodityForwardLeg		Leg	complexType	com	Abstract base class for all commodity forward legs.	
http://www.fpml.org/FpML-5/confirmation#CommodityFrequencyType	CommodityFrequencyType			complexType	com	Frequency Type for use in Pricing Date specifications.	Scheme
http://www.fpml.org/FpML-5/confirmation#CommodityFx	CommodityFx			complexType	com	A type defining the FX observations to be used to convert the observed Commodity Reference Price to the Settlement Currency. The rate source must be specified. Additionally, a time for the spot price to be observed on that source may be specified, or else an averaging schedule for trades priced using an average FX rate.	
http://www.fpml.org/FpML-5/confirmation#CommodityFxType	CommodityFxType			complexType	com	Identifes how the FX rate will be applied. This is intended to differentiate between the various methods for applying FX to the floating price such as a daily calculation, or averaging the FX and applying the average at the end of each CalculationPeriod.	Scheme
http://www.fpml.org/FpML-5/confirmation#CommodityHub	CommodityHub			complexType	com	A type defining a hub or other reference for a physically settled commodity trade.	
http://www.fpml.org/FpML-5/confirmation#CommodityHubCode	CommodityHubCode			complexType	com	A scheme identifying the code for a hub or other reference for a physically settled commodity trade.	Scheme
http://www.fpml.org/FpML-5/confirmation#CommodityInformationProvider	CommodityInformationProvider			complexType	asset	The publication in which the rate, price, index or factor is to be found. (e.g Gas Daily, Platts Bloomberg.)	Scheme
http://www.fpml.org/FpML-5/confirmation#CommodityInformationSource	CommodityInformationSource			complexType	asset	A type defining the source of a commodity rate, price or index or of a market rate or of a conversion factor (e.g. a fx conversion factor).	
http://www.fpml.org/FpML-5/confirmation#CommodityInterestLeg	CommodityInterestLeg		CommodityPerformanceSwapLeg	complexType	com	A type describing the interest rate leg (a.k.a fee leg) of the commodity performance swap.	
http://www.fpml.org/FpML-5/confirmation#CommodityMarketDisruption	CommodityMarketDisruption			complexType	com	ISDA 1993 or 2005 commodity market disruption elements.	
http://www.fpml.org/FpML-5/confirmation#CommodityMetalBrand	CommodityMetalBrand			complexType	com		
http://www.fpml.org/FpML-5/confirmation#CommodityMetalBrandManager	CommodityMetalBrandManager			complexType	com		Scheme
http://www.fpml.org/FpML-5/confirmation#CommodityMetalBrandName	CommodityMetalBrandName			complexType	com	The name of the entity that issues the brand	Scheme
http://www.fpml.org/FpML-5/confirmation#CommodityMetalGrade	CommodityMetalGrade			complexType	com		Scheme
http://www.fpml.org/FpML-5/confirmation#CommodityMetalProducer	CommodityMetalProducer			complexType	com		Scheme
http://www.fpml.org/FpML-5/confirmation#CommodityMetalShape	CommodityMetalShape			complexType	com		Scheme
http://www.fpml.org/FpML-5/confirmation#CommodityMultipleExercise	CommodityMultipleExercise			complexType	com	A type for defining the multiple exercise provisions of an American style commodity option.	
http://www.fpml.org/FpML-5/confirmation#CommodityNotionalAmount	CommodityNotionalAmount		NonNegativeMoney	complexType	com	A complex type to specify the notional amount.	
http://www.fpml.org/FpML-5/confirmation#CommodityNotionalAmountReference	CommodityNotionalAmountReference		Reference	complexType	com	A reference to the return swap notional amount.	
http://www.fpml.org/FpML-5/confirmation#CommodityNotionalQuantity	CommodityNotionalQuantity			complexType	com	Commodity Notional.	
http://www.fpml.org/FpML-5/confirmation#CommodityNotionalQuantitySchedule	CommodityNotionalQuantitySchedule			complexType	com	The Notional Quantity per Calculation Period. There must be a Notional Quantity step specified for each Calculation Period, regardless of whether the Notional Quantity changes or remains the same between periods.	
http://www.fpml.org/FpML-5/confirmation#CommodityOption	CommodityOption		Product	complexType	com	Defines a commodity option product type. The product support for financially-settled exercises or exercise into physical forward contracts written on precious and non-precious metals. options in FpML is based on the creation of a 'commodityOption' product. The product references the 'commodity' underlyer in order to support the underlying asset of the option.	
http://www.fpml.org/FpML-5/confirmation#CommodityPayRelativeToEvent	CommodityPayRelativeToEvent			complexType	com	A scheme identifying the physical event relative to which payment occurs.	Scheme
http://www.fpml.org/FpML-5/confirmation#CommodityPerformanceSwap	CommodityPerformanceSwap		CommodityPerformanceSwapBase	complexType	com	A type describing a commodity performance swap in which one leg pays out based on the return on a reference commodity index or commodity reference price.	
http://www.fpml.org/FpML-5/confirmation#CommodityPerformanceSwapBase	CommodityPerformanceSwapBase		Product	complexType	com	A product with which to represent return swaps, total return swaps and excess return swaps.	
http://www.fpml.org/FpML-5/confirmation#CommodityPerformanceSwapEarlyTermination	CommodityPerformanceSwapEarlyTermination			complexType	com		
http://www.fpml.org/FpML-5/confirmation#CommodityPerformanceSwapLeg	CommodityPerformanceSwapLeg		Leg	complexType	com	Abstract base class for all commodity performance swap legs.	
http://www.fpml.org/FpML-5/confirmation#CommodityPhysicalAmericanExercise	CommodityPhysicalAmericanExercise		Exercise	complexType	com	The parameters for defining the expiration date(s) and time(s) for an American style option.	
http://www.fpml.org/FpML-5/confirmation#CommodityPhysicalEuropeanExercise	CommodityPhysicalEuropeanExercise		Exercise	complexType	com	The parameters for defining the expiration date(s) and time(s) for a European style option.	
http://www.fpml.org/FpML-5/confirmation#CommodityPhysicalExercise	CommodityPhysicalExercise			complexType	com	The parameters for defining how the physically-settled commodity option can be exercised and how it is settled.	
http://www.fpml.org/FpML-5/confirmation#CommodityPhysicalQuantity	CommodityPhysicalQuantity		CommodityPhysicalQuantityBase	complexType	com	A type defining the physical quantity of the commodity to be delivered.	
http://www.fpml.org/FpML-5/confirmation#CommodityPhysicalQuantityBase	CommodityPhysicalQuantityBase			complexType	com	An abstract base class for physical quantity types.	
http://www.fpml.org/FpML-5/confirmation#CommodityPhysicalQuantitySchedule	CommodityPhysicalQuantitySchedule			complexType	com	The Quantity per Delivery Period. There must be a Quantity step specified for each Delivery Period, regardless of whether the Quantity changes or remains the same between periods.	
http://www.fpml.org/FpML-5/confirmation#CommodityPipeline	CommodityPipeline			complexType	com	The pipeline through which the physical commodity will be delivered.	Scheme
http://www.fpml.org/FpML-5/confirmation#CommodityPipelineCycle	CommodityPipelineCycle			complexType	com	The pipeline cycle during which the physical commodity will be delivered.	Scheme
http://www.fpml.org/FpML-5/confirmation#CommodityPremium	CommodityPremium		NonNegativePayment	complexType	com	The commodity option premium payable by the buyer to the seller.	
http://www.fpml.org/FpML-5/confirmation#CommodityPricingDates	CommodityPricingDates			complexType	com	The dates on which prices are observed for the underlyer.	
http://www.fpml.org/FpML-5/confirmation#CommodityProductGrade	CommodityProductGrade			complexType	com	A scheme identifying the grade of physical commodity product to be delivered.	Scheme
http://www.fpml.org/FpML-5/confirmation#CommodityQuantityFrequency	CommodityQuantityFrequency			complexType	com	A type for defining the frequency at which the Notional Quantity is deemed to apply for purposes of calculating the Total Notional Quantity.	Scheme
http://www.fpml.org/FpML-5/confirmation#CommodityRelativeExpirationDates	CommodityRelativeExpirationDates			complexType	com	The Expiration Dates of the trade relative to the Calculation Periods.	
http://www.fpml.org/FpML-5/confirmation#CommodityRelativePaymentDates	CommodityRelativePaymentDates			complexType	com	The Payment Dates of the trade relative to the Calculation Periods.	
http://www.fpml.org/FpML-5/confirmation#CommodityReturnCalculation	CommodityReturnCalculation			complexType	com		
http://www.fpml.org/FpML-5/confirmation#CommodityReturnLeg	CommodityReturnLeg		CommodityPerformanceSwapLeg	complexType	com	A type describing the return leg of a commodity return swap.	
http://www.fpml.org/FpML-5/confirmation#CommoditySettlementPeriodsNotionalQuantity	CommoditySettlementPeriodsNotionalQuantity		CommodityNotionalQuantity	complexType	com	The notional quantity of electricity that applies to one or more groups of Settlement Periods.	
http://www.fpml.org/FpML-5/confirmation#CommoditySettlementPeriodsNotionalQuantitySchedule	CommoditySettlementPeriodsNotionalQuantitySchedule			complexType	com	The notional quantity schedule of electricity that applies to one or more groups of Settlement Periods.	
http://www.fpml.org/FpML-5/confirmation#CommoditySettlementPeriodsPriceSchedule	CommoditySettlementPeriodsPriceSchedule			complexType	com	The fixed price schedule for electricity that applies to one or more groups of Settlement Periods.	
http://www.fpml.org/FpML-5/confirmation#CommoditySpread	CommoditySpread		Money	complexType	com		
http://www.fpml.org/FpML-5/confirmation#CommoditySpreadSchedule	CommoditySpreadSchedule			complexType	com	The Spread per Calculation Period. There must be a Spread specified for each Calculation Period, regardless of whether the Spread changes or remains the same between periods.	
http://www.fpml.org/FpML-5/confirmation#CommodityStartingDate	CommodityStartingDate			complexType	com	A type specifying the date from which the early termination clause can be exercised.	
http://www.fpml.org/FpML-5/confirmation#CommodityStrikeSchedule	CommodityStrikeSchedule			complexType	com	The Strike Price per Unit per Calculation Period. There must be a Strike Price per Unit step specified for each Calculation Period, regardless of whether the Strike changes or remains the same between periods.	
http://www.fpml.org/FpML-5/confirmation#CommoditySwap	CommoditySwap		Product	complexType	com	The commodity swap product model is designed to support fixed-float swaps, float-float swaps, fixed vs. physical swaps, float vs. physical swaps as well as, weather specific swaps. Its design is fully compatible with other FpML products and the product reuses standard common types.	
http://www.fpml.org/FpML-5/confirmation#CommoditySwapLeg	CommoditySwapLeg		Leg	complexType	com	Abstract base class for all commodity swap legs	
http://www.fpml.org/FpML-5/confirmation#CommoditySwaption	CommoditySwaption		Product	complexType	com	Commodity Swaption.	
http://www.fpml.org/FpML-5/confirmation#CommoditySwaptionUnderlying	CommoditySwaptionUnderlying			complexType	com		
http://www.fpml.org/FpML-5/confirmation#CommodityTrigger	CommodityTrigger			complexType	com	The barrier which, when breached, triggers the knock-in or knock-out of the barrier option.	
http://www.fpml.org/FpML-5/confirmation#CommodityValuationDates	CommodityValuationDates			complexType	com	The dates on which prices are observed for the underlyer.	
http://www.fpml.org/FpML-5/confirmation#CommodityVarianceCalculation	CommodityVarianceCalculation			complexType	com		
http://www.fpml.org/FpML-5/confirmation#CommodityVarianceLeg	CommodityVarianceLeg		CommodityPerformanceSwapLeg	complexType	com	A type describing the variance leg of a commodity variance swap.	
http://www.fpml.org/FpML-5/confirmation#Composite	Composite			complexType	option-shared	Specifies the conditions to be applied for converting into a reference currency when the actual currency rate is not determined upfront.	
http://www.fpml.org/FpML-5/confirmation#Compounding	Compounding			complexType	eq-shared	Specifies the compounding method and the compounding rate.	
http://www.fpml.org/FpML-5/confirmation#CompoundingFrequency	CompoundingFrequency			complexType	mktenv	The frequency at which a rate is compounded.	Scheme
http://www.fpml.org/FpML-5/confirmation#CompoundingRate	CompoundingRate			complexType	eq-shared	A type defining a compounding rate. The compounding interest can either point back to the floating rate calculation of interest calculation node on the Interest Leg, or be defined specifically.	
http://www.fpml.org/FpML-5/confirmation#CompressionActivity	CompressionActivity			complexType	business-events	A type that shows how multiple trades have been combined into a result.	
http://www.fpml.org/FpML-5/confirmation#CompressionType	CompressionType			complexType	business-events	A type that identifies the type of trade amalgamation, for example netting or portfolio compression.	Scheme
http://www.fpml.org/FpML-5/confirmation#ConfirmationAgreed	ConfirmationAgreed		ResponseMessage	complexType	confirmation-processes	A message indicating that a confirmation has been agreed by a counterparty.	
http://www.fpml.org/FpML-5/confirmation#ConfirmationDisputed	ConfirmationDisputed		ResponseMessage	complexType	confirmation-processes	A message indicating that a confirmation has not been agreed by a counterparty.	
http://www.fpml.org/FpML-5/confirmation#ConfirmationMethod	ConfirmationMethod			complexType	doc	A type used to represent the type of mechanism that can be used to confirm a trade.	Scheme
http://www.fpml.org/FpML-5/confirmation#ConfirmationRetracted	ConfirmationRetracted		NonCorrectableRequestMessage	complexType	confirmation-processes	A message indicating that a confirmation request has been withdrawn by the submitter.	
http://www.fpml.org/FpML-5/confirmation#ConfirmationStatus	ConfirmationStatus		ResponseMessage	complexType	confirmation-processes	Message for sending matching results. Response message that returns the status of an event that have been submitted for matching.	
http://www.fpml.org/FpML-5/confirmation#ConsentGranted	ConsentGranted		ResponseMessage	complexType	confirmation-processes	A message indicating that the sender grants consent for the recipient to perform the requested action.	
http://www.fpml.org/FpML-5/confirmation#ConsentRefused	ConsentRefused		ResponseMessage	complexType	confirmation-processes	A message indicating that the sender does not grant consent for the recipient to perform the requested action.	
http://www.fpml.org/FpML-5/confirmation#ConstituentWeight	ConstituentWeight			complexType	asset	A type describing the weight of each of the underlyer constituent within the basket, either in absolute or relative terms.	
http://www.fpml.org/FpML-5/confirmation#ContactInformation	ContactInformation			complexType	shared	A type that represents how to contact an individual or organization.	
http://www.fpml.org/FpML-5/confirmation#ContractId	ContractId			complexType	doc	A contact id identifier allocated by a party. FpML does not define the domain values associated with this element.	NonEmptyScheme
http://www.fpml.org/FpML-5/confirmation#ContractIdentifier	ContractIdentifier			complexType	doc	A type defining a contract identifier issued by the indicated party.	
http://www.fpml.org/FpML-5/confirmation#ContractualDefinitions	ContractualDefinitions			complexType	shared	The definitions, such as those published by ISDA, that will define the terms of the trade.	Scheme
http://www.fpml.org/FpML-5/confirmation#ContractualMatrix	ContractualMatrix			complexType	shared		
http://www.fpml.org/FpML-5/confirmation#ContractualSupplement	ContractualSupplement			complexType	shared	A contractual supplement (such as those published by ISDA) that will apply to the trade.	Scheme
http://www.fpml.org/FpML-5/confirmation#ContractualTermsSupplement	ContractualTermsSupplement			complexType	shared	A contractual supplement (such as those published by ISDA) and its publication date that will apply to the trade.	
http://www.fpml.org/FpML-5/confirmation#ConvertibleBond	ConvertibleBond		Bond	complexType	asset		
http://www.fpml.org/FpML-5/confirmation#CorporateActionEvent	CorporateActionEvent		ChangeEvent	complexType	business-events	A structure indicating that a trade has changed due to a corporate action	
http://www.fpml.org/FpML-5/confirmation#CorporateActionType	CorporateActionType			complexType	business-events	A type that describes what type of corporate action occurred.	Scheme
http://www.fpml.org/FpML-5/confirmation#CorrectableRequestMessage	CorrectableRequestMessage		RequestMessage	complexType	msg	A type defining the content model for a request message that can be subsequently corrected or retracted.	
http://www.fpml.org/FpML-5/confirmation#Correlation	Correlation		CalculationFromObservation	complexType	eq-shared	A type describing the correlation amount of a correlation swap.	
http://www.fpml.org/FpML-5/confirmation#CorrelationAmount	CorrelationAmount		CalculatedAmount	complexType	correlation-swaps	Correlation Amount.	
http://www.fpml.org/FpML-5/confirmation#CorrelationId	CorrelationId			complexType	msg	A type defining a correlation identifier and qualifying scheme	NonEmptyScheme
http://www.fpml.org/FpML-5/confirmation#CorrelationLeg	CorrelationLeg		DirectionalLegUnderlyerValuation	complexType	correlation-swaps	A type describing return which is driven by a Correlation calculation.	
http://www.fpml.org/FpML-5/confirmation#CorrelationSwap	CorrelationSwap		NettedSwapBase	complexType	correlation-swaps	A Correlation Swap modelled using a single netted leg.	
http://www.fpml.org/FpML-5/confirmation#CorrespondentInformation	CorrespondentInformation			complexType	shared	A type that describes the information to identify a correspondent bank that will make delivery of the funds on the paying bank's behalf in the country where the payment is to be made.	
http://www.fpml.org/FpML-5/confirmation#CountryCode	CountryCode			complexType	shared	The code representation of a country or an area of special sovereignty. By default it is a valid 2 character country code as defined by the ISO standard 3166-1 alpha-2 - Codes for representation of countries http://www.niso.org/standards/resources/3166.html.	Token
http://www.fpml.org/FpML-5/confirmation#CouponType	CouponType			complexType	asset	Defines a scheme of values for specifiying if the bond has a variable coupon, step-up/down coupon or a zero-coupon.	Scheme
http://www.fpml.org/FpML-5/confirmation#CreditCurve	CreditCurve		PricingStructure	complexType	mktenv	A generic credit curve definition.	
http://www.fpml.org/FpML-5/confirmation#CreditCurveValuation	CreditCurveValuation		PricingStructureValuation	complexType	mktenv	A set of credit curve values, which can include pricing inputs (which are typically credit spreads), default probabilities, and recovery rates.	
http://www.fpml.org/FpML-5/confirmation#CreditDefaultSwap	CreditDefaultSwap		Product	complexType	cd		
http://www.fpml.org/FpML-5/confirmation#CreditDefaultSwapOption	CreditDefaultSwapOption		OptionBaseExtended	complexType	cd	A complex type to support the credit default swap option.	
http://www.fpml.org/FpML-5/confirmation#CreditDerivativesNotices	CreditDerivativesNotices			complexType	doc		
http://www.fpml.org/FpML-5/confirmation#CreditDocument	CreditDocument			complexType	doc	A credit arrangement used in support of swaps trading.	Scheme
http://www.fpml.org/FpML-5/confirmation#CreditEvent	CreditEvent			complexType	credit-event-notification		
http://www.fpml.org/FpML-5/confirmation#CreditEventNotice	CreditEventNotice			complexType	option-shared		
http://www.fpml.org/FpML-5/confirmation#CreditEventNoticeDocument	CreditEventNoticeDocument			complexType	credit-event-notification	An event type that records the occurrence of a credit event notice.	
http://www.fpml.org/FpML-5/confirmation#CreditEventNotification	CreditEventNotification		CorrectableRequestMessage	complexType	credit-event-notification	A message type defining the ISDA defined Credit Event Notice. ISDA defines it as an irrevocable notice from a Notifying Party to the other party that describes a Credit Event that occurred. A Credit Event Notice must contain detail of the facts relevant to the determination that a Credit Event has occurred.	
http://www.fpml.org/FpML-5/confirmation#CreditEventNotificationRetracted	CreditEventNotificationRetracted		NonCorrectableRequestMessage	complexType	credit-event-notification	A message type retracting a previous credit event notification.	
http://www.fpml.org/FpML-5/confirmation#CreditEvents	CreditEvents			complexType	option-shared		
http://www.fpml.org/FpML-5/confirmation#CreditEventsReference	CreditEventsReference		Reference	complexType	option-shared	Reference to credit events.	
http://www.fpml.org/FpML-5/confirmation#CreditLimit	CreditLimit		CreditLimitBase	complexType	business-events	A structure describing a credit limit with applicability constraints.	
http://www.fpml.org/FpML-5/confirmation#CreditLimitBase	CreditLimitBase			complexType	business-events	A structure describing a basic credit limit.	
http://www.fpml.org/FpML-5/confirmation#CreditLimitInformation	CreditLimitInformation			complexType	business-events		
http://www.fpml.org/FpML-5/confirmation#CreditLimitUtilization	CreditLimitUtilization			complexType	business-events		
http://www.fpml.org/FpML-5/confirmation#CreditLimitUtilizationPosition	CreditLimitUtilizationPosition			complexType	business-events		
http://www.fpml.org/FpML-5/confirmation#CreditOptionStrike	CreditOptionStrike			complexType	cd	A complex type to specify the strike of a credit swaption or a credit default swap option.	
http://www.fpml.org/FpML-5/confirmation#CreditQuality	CreditQuality			complexType	asset		Scheme
http://www.fpml.org/FpML-5/confirmation#CreditRating	CreditRating			complexType	shared	A party's credit rating.	Scheme
http://www.fpml.org/FpML-5/confirmation#CreditSeniority	CreditSeniority			complexType	shared	The repayment precedence of a debt instrument.	Scheme
http://www.fpml.org/FpML-5/confirmation#CreditSupportAgreement	CreditSupportAgreement			complexType	shared	The agreement executed between the parties and intended to govern collateral arrangement for all OTC derivatives transactions between those parties.	
http://www.fpml.org/FpML-5/confirmation#CreditSupportAgreementIdentifier	CreditSupportAgreementIdentifier			complexType	shared		NonEmptyScheme
http://www.fpml.org/FpML-5/confirmation#CreditSupportAgreementType	CreditSupportAgreementType			complexType	shared		Scheme
http://www.fpml.org/FpML-5/confirmation#CrossCurrencyMethod	CrossCurrencyMethod			complexType	ird		
http://www.fpml.org/FpML-5/confirmation#CrossRate	CrossRate		QuotedCurrencyPair	complexType	fx	A type that is used for including the currency exchange rates used to cross between the traded currencies for non-base currency FX contracts.	
http://www.fpml.org/FpML-5/confirmation#Currency	Currency			complexType	shared	The code representation of a currency or fund. By default it is a valid currency code as defined by the ISO standard 4217 - Codes for representation of currencies and funds http://www.iso.org/iso/en/prods-services/popstds/currencycodeslist.html.	Scheme
http://www.fpml.org/FpML-5/confirmation#CurrencyPairClassification	CurrencyPairClassification			complexType	doc	A type containing a code representing the risk classification of a currency pair, as specified by a regulator.	Scheme
http://www.fpml.org/FpML-5/confirmation#CutName	CutName			complexType	fx	Allows for an option expiry cut time to be described by name, as per established market convention. Note: the FX Working Group has resolved not to extend the cutNameScheme coding scheme. The expiryTime element should be used in preference to cutName as the formal definition of FX option expiry time.	Scheme
http://www.fpml.org/FpML-5/confirmation#DataDocument	DataDocument		Document	complexType	doc	A type defining a content model that is backwards compatible with older FpML releases and which can be used to contain sets of data without expressing any processing intention.	
http://www.fpml.org/FpML-5/confirmation#DataProvider	DataProvider			complexType	com	Specify as applicable. Parties may wish to refer to the state meteorological authority in a particular location or to an exchange or other third party data provider. Parties may find the definitions in the Commodity Definitions useful as a means of identifying potential Data Providers.	Scheme
http://www.fpml.org/FpML-5/confirmation#DateList	DateList			complexType	shared	List of Dates	
http://www.fpml.org/FpML-5/confirmation#DateOffset	DateOffset		Offset	complexType	shared	A type defining an offset used in calculating a date when this date is defined in reference to another date through a date offset. The type includes the convention for adjusting the date and an optional sequence element to indicate the order in a sequence of multiple date offsets.	
http://www.fpml.org/FpML-5/confirmation#DateRange	DateRange			complexType	shared	A type defining a contiguous series of calendar dates. The date range is defined as all the dates between and including the first and the last date. The first date must fall before the last date.	
http://www.fpml.org/FpML-5/confirmation#DateReference	DateReference		Reference	complexType	shared	Reference to an identified date or a complex date structure.	
http://www.fpml.org/FpML-5/confirmation#DateRelativeToCalculationPeriodDates	DateRelativeToCalculationPeriodDates			complexType	ird	A type to provide the ability to point to multiple payment nodes in the document through the unbounded paymentDatesReference.	
http://www.fpml.org/FpML-5/confirmation#DateRelativeToPaymentDates	DateRelativeToPaymentDates			complexType	ird	A type to provide the ability to point to multiple payment nodes in the document through the unbounded paymentDatesReference.	
http://www.fpml.org/FpML-5/confirmation#DateTimeList	DateTimeList			complexType	shared	List of DateTimes	
http://www.fpml.org/FpML-5/confirmation#DayCountFraction	DayCountFraction			complexType	shared	The specification for how the number of days between two dates is calculated for purposes of calculation of a fixed or floating payment amount and the basis for how many days are assumed to be in a year. Day Count Fraction is an ISDA term. The equivalent AFB (Association Francaise de Banques) term is Calculation Basis.	Scheme
http://www.fpml.org/FpML-5/confirmation#DeClear	DeClear			complexType	business-events	A structure describing a declear event. The deClear event allows a firm to request that a trade be removed from clearing, or a clearing service to request consent for this, or to report that is has been done.	
http://www.fpml.org/FpML-5/confirmation#Deal	Deal		DealSummary	complexType	loan	A syndicated bank loan deal (credit agreement) definition.	
http://www.fpml.org/FpML-5/confirmation#DealIdentifier	DealIdentifier		IdentifiedAssetWithParty	complexType	loan	A unique reference to a syndicated bank loan deal (credit agreement).	
http://www.fpml.org/FpML-5/confirmation#DealReference	DealReference		Reference	complexType	loan	A reference to a deal.	
http://www.fpml.org/FpML-5/confirmation#DealStatement	DealStatement		AbstractLoanStatement	complexType	loan	A full set of deal and facility definitions valid as of a specific date.	
http://www.fpml.org/FpML-5/confirmation#DealSummary	DealSummary		DealIdentifier	complexType	loan	A short form of a deal.	
http://www.fpml.org/FpML-5/confirmation#DeclearReason	DeclearReason			complexType	business-events	A type that describes why a trade was removed from clearing.	Scheme
http://www.fpml.org/FpML-5/confirmation#DefaultProbabilityCurve	DefaultProbabilityCurve		PricingStructureValuation	complexType	mktenv	A set of default probabilities.	
http://www.fpml.org/FpML-5/confirmation#DefaultRateChange	DefaultRateChange		AbstractFacilityRateChangeEvent	complexType	loan	An event representing a change in the default rate, applicable to outstanding loans in the event that the borrower is declared to be in default.	
http://www.fpml.org/FpML-5/confirmation#DefaultRateExpiry	DefaultRateExpiry		AbstractFacilityContractEvent	complexType	loan	An event representing expiration of the default rate applicable to borrowers in default.	
http://www.fpml.org/FpML-5/confirmation#DelayedDraw	DelayedDraw		AbstractFacility	complexType	loan	A facility which can be drawn at any point during a pre-defined period after the initial deal closing date,	
http://www.fpml.org/FpML-5/confirmation#DeliverableObligations	DeliverableObligations			complexType	cd		
http://www.fpml.org/FpML-5/confirmation#DeliveryMethod	DeliveryMethod			complexType	repo	Specifies delivery methods for securities transactions. This coding-scheme defines the possible delivery methods for securities.	Scheme
http://www.fpml.org/FpML-5/confirmation#DeliveryNearby	DeliveryNearby			complexType	asset	A type defines nearest Delivery Date of the underlying Commodity of expiration of the futures contract.	
http://www.fpml.org/FpML-5/confirmation#DenominatorTerm	DenominatorTerm			complexType	riskdef	The type defining a denominator term of the formula. Its value is (sum of weighted partials) ^ power.	
http://www.fpml.org/FpML-5/confirmation#Deposit	Deposit		UnderlyingAsset	complexType	asset		
http://www.fpml.org/FpML-5/confirmation#DerivativeCalculationMethod	DerivativeCalculationMethod			complexType	riskdef	The method by which a derivative is computed.	Scheme
http://www.fpml.org/FpML-5/confirmation#DerivativeCalculationProcedure	DerivativeCalculationProcedure			complexType	riskdef	A description of how a numerical derivative is computed.	
http://www.fpml.org/FpML-5/confirmation#DerivativeFormula	DerivativeFormula			complexType	riskdef	A formula for computing a complex derivative from partial derivatives. Its value is the sum of the terms divided by the product of the denominator terms.	
http://www.fpml.org/FpML-5/confirmation#DeterminationMethod	DeterminationMethod			complexType	shared	Coding scheme that specifies the method according to which an amount or a date is determined.	Scheme
http://www.fpml.org/FpML-5/confirmation#DeterminationMethodReference	DeterminationMethodReference		Reference	complexType	shared	A reference to the return swap notional determination method.	
http://www.fpml.org/FpML-5/confirmation#DirectionalLeg	DirectionalLeg		Leg	complexType	shared	An abstract base class for all directional leg types with effective date, termination date, where a payer makes a stream of payments of greater than zero value to a receiver.	
http://www.fpml.org/FpML-5/confirmation#DirectionalLegUnderlyer	DirectionalLegUnderlyer		DirectionalLeg	complexType	eq-shared	An abstract base class for all directional leg types with effective date, termination date, and underlyer where a payer makes a stream of payments of greater than zero value to a receiver.	
http://www.fpml.org/FpML-5/confirmation#DirectionalLegUnderlyerValuation	DirectionalLegUnderlyerValuation		DirectionalLegUnderlyer	complexType	eq-shared	An abstract base class for all directional leg types with effective date, termination date, and underlyer, where a payer makes a stream of payments of greater than zero value to a receiver.	
http://www.fpml.org/FpML-5/confirmation#Discounting	Discounting			complexType	ird	A type defining discounting information. The 2000 ISDA definitions, section 8.4. discounting (related to the calculation of a discounted fixed amount or floating amount) apply. This type must only be included if discounting applies.	
http://www.fpml.org/FpML-5/confirmation#DisruptionFallback	DisruptionFallback			complexType	com	A Disruption Fallback.	Scheme
http://www.fpml.org/FpML-5/confirmation#DividendAdjustment	DividendAdjustment			complexType	eq-shared	Container for Dividend Adjustment Periods, which are used to calculate the Deviation between Expected Dividend and Actual Dividend in that Period.	
http://www.fpml.org/FpML-5/confirmation#DividendConditions	DividendConditions			complexType	eq-shared	A type describing the conditions governing the payment of dividends to the receiver of the equity return. With the exception of the dividend payout ratio, which is defined for each of the underlying components.	
http://www.fpml.org/FpML-5/confirmation#DividendLeg	DividendLeg		DirectionalLegUnderlyer	complexType	dividend-swaps	Floating Payment Leg of a Dividend Swap.	
http://www.fpml.org/FpML-5/confirmation#DividendPaymentDate	DividendPaymentDate			complexType	eq-shared	A type describing the date on which the dividend will be paid/received. This type is also used to specify the date on which the FX rate will be determined, when applicable.	
http://www.fpml.org/FpML-5/confirmation#DividendPayout	DividendPayout			complexType	asset	A type describing the dividend payout ratio associated with an equity underlyer. In certain cases the actual ratio is not known on trade inception, and only general conditions are then specified.	
http://www.fpml.org/FpML-5/confirmation#DividendPeriod	DividendPeriod			complexType	eq-shared	Abstract base class of all time bounded dividend period types.	
http://www.fpml.org/FpML-5/confirmation#DividendPeriodDividend	DividendPeriodDividend		DividendPeriod	complexType	eq-shared	A time bounded dividend period, with an expected dividend for each period.	
http://www.fpml.org/FpML-5/confirmation#DividendPeriodPayment	DividendPeriodPayment		DividendPeriod	complexType	dividend-swaps	A time bounded dividend period, with fixed strike and a dividend payment date per period.	
http://www.fpml.org/FpML-5/confirmation#DividendSwapOptionTransactionSupplement	DividendSwapOptionTransactionSupplement		OptionBase	complexType	dividend-swaps		
http://www.fpml.org/FpML-5/confirmation#DividendSwapTransactionSupplement	DividendSwapTransactionSupplement		Product	complexType	dividend-swaps	A Dividend Swap Transaction Supplement.	
http://www.fpml.org/FpML-5/confirmation#Document	Document			complexType	doc	The abstract base type from which all FpML compliant messages and documents must be derived.	
http://www.fpml.org/FpML-5/confirmation#Documentation	Documentation			complexType	shared	An entity for defining the definitions that govern the document and should include the year and type of definitions referenced, along with any relevant documentation (such as master agreement) and the date it was signed.	
http://www.fpml.org/FpML-5/confirmation#DualCurrencyFeature	DualCurrencyFeature			complexType	fx	Describes the parameters for a dual currency option transaction.	
http://www.fpml.org/FpML-5/confirmation#DualCurrencyStrikePrice	DualCurrencyStrikePrice			complexType	fx	A type that describes the rate of exchange at which the embedded option in a Dual Currency Deposit has been struck.	
http://www.fpml.org/FpML-5/confirmation#EEPParameters	EEPParameters			complexType	com	Excess Emission Penalty related parameters.	
http://www.fpml.org/FpML-5/confirmation#EEPRiskPeriod	EEPRiskPeriod			complexType	com	TBD.	
http://www.fpml.org/FpML-5/confirmation#EarlyTerminationEvent	EarlyTerminationEvent			complexType	ird	A type to define the adjusted dates associated with an early termination provision.	
http://www.fpml.org/FpML-5/confirmation#EarlyTerminationProvision	EarlyTerminationProvision			complexType	ird	A type defining an early termination provision for a swap. This early termination is at fair value, i.e. on termination the fair value of the product must be settled between the parties.	
http://www.fpml.org/FpML-5/confirmation#ElectricityDelivery	ElectricityDelivery			complexType	com	The physical delivery conditions for electricity.	
http://www.fpml.org/FpML-5/confirmation#ElectricityDeliveryFirm	ElectricityDeliveryFirm			complexType	com	The physical delivery obligation options specific to a firm transaction.	
http://www.fpml.org/FpML-5/confirmation#ElectricityDeliveryPoint	ElectricityDeliveryPoint			complexType	com	A scheme identifying the types of the Delivery Point for a physically settled electricity trade.	Scheme
http://www.fpml.org/FpML-5/confirmation#ElectricityDeliverySystemFirm	ElectricityDeliverySystemFirm			complexType	com	The physical delivery obligation options specific to a system firm transaction.	
http://www.fpml.org/FpML-5/confirmation#ElectricityDeliveryType	ElectricityDeliveryType			complexType	com		
http://www.fpml.org/FpML-5/confirmation#ElectricityDeliveryUnitFirm	ElectricityDeliveryUnitFirm			complexType	com	The physical delivery obligation options specific to a unit firm transaction.	
http://www.fpml.org/FpML-5/confirmation#ElectricityPhysicalDeliveryQuantity	ElectricityPhysicalDeliveryQuantity		CommodityNotionalQuantity	complexType	com	A type defining the physical quantity of the electricity to be delivered.	
http://www.fpml.org/FpML-5/confirmation#ElectricityPhysicalDeliveryQuantitySchedule	ElectricityPhysicalDeliveryQuantitySchedule		CommodityPhysicalQuantitySchedule	complexType	com	Allows the documentation of a shaped quantity trade where the quantity changes over the life of the transaction.	
http://www.fpml.org/FpML-5/confirmation#ElectricityPhysicalLeg	ElectricityPhysicalLeg		PhysicalSwapLeg	complexType	com	Physically settled leg of a physically settled electricity transaction.	
http://www.fpml.org/FpML-5/confirmation#ElectricityPhysicalQuantity	ElectricityPhysicalQuantity		CommodityPhysicalQuantityBase	complexType	com	The quantity of gas to be delivered.	
http://www.fpml.org/FpML-5/confirmation#ElectricityProduct	ElectricityProduct			complexType	com	The specification of the electricity to be delivered.	
http://www.fpml.org/FpML-5/confirmation#ElectricityTransmissionContingency	ElectricityTransmissionContingency			complexType	com	A structure to specify the tranmission contingency and the party that bears the obligation.	
http://www.fpml.org/FpML-5/confirmation#ElectricityTransmissionContingencyType	ElectricityTransmissionContingencyType			complexType	com	The type of transmission contingency, i.e. what portion of the transmission the delivery obligations are applicable.	Scheme
http://www.fpml.org/FpML-5/confirmation#Empty	Empty			complexType	shared	A special type meant to be used for elements with no content and no attributes.	
http://www.fpml.org/FpML-5/confirmation#EndUserExceptionDeclaration	EndUserExceptionDeclaration			complexType	doc	Records supporting information justifying an end user exception under 17 CFR part 39.	
http://www.fpml.org/FpML-5/confirmation#EntityClassification	EntityClassification			complexType	doc	A type describing the entity of a party, for example Financial, NonFinancial etc.	Scheme
http://www.fpml.org/FpML-5/confirmation#EntityId	EntityId			complexType	shared	A legal entity identifier (e.g. RED entity code).	NonEmptyScheme
http://www.fpml.org/FpML-5/confirmation#EntityName	EntityName			complexType	shared	The name of the reference entity. A free format string. FpML does not define usage rules for this element.	Scheme
http://www.fpml.org/FpML-5/confirmation#EntityType	EntityType			complexType	cd	Defines a coding scheme of the entity types defined in the ISDA First to Default documentation.	Scheme
http://www.fpml.org/FpML-5/confirmation#EnvironmentalPhysicalLeg	EnvironmentalPhysicalLeg		PhysicalSwapLeg	complexType	com		
http://www.fpml.org/FpML-5/confirmation#EnvironmentalProduct	EnvironmentalProduct			complexType	com	A type defining the characteristics of the environmental allowance or credit being traded. Settlement of environmental transactions is classified as physical because settlement is accomplished through the exchange of one or more certificates (despite the fact that this exchange is almost always executed through electronic book entry transfer between the parties allowance accounts).	
http://www.fpml.org/FpML-5/confirmation#EnvironmentalProductApplicableLaw	EnvironmentalProductApplicableLaw			complexType	com	TBD.	Scheme
http://www.fpml.org/FpML-5/confirmation#EnvironmentalProductComplaincePeriod	EnvironmentalProductComplaincePeriod			complexType	com		
http://www.fpml.org/FpML-5/confirmation#EnvironmentalTrackingSystem	EnvironmentalTrackingSystem			complexType	com	For US Emissions Allowance Transactions. A system where all electronic certificates are stored and emissions are tracked.	Scheme
http://www.fpml.org/FpML-5/confirmation#EquityAmericanExercise	EquityAmericanExercise		SharedAmericanExercise	complexType	eqd	A type for defining exercise procedures associated with an American style exercise of an equity option. This entity inherits from the type SharedAmericanExercise.	
http://www.fpml.org/FpML-5/confirmation#EquityAsset	EquityAsset		ExchangeTraded	complexType	asset	An exchange traded equity asset.	
http://www.fpml.org/FpML-5/confirmation#EquityBermudaExercise	EquityBermudaExercise		SharedAmericanExercise	complexType	eqd	A type for defining exercise procedures associated with a Bermuda style exercise of an equity option. The term Bermuda is adopted in FpML for consistency with the ISDA Definitions.	
http://www.fpml.org/FpML-5/confirmation#EquityCorporateEvents	EquityCorporateEvents			complexType	eq-shared	A type for defining the merger events and their treatment.	
http://www.fpml.org/FpML-5/confirmation#EquityDerivativeBase	EquityDerivativeBase		Product	complexType	eqd	A type for defining the common features of equity derivatives.	
http://www.fpml.org/FpML-5/confirmation#EquityDerivativeLongFormBase	EquityDerivativeLongFormBase		EquityDerivativeBase	complexType	eqd	type for defining the common features of equity derivatives.	
http://www.fpml.org/FpML-5/confirmation#EquityDerivativeShortFormBase	EquityDerivativeShortFormBase		EquityDerivativeBase	complexType	eqd	A type for defining short form equity option basic features.	
http://www.fpml.org/FpML-5/confirmation#EquityEuropeanExercise	EquityEuropeanExercise		Exercise	complexType	eqd	A type for defining exercise procedures associated with a European style exercise of an equity option.	
http://www.fpml.org/FpML-5/confirmation#EquityExerciseValuationSettlement	EquityExerciseValuationSettlement			complexType	eqd	A type for defining exercise procedures for equity options.	
http://www.fpml.org/FpML-5/confirmation#EquityForward	EquityForward		EquityDerivativeLongFormBase	complexType	eqd	A type for defining equity forwards.	
http://www.fpml.org/FpML-5/confirmation#EquityMultipleExercise	EquityMultipleExercise			complexType	eqd	A type for defining the multiple exercise provisions of an American or Bermuda style equity option.	
http://www.fpml.org/FpML-5/confirmation#EquityOption	EquityOption		EquityDerivativeLongFormBase	complexType	eqd	A type for defining equity options.	
http://www.fpml.org/FpML-5/confirmation#EquityOptionTransactionSupplement	EquityOptionTransactionSupplement		EquityDerivativeShortFormBase	complexType	eqd	A type for defining equity option transaction supplements.	
http://www.fpml.org/FpML-5/confirmation#EquityPremium	EquityPremium		PaymentBase	complexType	eq-shared	A type used to describe the amount paid for an equity option.	
http://www.fpml.org/FpML-5/confirmation#EquityStrike	EquityStrike			complexType	eq-shared	A type for defining the strike price for an equity option. The strike price is either: (i) in respect of an index option transaction, the level of the relevant index specified or otherwise determined in the transaction; or (ii) in respect of a share option transaction, the price per share specified or otherwise determined in the transaction. This can be expressed either as a percentage of notional amount or as an absolute value.	
http://www.fpml.org/FpML-5/confirmation#EquitySwapTransactionSupplement	EquitySwapTransactionSupplement		ReturnSwapBase	complexType	return-swaps	A type for defining Equity Swap Transaction Supplement	
http://www.fpml.org/FpML-5/confirmation#EquityValuation	EquityValuation			complexType	eq-shared	A type for defining how and when an equity option is to be valued.	
http://www.fpml.org/FpML-5/confirmation#EuropeanExercise	EuropeanExercise		Exercise	complexType	shared	A type defining the exercise period for a European style option together with any rules governing the notional amount of the underlying which can be exercised on any given exercise date and any associated exercise fees.	
http://www.fpml.org/FpML-5/confirmation#EventId	EventId			complexType	business-events	A post-trade event reference identifier allocated by a party. FpML does not define the domain values associated with this element. Note that the domain values for this element are not strictly an enumerated list.	NonEmptyScheme
http://www.fpml.org/FpML-5/confirmation#EventIdentifier	EventIdentifier			complexType	msg	Identification of a business event, for example through its correlation id or a business identifier.	
http://www.fpml.org/FpML-5/confirmation#EventPayment	EventPayment		LoanSimplePayment	complexType	loan	A structure that represents the prepayment structure associated within a facility.	
http://www.fpml.org/FpML-5/confirmation#EventProposedMatch	EventProposedMatch			complexType	business-events	A structure that describes a proposed match between trades or post-trade event reports.	
http://www.fpml.org/FpML-5/confirmation#EventRequestAcknowledgement	EventRequestAcknowledgement		ResponseMessage	complexType	confirmation-processes	Defines the structure for a message acknowledging an event request.	
http://www.fpml.org/FpML-5/confirmation#EventStatus	EventStatus			complexType	msg	A coding scheme used to describe the matching/confirmation status of a trade, post-trade event, position, or cash flows.	Scheme
http://www.fpml.org/FpML-5/confirmation#EventStatusItem	EventStatusItem			complexType	msg	A type used in event status enquiry messages which relates an event identifier to its current status value.	
http://www.fpml.org/FpML-5/confirmation#EventStatusResponse	EventStatusResponse		ResponseMessage	complexType	msg	A type defining the content model for a message normally generated in response to a requestEventStatus request.	
http://www.fpml.org/FpML-5/confirmation#EventsChoice	EventsChoice			complexType	business-events		
http://www.fpml.org/FpML-5/confirmation#EvergreenOption	EvergreenOption			complexType	loan	A struture that represents an evergreen option that is available within a letter of credit instrument.	
http://www.fpml.org/FpML-5/confirmation#Exception	Exception		Message	complexType	msg	A type defining the basic content for a message sent to inform another system that some exception has been detected.	
http://www.fpml.org/FpML-5/confirmation#ExceptionMessageHeader	ExceptionMessageHeader		MessageHeader	complexType	msg	A type defining the content model for an exception message header.	
http://www.fpml.org/FpML-5/confirmation#ExchangeId	ExchangeId			complexType	shared	A short form unique identifier for an exchange. If the element is not present then the exchange shall be the primary exchange on which the underlying is listed. The term "Exchange" is assumed to have the meaning as defined in the ISDA 2002 Equity Derivatives Definitions.	NonEmptyScheme
http://www.fpml.org/FpML-5/confirmation#ExchangeRate	ExchangeRate			complexType	fx	A type that is used for describing the exchange rate for a particular transaction.	
http://www.fpml.org/FpML-5/confirmation#ExchangeTraded	ExchangeTraded		UnderlyingAsset	complexType	asset	An abstract base class for all exchange traded financial products.	
http://www.fpml.org/FpML-5/confirmation#ExchangeTradedCalculatedPrice	ExchangeTradedCalculatedPrice		ExchangeTraded	complexType	asset	Abstract base class for all exchange traded financial products with a price which is calculated from exchange traded constituents.	
http://www.fpml.org/FpML-5/confirmation#ExchangeTradedContract	ExchangeTradedContract		ExchangeTraded	complexType	asset	An exchange traded derivative contract.	
http://www.fpml.org/FpML-5/confirmation#ExchangeTradedContractUnderlyer	ExchangeTradedContractUnderlyer			complexType	asset	A type describing a single underlyer	
http://www.fpml.org/FpML-5/confirmation#ExchangeTradedFund	ExchangeTradedFund		ExchangeTradedCalculatedPrice	complexType	asset	An exchange traded fund whose price depends on exchange traded constituents.	
http://www.fpml.org/FpML-5/confirmation#ExchangeTradedOption	ExchangeTradedOption		ExchangeTradedContract	complexType	asset	An exchange traded option.	
http://www.fpml.org/FpML-5/confirmation#ExecutionAdvice	ExecutionAdvice		CorrectableRequestMessage	complexType	confirmation-processes	A message advising a third party that a trade execution has occurred.	
http://www.fpml.org/FpML-5/confirmation#ExecutionAdviceRetracted	ExecutionAdviceRetracted		NonCorrectableRequestMessage	complexType	confirmation-processes	A message that withdraws an advice to a third party that a trade execution has occurred.	
http://www.fpml.org/FpML-5/confirmation#ExecutionDateTime	ExecutionDateTime			complexType	doc	A type defining the trade execution date time and the source of it. For use inside containing types which already have a Reference to a Party that has assigned this trade execution date time.	
http://www.fpml.org/FpML-5/confirmation#ExecutionNotification	ExecutionNotification		CorrectableRequestMessage	complexType	confirmation-processes	A message notifying a party that a trade execution has occurred. (Typically this is sent by an execution platform to a participant.)	
http://www.fpml.org/FpML-5/confirmation#ExecutionRetracted	ExecutionRetracted		NonCorrectableRequestMessage	complexType	confirmation-processes	A message retracting a notification to a party that a trade execution has occurred. (Typically this is sent by an execution platform to a participant.)	
http://www.fpml.org/FpML-5/confirmation#ExecutionType	ExecutionType			complexType	doc	A type used to represent the type of market where a trade can be executed.	Scheme
http://www.fpml.org/FpML-5/confirmation#ExecutionVenueType	ExecutionVenueType			complexType	doc	A type used to represent the type of market where a trade can be executed.	Scheme
http://www.fpml.org/FpML-5/confirmation#Exercise	Exercise			complexType	shared	The abstract base class for all types which define way in which options may be exercised.	
http://www.fpml.org/FpML-5/confirmation#ExerciseEvent	ExerciseEvent			complexType	ird	A type defining the adjusted dates associated with a particular exercise event.	
http://www.fpml.org/FpML-5/confirmation#ExerciseFee	ExerciseFee			complexType	shared	A type defining the fee payable on exercise of an option. This fee may be defined as an amount or a percentage of the notional exercised.	
http://www.fpml.org/FpML-5/confirmation#ExerciseFeeSchedule	ExerciseFeeSchedule			complexType	shared	A type to define a fee or schedule of fees to be payable on the exercise of an option. This fee may be defined as an amount or a percentage of the notional exercised.	
http://www.fpml.org/FpML-5/confirmation#ExerciseNotice	ExerciseNotice			complexType	shared	A type defining to whom and where notice of execution should be given. The partyReference refers to one of the principal parties of the trade. If present the exerciseNoticePartyReference refers to a party, other than the principal party, to whome notice should be given.	
http://www.fpml.org/FpML-5/confirmation#ExercisePeriod	ExercisePeriod			complexType	ird	This defines the time interval to the start of the exercise period, i.e. the earliest exercise date, and the frequency of subsequent exercise dates (if any).	
http://www.fpml.org/FpML-5/confirmation#ExerciseProcedure	ExerciseProcedure			complexType	shared	A type describing how notice of exercise should be given. This can be either manual or automatic.	
http://www.fpml.org/FpML-5/confirmation#ExerciseProcedureOption	ExerciseProcedureOption			complexType	shared	A type describing how notice of exercise should be given. This can be either manual or automatic.	
http://www.fpml.org/FpML-5/confirmation#ExtendibleProvision	ExtendibleProvision			complexType	ird	A type defining an option to extend an existing swap transaction on the specified exercise dates for a term ending on the specified new termination date.	
http://www.fpml.org/FpML-5/confirmation#ExtendibleProvisionAdjustedDates	ExtendibleProvisionAdjustedDates			complexType	ird	A type defining the adjusted dates associated with a provision to extend a swap.	
http://www.fpml.org/FpML-5/confirmation#ExtensionEvent	ExtensionEvent			complexType	ird	A type to define the adjusted dates associated with an individual extension event.	
http://www.fpml.org/FpML-5/confirmation#ExtraordinaryEvents	ExtraordinaryEvents			complexType	eq-shared	Where the underlying is shares, defines market events affecting the issuer of those shares that may require the terms of the transaction to be adjusted.	
http://www.fpml.org/FpML-5/confirmation#FacilityCommitment	FacilityCommitment			complexType	loan	A structure that represents the commitment amount against a facility or facility portion. Also shows the utilization levels against the total commitment amount (in facility currency).	
http://www.fpml.org/FpML-5/confirmation#FacilityContractIdentifier	FacilityContractIdentifier		ContractIdentifier	complexType	loan	A unique identifier for outstanding contracts.	
http://www.fpml.org/FpML-5/confirmation#FacilityExecutionExceptionDeclaration	FacilityExecutionExceptionDeclaration			complexType	doc	Provides supporting evidence when a party invoked exception to not execute the trade on facility such as SEF and DCM even though the particular product is mandated to execute on a SEF.	
http://www.fpml.org/FpML-5/confirmation#FacilityExtensionFeePayment	FacilityExtensionFeePayment		AbstractFacilityPaymentEvent	complexType	loan	This fee represents any fee paid by the borrower to the syndicate lenders for extending an existing facility.	
http://www.fpml.org/FpML-5/confirmation#FacilityFeature	FacilityFeature			complexType	loan	A list of facility features.	Scheme
http://www.fpml.org/FpML-5/confirmation#FacilityIdentifier	FacilityIdentifier		IdentifiedAssetWithParty	complexType	loan	A unique identifier to a facility.	
http://www.fpml.org/FpML-5/confirmation#FacilityPosition	FacilityPosition			complexType	loan	A structure that represents current/prior facility commitment amounts on both the global and lender position levels.	
http://www.fpml.org/FpML-5/confirmation#FacilityPositionStatement	FacilityPositionStatement		AbstractLoanStatement	complexType	loan	A statement containing the commitment amounts for a single facility at the global and (optionally) the lender postion levels, on a specific date.	
http://www.fpml.org/FpML-5/confirmation#FacilityPrepayment	FacilityPrepayment		AbstractFacilityEvent	complexType	loan	A structure that represents the prepayment structure associated within a facility.	
http://www.fpml.org/FpML-5/confirmation#FacilityPrepaymentFeePayment	FacilityPrepaymentFeePayment		AbstractFacilityEvent	complexType	loan	A structure that represents the payment of a facility prepayment fee.	
http://www.fpml.org/FpML-5/confirmation#FacilityReference	FacilityReference		Reference	complexType	loan	A reference to a facility.	
http://www.fpml.org/FpML-5/confirmation#FacilityStatement	FacilityStatement		AbstractLoanStatement	complexType	loan	A single facility definition stated as of a certain date.	
http://www.fpml.org/FpML-5/confirmation#FacilitySummary	FacilitySummary		FacilityIdentifier	complexType	loan	A short form of a facility.	
http://www.fpml.org/FpML-5/confirmation#FacilityTermination	FacilityTermination		AbstractFacilityEvent	complexType	loan	An event describing the early termination of a facility.	
http://www.fpml.org/FpML-5/confirmation#FacilityType	FacilityType			complexType	asset	A type describing the type of loan facility.	Scheme
http://www.fpml.org/FpML-5/confirmation#FailureToPay	FailureToPay			complexType	option-shared		
http://www.fpml.org/FpML-5/confirmation#FailureToPayEvent	FailureToPayEvent		CreditEvent	complexType	credit-event-notification		
http://www.fpml.org/FpML-5/confirmation#FallbackReferencePrice	FallbackReferencePrice			complexType	ird	The method, prioritzed by the order it is listed in this element, to get a replacement rate for the disrupted settlement rate option.	
http://www.fpml.org/FpML-5/confirmation#FeaturePayment	FeaturePayment		PaymentBase	complexType	option-shared	Payment made following trigger occurence.	
http://www.fpml.org/FpML-5/confirmation#FeeLeg	FeeLeg		Leg	complexType	cd		
http://www.fpml.org/FpML-5/confirmation#FeeRateOptionBase	FeeRateOptionBase		AccrualOptionBase	complexType	loan	An abstract type that specifies an underlying fixed rate cash accrual option.	
http://www.fpml.org/FpML-5/confirmation#FinalCalculationPeriodDateAdjustment	FinalCalculationPeriodDateAdjustment			complexType	ird	A type to define business date convention adjustment to final payment period per leg.	
http://www.fpml.org/FpML-5/confirmation#FinalPrincipalExchangeCalculation	FinalPrincipalExchangeCalculation			complexType	ird	Indicates whether the Principal Exchange on the inflation leg is floored or not. If TRUE, Principal Exchange takes the form: Inflation Notional Amount * Max(1, Index Final/ Index Base). If FALSE, the Principal Exchange takes the form: Inflation Notional Amount * Index Final / Index Base. Added for Inflation Asset Swap.	
http://www.fpml.org/FpML-5/confirmation#FinancialSwapLeg	FinancialSwapLeg		CommoditySwapLeg	complexType	com	The common components of a financially settled leg of a Commodity Swap. This is an abstract type and should be extended by commodity-specific types.	
http://www.fpml.org/FpML-5/confirmation#FirstPeriodStartDate	FirstPeriodStartDate			complexType	doc		
http://www.fpml.org/FpML-5/confirmation#FixedAmountCalculation	FixedAmountCalculation			complexType	cd		
http://www.fpml.org/FpML-5/confirmation#FixedPaymentAmount	FixedPaymentAmount		PaymentBase	complexType	dividend-swaps	Fixed payment amount within a Dividend Swap.	
http://www.fpml.org/FpML-5/confirmation#FixedPaymentLeg	FixedPaymentLeg		DirectionalLeg	complexType	dividend-swaps	Fixed Payment Leg of a Dividend Swap.	
http://www.fpml.org/FpML-5/confirmation#FixedPrice	FixedPrice			complexType	com	A type defining the Fixed Price.	
http://www.fpml.org/FpML-5/confirmation#FixedPriceLeg	FixedPriceLeg		FinancialSwapLeg	complexType	com	Fixed Price Leg of a Commodity Swap. It defines schedule of fixed payments associated with a commodity swap.	
http://www.fpml.org/FpML-5/confirmation#FixedRate	FixedRate			complexType	cd	The calculation period fixed rate. A per annum rate, expressed as a decimal. A fixed rate of 5% would be represented as 0.05.	
http://www.fpml.org/FpML-5/confirmation#FixedRateAccrual	FixedRateAccrual		FixedRateOptionBase	complexType	loan	A full definition of the fixed rate accrual characteristics of a loan contract. This structure defines both the underlying base rate as well as any additional margins and costs associated with the loan contract.	
http://www.fpml.org/FpML-5/confirmation#FixedRateOption	FixedRateOption		FixedRateOptionBase	complexType	loan	A structure that represents the accruing fixed rate option associated within a facility.	
http://www.fpml.org/FpML-5/confirmation#FixedRateOptionBase	FixedRateOptionBase		AccrualOptionBase	complexType	loan	An abstract type that specifies an underlying fixed rate cash accrual option.	
http://www.fpml.org/FpML-5/confirmation#FixedRateReference	FixedRateReference		Reference	complexType	cd		
http://www.fpml.org/FpML-5/confirmation#FloatingAmountCalculation	FloatingAmountCalculation			complexType	cd		
http://www.fpml.org/FpML-5/confirmation#FloatingAmountEvents	FloatingAmountEvents			complexType	cd		
http://www.fpml.org/FpML-5/confirmation#FloatingAmountProvisions	FloatingAmountProvisions			complexType	cd		
http://www.fpml.org/FpML-5/confirmation#FloatingLegCalculation	FloatingLegCalculation			complexType	com	A type to capture details relevant to the calculation of the floating price.	
http://www.fpml.org/FpML-5/confirmation#FloatingPriceLeg	FloatingPriceLeg		FinancialSwapLeg	complexType	com	Floating Price Leg of a Commodity Swap. Each 'floatingLeg' defines a series of financial payments for a commodity the value of which is derived from a floating price such as an exchange or an index publication.	
http://www.fpml.org/FpML-5/confirmation#FloatingRate	FloatingRate		Rate	complexType	shared	A type defining a floating rate.	
http://www.fpml.org/FpML-5/confirmation#FloatingRateAccrual	FloatingRateAccrual		FloatingRateOptionBase	complexType	loan	A full definition of the accrual characteristics of a loan contract. This structure defines both the underlying base rate as well as any additional margins and costs associated with the loan contract.	
http://www.fpml.org/FpML-5/confirmation#FloatingRateCalculation	FloatingRateCalculation		FloatingRate	complexType	shared	A type defining the floating rate and definitions relating to the calculation of floating rate amounts.	
http://www.fpml.org/FpML-5/confirmation#FloatingRateCalculationReference	FloatingRateCalculationReference		Reference	complexType	eq-shared	Reference to a floating rate calculation of interest calculation component.	
http://www.fpml.org/FpML-5/confirmation#FloatingRateDefinition	FloatingRateDefinition			complexType	ird	A type defining parameters associated with a floating rate reset. This type forms part of the cashflows representation of a stream.	
http://www.fpml.org/FpML-5/confirmation#FloatingRateIndex	FloatingRateIndex			complexType	shared	The ISDA Floating Rate Option, i.e. the floating rate index.	Scheme
http://www.fpml.org/FpML-5/confirmation#FloatingRateIndexLoan	FloatingRateIndexLoan			complexType	loan	A subset of the ISDA Floating Rate Option scheme, i.e. the floating rate index. These indexes are the ones used by the syndicated loan market.	Scheme
http://www.fpml.org/FpML-5/confirmation#FloatingRateOption	FloatingRateOption		FloatingRateOptionBase	complexType	loan	A structure that represents the accruing floating rate option associated within a facility.	
http://www.fpml.org/FpML-5/confirmation#FloatingRateOptionBase	FloatingRateOptionBase		AccrualOptionBase	complexType	loan	An abstract type that specifies an underlying floating rate cash accrual option.	
http://www.fpml.org/FpML-5/confirmation#FloatingStrikePrice	FloatingStrikePrice		FloatingLegCalculation	complexType	com		
http://www.fpml.org/FpML-5/confirmation#ForecastRateIndex	ForecastRateIndex			complexType	shared	A type defining a rate index.	
http://www.fpml.org/FpML-5/confirmation#Formula	Formula			complexType	shared	A type describing a financial formula, with its description and components.	
http://www.fpml.org/FpML-5/confirmation#FormulaComponent	FormulaComponent			complexType	shared	Elements describing the components of the formula. The name attribute points to a value used in the math element. The href attribute points to a numeric value defined elsewhere in the document that is used by the formula component.	
http://www.fpml.org/FpML-5/confirmation#FormulaTerm	FormulaTerm			complexType	riskdef	A type defining a term of the formula. Its value is the product of the its coefficient and the referenced partial derivatives.	
http://www.fpml.org/FpML-5/confirmation#ForwardRateCurve	ForwardRateCurve			complexType	mktenv	A curve used to model a set of forward interest rates. Used for forecasting interest rates as part of a pricing calculation.	
http://www.fpml.org/FpML-5/confirmation#Fra	Fra		Product	complexType	ird	A type defining a Forward Rate Agreement (FRA) product.	
http://www.fpml.org/FpML-5/confirmation#Frequency	Frequency			complexType	shared	A type defining a time frequency, e.g. one day, three months. Used for specifying payment or calculation frequencies at which the value T (Term) is applicable.	
http://www.fpml.org/FpML-5/confirmation#FundingFeePayment	FundingFeePayment		AbstractFacilityPaymentEvent	complexType	loan	A fee associated with the funding requirements for given facility.	
http://www.fpml.org/FpML-5/confirmation#Future	Future		ExchangeTraded	complexType	asset	An exchange traded future contract.	
http://www.fpml.org/FpML-5/confirmation#FutureId	FutureId			complexType	asset	A type defining a short form unique identifier for a future contract.	NonEmptyScheme
http://www.fpml.org/FpML-5/confirmation#FutureValueAmount	FutureValueAmount		NonNegativeMoney	complexType	shared	A type defining a currency amount as at a future value date.	
http://www.fpml.org/FpML-5/confirmation#FxAccrual	FxAccrual			complexType	fx-accruals	Accrual calculation process.	
http://www.fpml.org/FpML-5/confirmation#FxAccrualAverageStrikeReference	FxAccrualAverageStrikeReference		Reference	complexType	fx-accruals	Reference to an average rate structure in FxAccrualForward or FxAccrualOption products.	
http://www.fpml.org/FpML-5/confirmation#FxAccrualBarrier	FxAccrualBarrier		FxComplexBarrierBase	complexType	fx-accruals		
http://www.fpml.org/FpML-5/confirmation#FxAccrualDigitalOption	FxAccrualDigitalOption		Option	complexType	fx-accruals	An FX Accrual Digital Option product The product defines a list of fixing (or observation) dates. There are m total fixings. At the expiry date of the product, the buyer of the option has the right to an FX settlement with n/m * Notional. Payout can be cash or physical.	
http://www.fpml.org/FpML-5/confirmation#FxAccrualForward	FxAccrualForward		Product	complexType	fx-accruals	The product defines a schedule of expiry and delivery dates which specify settlement periods. The product further defines a schedule of fixing (or observation) dates and defines regions of spot where the product settlement amounts will accrue. There are n total fixings. One accumulates a fixed proportion of Notional (1/n) for every observation date that spot fixes within the pre-defined limits of the accrual regions. If spot breaks the limits, the Notional stops accumulating during the fixings outside the limits, but continues accruing once spot comes back to the accruing region. At expiry, one buys the accrued Notional at the pre-agreed hedge rate. Payout can be cash or physical. The variation of this product include: Accrual Forward (European and American), Double Accrual Forward (DAF), Boosted Accrual Forward, Fading Forward, Leveraged Accrual Forward, Accrual Forward with Collars, etc.	
http://www.fpml.org/FpML-5/confirmation#FxAccrualLeverage	FxAccrualLeverage			complexType	fx-accruals		
http://www.fpml.org/FpML-5/confirmation#FxAccrualLinearPayoffRegion	FxAccrualLinearPayoffRegion		FxAccrualPayoffRegion	complexType	fx-accruals	A fixing region in which the payoff varies linearly with the fixing value.	
http://www.fpml.org/FpML-5/confirmation#FxAccrualOption	FxAccrualOption		Option	complexType	fx-accruals	An FX Accrual Option product The product defines a list of fixing (or observation) dates. There are m total fixings. At the expiry date of the product, the buyer of the option has the right to an FX settlement with n/m * Notional. Payout can be cash or physical.	
http://www.fpml.org/FpML-5/confirmation#FxAccrualPayoffRegion	FxAccrualPayoffRegion			complexType	fx-accruals		
http://www.fpml.org/FpML-5/confirmation#FxAccrualPayoffRegionReference	FxAccrualPayoffRegionReference		Reference	complexType	fx-accruals	Reference to a FX Accrual Payoff Region.	
http://www.fpml.org/FpML-5/confirmation#FxAccrualRegion	FxAccrualRegion			complexType	fx-accruals	Defines a region of spot rate where the notional for the settlement period accrues by the accrued amount per fixing each time the spot rate fixes within the region.	
http://www.fpml.org/FpML-5/confirmation#FxAccrualRegionLowerBound	FxAccrualRegionLowerBound			complexType	fx-accruals		
http://www.fpml.org/FpML-5/confirmation#FxAccrualRegionUpperBound	FxAccrualRegionUpperBound			complexType	fx-accruals		
http://www.fpml.org/FpML-5/confirmation#FxAccrualSettlementPeriod	FxAccrualSettlementPeriod		SettlementPeriod	complexType	fx-accruals		
http://www.fpml.org/FpML-5/confirmation#FxAccrualSettlementPeriodPayoff	FxAccrualSettlementPeriodPayoff			complexType	fx-accruals	Payoff region	
http://www.fpml.org/FpML-5/confirmation#FxAccrualSettlementPeriodSchedule	FxAccrualSettlementPeriodSchedule			complexType	fx-accruals		
http://www.fpml.org/FpML-5/confirmation#FxAccrualStrike	FxAccrualStrike		Schedule	complexType	fx-accruals	A shared type between accrual forwards and options where the FX accrual strike reference can point to.	
http://www.fpml.org/FpML-5/confirmation#FxAccrualStrikeReference	FxAccrualStrikeReference		Reference	complexType	fx-accruals	Reference to a strike structure in FxAccrualForward or FxAccrualOption products.	
http://www.fpml.org/FpML-5/confirmation#FxAccrualTrigger	FxAccrualTrigger		FxTriggerBase	complexType	fx-accruals	Describes a european trigger applied to an FX digtal option.	
http://www.fpml.org/FpML-5/confirmation#FxAccrualTriggerReference	FxAccrualTriggerReference		Reference	complexType	fx-accruals	Reference to a trigger structure in FxAccrualDigitalOption product.	
http://www.fpml.org/FpML-5/confirmation#FxAdjustedDateAndDateAdjustments	FxAdjustedDateAndDateAdjustments			complexType	fx-accruals	Defines the expiry/observation schedule of the target.	
http://www.fpml.org/FpML-5/confirmation#FxAmericanExercise	FxAmericanExercise		FxDigitalAmericanExercise	complexType	fx	Describes the characteristics for american exercise of FX products.	
http://www.fpml.org/FpML-5/confirmation#FxAsianFeature	FxAsianFeature			complexType	fx	Descibes the averaging period properties for an asian option.	
http://www.fpml.org/FpML-5/confirmation#FxAverageRate	FxAverageRate		FxAveragingProcess	complexType	fx-accruals		
http://www.fpml.org/FpML-5/confirmation#FxAverageRateObservation	FxAverageRateObservation			complexType	fx	A type that, for average rate options, is used to describe each specific observation date, as opposed to a parametric frequency of rate observations.	
http://www.fpml.org/FpML-5/confirmation#FxAverageRateObservationSchedule	FxAverageRateObservationSchedule			complexType	fx	A type that describes average rate options rate observations. This is used to describe a parametric frequency of rate observations against a particular rate. Typical frequencies might include daily, every Friday, etc.	
http://www.fpml.org/FpML-5/confirmation#FxAverageStrike	FxAverageStrike		FxAveragingProcess	complexType	fx-accruals		
http://www.fpml.org/FpML-5/confirmation#FxAveragingProcess	FxAveragingProcess		FxRateObservable	complexType	fx-accruals	Accrual calculation process.	
http://www.fpml.org/FpML-5/confirmation#FxBarrierFeature	FxBarrierFeature			complexType	fx	Describes the properties of an FX barrier.	
http://www.fpml.org/FpML-5/confirmation#FxBusinessCenterDateTime	FxBusinessCenterDateTime			complexType	fx		
http://www.fpml.org/FpML-5/confirmation#FxCashSettlement	FxCashSettlement			complexType	shared	A type that is used for describing cash settlement of an option / non deliverable forward. It includes the currency to settle into together with the fixings required to calculate the currency amount.	
http://www.fpml.org/FpML-5/confirmation#FxCashSettlementSimple	FxCashSettlementSimple			complexType	shared	A type that is used for describing cash settlement of a variance or volatility swap option. It includes the settlement currency together with the spot currency exchange required to calculate the settlement currency amount.	
http://www.fpml.org/FpML-5/confirmation#FxComplexBarrierBase	FxComplexBarrierBase			complexType	fx-targets		
http://www.fpml.org/FpML-5/confirmation#FxComplexBarrierBaseReference	FxComplexBarrierBaseReference		Reference	complexType	fx-targets	Reference to a barrier structure defined within the parametric representation.	
http://www.fpml.org/FpML-5/confirmation#FxConversion	FxConversion			complexType	asset		
http://www.fpml.org/FpML-5/confirmation#FxCounterCurrencyAmount	FxCounterCurrencyAmount		NonNegativeAmountSchedule	complexType	fx-targets		
http://www.fpml.org/FpML-5/confirmation#FxCrossRateObservable	FxCrossRateObservable			complexType	fx-accruals	A type that is used for including the currency exchange rates information used to cross between the traded currencies for non-base currency FX contracts.	
http://www.fpml.org/FpML-5/confirmation#FxCurve	FxCurve		PricingStructure	complexType	mktenv	An fx curve object., which includes pricing inputs and term structures for fx forwards.	
http://www.fpml.org/FpML-5/confirmation#FxCurveValuation	FxCurveValuation		PricingStructureValuation	complexType	mktenv	A valuation of an FX curve object., which includes pricing inputs and term structures for fx forwards.	
http://www.fpml.org/FpML-5/confirmation#FxDateOffset	FxDateOffset			complexType	fx-targets	The representation of the schedule as an offset relative to another schedule. For example, the settlement schedule may be relative to the expiry schedule by an FxForward offset.	
http://www.fpml.org/FpML-5/confirmation#FxDigitalAmericanExercise	FxDigitalAmericanExercise		Exercise	complexType	fx	Descrines the characteristics for American exercise in FX digital options.	
http://www.fpml.org/FpML-5/confirmation#FxDigitalOption	FxDigitalOption		Option	complexType	fx	Describes an option having a triggerable fixed payout.	
http://www.fpml.org/FpML-5/confirmation#FxDisruption	FxDisruption			complexType	fx	A structure describing how disruption for a specified currency pair should be handled	
http://www.fpml.org/FpML-5/confirmation#FxDisruptionEvent	FxDisruptionEvent			complexType	fx	The base class for all disruption events	
http://www.fpml.org/FpML-5/confirmation#FxDisruptionEvents	FxDisruptionEvents			complexType	fx	A container for the disruption event set	
http://www.fpml.org/FpML-5/confirmation#FxDisruptionFallback	FxDisruptionFallback			complexType	fx	The base class for all disruption fallbacks	
http://www.fpml.org/FpML-5/confirmation#FxDisruptionFallbacks	FxDisruptionFallbacks			complexType	fx	A container for the disruption fallback set	
http://www.fpml.org/FpML-5/confirmation#FxDisruptionProvisions	FxDisruptionProvisions			complexType	fx	Describes a set of disruption events and the fallbacks they will invoke	
http://www.fpml.org/FpML-5/confirmation#FxEuropeanExercise	FxEuropeanExercise		Exercise	complexType	fx	Describes the characteristics for European exercise of FX products.	
http://www.fpml.org/FpML-5/confirmation#FxExchangedCurrency	FxExchangedCurrency			complexType	fx-targets	Indicates the direction who pays and receives a specific currency without specifying the amount.	
http://www.fpml.org/FpML-5/confirmation#FxExpiryDate	FxExpiryDate		FxAdjustedDateAndDateAdjustments	complexType	fx-accruals	Defines the expiry date of the accrual. The date is adjusted, date adjustments may be provided, and also the expiry time.	
http://www.fpml.org/FpML-5/confirmation#FxExpirySchedule	FxExpirySchedule		FxSchedule	complexType	fx-targets	Defines the expiry/observation schedule of the target.	
http://www.fpml.org/FpML-5/confirmation#FxFallbackReferencePrice	FxFallbackReferencePrice		FxDisruptionFallback	complexType	fx	Describes an alternative set of price sources	
http://www.fpml.org/FpML-5/confirmation#FxFeature	FxFeature			complexType	option-shared	A type for defining Fx Features.	
http://www.fpml.org/FpML-5/confirmation#FxFixing	FxFixing			complexType	shared	A type that specifies the source for and timing of a fixing of an exchange rate. This is used in the agreement of non-deliverable forward trades as well as various types of FX OTC options that require observations against a particular rate.	
http://www.fpml.org/FpML-5/confirmation#FxFixingDate	FxFixingDate		Offset	complexType	ird	A type that is extending the Offset structure for providing the ability to specify an FX fixing date as an offset to dates specified somewhere else in the document.	
http://www.fpml.org/FpML-5/confirmation#FxFixingObservation	FxFixingObservation			complexType	fx-accruals		
http://www.fpml.org/FpML-5/confirmation#FxFixingSchedule	FxFixingSchedule			complexType	fx-accruals	Describes a schedule of fixing dates as a parametric description, an explicit list of dates or both.	
http://www.fpml.org/FpML-5/confirmation#FxFixingScheduleSimple	FxFixingScheduleSimple			complexType	fx	Describes the FX fixing schedule, a single continuous observation period which follows the applicable business day schedule for the quoted rate source.	
http://www.fpml.org/FpML-5/confirmation#FxFlexibleForward	FxFlexibleForward		Product	complexType	fx	Product model for a flexible-term fx forward (also known as callable forward, window forward). This is a term forward transaction over a specific period, allowing the client full flexibility on the timing of the transactional flow(s). The product allows for (full or partial) execution at a predetermined forward rate, at any time between the start date and the expiry date. Although, the product is an outright, it has some option-like characteristics, leading to the use of option components in the model: (i) the BuyerSeller model expresses the roles of the parties in the overall transaction - the client "buys" the product (ii) the PutCallCurrency model expresses the buyer's perspective on the exchanged currencies i.e. the client may buy (call) or sell (put) the notional currency for the alternative currency.	
http://www.fpml.org/FpML-5/confirmation#FxFlexibleForwardExecutionPeriod	FxFlexibleForwardExecutionPeriod			complexType	fx		
http://www.fpml.org/FpML-5/confirmation#FxFlexibleForwardRate	FxFlexibleForwardRate		QuotedCurrencyPair	complexType	fx		
http://www.fpml.org/FpML-5/confirmation#FxForwardStrikePrice	FxForwardStrikePrice		FxAccrualStrike	complexType	fx-accruals	A type that describes the rate of exchange between the two currencies of the leg of a deal.	
http://www.fpml.org/FpML-5/confirmation#FxForwardVolatilityAgreement	FxForwardVolatilityAgreement		Product	complexType	fx	Describes a contract on future levels of implied volatility. The main characteristic of this product is that the underlying is a straddle (underlying options) with a specific tenor starting from the fixing (effective or pricing) date, and are priced on that fixing date using a level of volatility that is agreed at the time of execution of the volatility agreement.	
http://www.fpml.org/FpML-5/confirmation#FxInformationSource	FxInformationSource		InformationSource	complexType	shared		
http://www.fpml.org/FpML-5/confirmation#FxKnockoutCount	FxKnockoutCount			complexType	fx-targets		
http://www.fpml.org/FpML-5/confirmation#FxKnockoutLevel	FxKnockoutLevel			complexType	fx-targets	Defines the Target level of gain.	
http://www.fpml.org/FpML-5/confirmation#FxLevel	FxLevel		Schedule	complexType	fx-targets	Level is expressed as Schedule, with an initial value and optional steps.	
http://www.fpml.org/FpML-5/confirmation#FxLevelReference	FxLevelReference		Reference	complexType	fx-targets	Reference to a level structure.	
http://www.fpml.org/FpML-5/confirmation#FxLinkedNotionalAmount	FxLinkedNotionalAmount			complexType	ird	A type to describe the cashflow representation for fx linked notionals.	
http://www.fpml.org/FpML-5/confirmation#FxLinkedNotionalSchedule	FxLinkedNotionalSchedule			complexType	ird	A type to describe a notional schedule where each notional that applies to a calculation period is calculated with reference to a notional amount or notional amount schedule in a different currency by means of a spot currency exchange rate which is normally observed at the beginning of each period.	
http://www.fpml.org/FpML-5/confirmation#FxMultipleExercise	FxMultipleExercise			complexType	fx	Describes the limits on the size of notional when multiple exercise is allowed.	
http://www.fpml.org/FpML-5/confirmation#FxOption	FxOption		Option	complexType	fx	Describes an FX option with optional asian and barrier features.	
http://www.fpml.org/FpML-5/confirmation#FxOptionFeatures	FxOptionFeatures			complexType	fx	A type describing the features that may be present in an FX option.	
http://www.fpml.org/FpML-5/confirmation#FxOptionPayout	FxOptionPayout		NonNegativeMoney	complexType	fx	A type that contains full details of a predefined fixed payout which may occur (or not) in a Barrier Option or Digital Option when a trigger event occurs (or not).	
http://www.fpml.org/FpML-5/confirmation#FxOptionPremium	FxOptionPremium		NonNegativePayment	complexType	fx	A type that specifies the premium exchanged for a single option trade or option strategy.	
http://www.fpml.org/FpML-5/confirmation#FxOptionStrikePrice	FxOptionStrikePrice		FxAccrualStrike	complexType	fx-accruals	A type that describes the rate of exchange at which the option has been struck.	
http://www.fpml.org/FpML-5/confirmation#FxOutstandingGain	FxOutstandingGain			complexType	fx-targets		
http://www.fpml.org/FpML-5/confirmation#FxPayoffCap	FxPayoffCap			complexType	fx-targets	The amount of gain on the client upside or firm upside is limited. If spot settles above the cap, or below the floor, the payout is adjusted to limit the gain. The adjustment may be made by varying the strike, or by maintaining the strike, but varying the payout notionals.	
http://www.fpml.org/FpML-5/confirmation#FxPerformanceFixedLeg	FxPerformanceFixedLeg		FxPerformanceLeg	complexType	fx	FX Performance Fixed Leg describes Fixed FX Rate Payer and Fixed Rate.	
http://www.fpml.org/FpML-5/confirmation#FxPerformanceFloatingLeg	FxPerformanceFloatingLeg		FxPerformanceLeg	complexType	fx	Fx Performance Floating Leg describes Floating FX Rate Payer.	
http://www.fpml.org/FpML-5/confirmation#FxPerformanceLeg	FxPerformanceLeg			complexType	fx	Floating FX Rate describes Fixed FX Rate Payer and Fixed Rate	
http://www.fpml.org/FpML-5/confirmation#FxPerformanceSwap	FxPerformanceSwap		Product	complexType	fx	Describes an FX volatility and variance swap.	
http://www.fpml.org/FpML-5/confirmation#FxPivot	FxPivot		Schedule	complexType	fx-targets	Pivot is expressed as Schedule, with an initial value and optional steps.	
http://www.fpml.org/FpML-5/confirmation#FxPivotReference	FxPivotReference		Reference	complexType	fx-targets	Reference to a pivot structure.	
http://www.fpml.org/FpML-5/confirmation#FxRangeAccrual	FxRangeAccrual		Product	complexType	fx-accruals	An FX Range Accrual product. A strip of Digital Options product The product defines a list of fixing (or observation) dates. There are m total fixings. On the relevant Settlement Date, the Option Seller shall pay to the Option Buyer an amount, in the Settlement Currency, calculated according to the following formula: Accrual Currency and Notional Amount x (the total number of Accrual Days / Total Number of Calendar Days in the Accrual Period). Payout can be cash.	
http://www.fpml.org/FpML-5/confirmation#FxRate	FxRate			complexType	shared	A type describing the rate of a currency conversion: pair of currency, quotation mode and exchange rate.	
http://www.fpml.org/FpML-5/confirmation#FxRateAsset	FxRateAsset		UnderlyingAsset	complexType	asset		
http://www.fpml.org/FpML-5/confirmation#FxRateObservable	FxRateObservable			complexType	fx-accruals		
http://www.fpml.org/FpML-5/confirmation#FxRateObservableReference	FxRateObservableReference		Reference	complexType	fx-accruals	Reference to an "FxRateObservable" structure.	
http://www.fpml.org/FpML-5/confirmation#FxRateSet	FxRateSet		QuotedAssetSet	complexType	mktenv	A collection of spot FX rates used in pricing.	
http://www.fpml.org/FpML-5/confirmation#FxRateSourceFixing	FxRateSourceFixing			complexType	shared	Describes a rate source to be fixed and the date the fixing occurs	
http://www.fpml.org/FpML-5/confirmation#FxSchedule	FxSchedule			complexType	fx-targets	The FxSchedule may be expressed as explicit adjusted dates, or a parametric representation plus optional adjusted dates, or as an offset plus optional adusted dates.	
http://www.fpml.org/FpML-5/confirmation#FxScheduleReference	FxScheduleReference		Reference	complexType	fx-targets	Reference to a FX Schedule structure.	
http://www.fpml.org/FpML-5/confirmation#FxSettlementPeriodBarrier	FxSettlementPeriodBarrier			complexType	fx-targets		
http://www.fpml.org/FpML-5/confirmation#FxSettlementRateSource	FxSettlementRateSource			complexType	shared		
http://www.fpml.org/FpML-5/confirmation#FxSettlementSchedule	FxSettlementSchedule		FxSchedule	complexType	fx-targets		
http://www.fpml.org/FpML-5/confirmation#FxSingleLeg	FxSingleLeg		Product	complexType	fx	A type defining either a spot or forward FX transactions.	
http://www.fpml.org/FpML-5/confirmation#FxSpotRateSource	FxSpotRateSource			complexType	shared	A type defining the rate source and fixing time for an fx rate.	
http://www.fpml.org/FpML-5/confirmation#FxStraddle	FxStraddle			complexType	fx	Straddle details. Straddle is composed of two options: a call and a put involving the quotedCurrencyPair.	
http://www.fpml.org/FpML-5/confirmation#FxStraddlePremium	FxStraddlePremium		PaymentBaseExtended	complexType	fx	The Currency and Amount to be paid by the Buyer to the Seller. The straddle premium is calculated on the Fixing Date using the Forward Volatility Agreement parameters.	
http://www.fpml.org/FpML-5/confirmation#FxStrike	FxStrike		Schedule	complexType	fx-targets	Strike is expressed as Schedule, with an initial value and optional steps.	
http://www.fpml.org/FpML-5/confirmation#FxStrikePrice	FxStrikePrice			complexType	fx	A type that describes the rate of exchange at which the option has been struck.	
http://www.fpml.org/FpML-5/confirmation#FxStrikeReference	FxStrikeReference		Reference	complexType	fx-targets	Reference to a strike structure.	
http://www.fpml.org/FpML-5/confirmation#FxSwap	FxSwap		Product	complexType	fx	A type defining either a spot/forward or forward/forward FX swap transaction.	
http://www.fpml.org/FpML-5/confirmation#FxSwapLeg	FxSwapLeg		Leg	complexType	fx		
http://www.fpml.org/FpML-5/confirmation#FxTarget	FxTarget			complexType	fx-targets		
http://www.fpml.org/FpML-5/confirmation#FxTargetAccumulationRegion	FxTargetAccumulationRegion			complexType	fx-targets		
http://www.fpml.org/FpML-5/confirmation#FxTargetBarrier	FxTargetBarrier		FxComplexBarrierBase	complexType	fx-targets		
http://www.fpml.org/FpML-5/confirmation#FxTargetConstantPayoff	FxTargetConstantPayoff			complexType	fx-targets		
http://www.fpml.org/FpML-5/confirmation#FxTargetConstantPayoffRegion	FxTargetConstantPayoffRegion		FxTargetPayoffRegion	complexType	fx-targets	A fixing region in which the payoff is a constant value (a binary|digital payoff, or zero).	
http://www.fpml.org/FpML-5/confirmation#FxTargetKnockoutForward	FxTargetKnockoutForward		Product	complexType	fx-targets	A structured forward product which consists of a strip of forwards. Each forward may be settled as an exchange of currencies or cash settled. At each settlement, the amount of gain that one party achieves is measured. The product has a target level of gain. Once the accumulated gain exceeds the target level, the product terminates and there are no further settlements.	
http://www.fpml.org/FpML-5/confirmation#FxTargetLeverage	FxTargetLeverage			complexType	fx-targets		
http://www.fpml.org/FpML-5/confirmation#FxTargetLinearPayoffRegion	FxTargetLinearPayoffRegion		FxTargetPayoffRegion	complexType	fx-targets	A fixing region in which the payoff varies linearly with the fixing value.	
http://www.fpml.org/FpML-5/confirmation#FxTargetPayoffRegion	FxTargetPayoffRegion			complexType	fx-targets		
http://www.fpml.org/FpML-5/confirmation#FxTargetPayoffRegionReference	FxTargetPayoffRegionReference		Reference	complexType	fx-targets	Reference to a FX Target Payoff Region.	
http://www.fpml.org/FpML-5/confirmation#FxTargetPhysicalSettlement	FxTargetPhysicalSettlement			complexType	fx-targets		
http://www.fpml.org/FpML-5/confirmation#FxTargetRebate	FxTargetRebate			complexType	fx-targets	A rebate can be expressed as a payment amount or as amount of outstanding gain.	
http://www.fpml.org/FpML-5/confirmation#FxTargetReference	FxTargetReference		Reference	complexType	fx-targets	Reference to a target structure.	
http://www.fpml.org/FpML-5/confirmation#FxTargetRegionLowerBound	FxTargetRegionLowerBound			complexType	fx-targets		
http://www.fpml.org/FpML-5/confirmation#FxTargetRegionUpperBound	FxTargetRegionUpperBound			complexType	fx-targets		
http://www.fpml.org/FpML-5/confirmation#FxTargetSettlementPeriod	FxTargetSettlementPeriod		SettlementPeriod	complexType	fx-targets		
http://www.fpml.org/FpML-5/confirmation#FxTargetSettlementPeriodPayoff	FxTargetSettlementPeriodPayoff			complexType	fx-targets	Payoff region	
http://www.fpml.org/FpML-5/confirmation#FxTargetSettlementPeriodSchedule	FxTargetSettlementPeriodSchedule			complexType	fx-targets		
http://www.fpml.org/FpML-5/confirmation#FxTemplateTerms	FxTemplateTerms			complexType	fx	Reference a code defining the origin of the trade template terms	Scheme
http://www.fpml.org/FpML-5/confirmation#FxTerms	FxTerms		FxFixing	complexType	loan	A structure which specifies FX conversion terms.	
http://www.fpml.org/FpML-5/confirmation#FxTouch	FxTouch			complexType	fx	Describes an american or discrete touch or no-touch trigger applied to an FX binary or digital option.	
http://www.fpml.org/FpML-5/confirmation#FxTrigger	FxTrigger		FxTriggerBase	complexType	fx	Describes a european trigger applied to an FX digtal option.	
http://www.fpml.org/FpML-5/confirmation#FxTriggerBase	FxTriggerBase			complexType	fx	Describes a european trigger applied to an FX digtal option.	
http://www.fpml.org/FpML-5/confirmation#FxValuationDateOffset	FxValuationDateOffset		Offset	complexType	fx	Valuation date offset is used in FX Variance Swap and Volatility Swap to always relate the Final Observation Date and can be: [Final Observation Date][The first Business Day following the Final Observation Date]	
http://www.fpml.org/FpML-5/confirmation#FxWeightedFixingSchedule	FxWeightedFixingSchedule			complexType	fx-accruals	Describes a schedule of fixing dates as a parametric description, an explicit list of dates or both.	
http://www.fpml.org/FpML-5/confirmation#GasDelivery	GasDelivery			complexType	com	The specification of the gas to be delivered.	
http://www.fpml.org/FpML-5/confirmation#GasDeliveryPeriods	GasDeliveryPeriods		CommodityDeliveryPeriods	complexType	com	The different options for specifying the Delivery Periods for a physically settled gas trade.	
http://www.fpml.org/FpML-5/confirmation#GasDeliveryPoint	GasDeliveryPoint			complexType	com	A scheme identifying the types of the Delivery Point for a physically settled gas trade.	Scheme
http://www.fpml.org/FpML-5/confirmation#GasPhysicalLeg	GasPhysicalLeg		PhysicalSwapLeg	complexType	com	Physically settled leg of a physically settled gas transaction.	
http://www.fpml.org/FpML-5/confirmation#GasPhysicalQuantity	GasPhysicalQuantity		CommodityPhysicalQuantityBase	complexType	com	The quantity of gas to be delivered.	
http://www.fpml.org/FpML-5/confirmation#GasProduct	GasProduct			complexType	com	A type defining the characteristics of the gas being traded in a physically settled gas transaction.	
http://www.fpml.org/FpML-5/confirmation#GasQuality	GasQuality			complexType	com	The quantity of gas to be delivered.	Scheme
http://www.fpml.org/FpML-5/confirmation#GeneralTerms	GeneralTerms			complexType	cd		
http://www.fpml.org/FpML-5/confirmation#GenericAsset	GenericAsset		IdentifiedAsset	complexType	asset	Concrete type to support public/private identifiers and classification (ISIN, CFI, ...) for an instrument of unspecified type. Derived as no-operation extension on IdentifedAsset (abstract base type).	
http://www.fpml.org/FpML-5/confirmation#GenericCommodityDeliveryPeriod	GenericCommodityDeliveryPeriod			complexType	generic		
http://www.fpml.org/FpML-5/confirmation#GenericCommodityGrade	GenericCommodityGrade			complexType	generic	A flexible description of the type or characteristics of a commodity grade	Scheme
http://www.fpml.org/FpML-5/confirmation#GenericDimension	GenericDimension			complexType	riskdef	A generic (user defined) dimension, e.g. for use in a correlation surface. e.g. a currency, stock, etc. This would take values like USD, GBP, JPY, or IBM, MSFT, etc.	String
http://www.fpml.org/FpML-5/confirmation#GenericExerciseStyle	GenericExerciseStyle			complexType	generic	The data type used to hold the exercise style description of an option in a generic product (e.g. American, European, Bermudan).	Scheme
http://www.fpml.org/FpML-5/confirmation#GenericFrequency	GenericFrequency		Frequency	complexType	generic		
http://www.fpml.org/FpML-5/confirmation#GenericOptionStrike	GenericOptionStrike		EquityStrike	complexType	generic		
http://www.fpml.org/FpML-5/confirmation#GenericProduct	GenericProduct		Product	complexType	generic	Simple product representation providing key information about a variety of different products. Generic products - for use in Transparency reporting to define a product that represents an OTC derivative transaction whose economics are not fully described using an FpML schema. In other views, generic products are present for convenience to support internal messaging and workflows that are cross-product. Generic products are not full trade representations as such they are not intended to be used for confirming trades.	
http://www.fpml.org/FpML-5/confirmation#GenericProductExchangeRate	GenericProductExchangeRate			complexType	generic	A type that is used for describing the exchange rate for a particular transaction.	
http://www.fpml.org/FpML-5/confirmation#GenericProductFeature	GenericProductFeature			complexType	generic	A flexible description a special feature or characteristic of a complex product not otherwise modeled, such as digital payout.	Scheme
http://www.fpml.org/FpML-5/confirmation#GenericProductQuotedCurrencyPair	GenericProductQuotedCurrencyPair			complexType	generic	A type that describes the composition of a rate that has been quoted or is to be quoted. This includes the two currencies and the quotation relationship between the two currencies and is used as a building block throughout the FX specification.	
http://www.fpml.org/FpML-5/confirmation#GenericResetFrequency	GenericResetFrequency		Frequency	complexType	generic		
http://www.fpml.org/FpML-5/confirmation#GenericSecurity	GenericSecurity		GenericAsset	complexType	asset	Concrete type to support public/private identifiers and classification (ISIN, CFI, ...) for a security of unspecified type. Derived as no-operation extension on IdentifiedAsset (abstract base type)	
http://www.fpml.org/FpML-5/confirmation#GoverningLaw	GoverningLaw			complexType	shared	Identification of the law governing the transaction.	Scheme
http://www.fpml.org/FpML-5/confirmation#GracePeriodExtension	GracePeriodExtension			complexType	option-shared		
http://www.fpml.org/FpML-5/confirmation#GrossCashflow	GrossCashflow			complexType	shared	A payment component owed from one party to the other for the cash flow date. This payment component should by of only a single type, e.g. a fee or a cashflow from a cashflow stream.	
http://www.fpml.org/FpML-5/confirmation#IdentifiedAsset	IdentifiedAsset		Asset	complexType	asset	A generic type describing an identified asset.	
http://www.fpml.org/FpML-5/confirmation#IdentifiedAssetWithParty	IdentifiedAssetWithParty		Asset	complexType	loan	An extension of IdentifiedAsset to include PartyAndAccountReferences.model.	
http://www.fpml.org/FpML-5/confirmation#IdentifiedCurrency	IdentifiedCurrency		Currency	complexType	shared	Specifies Currency with ID attribute.	
http://www.fpml.org/FpML-5/confirmation#IdentifiedCurrencyReference	IdentifiedCurrencyReference		Reference	complexType	shared	Reference to a currency with ID attribute	
http://www.fpml.org/FpML-5/confirmation#IdentifiedDate	IdentifiedDate			complexType	shared	A date which can be referenced elsewhere.	
http://www.fpml.org/FpML-5/confirmation#IdentifiedPayerReceiver	IdentifiedPayerReceiver			complexType	shared	A type extending the PayerReceiverEnum type wih an id attribute.	PayerReceiverEnum
http://www.fpml.org/FpML-5/confirmation#IdentifiedRate	IdentifiedRate			complexType	shared	A rate which can be referenced elsewhere.	
http://www.fpml.org/FpML-5/confirmation#ImplementationSpecification	ImplementationSpecification			complexType	msg	A version of a specification document used by the message generator to format the document.	
http://www.fpml.org/FpML-5/confirmation#ImplementationSpecificationVersion	ImplementationSpecificationVersion			complexType	msg		Scheme
http://www.fpml.org/FpML-5/confirmation#IndependentAmount	IndependentAmount			complexType	shared		
http://www.fpml.org/FpML-5/confirmation#Index	Index		ExchangeTradedCalculatedPrice	complexType	asset	A published index whose price depends on exchange traded constituents.	
http://www.fpml.org/FpML-5/confirmation#IndexAdjustmentEvents	IndexAdjustmentEvents			complexType	eq-shared	Defines the specification of the consequences of Index Events as defined by the 2002 ISDA Equity Derivatives Definitions.	
http://www.fpml.org/FpML-5/confirmation#IndexAnnexSource	IndexAnnexSource			complexType	cd		Scheme
http://www.fpml.org/FpML-5/confirmation#IndexChange	IndexChange		ChangeEvent	complexType	business-events	A structure describing the effect of a change to an index.	
http://www.fpml.org/FpML-5/confirmation#IndexId	IndexId			complexType	cd		NonEmptyScheme
http://www.fpml.org/FpML-5/confirmation#IndexName	IndexName			complexType	cd		NonEmptyScheme
http://www.fpml.org/FpML-5/confirmation#IndexReferenceInformation	IndexReferenceInformation			complexType	cd	A type defining a Credit Default Swap Index.	
http://www.fpml.org/FpML-5/confirmation#IndustryClassification	IndustryClassification			complexType	shared	A party's industry sector classification.	Scheme
http://www.fpml.org/FpML-5/confirmation#InflationRateCalculation	InflationRateCalculation		FloatingRateCalculation	complexType	ird	A type defining the components specifiying an Inflation Rate Calculation	
http://www.fpml.org/FpML-5/confirmation#InformationProvider	InformationProvider			complexType	shared		Scheme
http://www.fpml.org/FpML-5/confirmation#InformationSource	InformationSource			complexType	shared	A type defining the source for a piece of information (e.g. a rate refix or an fx fixing).	
http://www.fpml.org/FpML-5/confirmation#InitialMargin	InitialMargin			complexType	repo	Defines initial margin applied to a repo or SBL transaction. Initial margin is an agreed premium to the Purchase Price of a repo or the Leding Price of the SBL to determine the required Market Value of the collateral to be delivered on the Purchase or Delivery Date respectfully. It reflects quality of the collateral. Its aim is to calculate the risk-adjusted or liquidation value of collateral.	
http://www.fpml.org/FpML-5/confirmation#InitialMarginCalculation	InitialMarginCalculation			complexType	repo	Defines the initial margin calculation applicable to a single piece of collateral.	
http://www.fpml.org/FpML-5/confirmation#InitialPayment	InitialPayment		PaymentBase	complexType	cd		
http://www.fpml.org/FpML-5/confirmation#InstrumentId	InstrumentId			complexType	shared	A short form unique identifier for a security.	NonEmptyScheme
http://www.fpml.org/FpML-5/confirmation#InstrumentSet	InstrumentSet			complexType	riskdef	A collection of instruments usable for quotation purposes. In future releases, quotable derivative assets may be added after the underlying asset.	
http://www.fpml.org/FpML-5/confirmation#InstrumentTradeDetails	InstrumentTradeDetails		Product	complexType	doc	The economics of a trade of a multiply traded instrument.	
http://www.fpml.org/FpML-5/confirmation#InstrumentTradePricing	InstrumentTradePricing			complexType	doc	A structure describing the price paid for the instrument.	
http://www.fpml.org/FpML-5/confirmation#InstrumentTradePrincipal	InstrumentTradePrincipal			complexType	doc	A structure describing the value in "native" currency of an instrument that was traded.	
http://www.fpml.org/FpML-5/confirmation#InstrumentTradeQuantity	InstrumentTradeQuantity			complexType	doc	A structure describing the amount of an instrument that was traded.	
http://www.fpml.org/FpML-5/confirmation#InstrumentType	InstrumentType			complexType	asset	A taxonomic classification, or typology, for a security (e.g. ISO 10962 CFI code).	NonEmptyScheme
http://www.fpml.org/FpML-5/confirmation#InterconnectionPoint	InterconnectionPoint			complexType	com	Identification of the border(s) or border point(s) of a transportation contract. Use the list of EIC codes for timelines for electricity (T Codes) or the list of EIC codes for measurement points for gas (Z Codes).	Scheme
http://www.fpml.org/FpML-5/confirmation#InterestAccrualsCompoundingMethod	InterestAccrualsCompoundingMethod		InterestAccrualsMethod	complexType	shared	A type defining the way in which interests are accrued: the applicable rate (fixed or floating reference) and the compounding method.	
http://www.fpml.org/FpML-5/confirmation#InterestAccrualsMethod	InterestAccrualsMethod			complexType	shared	A type describing the method for accruing interests on dividends. Can be either a fixed rate reference or a floating rate reference.	
http://www.fpml.org/FpML-5/confirmation#InterestCalculation	InterestCalculation		InterestAccrualsMethod	complexType	eq-shared	Specifies the calculation method of the interest rate leg of the return swap. Includes the floating or fixed rate calculation definitions, along with the determination of the day count fraction.	
http://www.fpml.org/FpML-5/confirmation#InterestCapitalization	InterestCapitalization		AbstractLoanContractEvent	complexType	loan	An event representing the capitalization of interest amounts for a given accrual period against a single loan contract.	
http://www.fpml.org/FpML-5/confirmation#InterestLeg	InterestLeg		DirectionalLeg	complexType	eq-shared	A type describing the fixed income leg of the equity swap.	
http://www.fpml.org/FpML-5/confirmation#InterestLegCalculationPeriodDates	InterestLegCalculationPeriodDates			complexType	eq-shared	Component that holds the various dates used to specify the interest leg of the return swap. It is used to define the InterestPeriodDates identifyer.	
http://www.fpml.org/FpML-5/confirmation#InterestLegCalculationPeriodDatesReference	InterestLegCalculationPeriodDatesReference		Reference	complexType	eq-shared	Reference to the calculation period dates of the interest leg.	
http://www.fpml.org/FpML-5/confirmation#InterestLegResetDates	InterestLegResetDates			complexType	eq-shared		
http://www.fpml.org/FpML-5/confirmation#InterestRateStream	InterestRateStream		Leg	complexType	ird	A type defining the components specifiying an interest rate stream, including both a parametric and cashflow representation for the stream of payments.	
http://www.fpml.org/FpML-5/confirmation#InterestRateStreamReference	InterestRateStreamReference		Reference	complexType	ird	Reference to an InterestRateStream component.	
http://www.fpml.org/FpML-5/confirmation#InterestShortFall	InterestShortFall			complexType	cd		
http://www.fpml.org/FpML-5/confirmation#IntermediaryInformation	IntermediaryInformation			complexType	shared	A type that describes the information to identify an intermediary through which payment will be made by the correspondent bank to the ultimate beneficiary of the funds.	
http://www.fpml.org/FpML-5/confirmation#InterpolationMethod	InterpolationMethod			complexType	shared	The type of interpolation used.	Scheme
http://www.fpml.org/FpML-5/confirmation#IssuerId	IssuerId			complexType	shared	The data type used for issuer identifiers.	NonEmptyScheme
http://www.fpml.org/FpML-5/confirmation#IssuerTradeId	IssuerTradeId			complexType	shared	A complex type for a two part identifier such as a USI.	
http://www.fpml.org/FpML-5/confirmation#Knock	Knock			complexType	option-shared	Knock In means option to exercise comes into existence. Knock Out means option to exercise goes out of existence.	
http://www.fpml.org/FpML-5/confirmation#KnockOutRateObservation	KnockOutRateObservation		TriggerRateObservation	complexType	business-events	Describes an observation that caused a barrier knock out to trigger	
http://www.fpml.org/FpML-5/confirmation#Lag	Lag			complexType	com	An observation period that is offset from a Calculation Period.	
http://www.fpml.org/FpML-5/confirmation#LagReference	LagReference		Reference	complexType	com	Allows a lag to reference one already defined elsewhere in the trade.	
http://www.fpml.org/FpML-5/confirmation#Language	Language			complexType	shared	The data type used for indicating the language of the resource, described using the ISO 639-2/T Code.	Scheme
http://www.fpml.org/FpML-5/confirmation#LcAccrual	LcAccrual		FeeRateOptionBase	complexType	loan	A full definition of the accrual characteristics of a letter of credit. This structure defines both the underlying letter of credit issuance fee rate as well as any FX rates applied.	
http://www.fpml.org/FpML-5/confirmation#LcAdjustment	LcAdjustment		AbstractLcEvent	complexType	loan	An event representing a change in the notional amount associated with an outstanding letter of credit.	
http://www.fpml.org/FpML-5/confirmation#LcFeeTypeId	LcFeeTypeId			complexType	loan	A structure used to uniquely identify a single letter of credit fee type within a syndicated loan structure.	
http://www.fpml.org/FpML-5/confirmation#LcFxRevaluation	LcFxRevaluation		AbstractLcEvent	complexType	loan	An event representing a change in either the L/C to Facility or L/C to Accrual FX rates (or both) on an outstanding letter of credit.	
http://www.fpml.org/FpML-5/confirmation#LcIssuance	LcIssuance		AbstractLcEvent	complexType	loan	An event representing the issuance of a new letter of credit under an existing facility.	
http://www.fpml.org/FpML-5/confirmation#LcIssuanceFeePayment	LcIssuanceFeePayment		AbstractLcEvent	complexType	loan	An event representing a letter of credit issuance fee payment.	
http://www.fpml.org/FpML-5/confirmation#LcOption	LcOption		FeeRateOptionBase	complexType	loan	A structure that represents the accruing L/C rate option associated within a facility.	
http://www.fpml.org/FpML-5/confirmation#LcPurpose	LcPurpose			complexType	loan	A list of L/C purposes.	Scheme
http://www.fpml.org/FpML-5/confirmation#LcRateChange	LcRateChange		AbstractLcEvent	complexType	loan	An event representing a change in the rate on an outstanding letter of credit.	
http://www.fpml.org/FpML-5/confirmation#LcRenewal	LcRenewal		AbstractLcEvent	complexType	loan	An event representing a change in the maturity date on an outstanding letter of credit.	
http://www.fpml.org/FpML-5/confirmation#LcTermination	LcTermination		AbstractLcEvent	complexType	loan	An event representing either the expiry or cancellation of a letter of credit	
http://www.fpml.org/FpML-5/confirmation#LcType	LcType			complexType	loan	A list of L/C types.	Scheme
http://www.fpml.org/FpML-5/confirmation#Leg	Leg			complexType	shared	A supertype of leg. All swap legs extend this type.	
http://www.fpml.org/FpML-5/confirmation#LegAmount	LegAmount			complexType	eq-shared	A type describing the amount that will paid or received on each of the payment dates. This type is used to define both the Equity Amount and the Interest Amount.	
http://www.fpml.org/FpML-5/confirmation#LegId	LegId			complexType	shared	Leg identity.	Token60
http://www.fpml.org/FpML-5/confirmation#LegIdentifier	LegIdentifier			complexType	shared	Version aware identification of a leg.	
http://www.fpml.org/FpML-5/confirmation#LegalEntity	LegalEntity			complexType	shared	A type defining a legal entity.	
http://www.fpml.org/FpML-5/confirmation#LegalEntityReference	LegalEntityReference		Reference	complexType	shared	References a credit entity defined elsewhere in the document.	
http://www.fpml.org/FpML-5/confirmation#LenderClassification	LenderClassification			complexType	loan	A list of lender classifications. These are used to derive other rules associated with specific lender types.	Scheme
http://www.fpml.org/FpML-5/confirmation#LetterOfCredit	LetterOfCredit		LetterOfCreditSummary	complexType	loan	A definition of an unfunded borrowing (guarantee) instrument known as a Letter of Credit.	
http://www.fpml.org/FpML-5/confirmation#LetterOfCreditFacility	LetterOfCreditFacility		AbstractFacility	complexType	loan	A facility designed to issue letter of credit products.	
http://www.fpml.org/FpML-5/confirmation#LetterOfCreditReference	LetterOfCreditReference		Reference	complexType	loan	A reference to a letter of credit.	
http://www.fpml.org/FpML-5/confirmation#LetterOfCreditSummary	LetterOfCreditSummary		FacilityContractIdentifier	complexType	loan	A short form definition of a letter of credit.	
http://www.fpml.org/FpML-5/confirmation#Lien	Lien			complexType	asset	A type describing the liens associated with a loan facility.	Scheme
http://www.fpml.org/FpML-5/confirmation#LimitApplicable	LimitApplicable			complexType	business-events		
http://www.fpml.org/FpML-5/confirmation#LimitId	LimitId			complexType	business-events		NonEmptyScheme
http://www.fpml.org/FpML-5/confirmation#LimitType	LimitType			complexType	business-events		Scheme
http://www.fpml.org/FpML-5/confirmation#LinkId	LinkId			complexType	doc	The data type used for link identifiers.	NonEmptyScheme
http://www.fpml.org/FpML-5/confirmation#LinkType	LinkType			complexType	doc		Scheme
http://www.fpml.org/FpML-5/confirmation#LinkedTrade	LinkedTrade			complexType	doc	A type for representing information about a trade related to this. It identifies the related trade and the type of relationship.	
http://www.fpml.org/FpML-5/confirmation#Loan	Loan		UnderlyingAsset	complexType	asset	A type describing a loan underlying asset.	
http://www.fpml.org/FpML-5/confirmation#LoanAcknowledgement	LoanAcknowledgement		Message	complexType	loan	A base type to extend the FpML basic 'message' type, similar in function to the 'response' message, but specific to the needs of the loan asset class.	
http://www.fpml.org/FpML-5/confirmation#LoanAllocation	LoanAllocation		LoanAllocationSummary	complexType	loan	An event structure defining information related to a loan trade allocation.	
http://www.fpml.org/FpML-5/confirmation#LoanAllocationEvent	LoanAllocationEvent		AbstractLoanAllocationEvent	complexType	loan	An event structure defining information related to a loan trade allocation.	
http://www.fpml.org/FpML-5/confirmation#LoanAllocationIdentifier	LoanAllocationIdentifier		TradeIdentifier	complexType	loan	A structure that contains sender-specific and optional shared loan allocation identifiers.	
http://www.fpml.org/FpML-5/confirmation#LoanAllocationNoSettlePeriod	LoanAllocationNoSettlePeriod			complexType	loan	A structure that describes a period during which settlement cannot occur.	
http://www.fpml.org/FpML-5/confirmation#LoanAllocationNoSettlePeriodType	LoanAllocationNoSettlePeriodType			complexType	loan	A structure that defines no-settle period types based on a qualifying scheme.	Scheme
http://www.fpml.org/FpML-5/confirmation#LoanAllocationNotification	LoanAllocationNotification		AbstractLoanAllocationNotification	complexType	loan	A loan servicing notification used to communicate trade allocation details, from counterparty to counterparty, or counterparty to admin agent.	
http://www.fpml.org/FpML-5/confirmation#LoanAllocationPayment	LoanAllocationPayment		LoanSimplePayment	complexType	loan	A structure that represents a payment related to a loan allocation level of a trade.	
http://www.fpml.org/FpML-5/confirmation#LoanAllocationReference	LoanAllocationReference		Reference	complexType	loan	A reference to a loan trade allocation.	
http://www.fpml.org/FpML-5/confirmation#LoanAllocationSettlementDateAvailabilityEvent	LoanAllocationSettlementDateAvailabilityEvent		AbstractLoanAllocationEvent	complexType	loan	An event structure defining information related to trade settlement date coordination.	
http://www.fpml.org/FpML-5/confirmation#LoanAllocationSettlementDateFinalizationEvent	LoanAllocationSettlementDateFinalizationEvent		AbstractLoanAllocationEvent	complexType	loan	An event structure defining the trade settlement date.	
http://www.fpml.org/FpML-5/confirmation#LoanAllocationSettlementEvent	LoanAllocationSettlementEvent		AbstractLoanAllocationSettlementEvent	complexType	loan	An event structure defining the counterparty-to-counterparty trade settlement details.	
http://www.fpml.org/FpML-5/confirmation#LoanAllocationSettlementTask	LoanAllocationSettlementTask		AbstractLoanTask	complexType	loan	A structure that details tasks and their statuses, the completion of which are prerequisites to the settlement of a trade or allocation.	
http://www.fpml.org/FpML-5/confirmation#LoanAllocationSettlementTaskType	LoanAllocationSettlementTaskType			complexType	loan	A structure used to uniquely identify a settlement task type within a syndicated loan structure.	
http://www.fpml.org/FpML-5/confirmation#LoanAllocationSummary	LoanAllocationSummary		LoanAllocationIdentifier	complexType	loan	A structure defining fundamental allocation event information.	
http://www.fpml.org/FpML-5/confirmation#LoanAllocationTransferFeeDueEvent	LoanAllocationTransferFeeDueEvent		AbstractLoanAllocationEvent	complexType	loan	A structure that defines details related to the admin agent's determination of transfer fee(s) owed on an allocation.	
http://www.fpml.org/FpML-5/confirmation#LoanAllocationTransferFeeOwedEvent	LoanAllocationTransferFeeOwedEvent		AbstractLoanAllocationEvent	complexType	loan	A structure that defines details related to the admin agent's determination of transfer fee(s) owed on an allocation.	
http://www.fpml.org/FpML-5/confirmation#LoanContract	LoanContract		LoanContractSummary	complexType	loan	A funded borrowing instrument which utilizes a portion of an available under a single facility (line of credit) within a bank deal (credit agreement).	
http://www.fpml.org/FpML-5/confirmation#LoanContractAdjustment	LoanContractAdjustment		AbstractLoanContractEvent	complexType	loan	An event representing adjustment in the notional amount of a loan contract that has no cash flow effect. E.g. an amount adjustment due to a defaulted loan.	
http://www.fpml.org/FpML-5/confirmation#LoanContractBaseRateSet	LoanContractBaseRateSet		AbstractLoanContractEvent	complexType	loan	An event representing the initial setting of the rate on a single (new) loan contract.	
http://www.fpml.org/FpML-5/confirmation#LoanContractMaturityChange	LoanContractMaturityChange		AbstractLoanContractEvent	complexType	loan	An event representing a change of maturity date on a one or more outstanding loan contracts.	
http://www.fpml.org/FpML-5/confirmation#LoanContractReference	LoanContractReference		Reference	complexType	loan	A reference to a loan contract.	
http://www.fpml.org/FpML-5/confirmation#LoanContractSummary	LoanContractSummary		FacilityContractIdentifier	complexType	loan	A short form of a loan contract.	
http://www.fpml.org/FpML-5/confirmation#LoanInterestPayment	LoanInterestPayment		AbstractLoanContractEvent	complexType	loan	An event representing the lender-specific payment of interest amounts for a given accrual period against a single loan contract.	
http://www.fpml.org/FpML-5/confirmation#LoanNotificationAcknowledgement	LoanNotificationAcknowledgement		LoanAcknowledgement	complexType	loan	A message used to acknowledge a loan notification.	
http://www.fpml.org/FpML-5/confirmation#LoanNotificationException	LoanNotificationException		Exception	complexType	loan	A message used to indicate an exception issue with a loan notification.	
http://www.fpml.org/FpML-5/confirmation#LoanNotificationRetracted	LoanNotificationRetracted		NonCorrectableRequestMessage	complexType	loan	A message used to indicate a retraction of a loan notification.	
http://www.fpml.org/FpML-5/confirmation#LoanParticipation	LoanParticipation		PCDeliverableObligationCharac	complexType	cd		
http://www.fpml.org/FpML-5/confirmation#LoanPartyProfileStatement	LoanPartyProfileStatement		AbstractLoanPartyProfileStatement	complexType	loan	A profile generated and communicated by parties containing their relevant contact and payment details. This is communicated by parties to anyone who wishes to initiate payments and/or communicate with them.	
http://www.fpml.org/FpML-5/confirmation#LoanServicingNotification	LoanServicingNotification		AbstractContractNotification	complexType	loan	A loan servicing notification used to communicate business events, within a single notification.	
http://www.fpml.org/FpML-5/confirmation#LoanSimplePayment	LoanSimplePayment		PaymentBase	complexType	loan	A complex type to specified payments in a simpler fashion than the Payment type. This construct should be used from the version 4.3 onwards.	
http://www.fpml.org/FpML-5/confirmation#LoanTaskDates	LoanTaskDates			complexType	loan	A structure that details key dates related to a task.	
http://www.fpml.org/FpML-5/confirmation#LoanTrade	LoanTrade		LoanTradeSummary	complexType	loan	A structure that defines party-to-party loan trade information. This structure contains the main (e.g. fund manager/main counterparty) trade details.	
http://www.fpml.org/FpML-5/confirmation#LoanTradeEvent	LoanTradeEvent		AbstractLoanTradeEvent	complexType	loan	An event structure defining counterparty-to-counterparty loan trade information. This structure contains the main (e.g. fund manager/main counterparty) trade details.	
http://www.fpml.org/FpML-5/confirmation#LoanTradeNotification	LoanTradeNotification		AbstractLoanTradeNotification	complexType	loan	A loan servicing notification used to communicate details to establish a master trade, from counterparty to counterparty.	
http://www.fpml.org/FpML-5/confirmation#LoanTradePayment	LoanTradePayment		LoanSimplePayment	complexType	loan	A structure that represents a payment related to a loan trade (loan trade level).	
http://www.fpml.org/FpML-5/confirmation#LoanTradeReference	LoanTradeReference		Reference	complexType	loan	A reference to a loan trade.	
http://www.fpml.org/FpML-5/confirmation#LoanTradeSettlementTask	LoanTradeSettlementTask		AbstractLoanTask	complexType	loan	A structure that details tasks and their statuses, the completion of which are prerequisites to the settlement of a trade or allocation.	
http://www.fpml.org/FpML-5/confirmation#LoanTradeSettlementTaskType	LoanTradeSettlementTaskType			complexType	loan	A structure that uniquely identifies a settlement task type within a syndicated loan structure.	
http://www.fpml.org/FpML-5/confirmation#LoanTradeSummary	LoanTradeSummary		TradeIdentifier	complexType	loan	A structure that defines all loan trade information i.e. this structure contains the main (e.g. fund manager/main counterparty) trade details.	
http://www.fpml.org/FpML-5/confirmation#LoanTradeTransferFeeDueEvent	LoanTradeTransferFeeDueEvent		AbstractLoanTradeEvent	complexType	loan	A structure that defines details related to the admin agent's determination of transfer fee(s) owed on a trade.	
http://www.fpml.org/FpML-5/confirmation#LoanTradeTransferFeeOwedEvent	LoanTradeTransferFeeOwedEvent		AbstractLoanTradeEvent	complexType	loan	A structure that defines details related to the admin agent's determination of transfer fee(s) owed on a trade.	
http://www.fpml.org/FpML-5/confirmation#LoanTradingCostOfCarry	LoanTradingCostOfCarry			complexType	loan	A structure that incorporates elements of an accrual calculation, for the purpose of defining cost-of-carry.	
http://www.fpml.org/FpML-5/confirmation#LoanTradingCostOfCarryAccrual	LoanTradingCostOfCarryAccrual			complexType	loan	A schedule that incorporates all sub-periods of an accrual calculation for the purposes of determining the cost of carry in the case of a trade with delayed settlement.	
http://www.fpml.org/FpML-5/confirmation#LoanTradingCounterpartySettlementFundingFactors	LoanTradingCounterpartySettlementFundingFactors			complexType	loan	A structure that defines the factors that impact settlement cashflows.	
http://www.fpml.org/FpML-5/confirmation#LoanTradingDelayedCompensation	LoanTradingDelayedCompensation			complexType	loan	A structure that incorporates elements of interest and fee accruals, for the purpose of defining delayed compensation.	
http://www.fpml.org/FpML-5/confirmation#LoanTradingEconomicBenefit	LoanTradingEconomicBenefit			complexType	loan	A structure that combines a simple (money) amount with an optional event, for the purpose of defining economic benefit at settlement.	
http://www.fpml.org/FpML-5/confirmation#LoanTradingFacilityFeeAccrual	LoanTradingFacilityFeeAccrual		AbstractTradingAccrual	complexType	loan	A structure that details the underlying elements that affect the calculation of a fee accrual.	
http://www.fpml.org/FpML-5/confirmation#LoanTradingLetterOfCreditAccrual	LoanTradingLetterOfCreditAccrual		AbstractTradingAccrual	complexType	loan	A structure that incorporates sub-periods of an accrual calculation for a traded letter of credit.	
http://www.fpml.org/FpML-5/confirmation#LoanTradingLoanContractAccrual	LoanTradingLoanContractAccrual		AbstractTradingAccrual	complexType	loan	A structure that incorporates sub-periods of an accrual calculation for a traded outstanding contract.	
http://www.fpml.org/FpML-5/confirmation#LoanTradingNonAccruingFee	LoanTradingNonAccruingFee			complexType	loan	A structure that details the underlying elements that affect the calculation of a nonaccruing fee.	
http://www.fpml.org/FpML-5/confirmation#LoanTradingPartyRole	LoanTradingPartyRole			complexType	loan	A type that describes a role played by a party in a trading transaction. Examples include roles such as guarantor, custodian, confirmation service provider, etc. This can be extended to provide custom roles.	Scheme
http://www.fpml.org/FpML-5/confirmation#LoanTransferFee	LoanTransferFee			complexType	loan	A structure that represents counterparty shares or alternatively the total amount of the assignment fee owed to the admin agent.	
http://www.fpml.org/FpML-5/confirmation#MainPublication	MainPublication			complexType	shared	A type to define the main publication source.	Scheme
http://www.fpml.org/FpML-5/confirmation#MakeWholeAmount	MakeWholeAmount		SwapCurveValuation	complexType	bond-option	A complex type to specify the amount to be paid by the buyer of the option if the option is exercised prior to the Early Call Date (Typically applicable to the convertible bond options).	
http://www.fpml.org/FpML-5/confirmation#MakeWholeProvisions	MakeWholeProvisions			complexType	eq-shared	A type to hold early exercise provisions.	
http://www.fpml.org/FpML-5/confirmation#MandatoryCostRateChange	MandatoryCostRateChange		AbstractFacilityRateChangeEvent	complexType	loan	An event representing a change in the mandatory cost rate, applicable to certain outstanding loans in the UK market.	
http://www.fpml.org/FpML-5/confirmation#MandatoryCostRateExpiry	MandatoryCostRateExpiry		AbstractFacilityContractEvent	complexType	loan	An event representing expiration of the mandatory cost rate applicable in the UK market.	
http://www.fpml.org/FpML-5/confirmation#MandatoryEarlyTermination	MandatoryEarlyTermination			complexType	ird	A type to define an early termination provision for which exercise is mandatory.	
http://www.fpml.org/FpML-5/confirmation#MandatoryEarlyTerminationAdjustedDates	MandatoryEarlyTerminationAdjustedDates			complexType	ird	A type defining the adjusted dates associated with a mandatory early termination provision.	
http://www.fpml.org/FpML-5/confirmation#ManualExercise	ManualExercise			complexType	shared	A type defining manual exercise, i.e. that the option buyer counterparty must give notice to the option seller of exercise.	
http://www.fpml.org/FpML-5/confirmation#Market	Market			complexType	riskdef	A collection of pricing inputs.	
http://www.fpml.org/FpML-5/confirmation#MarketDisruption	MarketDisruption			complexType	option-shared	Defines the handling of an averaging date market disruption for an equity derivative transaction.	Scheme
http://www.fpml.org/FpML-5/confirmation#MarketDisruptionEvent	MarketDisruptionEvent			complexType	com	A Market Disruption Event.	Scheme
http://www.fpml.org/FpML-5/confirmation#MarketReference	MarketReference		Reference	complexType	riskdef	Reference to a market structure.	
http://www.fpml.org/FpML-5/confirmation#MasterAgreement	MasterAgreement			complexType	shared	An entity for defining the agreement executed between the parties and intended to govern all OTC derivatives transactions between those parties.	
http://www.fpml.org/FpML-5/confirmation#MasterAgreementId	MasterAgreementId			complexType	shared	A master agreement identifier allocated by a party. FpML does not define the domain values associated with this element. Note that the domain values for this element are not strictly an enumerated list.	NonEmptyScheme
http://www.fpml.org/FpML-5/confirmation#MasterAgreementType	MasterAgreementType			complexType	shared		Scheme
http://www.fpml.org/FpML-5/confirmation#MasterAgreementVersion	MasterAgreementVersion			complexType	shared		Scheme
http://www.fpml.org/FpML-5/confirmation#MasterConfirmation	MasterConfirmation			complexType	shared	An entity for defining the master confirmation agreement executed between the parties.	
http://www.fpml.org/FpML-5/confirmation#MasterConfirmationAnnexType	MasterConfirmationAnnexType			complexType	shared		Scheme
http://www.fpml.org/FpML-5/confirmation#MasterConfirmationType	MasterConfirmationType			complexType	shared		Scheme
http://www.fpml.org/FpML-5/confirmation#MatchId	MatchId			complexType	shared	An identifier used to identify matched cashflows.	NonEmptyScheme
http://www.fpml.org/FpML-5/confirmation#Material	Material			complexType	com	A scheme identifying the types of metal product for a physically settled metal trade.	Scheme
http://www.fpml.org/FpML-5/confirmation#Math	Math			complexType	shared	A type defining a mathematical expression.	
http://www.fpml.org/FpML-5/confirmation#MatrixSource	MatrixSource			complexType	cd		Scheme
http://www.fpml.org/FpML-5/confirmation#MatrixTerm	MatrixTerm			complexType	shared		Scheme
http://www.fpml.org/FpML-5/confirmation#MatrixType	MatrixType			complexType	shared		Scheme
http://www.fpml.org/FpML-5/confirmation#MaturityNotification	MaturityNotification		CorrectableRequestMessage	complexType	confirmation-processes	A message used to notify another party that a trade has matured. This can be used to report, for example, that a swap has passed its final payment and can be removed, or that an option has expired without being executed.	
http://www.fpml.org/FpML-5/confirmation#Message	Message		Document	complexType	msg	A type defining the basic structure of all FpML messages which is refined by its derived types.	
http://www.fpml.org/FpML-5/confirmation#MessageAddress	MessageAddress			complexType	msg	The data type used for identifying a message address.	Scheme
http://www.fpml.org/FpML-5/confirmation#MessageHeader	MessageHeader			complexType	msg	A type defining the content model for a generic message header that is refined by its derived classes.	
http://www.fpml.org/FpML-5/confirmation#MessageId	MessageId			complexType	msg	The data type use for message identifiers.	NonEmptyScheme
http://www.fpml.org/FpML-5/confirmation#Metal	Metal			complexType	com	A type defining the characteristics of the metal product being traded in a physically settled metal transaction.	
http://www.fpml.org/FpML-5/confirmation#MetalDelivery	MetalDelivery			complexType	com	The physical delivery conditions for the transaction.	
http://www.fpml.org/FpML-5/confirmation#MetalPhysicalLeg	MetalPhysicalLeg		PhysicalForwardLeg	complexType	com	Physically settled leg of a physically settled Metal transaction.	
http://www.fpml.org/FpML-5/confirmation#MimeType	MimeType			complexType	shared	The type that indicates the type of media used to store the content. MimeType is used to determine the software product(s) that can read the content. MIME types are described in RFC 2046.	Scheme
http://www.fpml.org/FpML-5/confirmation#MiscFeePayment	MiscFeePayment		AbstractFacilityPaymentEvent	complexType	loan	An event describing a misc (one-off) fee being paid at either the loan contract or facility level.	
http://www.fpml.org/FpML-5/confirmation#MiscFeeType	MiscFeeType			complexType	loan	A list of all miscellaneous (one-off) fee types.	Scheme
http://www.fpml.org/FpML-5/confirmation#Money	Money		MoneyBase	complexType	shared	A type defining a currency amount.	
http://www.fpml.org/FpML-5/confirmation#MoneyBase	MoneyBase			complexType	shared	Abstract base class for all money types.	
http://www.fpml.org/FpML-5/confirmation#MoneyRef	MoneyRef		PositiveMoney	complexType	business-events	A type defining a currency amount with a reference.	
http://www.fpml.org/FpML-5/confirmation#MoneyWithParticipantShare	MoneyWithParticipantShare		Money	complexType	loan	An extension of the money type with the ability to specify a lender share amount in addition to the global amount (represented by 'amount').	
http://www.fpml.org/FpML-5/confirmation#Mortgage	Mortgage		UnderlyingAsset	complexType	asset	A type describing a mortgage asset.	
http://www.fpml.org/FpML-5/confirmation#MortgageSector	MortgageSector			complexType	asset	A type describing the typology of mortgage obligations.	Scheme
http://www.fpml.org/FpML-5/confirmation#MultiCurrency	MultiCurrency			complexType	loan	A struture that defines all the currencies in which funds can be drawn against a facility.	
http://www.fpml.org/FpML-5/confirmation#MultiDimensionalPricingData	MultiDimensionalPricingData			complexType	mktenv	A pricing data set that contains a series of points with coordinates. It is a sparse matrix representation of a multi-dimensional matrix.	
http://www.fpml.org/FpML-5/confirmation#MultipleExercise	MultipleExercise			complexType	shared	A type defining multiple exercises. As defining in the 2000 ISDA Definitions, Section 12.4. Multiple Exercise, the buyer of the option has the right to exercise all or less than all the unexercised notional amount of the underlying swap on one or more days in the exercise period, but on any such day may not exercise less than the minimum notional amount or more than the maximum notional amount, and if an integral multiple amount is specified, the notional exercised must be equal to or, be an integral multiple of, the integral multiple amount.	
http://www.fpml.org/FpML-5/confirmation#MultipleValuationDates	MultipleValuationDates		SingleValuationDate	complexType	cd		
http://www.fpml.org/FpML-5/confirmation#MutualFund	MutualFund		UnderlyingAsset	complexType	asset		
http://www.fpml.org/FpML-5/confirmation#NetAndGross	NetAndGross			complexType	doc	A structure including a net and/or a gross amount and possibly fees and commissions.	
http://www.fpml.org/FpML-5/confirmation#NettedSwapBase	NettedSwapBase		Product	complexType	eq-shared	An abstract base class for all swap types which have a single netted leg, such as Variance Swaps, and Correlation Swaps.	
http://www.fpml.org/FpML-5/confirmation#NoTouchLowerBarrierObservation	NoTouchLowerBarrierObservation			complexType	business-events		
http://www.fpml.org/FpML-5/confirmation#NoTouchRateObservation	NoTouchRateObservation			complexType	business-events		
http://www.fpml.org/FpML-5/confirmation#NoTouchUpperBarrierObservation	NoTouchUpperBarrierObservation			complexType	business-events		
http://www.fpml.org/FpML-5/confirmation#NonAccruingFeeTypeId	NonAccruingFeeTypeId			complexType	loan	A structure used to uniquely identify a single non-accruing facility fee type within a syndicated loan structure.	
http://www.fpml.org/FpML-5/confirmation#NonCorrectableRequestMessage	NonCorrectableRequestMessage		RequestMessage	complexType	msg	A type defining the content model for a request message that cannot be subsequently corrected or retracted.	
http://www.fpml.org/FpML-5/confirmation#NonDeliverableSettlement	NonDeliverableSettlement			complexType	ird	A type defining the parameters used when the reference currency of the swapStream is non-deliverable.	
http://www.fpml.org/FpML-5/confirmation#NonDeliverableSubstitute	NonDeliverableSubstitute		FxDisruptionFallback	complexType	fx	Describes a currency which may be delivered instead	
http://www.fpml.org/FpML-5/confirmation#NonNegativeAmountSchedule	NonNegativeAmountSchedule		NonNegativeSchedule	complexType	shared	A type defining a currency amount or a currency amount schedule.	
http://www.fpml.org/FpML-5/confirmation#NonNegativeMoney	NonNegativeMoney		MoneyBase	complexType	shared	A type defining a non negative money amount.	
http://www.fpml.org/FpML-5/confirmation#NonNegativePayment	NonNegativePayment		PaymentBaseExtended	complexType	shared	A complex type to specify non negative payments.	
http://www.fpml.org/FpML-5/confirmation#NonNegativeSchedule	NonNegativeSchedule			complexType	shared	A type defining a schedule of non-negative rates or amounts in terms of an initial value and then a series of step date and value pairs. On each step date the rate or amount changes to the new step value. The series of step date and value pairs are optional. If not specified, this implies that the initial value remains unchanged over time.	
http://www.fpml.org/FpML-5/confirmation#NonNegativeStep	NonNegativeStep		StepBase	complexType	shared	A type defining a step date and non-negative step value pair. This step definitions are used to define varying rate or amount schedules, e.g. a notional amortization or a step-up coupon schedule.	
http://www.fpml.org/FpML-5/confirmation#NonPeriodicFixedPriceLeg	NonPeriodicFixedPriceLeg		CommoditySwapLeg	complexType	com	The details of a fixed payment. Can be used for a forward transaction or as the base for a more complex fixed leg component such as the fixed leg of a swap.	
http://www.fpml.org/FpML-5/confirmation#NotDomesticCurrency	NotDomesticCurrency			complexType	cd		
http://www.fpml.org/FpML-5/confirmation#NotificationMessage	NotificationMessage		Message	complexType	msg	A type defining the basic content for a message sent to inform another system that some 'business event' has occured. Notifications are not expected to be replied to.	
http://www.fpml.org/FpML-5/confirmation#NotificationMessageHeader	NotificationMessageHeader		MessageHeader	complexType	msg	A type that refines the generic message header to match the requirements of a NotificationMessage.	
http://www.fpml.org/FpML-5/confirmation#NotifyingParty	NotifyingParty			complexType	option-shared		
http://www.fpml.org/FpML-5/confirmation#Notional	Notional			complexType	ird	An type defining the notional amount or notional amount schedule associated with a swap stream. The notional schedule will be captured explicitly, specifying the dates that the notional changes and the outstanding notional amount that applies from that date. A parametric representation of the rules defining the notional step schedule can optionally be included.	
http://www.fpml.org/FpML-5/confirmation#NotionalAmount	NotionalAmount		NonNegativeMoney	complexType	shared	A complex type to specify the notional amount.	
http://www.fpml.org/FpML-5/confirmation#NotionalAmountReference	NotionalAmountReference		Reference	complexType	shared	A reference to the notional amount.	
http://www.fpml.org/FpML-5/confirmation#NotionalReference	NotionalReference		Reference	complexType	shared	A reference to the notional amount.	
http://www.fpml.org/FpML-5/confirmation#NotionalReportingType	NotionalReportingType			complexType	doc	How a notional is to be reported for this reporting regime. E.g. for ESMA EMIR, it would be Nominal or Monetary Amount	Scheme
http://www.fpml.org/FpML-5/confirmation#NotionalStepRule	NotionalStepRule			complexType	ird	A type defining a parametric representation of the notional step schedule, i.e. parameters used to generate the notional balance on each step date. The step change in notional can be expressed in terms of either a fixed amount or as a percentage of either the initial notional or previous notional amount. This parametric representation is intended to cover the more common amortizing/accreting.	
http://www.fpml.org/FpML-5/confirmation#NumberOfOptionsReference	NumberOfOptionsReference		Reference	complexType	shared	A reference to the number of options.	
http://www.fpml.org/FpML-5/confirmation#NumberOfUnitsReference	NumberOfUnitsReference		Reference	complexType	shared	A reference to the number of units.	
http://www.fpml.org/FpML-5/confirmation#ObligationAccelerationEvent	ObligationAccelerationEvent		CreditEvent	complexType	credit-event-notification		
http://www.fpml.org/FpML-5/confirmation#ObligationDefaultEvent	ObligationDefaultEvent		CreditEvent	complexType	credit-event-notification		
http://www.fpml.org/FpML-5/confirmation#Obligations	Obligations			complexType	cd		
http://www.fpml.org/FpML-5/confirmation#Observation	Observation			complexType	business-events		
http://www.fpml.org/FpML-5/confirmation#ObservationEvent	ObservationEvent		AbstractEvent	complexType	business-events		
http://www.fpml.org/FpML-5/confirmation#ObservationFrequency	ObservationFrequency		Period	complexType	shared	A type defining the frequency at which calculation period end dates occur within the regular part of the calculation period schedule and thier roll date convention. In case the calculation frequency is of value T (term), the period is defined by the swap\swapStream\calculationPerioDates\effectiveDate and the swap\swapStream\calculationPerioDates\terminationDate.	
http://www.fpml.org/FpML-5/confirmation#ObservationReference	ObservationReference		AbstractEvent	complexType	business-events	Reference to the observation details of a particular rate observation.	
http://www.fpml.org/FpML-5/confirmation#ObservationSource	ObservationSource			complexType	business-events	The observation source can be composed of an curve and/or and information source.	
http://www.fpml.org/FpML-5/confirmation#ObservedPrice	ObservedPrice			complexType	business-events		
http://www.fpml.org/FpML-5/confirmation#ObservedRate	ObservedRate			complexType	business-events		
http://www.fpml.org/FpML-5/confirmation#Offset	Offset		Period	complexType	shared	A type defining an offset used in calculating a new date relative to a reference date. E.g. calendar days, business days, Commodity Business days, etc..	
http://www.fpml.org/FpML-5/confirmation#OffsetPrevailingTime	OffsetPrevailingTime			complexType	shared	Allows the specification of a time that may be on a day prior or subsequent to the day in question. This type is intended for use with a day of the week (i.e. where no actual date is specified) as part of, for example, a period that runs from 23:00-07:00 on a series of days and where holidays on the actual days would affect the entire time period.	
http://www.fpml.org/FpML-5/confirmation#OilDelivery	OilDelivery			complexType	com	The physical delivery conditions for an oil product.	
http://www.fpml.org/FpML-5/confirmation#OilPhysicalLeg	OilPhysicalLeg		PhysicalSwapLeg	complexType	com	Physically settled leg of a physically settled oil product transaction.	
http://www.fpml.org/FpML-5/confirmation#OilPipelineDelivery	OilPipelineDelivery			complexType	com	The physical delivery conditions specific to an oil product delivered by pipeline.	
http://www.fpml.org/FpML-5/confirmation#OilProduct	OilProduct			complexType	com	The specification of the oil product to be delivered.	
http://www.fpml.org/FpML-5/confirmation#OilProductType	OilProductType			complexType	com	The type of physical commodity product to be delivered.	Scheme
http://www.fpml.org/FpML-5/confirmation#OilTransferDelivery	OilTransferDelivery			complexType	com	The physical delivery conditions specific to an oil product delivered by title transfer.	
http://www.fpml.org/FpML-5/confirmation#OnBehalfOf	OnBehalfOf			complexType	shared		
http://www.fpml.org/FpML-5/confirmation#Option	Option		Product	complexType	option-shared	A type for defining the common features of options. Buyer/seller information is not normally used in Transparency view but is optional in case the information is needed for administrative purposes such as Reporting Party determination.	
http://www.fpml.org/FpML-5/confirmation#OptionBase	OptionBase		Option	complexType	option-shared	A type for defining the common features of options.	
http://www.fpml.org/FpML-5/confirmation#OptionBaseExtended	OptionBaseExtended		OptionBase	complexType	option-shared	Base type for options starting with the 4-3 release, until we refactor the schema as part of the 5-0 release series.	
http://www.fpml.org/FpML-5/confirmation#OptionEvent	OptionEvent		AbstractEvent	complexType	business-events		
http://www.fpml.org/FpML-5/confirmation#OptionExercise	OptionExercise		AbstractEvent	complexType	business-events	A structure describing an option exercise. The OptionExercise type supports partial exercise (specify the number of options or amount to exercise), full exercise (use fullExercise flag), as well as the option to request options not to be exercised.	
http://www.fpml.org/FpML-5/confirmation#OptionExerciseAmounts	OptionExerciseAmounts			complexType	business-events		
http://www.fpml.org/FpML-5/confirmation#OptionExpiry	OptionExpiry		AbstractEvent	complexType	business-events	A structure describing an option expiring (i.e. passing its last exercise time and becoming worthless.)	
http://www.fpml.org/FpML-5/confirmation#OptionExpiryBase	OptionExpiryBase			complexType	business-events	A structure describing an option expiring.	
http://www.fpml.org/FpML-5/confirmation#OptionFeature	OptionFeature			complexType	option-shared	A type for defining option features.	
http://www.fpml.org/FpML-5/confirmation#OptionFeatures	OptionFeatures			complexType	eq-shared	A type for defining option features.	
http://www.fpml.org/FpML-5/confirmation#OptionNumericStrike	OptionNumericStrike			complexType	option-shared	A type for defining the strike price for an option as a numeric value without currency.	
http://www.fpml.org/FpML-5/confirmation#OptionStrike	OptionStrike		OptionNumericStrike	complexType	option-shared	A type for defining the strike price for an equity option. The strike price is either: (i) in respect of an index option transaction, the level of the relevant index specified or otherwise determined in the transaction; or (ii) in respect of a share option transaction, the price per share specified or otherwise determined in the transaction. This can be expressed either as a percentage of notional amount or as an absolute value.	
http://www.fpml.org/FpML-5/confirmation#OptionType	OptionType			complexType	generic	The type of option transaction (e.g. Call, Put); specifies whether the option allows the holder to buy or sell the underlying asset, or pay or receive a payment related to the price of underlying asset, in the event of exercise.	Scheme
http://www.fpml.org/FpML-5/confirmation#OptionalEarlyTermination	OptionalEarlyTermination			complexType	ird	A type defining an early termination provision where either or both parties have the right to exercise.	
http://www.fpml.org/FpML-5/confirmation#OptionalEarlyTerminationAdjustedDates	OptionalEarlyTerminationAdjustedDates			complexType	ird	A type defining the adjusted dates associated with an optional early termination provision.	
http://www.fpml.org/FpML-5/confirmation#OrderId	OrderId			complexType	doc	A type that an identifier for an order.	NonEmptyScheme
http://www.fpml.org/FpML-5/confirmation#OrderIdentifier	OrderIdentifier			complexType	doc	A type that an order's identifier(s).	
http://www.fpml.org/FpML-5/confirmation#OrganizationCharacteristic	OrganizationCharacteristic			complexType	doc	A characteristic of an organization used in declaring an end-user exception.	Scheme
http://www.fpml.org/FpML-5/confirmation#OrganizationType	OrganizationType			complexType	shared	A code that describes what type of role an organization plays, for example a SwapsDealer, a Major Swaps Participant, or Other	Token
http://www.fpml.org/FpML-5/confirmation#OriginatingEvent	OriginatingEvent			complexType	shared		Scheme
http://www.fpml.org/FpML-5/confirmation#OtcClassification	OtcClassification			complexType	doc	Indicator as to the type of transaction in accordance with Articles 20(3)(a) and 21(5)(a) of Regulation (EU) 600/2014.	Scheme
http://www.fpml.org/FpML-5/confirmation#OtherAgreement	OtherAgreement			complexType	shared	An entity for defining the an agreement executed between parties.	
http://www.fpml.org/FpML-5/confirmation#OtherAgreementId	OtherAgreementId			complexType	shared	A agreement identifier allocated by a party. FpML does not define the domain values associated with this element. Note that the domain values for this element are not strictly an enumerated list.	NonEmptyScheme
http://www.fpml.org/FpML-5/confirmation#OtherAgreementType	OtherAgreementType			complexType	shared		Scheme
http://www.fpml.org/FpML-5/confirmation#OtherAgreementVersion	OtherAgreementVersion			complexType	shared		Scheme
http://www.fpml.org/FpML-5/confirmation#OutstandingContractsStatement	OutstandingContractsStatement		AbstractLoanStatement	complexType	loan	A collection of outstanding loan contract and/or letter of credit structures belonging to a single facility.	
http://www.fpml.org/FpML-5/confirmation#OutstandingsPosition	OutstandingsPosition			complexType	loan	A structure that represents outstanding loan contracts or outstanding letter of credit position. Both the global and lender position (current and prior) levels can be represented.	
http://www.fpml.org/FpML-5/confirmation#PCDeliverableObligationCharac	PCDeliverableObligationCharac			complexType	cd		
http://www.fpml.org/FpML-5/confirmation#PackageHeader	PackageHeader			complexType	business-events	Identifying information for a tradePackage (a bundle of trades).	
http://www.fpml.org/FpML-5/confirmation#PackageInformation	PackageInformation			complexType	doc	A type defining additional information that may be recorded against a package of trades.	
http://www.fpml.org/FpML-5/confirmation#PackageSummary	PackageSummary			complexType	doc	Summary information about a trade package.	
http://www.fpml.org/FpML-5/confirmation#PackageType	PackageType			complexType	doc	A type that describes what thpe of package this is, e.g. Butterfly.	Scheme
http://www.fpml.org/FpML-5/confirmation#ParametricAdjustment	ParametricAdjustment			complexType	mktenv	An adjustment used to accommodate a parameter of the input trade, e.g. the strike.	
http://www.fpml.org/FpML-5/confirmation#ParametricAdjustmentPoint	ParametricAdjustmentPoint			complexType	mktenv	A value of the adjustment point, consisting of the x value and the corresponding y value.	
http://www.fpml.org/FpML-5/confirmation#ParentEventIdentifier	ParentEventIdentifier		BusinessEventIdentifier	complexType	loan	Astructure used to relate child events to one another.	
http://www.fpml.org/FpML-5/confirmation#ParentTaskIdentifier	ParentTaskIdentifier		TaskIdentifier	complexType	loan	A structure used to relate child tasks to one another.	
http://www.fpml.org/FpML-5/confirmation#PartialExercise	PartialExercise			complexType	shared	A type defining partial exercise. As defined in the 2000 ISDA Definitions, Section 12.3 Partial Exercise, the buyer of the option may exercise all or less than all the notional amount of the underlying swap but may not be less than the minimum notional amount (if specified) and must be an integral multiple of the integral multiple amount if specified.	
http://www.fpml.org/FpML-5/confirmation#Party	Party			complexType	shared	A type defining a legal entity or a subdivision of a legal entity. | Parties can perform multiple roles in a trade lifecycle. For example, the principal parties obligated to make payments from time to time during the term of the trade, but may include other parties involved in, or incidental to, the trade, such as parties acting in the role of novation transferor/transferee, broker, calculation agent, etc. In FpML roles are defined in multiple places within a document.	
http://www.fpml.org/FpML-5/confirmation#PartyEntityClassification	PartyEntityClassification			complexType	doc	A type that specifies the classification of a party.	
http://www.fpml.org/FpML-5/confirmation#PartyGroupType	PartyGroupType			complexType	shared	The data type used for party group classification.	Scheme
http://www.fpml.org/FpML-5/confirmation#PartyId	PartyId			complexType	shared	The data type used for party identifiers.	NonEmptyScheme
http://www.fpml.org/FpML-5/confirmation#PartyMessageInformation	PartyMessageInformation			complexType	msg	A type defining additional information that may be recorded against a message.	
http://www.fpml.org/FpML-5/confirmation#PartyName	PartyName			complexType	shared	The data type used for the legal name of an organization.	Scheme
http://www.fpml.org/FpML-5/confirmation#PartyNoticePeriod	PartyNoticePeriod			complexType	repo	A type to represent agreed period of notice to be given in advance before exercise of the open repo trade by a party requesting such exercise and reference to that party.	
http://www.fpml.org/FpML-5/confirmation#PartyPortfolioName	PartyPortfolioName			complexType	doc	A type to represent a portfolio name for a particular party.	
http://www.fpml.org/FpML-5/confirmation#PartyProfile	PartyProfile		AbstractPartyProfile	complexType	loan	A type that describes a party profile record.	
http://www.fpml.org/FpML-5/confirmation#PartyProfileDocumentation	PartyProfileDocumentation			complexType	loan	A structure that defines documentation related to a party profile.	
http://www.fpml.org/FpML-5/confirmation#PartyProfileId	PartyProfileId			complexType	loan	A structure that defines a party profile identifier based on a qualifying scheme.	
http://www.fpml.org/FpML-5/confirmation#PartyProfileIdentifier	PartyProfileIdentifier			complexType	loan	A type that identifies a party profile record.	
http://www.fpml.org/FpML-5/confirmation#PartyReference	PartyReference		Reference	complexType	shared	Reference to a party.	
http://www.fpml.org/FpML-5/confirmation#PartyRelationshipType	PartyRelationshipType			complexType	doc	A type containing a code representing how two parties are related, e.g. Affiliated, Intragroup, None.	Scheme
http://www.fpml.org/FpML-5/confirmation#PartyRole	PartyRole			complexType	shared	A type describing a role played by a party in one or more transactions. Examples include roles such as guarantor, custodian, confirmation service provider, etc. This can be extended to provide custom roles.	Scheme
http://www.fpml.org/FpML-5/confirmation#PartyRoleType	PartyRoleType			complexType	shared	A type refining the role a role played by a party in one or more transactions. Examples include "AllPositions" and "SomePositions" for Guarantor. This can be extended to provide custom types.	Scheme
http://www.fpml.org/FpML-5/confirmation#PartyTradeIdentifier	PartyTradeIdentifier		TradeIdentifier	complexType	doc	A type defining one or more trade identifiers allocated to the trade by a party. A link identifier allows the trade to be associated with other related trades, e.g. trades forming part of a larger structured transaction. It is expected that for external communication of trade there will be only one tradeId sent in the document per party.	
http://www.fpml.org/FpML-5/confirmation#PartyTradeIdentifierReference	PartyTradeIdentifierReference		Reference	complexType	shared	A reference to a partyTradeIdentifier object.	
http://www.fpml.org/FpML-5/confirmation#PartyTradeIdentifiers	PartyTradeIdentifiers			complexType	doc	A type containing multiple partyTradeIdentifier.	
http://www.fpml.org/FpML-5/confirmation#PartyTradeInformation	PartyTradeInformation			complexType	doc	A type defining party-specific additional information that may be recorded against a trade.	
http://www.fpml.org/FpML-5/confirmation#PassThrough	PassThrough			complexType	option-shared	Type which contains pass through payments.	
http://www.fpml.org/FpML-5/confirmation#PassThroughItem	PassThroughItem			complexType	option-shared	Type to represent a single pass through payment.	
http://www.fpml.org/FpML-5/confirmation#Payment	Payment		PaymentBase	complexType	shared	A type for defining payments. Developers of FpML models are encouraged to make use of the SimplePayment type instead of this Payment type. In Transparency view, normally the payer and receiver party references are not used; however they may be provided if necessary for administrative activities such as Reporting Party Determination in FX.	
http://www.fpml.org/FpML-5/confirmation#PaymentBase	PaymentBase			complexType	shared	An abstract base class for payment types.	
http://www.fpml.org/FpML-5/confirmation#PaymentBaseExtended	PaymentBaseExtended		PaymentBase	complexType	shared	Base type for payments.	
http://www.fpml.org/FpML-5/confirmation#PaymentCalculationPeriod	PaymentCalculationPeriod			complexType	ird	A type defining the adjusted payment date and associated calculation period parameters required to calculate the actual or projected payment amount. This type forms part of the cashflow representation of a swap stream.	
http://www.fpml.org/FpML-5/confirmation#PaymentDates	PaymentDates			complexType	ird	A type defining parameters used to generate the payment dates schedule, including the specification of early or delayed payments. Payment dates are determined relative to the calculation period dates or the reset dates.	
http://www.fpml.org/FpML-5/confirmation#PaymentDatesReference	PaymentDatesReference		Reference	complexType	ird	Reference to a payment dates structure.	
http://www.fpml.org/FpML-5/confirmation#PaymentDetail	PaymentDetail		PaymentBase	complexType	shared		
http://www.fpml.org/FpML-5/confirmation#PaymentDetails	PaymentDetails			complexType	shared	Details on the referenced payment. e.g. Its cashflow components, settlement details.	
http://www.fpml.org/FpML-5/confirmation#PaymentProjection	PaymentProjection			complexType	loan	A structure that represents interest payment projections.	
http://www.fpml.org/FpML-5/confirmation#PaymentReference	PaymentReference		Reference	complexType	shared	Reference to a payment.	
http://www.fpml.org/FpML-5/confirmation#PaymentRule	PaymentRule			complexType	shared	The abstract base type from which all calculation rules of the independent amount must be derived. Users are supposed to use type substitution at PaymentRule. PaymentRule is supposed to be substituted by PercentageRule. There is the expectation that other rules will be created to model other types of independent amount payment rules in the future.	
http://www.fpml.org/FpML-5/confirmation#PaymentType	PaymentType			complexType	shared		Scheme
http://www.fpml.org/FpML-5/confirmation#PenaltyRateChange	PenaltyRateChange		AbstractFacilityRateChangeEvent	complexType	loan	An event representing a change in the penalty rate applicable to outstanding loans.	
http://www.fpml.org/FpML-5/confirmation#PenaltyRateExpiry	PenaltyRateExpiry		AbstractFacilityContractEvent	complexType	loan	An event representing expiration of the penalty rate.	
http://www.fpml.org/FpML-5/confirmation#PendingPayment	PendingPayment		PaymentBase	complexType	asset	A structure representing a pending dividend or coupon payment.	
http://www.fpml.org/FpML-5/confirmation#PercentageRule	PercentageRule		PaymentRule	complexType	doc	A type defining a content model for a calculation rule defined as percentage of the notional amount.	
http://www.fpml.org/FpML-5/confirmation#PercentageTolerance	PercentageTolerance			complexType	com	The acceptable tolerance in the delivered quantity of a physical commodity product in terms of a percentage of the agreed delivery quantity.	
http://www.fpml.org/FpML-5/confirmation#Period	Period			complexType	shared	A type to define recurring periods or time offsets.	
http://www.fpml.org/FpML-5/confirmation#PeriodRate	PeriodRate			complexType	loan	A structure that represents a rate applicable against a well-defined or open-ended period.	
http://www.fpml.org/FpML-5/confirmation#PeriodicDates	PeriodicDates			complexType	shared		
http://www.fpml.org/FpML-5/confirmation#PeriodicPayment	PeriodicPayment		PaymentBase	complexType	cd		
http://www.fpml.org/FpML-5/confirmation#Person	Person			complexType	shared	A type that represents information about a person connected with a trade or business process.	
http://www.fpml.org/FpML-5/confirmation#PersonId	PersonId			complexType	shared	An identifier used to identify an individual person.	NonEmptyScheme
http://www.fpml.org/FpML-5/confirmation#PersonReference	PersonReference		Reference	complexType	shared	Reference to an individual.	
http://www.fpml.org/FpML-5/confirmation#PersonRole	PersonRole			complexType	shared	A type describing a role played by a person in one or more transactions. Examples include roles such as Trader, Broker, MiddleOffice, Legal, etc. This can be extended to provide custom roles.	Scheme
http://www.fpml.org/FpML-5/confirmation#PerturbationType	PerturbationType			complexType	riskdef	The type of perturbation applied to compute a derivative perturbatively.	Scheme
http://www.fpml.org/FpML-5/confirmation#PhysicalForwardLeg	PhysicalForwardLeg		CommodityForwardLeg	complexType	com	The common components of a physically settled leg of a Commodity Forward. This is an abstract type and should be extended by commodity-specific types.	
http://www.fpml.org/FpML-5/confirmation#PhysicalSettlement	PhysicalSettlement			complexType	business-events	A structure that describes how an option settles into a physical trade.	
http://www.fpml.org/FpML-5/confirmation#PhysicalSettlementPeriod	PhysicalSettlementPeriod			complexType	cd		
http://www.fpml.org/FpML-5/confirmation#PhysicalSettlementTerms	PhysicalSettlementTerms		SettlementTerms	complexType	cd		
http://www.fpml.org/FpML-5/confirmation#PhysicalSwapLeg	PhysicalSwapLeg		CommoditySwapLeg	complexType	com	The common components of a physically settled leg of a Commodity Swap. This is an abstract type and should be extended by commodity-specific types.	
http://www.fpml.org/FpML-5/confirmation#Portfolio	Portfolio			complexType	doc	A type representing an arbitary grouping of trade references.	
http://www.fpml.org/FpML-5/confirmation#PortfolioConstituentReference	PortfolioConstituentReference		PortfolioReferenceBase	complexType	msg	A structure used to group together individual messages that can be acted on at a group level.	
http://www.fpml.org/FpML-5/confirmation#PortfolioName	PortfolioName			complexType	doc	The data type used for portfolio names.	NonEmptyScheme
http://www.fpml.org/FpML-5/confirmation#PortfolioReference	PortfolioReference		PortfolioReferenceBase	complexType	msg	A structure used to group together individual messages that can be acted on at a group level.	
http://www.fpml.org/FpML-5/confirmation#PortfolioReferenceBase	PortfolioReferenceBase			complexType	msg	A structure used to identify a portfolio in a message.	
http://www.fpml.org/FpML-5/confirmation#PositiveMoney	PositiveMoney		MoneyBase	complexType	shared	A type defining a positive money amount	
http://www.fpml.org/FpML-5/confirmation#Postponement	Postponement		FxDisruptionFallback	complexType	fx	Describes a postponement	
http://www.fpml.org/FpML-5/confirmation#PrePayment	PrePayment		PaymentBase	complexType	eqd	A type for defining PrePayment.	
http://www.fpml.org/FpML-5/confirmation#Premium	Premium		SimplePayment	complexType	option-shared	A type for defining a premium.	
http://www.fpml.org/FpML-5/confirmation#PremiumQuote	PremiumQuote			complexType	fx	A type that describes the option premium as quoted.	
http://www.fpml.org/FpML-5/confirmation#PrepaidRate	PrepaidRate			complexType	sec-lending	Specifies the rate which is applied to cash collateral when the cash collateral is settled ahead of the borrowed security. For example: at the initiation of the transaction, the borrow may post some cash right away, which gets returned overnight and substituted with securities, which would constitute as a collateral going forward. On T-0, you might actually hold some cash, pending the delivery of securities.	
http://www.fpml.org/FpML-5/confirmation#PrevailingTime	PrevailingTime			complexType	shared	A type for defining a time with respect to a geographic location, for example 11:00 Phoenix, USA. This type should be used where a wider range of locations than those available as business centres is required.	
http://www.fpml.org/FpML-5/confirmation#Price	Price			complexType	asset	A type describing the strike price.	
http://www.fpml.org/FpML-5/confirmation#PriceMateriality	PriceMateriality		FxDisruptionEvent	complexType	fx	A structure describing the criteria for price materiality.	
http://www.fpml.org/FpML-5/confirmation#PriceQuoteUnits	PriceQuoteUnits			complexType	asset	The units in which a price is quoted.	Scheme
http://www.fpml.org/FpML-5/confirmation#PriceSourceDisruption	PriceSourceDisruption			complexType	ird	A type defining the parameters used to get a price quote to replace the settlement rate option that is disrupted.	
http://www.fpml.org/FpML-5/confirmation#PricingContext	PricingContext			complexType	doc	The reason a trade's price does not reflect the current market price.	Scheme
http://www.fpml.org/FpML-5/confirmation#PricingDataPointCoordinate	PricingDataPointCoordinate			complexType	riskdef	A set of index values that identify a pricing data point. For example: (strike = 17%, expiration = 6M, term = 1Y.	
http://www.fpml.org/FpML-5/confirmation#PricingDataPointCoordinateReference	PricingDataPointCoordinateReference		Reference	complexType	riskdef	Reference to a Pricing Data Point Coordinate.	
http://www.fpml.org/FpML-5/confirmation#PricingInputReplacement	PricingInputReplacement			complexType	riskdef	The substitution of a pricing input (e.g. curve) for another, used in generating prices and risks for valuation scenarios.	
http://www.fpml.org/FpML-5/confirmation#PricingInputType	PricingInputType			complexType	riskdef	The type of pricing structure represented.	Scheme
http://www.fpml.org/FpML-5/confirmation#PricingMethod	PricingMethod			complexType	riskdef	For an asset (e.g. a reference/benchmark asset), the pricing structure used to price it. Used, for example, to specify that the rateIndex "USD-LIBOR-Telerate" with term = 6M is priced using the "USD-LIBOR-Close" curve.	
http://www.fpml.org/FpML-5/confirmation#PricingModel	PricingModel			complexType	asset	A scheme identifying the types of pricing model used to evaluate the price of an asset. Examples include Intrinsic, ClosedForm, MonteCarlo, BackwardInduction.	Scheme
http://www.fpml.org/FpML-5/confirmation#PricingParameterDerivative	PricingParameterDerivative			complexType	riskdef	A definition of the mathematical derivative with respect to a specific pricing parameter.	
http://www.fpml.org/FpML-5/confirmation#PricingParameterDerivativeReference	PricingParameterDerivativeReference		Reference	complexType	riskdef	Reference to a partial derivative.	
http://www.fpml.org/FpML-5/confirmation#PricingParameterShift	PricingParameterShift			complexType	riskdef	A definition of a shift with respect to a specific pricing parameter.	
http://www.fpml.org/FpML-5/confirmation#PricingStructure	PricingStructure			complexType	shared	An abstract pricing structure base type. Used as a base for structures such as yield curves and volatility matrices.	
http://www.fpml.org/FpML-5/confirmation#PricingStructurePoint	PricingStructurePoint			complexType	mktenv	A single valued point with a set of coordinates that define an arbitrary number of indentifying indexes (0 or more). Note that the collection of coordinates/coordinate references for a PricingStructurePoint must not define a given dimension (other than "generic") more than once. This is to avoid ambiguity.	
http://www.fpml.org/FpML-5/confirmation#PricingStructureReference	PricingStructureReference		Reference	complexType	shared	Reference to a pricing structure or any derived components (i.e. yield curve).	
http://www.fpml.org/FpML-5/confirmation#PricingStructureValuation	PricingStructureValuation		Valuation	complexType	riskdef	An abstract pricing structure valuation base type. Used as a base for values of pricing structures such as yield curves and volatility matrices. Derived from the "Valuation" type.	
http://www.fpml.org/FpML-5/confirmation#PrincipalExchange	PrincipalExchange			complexType	ird	A type defining a principal exchange amount and adjusted exchange date. The type forms part of the cashflow representation of a swap stream.	
http://www.fpml.org/FpML-5/confirmation#PrincipalExchangeAmount	PrincipalExchangeAmount			complexType	eq-shared	Specifies the principal exchange amount, either by explicitly defining it, or by point to an amount defined somewhere else in the swap document.	
http://www.fpml.org/FpML-5/confirmation#PrincipalExchangeDescriptions	PrincipalExchangeDescriptions			complexType	eq-shared	Specifies each of the characteristics of the principal exchange cashflows, in terms of paying/receiving counterparties, amounts and dates.	
http://www.fpml.org/FpML-5/confirmation#PrincipalExchangeFeatures	PrincipalExchangeFeatures			complexType	eq-shared	A type describing the principal exchange features of the return swap.	
http://www.fpml.org/FpML-5/confirmation#PrincipalExchanges	PrincipalExchanges			complexType	shared	A type defining which principal exchanges occur for the stream.	
http://www.fpml.org/FpML-5/confirmation#ProRataFacilities	ProRataFacilities			complexType	loan	A structure that defines a restriction pertaining to which facilities must be traded on a pro-rata basis.	
http://www.fpml.org/FpML-5/confirmation#ProblemLocation	ProblemLocation			complexType	doc	Provides a lexical location (i.e. a line number and character for bad XML) or an XPath location (i.e. place to identify the bad location for valid XML).	NormalizedString
http://www.fpml.org/FpML-5/confirmation#Product	Product			complexType	shared	The base type which all FpML products extend.	
http://www.fpml.org/FpML-5/confirmation#ProductComponentIdentifier	ProductComponentIdentifier			complexType	doc	Deprecated: A type defining a USI for the a subproduct component of a strategy.	
http://www.fpml.org/FpML-5/confirmation#ProductId	ProductId			complexType	shared		NonEmptyLongScheme
http://www.fpml.org/FpML-5/confirmation#ProductReference	ProductReference		Reference	complexType	shared	Reference to a full FpML product.	
http://www.fpml.org/FpML-5/confirmation#ProductSummary	ProductSummary			complexType	doc	Summary information about the product that was traded. This is intended primarily for trade reporting by TRs.	
http://www.fpml.org/FpML-5/confirmation#ProductType	ProductType			complexType	shared		NonEmptyLongScheme
http://www.fpml.org/FpML-5/confirmation#ProposedCollateralAllocation	ProposedCollateralAllocation			complexType	shared	The proposed collateral allocation.	
http://www.fpml.org/FpML-5/confirmation#ProtectionTerms	ProtectionTerms			complexType	cd		
http://www.fpml.org/FpML-5/confirmation#ProtectionTermsReference	ProtectionTermsReference		Reference	complexType	cd	Reference to protectionTerms component.	
http://www.fpml.org/FpML-5/confirmation#PubliclyAvailableInformation	PubliclyAvailableInformation			complexType	option-shared		
http://www.fpml.org/FpML-5/confirmation#QuantityReference	QuantityReference		Reference	complexType	com	A pointer tyle reference to a Quantity defined elsewhere.	
http://www.fpml.org/FpML-5/confirmation#QuantityUnit	QuantityUnit			complexType	asset		Scheme
http://www.fpml.org/FpML-5/confirmation#Quanto	Quanto			complexType	option-shared	Determines the currency rate that the seller of the equity amounts will apply at each valuation date for converting the respective amounts into a currency that is different from the currency denomination of the underlyer.	
http://www.fpml.org/FpML-5/confirmation#Quotation	Quotation			complexType	valuation	Some kind of numerical measure about an asset, eg. its NPV, together with characteristics of that measure, together with optional sensitivities.	
http://www.fpml.org/FpML-5/confirmation#QuotationCharacteristics	QuotationCharacteristics			complexType	asset	A type representing a set of characteristics that describe a quotation.	
http://www.fpml.org/FpML-5/confirmation#QuoteTiming	QuoteTiming			complexType	asset	The type of the time of the quote.	Scheme
http://www.fpml.org/FpML-5/confirmation#QuotedAssetSet	QuotedAssetSet			complexType	riskdef	A collection of quoted assets.	
http://www.fpml.org/FpML-5/confirmation#QuotedCurrencyPair	QuotedCurrencyPair			complexType	shared	A type that describes the composition of a rate that has been quoted or is to be quoted. This includes the two currencies and the quotation relationship between the two currencies and is used as a building block throughout the FX specification.	
http://www.fpml.org/FpML-5/confirmation#Rate	Rate			complexType	shared	The abstract base class for all types which define interest rate streams.	
http://www.fpml.org/FpML-5/confirmation#RateIndex	RateIndex		UnderlyingAsset	complexType	asset		
http://www.fpml.org/FpML-5/confirmation#RateLimits	RateLimits			complexType	loan	A structure that defines the limits associated with rates that can be applied to a loan instrument.	
http://www.fpml.org/FpML-5/confirmation#RateObservation	RateObservation			complexType	shared	A type defining parameters associated with an individual observation or fixing. This type forms part of the cashflow representation of a stream.	
http://www.fpml.org/FpML-5/confirmation#RateReference	RateReference			complexType	shared	Reference to any rate (floating, inflation) derived from the abstract Rate component.	
http://www.fpml.org/FpML-5/confirmation#RateSourcePage	RateSourcePage			complexType	shared		Scheme
http://www.fpml.org/FpML-5/confirmation#Reason	Reason			complexType	doc	A type defining a content model for describing the nature and possible location of a error within a previous message.	
http://www.fpml.org/FpML-5/confirmation#ReasonCode	ReasonCode			complexType	doc	Defines a list of machine interpretable error codes.	Scheme
http://www.fpml.org/FpML-5/confirmation#Reference	Reference			complexType	shared	The abstract base class for all types which define intra-document pointers.	
http://www.fpml.org/FpML-5/confirmation#ReferenceAmount	ReferenceAmount			complexType	shared	Specifies the reference amount using a scheme.	Scheme
http://www.fpml.org/FpML-5/confirmation#ReferenceBank	ReferenceBank			complexType	shared	A type to describe an institution (party) identified by means of a coding scheme and an optional name.	
http://www.fpml.org/FpML-5/confirmation#ReferenceBankId	ReferenceBankId			complexType	shared		NonEmptyScheme
http://www.fpml.org/FpML-5/confirmation#ReferenceInformation	ReferenceInformation			complexType	cd		
http://www.fpml.org/FpML-5/confirmation#ReferenceLevel	ReferenceLevel			complexType	com		
http://www.fpml.org/FpML-5/confirmation#ReferenceLevelUnit	ReferenceLevelUnit			complexType	com	CPD Reference Level: millimeters or inches of daily precipitation HDD Reference Level: degree-days CDD Reference Level: degree-days.	Scheme
http://www.fpml.org/FpML-5/confirmation#ReferenceObligation	ReferenceObligation			complexType	cd		
http://www.fpml.org/FpML-5/confirmation#ReferencePair	ReferencePair			complexType	cd		
http://www.fpml.org/FpML-5/confirmation#ReferencePool	ReferencePool			complexType	cd	This type contains all the reference pool items to define the reference entity and reference obligation(s) in the basket.	
http://www.fpml.org/FpML-5/confirmation#ReferencePoolItem	ReferencePoolItem			complexType	cd	This type contains all the constituent weight and reference information.	
http://www.fpml.org/FpML-5/confirmation#ReferenceSwapCurve	ReferenceSwapCurve			complexType	bond-option	A complex type used to specify the option and convertible bond option strike when expressed in reference to a swap curve.	
http://www.fpml.org/FpML-5/confirmation#Region	Region			complexType	shared	A code that describes the world region of a counterparty. For example, NorthAmerica, Europe, Asia.	Scheme
http://www.fpml.org/FpML-5/confirmation#RegulatorId	RegulatorId			complexType	doc	An ID assigned by a regulator to an organization registered with it. (NOTE: should this just by represented by an alternate party ID?)	NonEmptyScheme
http://www.fpml.org/FpML-5/confirmation#RegulatoryReportingCollateralization	RegulatoryReportingCollateralization			complexType	reg-reporting-shared	A type defining collateral information to be reported.	
http://www.fpml.org/FpML-5/confirmation#RelatedBusinessUnit	RelatedBusinessUnit			complexType	shared		
http://www.fpml.org/FpML-5/confirmation#RelatedParty	RelatedParty			complexType	shared		
http://www.fpml.org/FpML-5/confirmation#RelatedPerson	RelatedPerson			complexType	shared		
http://www.fpml.org/FpML-5/confirmation#RelativeDateOffset	RelativeDateOffset		Offset	complexType	shared	A type defining a date (referred to as the derived date) as a relative offset from another date (referred to as the anchor date). If the anchor date is itself an adjustable date then the offset is assumed to be calculated from the adjusted anchor date. A number of different scenarios can be supported, namely; 1) the derived date may simply be a number of calendar periods (days, weeks, months or years) preceding or following the anchor date; 2) the unadjusted derived date may be a number of calendar periods (days, weeks, months or years) preceding or following the anchor date with the resulting unadjusted derived date subject to adjustment in accordance with a specified business day convention, i.e. the derived date must fall on a good business day; 3) the derived date may be a number of business days preceding or following the anchor date. Note that the businessDayConvention specifies any required adjustment to the unadjusted derived date. A negative or positive value in the periodMultiplier indicates whether the unadjusted derived precedes or follows the anchor date. The businessDayConvention should contain a value NONE if the day type element contains a value of Business (since specifying a negative or positive business days offset would already guarantee that the derived date would fall on a good business day in the specified business centers).	
http://www.fpml.org/FpML-5/confirmation#RelativeDateSequence	RelativeDateSequence			complexType	shared	A type describing a date when this date is defined in reference to another date through one or several date offsets.	
http://www.fpml.org/FpML-5/confirmation#RelativeDates	RelativeDates		RelativeDateOffset	complexType	shared	A type describing a set of dates defined as relative to another set of dates.	
http://www.fpml.org/FpML-5/confirmation#RelativePrice	RelativePrice			complexType	repo	A type which represents Pricing relative to a Benchmark.	
http://www.fpml.org/FpML-5/confirmation#RelevantUnderlyingDateReference	RelevantUnderlyingDateReference		Reference	complexType	ird	Reference to relevant underlying date.	
http://www.fpml.org/FpML-5/confirmation#Repayment	Repayment		AbstractLoanContractEvent	complexType	loan	An event representing a principal repayment being made by the borrower.	
http://www.fpml.org/FpML-5/confirmation#Repo	Repo		Product	complexType	repo	A Repo, modeled as an FpML:Product. Note: this Repo model is a candidate model for further industry input.	
http://www.fpml.org/FpML-5/confirmation#RepoFarLeg	RepoFarLeg		RepoLegBase	complexType	repo	A transaction leg for a repo is equivalent to a single cash transaction. It is augmented here to carry some values that are of interest for the repo. Also, note that the BuyerSeller model in this transaction must be the exact opposite of the one found in the near leg.	
http://www.fpml.org/FpML-5/confirmation#RepoLegBase	RepoLegBase		Leg	complexType	repo	A transaction leg for a repo is equivalent to a single cash transaction. It is augmented here to carry some values that are of interest for the repo. Also note that the BuyerSeller model in this transaction must be the exact opposite of the one found in the near leg.	
http://www.fpml.org/FpML-5/confirmation#RepoNearLeg	RepoNearLeg		RepoLegBase	complexType	repo	A transaction leg for a repo is equivalent to a single cash transaction.	
http://www.fpml.org/FpML-5/confirmation#ReportId	ReportId			complexType	msg	A type that can be used to hold an identifier for a report instance.	NonEmptyScheme
http://www.fpml.org/FpML-5/confirmation#ReportSectionIdentification	ReportSectionIdentification			complexType	msg	A type that allows the specific report and section to be identified.	
http://www.fpml.org/FpML-5/confirmation#ReportingBoolean	ReportingBoolean			complexType	doc	How a Boolean value is to be reported for this regulator. Typically "true" or "false", but for ESMA "X" is also allowed, to indicate not supplied.	Scheme
http://www.fpml.org/FpML-5/confirmation#ReportingCurrencyType	ReportingCurrencyType			complexType	asset	A scheme identifying the type of currency that was used to report the value of an asset. For example, this could contain values like SettlementCurrency, QuoteCurrency, UnitCurrency, etc.	Scheme
http://www.fpml.org/FpML-5/confirmation#ReportingLevel	ReportingLevel			complexType	doc	A type containing a code representing the level at which this is reported (e.g. Trade or Position)	Scheme
http://www.fpml.org/FpML-5/confirmation#ReportingPurpose	ReportingPurpose			complexType	doc	A value that explains the reason or purpose that information is being reported. Examples might include RealTimePublic reporting, PrimaryEconomicTerms reporting, Confirmation reporting, or Snapshot reporting.	Scheme
http://www.fpml.org/FpML-5/confirmation#ReportingRegime	ReportingRegime			complexType	doc	Provides information about how the information in this message is applicable to a regulatory reporting process.	
http://www.fpml.org/FpML-5/confirmation#ReportingRegimeIdentifier	ReportingRegimeIdentifier			complexType	doc	A type that provides identification for reporting regimes.	
http://www.fpml.org/FpML-5/confirmation#ReportingRegimeName	ReportingRegimeName			complexType	shared	An identifier of an reporting regime or format used for regulatory reporting, for example DoddFrankAct, MiFID, HongKongOTCDRepository, etc.	Scheme
http://www.fpml.org/FpML-5/confirmation#ReportingRole	ReportingRole			complexType	doc	A type containing a code representing the role of a party in a report, e.g. the originator, the recipient, the counterparty, etc. This is used to clarify which participant's information is being reported.	Scheme
http://www.fpml.org/FpML-5/confirmation#Representations	Representations			complexType	eq-shared	A type for defining ISDA 2002 Equity Derivative Representations.	
http://www.fpml.org/FpML-5/confirmation#RepudiationMoratoriumEvent	RepudiationMoratoriumEvent		CreditEvent	complexType	credit-event-notification		
http://www.fpml.org/FpML-5/confirmation#RequestAllocation	RequestAllocation		CorrectableRequestMessage	complexType	confirmation-processes	A message requesting that a trade be split among several accounts.	
http://www.fpml.org/FpML-5/confirmation#RequestAllocationRetracted	RequestAllocationRetracted		NonCorrectableRequestMessage	complexType	confirmation-processes	A message withdrawing a request that a trade be split among several accounts.	
http://www.fpml.org/FpML-5/confirmation#RequestClearing	RequestClearing		CorrectableRequestMessage	complexType	confirmation-processes	A message requesting that a trade be cleared by a clearing service.	
http://www.fpml.org/FpML-5/confirmation#RequestClearingEligibility	RequestClearingEligibility		CorrectableRequestMessage	complexType	clearing-processes		
http://www.fpml.org/FpML-5/confirmation#RequestClearingRetracted	RequestClearingRetracted		NonCorrectableRequestMessage	complexType	confirmation-processes	A message withdrawing a request that a trade be cleared by a clearing service.	
http://www.fpml.org/FpML-5/confirmation#RequestCollateralAllocation	RequestCollateralAllocation		CorrectableRequestMessage	complexType	confirmation-processes		
http://www.fpml.org/FpML-5/confirmation#RequestConfirmation	RequestConfirmation		CorrectableRequestMessage	complexType	confirmation-processes	A message type defining the start of the confirmation process. The message may be used to request the confirmation of a new trade or any other event supported by FpML such as novation, terminations, amendments, etc.	
http://www.fpml.org/FpML-5/confirmation#RequestConsent	RequestConsent		CorrectableRequestMessage	complexType	confirmation-processes	A message requesting that the sender be authorized by the recipient to peform an action.	
http://www.fpml.org/FpML-5/confirmation#RequestConsentRetracted	RequestConsentRetracted		NonCorrectableRequestMessage	complexType	confirmation-processes	A message withdrawing a request that the sender be authorized by the recipient to peform an action.	
http://www.fpml.org/FpML-5/confirmation#RequestEventStatus	RequestEventStatus		NonCorrectableRequestMessage	complexType	msg	A type defining the content model for a message allowing one party to query the status of one event (trade or post-trade event) previously sent to another party.	
http://www.fpml.org/FpML-5/confirmation#RequestExecution	RequestExecution		CorrectableRequestMessage	complexType	confirmation-processes	A message requesting that an order be executed.	
http://www.fpml.org/FpML-5/confirmation#RequestExecutionRetracted	RequestExecutionRetracted		NonCorrectableRequestMessage	complexType	confirmation-processes	A message withdrawing a request that an order be executed.	
http://www.fpml.org/FpML-5/confirmation#RequestMessage	RequestMessage		Message	complexType	msg	A type defining the basic content of a message that requests the receiver to perform some business operation determined by the message type and its content.	
http://www.fpml.org/FpML-5/confirmation#RequestMessageHeader	RequestMessageHeader		MessageHeader	complexType	msg	A type refining the generic message header content to make it specific to request messages.	
http://www.fpml.org/FpML-5/confirmation#RequestRetransmission	RequestRetransmission		NonCorrectableRequestMessage	complexType	msg	A message to request that a message be retransmitted. The original message will typically be a component of a group of messages, such as a portfolio or a report in multiple parts.	
http://www.fpml.org/FpML-5/confirmation#RequestTradeReferenceInformationUpdate	RequestTradeReferenceInformationUpdate		CorrectableRequestMessage	complexType	confirmation-processes	Defines the structure for a message requesting information updates to a trade. The trade reference information should contain at least one trade identifier that the recipient is aware of.	
http://www.fpml.org/FpML-5/confirmation#RequestTradeReferenceInformationUpdateRetracted	RequestTradeReferenceInformationUpdateRetracted		NonCorrectableRequestMessage	complexType	confirmation-processes	Defines the structure for a message retracting a request to updated information about trade.	
http://www.fpml.org/FpML-5/confirmation#RequestedAction	RequestedAction			complexType	shared		Scheme
http://www.fpml.org/FpML-5/confirmation#RequestedClearingAction	RequestedClearingAction			complexType	business-events	A type that describes whether a trade is to be cleared.	Scheme
http://www.fpml.org/FpML-5/confirmation#RequestedCollateralAllocationAction	RequestedCollateralAllocationAction			complexType	confirmation-processes	A type that describes the type of collateral allocation action that is requested. The purpose is to allow FCMs to specify how the allocations are to be processed.	Scheme
http://www.fpml.org/FpML-5/confirmation#RequestedWithdrawalAction	RequestedWithdrawalAction			complexType	business-events	A type that describes what the requester would like to see done to implement the withdrawal, e.g. ExpungeRecords, RetainRecords.	Scheme
http://www.fpml.org/FpML-5/confirmation#RequiredIdentifierDate	RequiredIdentifierDate			complexType	shared	A date with a required identifier which can be referenced elsewhere.	
http://www.fpml.org/FpML-5/confirmation#ResetCalculationDetails	ResetCalculationDetails			complexType	business-events	A cashflow component with optional calculation details that explain how the reset value was computed.	
http://www.fpml.org/FpML-5/confirmation#ResetCalculationElements	ResetCalculationElements			complexType	business-events		
http://www.fpml.org/FpML-5/confirmation#ResetCalculationPeriod	ResetCalculationPeriod			complexType	business-events	The period calculation details for a calculation/accrual period. This will include information about the dates and duration of the accrual period, the rate fixing(s), the notional in effect, and the amount of the accrual.	
http://www.fpml.org/FpML-5/confirmation#ResetDates	ResetDates			complexType	ird	A type defining the parameters used to generate the reset dates schedule and associated fixing dates. The reset dates are determined relative to the calculation periods schedules dates.	
http://www.fpml.org/FpML-5/confirmation#ResetDatesReference	ResetDatesReference		Reference	complexType	ird	Reference to a reset dates component.	
http://www.fpml.org/FpML-5/confirmation#ResetEvent	ResetEvent		AbstractEvent	complexType	business-events		
http://www.fpml.org/FpML-5/confirmation#ResetFrequency	ResetFrequency		Frequency	complexType	shared	A type defining the reset frequency. In the case of a weekly reset, also specifies the day of the week that the reset occurs. If the reset frequency is greater than the calculation period frequency the this implies that more or more reset dates is established for each calculation period and some form of rate averaginhg is applicable. The specific averaging method of calculation is specified in FloatingRateCalculation. In case the reset frequency is of value T (term), the period is defined by the swap\swapStream\calculationPerioDates\effectiveDate and the swap\swapStream\calculationPerioDates\terminationDate.	
http://www.fpml.org/FpML-5/confirmation#Resource	Resource			complexType	shared	Describes the resource that contains the media representation of a business event (i.e used for stating the Publicly Available Information). For example, can describe a file or a URL that represents the event. This type is an extended version of a type defined by RIXML (www.rixml.org).	
http://www.fpml.org/FpML-5/confirmation#ResourceId	ResourceId			complexType	shared	The data type used for resource identifiers.	NonEmptyScheme
http://www.fpml.org/FpML-5/confirmation#ResourceLength	ResourceLength			complexType	shared	The type that indicates the length of the resource.	
http://www.fpml.org/FpML-5/confirmation#ResourceType	ResourceType			complexType	shared	The data type used for describing the type or purpose of a resource, e.g. "Confirmation".	Scheme
http://www.fpml.org/FpML-5/confirmation#ResponseMessage	ResponseMessage		Message	complexType	msg	A type refining the generic message content model to make it specific to response messages.	
http://www.fpml.org/FpML-5/confirmation#ResponseMessageHeader	ResponseMessageHeader		MessageHeader	complexType	msg	A type refining the generic message header to make it specific to response messages.	
http://www.fpml.org/FpML-5/confirmation#Restructuring	Restructuring			complexType	option-shared		
http://www.fpml.org/FpML-5/confirmation#RestructuringEvent	RestructuringEvent		CreditEvent	complexType	credit-event-notification		
http://www.fpml.org/FpML-5/confirmation#RestructuringType	RestructuringType			complexType	option-shared		Scheme
http://www.fpml.org/FpML-5/confirmation#Return	Return			complexType	eq-shared	A type describing the dividend return conditions applicable to the swap.	
http://www.fpml.org/FpML-5/confirmation#ReturnLeg	ReturnLeg		ReturnSwapLegUnderlyer	complexType	eq-shared	A type describing the return leg of a return type swap.	
http://www.fpml.org/FpML-5/confirmation#ReturnLegValuation	ReturnLegValuation			complexType	eq-shared	A type describing the initial and final valuation of the underlyer.	
http://www.fpml.org/FpML-5/confirmation#ReturnLegValuationPrice	ReturnLegValuationPrice		Price	complexType	eq-shared		
http://www.fpml.org/FpML-5/confirmation#ReturnSwap	ReturnSwap		ReturnSwapBase	complexType	eq-shared	A type describing return swaps including return swaps (long form), total return swaps, and variance swaps.	
http://www.fpml.org/FpML-5/confirmation#ReturnSwapAdditionalPayment	ReturnSwapAdditionalPayment		PaymentBase	complexType	eq-shared	A type describing the additional payment(s) between the principal parties to the trade. This component extends some of the features of the additionalPayment component previously developed in FpML. Appropriate discussions will determine whether it would be appropriate to extend the shared component in order to meet the further requirements of equity swaps.	
http://www.fpml.org/FpML-5/confirmation#ReturnSwapAmount	ReturnSwapAmount		LegAmount	complexType	eq-shared	Specifies, in relation to each Payment Date, the amount to which the Payment Date relates. For Equity Swaps this element is equivalent to the Equity Amount term as defined in the ISDA 2002 Equity Derivatives Definitions.	
http://www.fpml.org/FpML-5/confirmation#ReturnSwapBase	ReturnSwapBase		Product	complexType	eq-shared	A type describing the components that are common for return type swaps, including short and long form return swaps representations.	
http://www.fpml.org/FpML-5/confirmation#ReturnSwapEarlyTermination	ReturnSwapEarlyTermination			complexType	eq-shared	A type describing the date from which each of the party may be allowed to terminate the trade.	
http://www.fpml.org/FpML-5/confirmation#ReturnSwapLegUnderlyer	ReturnSwapLegUnderlyer		DirectionalLeg	complexType	eq-shared	A base class for all return leg types with an underlyer.	
http://www.fpml.org/FpML-5/confirmation#ReturnSwapNotional	ReturnSwapNotional			complexType	eq-shared	Specifies the notional of return type swap. When used in the equity leg, the definition will typically combine the actual amount (using the notional component defined by the FpML industry group) and the determination method. When used in the interest leg, the definition will typically point to the definition of the equity leg.	
http://www.fpml.org/FpML-5/confirmation#ReturnSwapNotionalAmountReference	ReturnSwapNotionalAmountReference		Reference	complexType	shared	A reference to the return swap notional amount.	
http://www.fpml.org/FpML-5/confirmation#ReturnSwapPaymentDates	ReturnSwapPaymentDates			complexType	eq-shared	A type describing the return payment dates of the swap.	
http://www.fpml.org/FpML-5/confirmation#Revolver	Revolver		AbstractFacility	complexType	loan	A facility which allows a flexible line of credit which can be drawn and repaid multiple times over the life of the facility.	
http://www.fpml.org/FpML-5/confirmation#Rollover	Rollover		AbstractLoanServicingEvent	complexType	loan	An event representing the prepayment structure associated within a facility.	
http://www.fpml.org/FpML-5/confirmation#Rounding	Rounding			complexType	shared	A type defining a rounding direction and precision to be used in the rounding of a rate.	
http://www.fpml.org/FpML-5/confirmation#Routing	Routing			complexType	shared	A type that provides three alternative ways of identifying a party involved in the routing of a payment. The identification may use payment system identifiers only; actual name, address and other reference information; or a combination of both.	
http://www.fpml.org/FpML-5/confirmation#RoutingExplicitDetails	RoutingExplicitDetails			complexType	shared	A type that models name, address and supplementary textual information for the purposes of identifying a party involved in the routing of a payment.	
http://www.fpml.org/FpML-5/confirmation#RoutingId	RoutingId			complexType	shared		Scheme
http://www.fpml.org/FpML-5/confirmation#RoutingIds	RoutingIds			complexType	shared	A type that provides for identifying a party involved in the routing of a payment by means of one or more standard identification codes. For example, both a SWIFT BIC code and a national bank identifier may be required.	
http://www.fpml.org/FpML-5/confirmation#RoutingIdsAndExplicitDetails	RoutingIdsAndExplicitDetails			complexType	shared	A type that provides a combination of payment system identification codes with physical postal address details, for the purposes of identifying a party involved in the routing of a payment.	
http://www.fpml.org/FpML-5/confirmation#Schedule	Schedule			complexType	shared	A type defining a schedule of rates or amounts in terms of an initial value and then a series of step date and value pairs. On each step date, the rate or amount changes to the new step value. The series of step date and value pairs are optional. If not specified, this implies that the initial value remains unchanged over time.	
http://www.fpml.org/FpML-5/confirmation#ScheduleReference	ScheduleReference		Reference	complexType	shared	Reference to a schedule of rates or amounts.	
http://www.fpml.org/FpML-5/confirmation#SecLendCollateralProvisions	SecLendCollateralProvisions			complexType	sec-lending	Parameters relating to acceptable collateral for the specified security lending transaction.	
http://www.fpml.org/FpML-5/confirmation#SecLendFeeCalculation	SecLendFeeCalculation			complexType	sec-lending		
http://www.fpml.org/FpML-5/confirmation#SecLendInitiation	SecLendInitiation		SecLendTransferEvent	complexType	sec-lending	Initiation of the security lending transaction	
http://www.fpml.org/FpML-5/confirmation#SecLendRebateCalculation	SecLendRebateCalculation			complexType	sec-lending	Cash collateral rebate in a security lending transaction: a portion of investment interest on the cash collateral, rebated (returned) to the party posting the collateral (the security borrower). Under a cash-collateralised transation, the securities lending fee is implicit in the level of the rebate. In the case of a "special" loan on a hard-to-borrow security, a negative rebate may be negotiated i.e. the borrower pays a fee to the lender. The lender retains the investment earnings on the cash collateral, and earns an additional premium.	
http://www.fpml.org/FpML-5/confirmation#SecLendTermination	SecLendTermination		SecLendTransferEvent	complexType	sec-lending	Termination of the security lending transaction.	
http://www.fpml.org/FpML-5/confirmation#SecLendTransferEvent	SecLendTransferEvent			complexType	sec-lending	Abstract base type for initiation, termination events.	
http://www.fpml.org/FpML-5/confirmation#SecurityLending	SecurityLending		Product	complexType	sec-lending		
http://www.fpml.org/FpML-5/confirmation#SecurityValuation	SecurityValuation			complexType	repo		
http://www.fpml.org/FpML-5/confirmation#Sensitivity	Sensitivity			complexType	valuation	The sensitivity of a value to a defined change in input parameters.	
http://www.fpml.org/FpML-5/confirmation#SensitivityDefinition	SensitivityDefinition			complexType	riskdef	A set of characteristics describing a sensitivity.	
http://www.fpml.org/FpML-5/confirmation#SensitivitySet	SensitivitySet			complexType	valuation	A collection of sensitivities. References a definition that explains the meaning/type of the sensitivities.	
http://www.fpml.org/FpML-5/confirmation#SensitivitySetDefinition	SensitivitySetDefinition			complexType	riskdef	A sensitivity report definition, consisting of a collection of sensitivity definitions.	
http://www.fpml.org/FpML-5/confirmation#SensitivitySetDefinitionReference	SensitivitySetDefinitionReference		Reference	complexType	riskdef	A reference to a sensitivity set definition.	
http://www.fpml.org/FpML-5/confirmation#SequencedDisruptionFallback	SequencedDisruptionFallback			complexType	com	A Disruption Fallback with the sequence in which it should be applied relative to other Disruption Fallbacks.	
http://www.fpml.org/FpML-5/confirmation#ServiceAdvisory	ServiceAdvisory			complexType	msg	A type defining the content model for a human-readable notification to the users of a service.	
http://www.fpml.org/FpML-5/confirmation#ServiceAdvisoryCategory	ServiceAdvisoryCategory			complexType	msg	A type that can be used to describe the category of an advisory message, e.g.. Availability, Rules, Products, etc., etc..	Scheme
http://www.fpml.org/FpML-5/confirmation#ServiceNotification	ServiceNotification		NotificationMessage	complexType	msg	A type defining the content model for a message that allows a service to send a notification message to a user of the service.	
http://www.fpml.org/FpML-5/confirmation#ServiceProcessingCycle	ServiceProcessingCycle			complexType	msg	A type that can be used to describe the processing phase of a service. For example, EndOfDay, Intraday.	Scheme
http://www.fpml.org/FpML-5/confirmation#ServiceProcessingEvent	ServiceProcessingEvent			complexType	msg	A type that can be used to describe a stage or step in processing provided by a service, for example processing completed.	Scheme
http://www.fpml.org/FpML-5/confirmation#ServiceProcessingStatus	ServiceProcessingStatus			complexType	msg	A type defining the content model for report on the status of the processing by a service. In the future we may wish to provide some kind of scope or other qualification for the event, e.g. the currencies, products, or books to which it applies.	
http://www.fpml.org/FpML-5/confirmation#ServiceProcessingStep	ServiceProcessingStep			complexType	msg	A type that can be used to describe what stage of processing a service is in. For example, Netting or Valuation.	Scheme
http://www.fpml.org/FpML-5/confirmation#ServiceStatus	ServiceStatus			complexType	msg	A type that can be used to describe the availability or other state of a service, e.g. Available, Unavaialble.	Scheme
http://www.fpml.org/FpML-5/confirmation#SettledEntityMatrix	SettledEntityMatrix			complexType	cd		
http://www.fpml.org/FpML-5/confirmation#SettlementDetails	SettlementDetails			complexType	loan	A set of currency-specific settlement instructions.	
http://www.fpml.org/FpML-5/confirmation#SettlementInformation	SettlementInformation			complexType	shared	A type that represents the choice of methods for settling a potential currency payment resulting from a trade: by means of a standard settlement instruction, by netting it out with other payments, or with an explicit settlement instruction.	
http://www.fpml.org/FpML-5/confirmation#SettlementInstruction	SettlementInstruction			complexType	shared	A type that models a complete instruction for settling a currency payment, including the settlement method to be used, the correspondent bank, any intermediary banks and the ultimate beneficary.	
http://www.fpml.org/FpML-5/confirmation#SettlementInstructionId	SettlementInstructionId			complexType	loan	A type defining a cash settlement details identifier and qualifying scheme	
http://www.fpml.org/FpML-5/confirmation#SettlementMethod	SettlementMethod			complexType	shared		Scheme
http://www.fpml.org/FpML-5/confirmation#SettlementPeriod	SettlementPeriod			complexType	fx-targets		
http://www.fpml.org/FpML-5/confirmation#SettlementPeriodFixingDates	SettlementPeriodFixingDates			complexType	fx-targets		
http://www.fpml.org/FpML-5/confirmation#SettlementPeriodLeverage	SettlementPeriodLeverage			complexType	fx-targets		
http://www.fpml.org/FpML-5/confirmation#SettlementPeriods	SettlementPeriods			complexType	com	Specifies a set of Settlement Periods associated with an Electricity Transaction for delivery on an Applicable Day or for a series of Applicable Days.	
http://www.fpml.org/FpML-5/confirmation#SettlementPeriodsFixedPrice	SettlementPeriodsFixedPrice		FixedPrice	complexType	com	A type defining the Fixed Price applicable to a range or ranges of Settlement Periods.	
http://www.fpml.org/FpML-5/confirmation#SettlementPeriodsReference	SettlementPeriodsReference		Reference	complexType	com	Allows a set of Settlement Periods to reference one already defined elsewhere in the trade.	
http://www.fpml.org/FpML-5/confirmation#SettlementPeriodsSchedule	SettlementPeriodsSchedule			complexType	com	The specification of the Settlement Periods in which the electricity will be delivered for a "shaped" trade i.e. where different Settlement Period ranges will apply to different periods of the trade.	
http://www.fpml.org/FpML-5/confirmation#SettlementPeriodsStep	SettlementPeriodsStep			complexType	com	A reference to the range of Settlement Periods that applies to a given period of a transaction.	
http://www.fpml.org/FpML-5/confirmation#SettlementPriceDefaultElection	SettlementPriceDefaultElection			complexType	shared	Coding scheme that specifies the settlement price default election.	Scheme
http://www.fpml.org/FpML-5/confirmation#SettlementPriceSource	SettlementPriceSource			complexType	shared	The source from which the settlement price is to be obtained, e.g. a Reuters page, Prezzo di Riferimento, etc.	Scheme
http://www.fpml.org/FpML-5/confirmation#SettlementProvision	SettlementProvision			complexType	ird	A type defining the specification of settlement terms, occuring when the settlement currency is different to the notional currency of the trade.	
http://www.fpml.org/FpML-5/confirmation#SettlementRateOption	SettlementRateOption			complexType	shared	A type defining the settlement rate options through a scheme reflecting the terms of the Annex A to the 1998 FX and Currency Option Definitions.	Scheme
http://www.fpml.org/FpML-5/confirmation#SettlementRateSource	SettlementRateSource			complexType	shared	A type describing the method for obtaining a settlement rate.	
http://www.fpml.org/FpML-5/confirmation#SettlementTerms	SettlementTerms			complexType	option-shared		
http://www.fpml.org/FpML-5/confirmation#SettlementTermsReference	SettlementTermsReference		Reference	complexType	cd	Reference to a settlement terms derived construct (cashSettlementTerms or physicalSettlementTerms).	
http://www.fpml.org/FpML-5/confirmation#SharedAmericanExercise	SharedAmericanExercise		Exercise	complexType	shared	TBA	
http://www.fpml.org/FpML-5/confirmation#ShortSale	ShortSale			complexType	doc	A short sale concluded by an investment firm on its own behalf or on behalf of a client, as described in Article 11.	Scheme
http://www.fpml.org/FpML-5/confirmation#SimpleCreditDefaultSwap	SimpleCreditDefaultSwap		UnderlyingAsset	complexType	asset		
http://www.fpml.org/FpML-5/confirmation#SimpleFra	SimpleFra		UnderlyingAsset	complexType	asset		
http://www.fpml.org/FpML-5/confirmation#SimpleIRSwap	SimpleIRSwap		UnderlyingAsset	complexType	asset		
http://www.fpml.org/FpML-5/confirmation#SimplePayment	SimplePayment		PaymentBase	complexType	shared	A complex type to specified payments in a simpler fashion than the Payment type. This construct should be used from the version 4.3 onwards.	
http://www.fpml.org/FpML-5/confirmation#SinglePartyOption	SinglePartyOption			complexType	ird	A type describing the buyer and seller of an option.	
http://www.fpml.org/FpML-5/confirmation#SinglePayment	SinglePayment		PaymentBase	complexType	cd		
http://www.fpml.org/FpML-5/confirmation#SingleUnderlyer	SingleUnderlyer			complexType	asset	A type describing a single underlyer	
http://www.fpml.org/FpML-5/confirmation#SingleValuationDate	SingleValuationDate			complexType	cd		
http://www.fpml.org/FpML-5/confirmation#SpecifiedCurrency	SpecifiedCurrency			complexType	cd		
http://www.fpml.org/FpML-5/confirmation#SplitSettlement	SplitSettlement			complexType	shared	A type that supports the division of a gross settlement amount into a number of split settlements, each requiring its own settlement instruction.	
http://www.fpml.org/FpML-5/confirmation#SpreadSchedule	SpreadSchedule		Schedule	complexType	shared	Adds an optional spread type element to the Schedule to identify a long or short spread value.	
http://www.fpml.org/FpML-5/confirmation#SpreadScheduleReference	SpreadScheduleReference		Reference	complexType	shared	Provides a reference to a spread schedule.	
http://www.fpml.org/FpML-5/confirmation#SpreadScheduleType	SpreadScheduleType			complexType	shared	Defines a Spread Type Scheme to identify a long or short spread value.	Scheme
http://www.fpml.org/FpML-5/confirmation#StandardProduct	StandardProduct		Product	complexType	standard	Simple product representation providing key information about a variety of different products. Standard products - for use in Transparency reporting to define a product that represents a standardized OTC derivative transaction whose economics do not need to be fully described using an FpML schema because they are implied by the product ID. In other views, standard products are present for convenience to support internal messaging and workflows that are cross-product. Standard products are not full trade representations as such they are not intended to be used for confirming trades.	
http://www.fpml.org/FpML-5/confirmation#StartingDate	StartingDate			complexType	eq-shared	A type specifying the date from which the early termination clause can be exercised.	
http://www.fpml.org/FpML-5/confirmation#Step	Step		StepBase	complexType	shared	A type defining a step date and step value pair. This step definitions are used to define varying rate or amount schedules, e.g. a notional amortization or a step-up coupon schedule.	
http://www.fpml.org/FpML-5/confirmation#StepBase	StepBase			complexType	shared	A type defining a step date and step value pair. This step definitions are used to define varying rate or amount schedules, e.g. a notional amortization or a step-up coupon schedule.	
http://www.fpml.org/FpML-5/confirmation#Strategy	Strategy		Product	complexType	doc	A type defining a group of products making up a single trade.	
http://www.fpml.org/FpML-5/confirmation#StrategyComponentIdentification	StrategyComponentIdentification			complexType	doc	Associates trade identifiers with components of a strategy.	
http://www.fpml.org/FpML-5/confirmation#StrategyFeature	StrategyFeature			complexType	option-shared	A type for definining equity option simple strike or calendar spread strategy features.	
http://www.fpml.org/FpML-5/confirmation#StreetAddress	StreetAddress			complexType	shared	A type that describes the set of street and building number information that identifies a postal address within a city.	
http://www.fpml.org/FpML-5/confirmation#Strike	Strike			complexType	shared	A type describing a single cap or floor rate.	
http://www.fpml.org/FpML-5/confirmation#StrikePriceBasketReference	StrikePriceBasketReference		Reference	complexType	com	A pointer style reference to a basket in the document	
http://www.fpml.org/FpML-5/confirmation#StrikePriceUnderlyingReference	StrikePriceUnderlyingReference		Reference	complexType	com	A pointer style reference to a product leg in the document	
http://www.fpml.org/FpML-5/confirmation#StrikeSchedule	StrikeSchedule		Schedule	complexType	shared	A type describing a schedule of cap or floor rates.	
http://www.fpml.org/FpML-5/confirmation#StrikeSpread	StrikeSpread			complexType	option-shared	A type for defining a strike spread feature.	
http://www.fpml.org/FpML-5/confirmation#Stub	Stub		StubValue	complexType	shared	A type defining how a stub calculation period amount is calculated and the start and end date of the stub. A single floating rate tenor different to that used for the regular part of the calculation periods schedule may be specified, or two floating rate tenors many be specified. If two floating rate tenors are specified then Linear Interpolation (in accordance with the 2000 ISDA Definitions, Section 8.3 Interpolation) is assumed to apply. Alternatively, an actual known stub rate or stub amount may be specified.	
http://www.fpml.org/FpML-5/confirmation#StubCalculationPeriod	StubCalculationPeriod			complexType	eq-shared	A type describing the Stub Calculation Period.	
http://www.fpml.org/FpML-5/confirmation#StubCalculationPeriodAmount	StubCalculationPeriodAmount			complexType	ird	A type defining how the initial or final stub calculation period amounts is calculated. For example, the rate to be applied to the initial or final stub calculation period may be the linear interpolation of two different tenors for the floating rate index specified in the calculation period amount component, e.g. A two month stub period may used the linear interpolation of a one month and three month floating rate. The different rate tenors would be specified in this component. Note that a maximum of two rate tenors can be specified. If a stub period uses a single index tenor and this is the same as that specified in the calculation period amount component then the initial stub or final stub component, as the case may be, must not be included.	
http://www.fpml.org/FpML-5/confirmation#StubFloatingRate	StubFloatingRate		Rate	complexType	shared	A type defining a floating rate.	
http://www.fpml.org/FpML-5/confirmation#StubValue	StubValue			complexType	shared	A type defining how a stub calculation period amount is calculated. A single floating rate tenor different to that used for the regular part of the calculation periods schedule may be specified, or two floating rate tenors many be specified. If two floating rate tenors are specified then Linear Interpolation (in accordance with the 2000 ISDA Definitions, Section 8.3 Interpolation) is assumed to apply. Alternatively, an actual known stub rate or stub amount may be specified.	
http://www.fpml.org/FpML-5/confirmation#SupervisorRegistration	SupervisorRegistration			complexType	doc	Provides information about a regulator or other supervisory body that an organization is registered with.	
http://www.fpml.org/FpML-5/confirmation#SupervisoryBody	SupervisoryBody			complexType	shared	An identifier of an organization that supervises or regulates trading activity, e.g. CFTC, SEC, FSA, ODRF, etc.	Scheme
http://www.fpml.org/FpML-5/confirmation#Swap	Swap		Product	complexType	ird	A type defining swap streams and additional payments between the principal parties involved in the swap.	
http://www.fpml.org/FpML-5/confirmation#SwapAdditionalTerms	SwapAdditionalTerms			complexType	ird	Additional terms to a swap contract. If the Swap AdditionalTerms container is empty, there is no additional terms	
http://www.fpml.org/FpML-5/confirmation#SwapCurveValuation	SwapCurveValuation			complexType	bond-option	A complex type to specify a valuation swap curve, which is used as part of the strike construct for the bond and convertible bond options.	
http://www.fpml.org/FpML-5/confirmation#SwapStreamReference	SwapStreamReference		Reference	complexType	shared	Reference to a swap leg.	
http://www.fpml.org/FpML-5/confirmation#Swaption	Swaption		Product	complexType	ird	A type to define an option on a swap.	
http://www.fpml.org/FpML-5/confirmation#SwaptionAdjustedDates	SwaptionAdjustedDates			complexType	ird	A type describing the adjusted dates associated with swaption exercise and settlement.	
http://www.fpml.org/FpML-5/confirmation#SwaptionPhysicalSettlement	SwaptionPhysicalSettlement			complexType	shared		
http://www.fpml.org/FpML-5/confirmation#TaskId	TaskId			complexType	loan	A structure that defines a task identifier based on a qualifying scheme.	
http://www.fpml.org/FpML-5/confirmation#TaskIdentifier	TaskIdentifier			complexType	loan	A type defining a task identifier issued by the indicated party.	
http://www.fpml.org/FpML-5/confirmation#TaxForm	TaxForm			complexType	loan	A structure that defines a tax form registration.	
http://www.fpml.org/FpML-5/confirmation#TaxFormType	TaxFormType			complexType	loan	A scheme that describes tax form types.	
http://www.fpml.org/FpML-5/confirmation#TaxWithholding	TaxWithholding			complexType	loan	A structure that represents the withholding tax being applied to a particular cash flow.	
http://www.fpml.org/FpML-5/confirmation#TelephoneNumber	TelephoneNumber			complexType	shared	A type that represents a telephonic contact.	
http://www.fpml.org/FpML-5/confirmation#TermCurve	TermCurve			complexType	mktenv	A curve consisting only of values over a term. This is a restricted form of One Dimensional Structure.	
http://www.fpml.org/FpML-5/confirmation#TermDeposit	TermDeposit		Product	complexType	fx	A class defining the content model for a term deposit product.	
http://www.fpml.org/FpML-5/confirmation#TermDepositFeatures	TermDepositFeatures			complexType	fx		
http://www.fpml.org/FpML-5/confirmation#TermLoan	TermLoan		AbstractFacility	complexType	loan	A facility which is fully funded (utilized) at deal closing.	
http://www.fpml.org/FpML-5/confirmation#TermPoint	TermPoint			complexType	mktenv	A value point that can have a time dimension. Allows bid, mid, ask, and spread values to be represented.	
http://www.fpml.org/FpML-5/confirmation#TerminatingEvent	TerminatingEvent			complexType	business-events	A type that describes why a trade terminated.	Scheme
http://www.fpml.org/FpML-5/confirmation#TimeDimension	TimeDimension			complexType	riskdef	The time dimensions of a term-structure. The user must supply either a tenor or a date or both.	
http://www.fpml.org/FpML-5/confirmation#TimeZone	TimeZone			complexType	shared	Class TimeZone from CDM: The time alongside with the timezone location information. This class makes use of the FpML TimezoneLocation construct.	
http://www.fpml.org/FpML-5/confirmation#TimestampTypeScheme	TimestampTypeScheme			complexType	doc	The type or meaning of a timestamp.	Scheme
http://www.fpml.org/FpML-5/confirmation#TimezoneLocation	TimezoneLocation			complexType	shared	A geophraphic location for the purposes of defining a prevailing time according to the tz database.	Scheme
http://www.fpml.org/FpML-5/confirmation#TouchRateObservation	TouchRateObservation		TriggerRateObservation	complexType	business-events		
http://www.fpml.org/FpML-5/confirmation#Trade	Trade			complexType	doc	A type defining an FpML trade.	
http://www.fpml.org/FpML-5/confirmation#TradeAmendmentContent	TradeAmendmentContent		AbstractEvent	complexType	business-events	A structure describing a negotiated amendment.	
http://www.fpml.org/FpML-5/confirmation#TradeCategory	TradeCategory			complexType	doc	A scheme used to categorize positions.	Scheme
http://www.fpml.org/FpML-5/confirmation#TradeChangeAdvice	TradeChangeAdvice		CorrectableRequestMessage	complexType	confirmation-processes	Defines the structure for a message indicating that a trade is being changed due to a non-negotiated event.	
http://www.fpml.org/FpML-5/confirmation#TradeChangeAdviceRetracted	TradeChangeAdviceRetracted		NonCorrectableRequestMessage	complexType	confirmation-processes	Defines the structure for a message retracting a prior change advice.	
http://www.fpml.org/FpML-5/confirmation#TradeChangeBase	TradeChangeBase		AbstractEvent	complexType	business-events	A structure describing a trade change.	
http://www.fpml.org/FpML-5/confirmation#TradeChangeContent	TradeChangeContent			complexType	business-events	A structure describing a non-negotiated trade resulting from a market event.	
http://www.fpml.org/FpML-5/confirmation#TradeDifference	TradeDifference			complexType	doc	A type used to record the details of a difference between two business objects/	
http://www.fpml.org/FpML-5/confirmation#TradeHeader	TradeHeader			complexType	doc	A type defining trade related information which is not product specific.	
http://www.fpml.org/FpML-5/confirmation#TradeId	TradeId			complexType	shared	A trade reference identifier allocated by a party. FpML does not define the domain values associated with this element. Note that the domain values for this element are not strictly an enumerated list.	NonEmptyScheme
http://www.fpml.org/FpML-5/confirmation#TradeIdentifier	TradeIdentifier			complexType	doc	A type defining a trade identifier issued by the indicated party.	
http://www.fpml.org/FpML-5/confirmation#TradeIdentifierExtended	TradeIdentifierExtended		TradeIdentifier	complexType	doc	A type defining a trade identifier with a reference to the party that this trade is associated with.	
http://www.fpml.org/FpML-5/confirmation#TradeLegPriceChange	TradeLegPriceChange			complexType	business-events	A structure describing a change to the size of a single leg or stream of a trade.	
http://www.fpml.org/FpML-5/confirmation#TradeLegSizeChange	TradeLegSizeChange			complexType	business-events	A structure describing a change to the size of a single leg or stream of a trade.	
http://www.fpml.org/FpML-5/confirmation#TradeMaturity	TradeMaturity			complexType	business-events	A structure describing a trade maturing.	
http://www.fpml.org/FpML-5/confirmation#TradeNotionalChange	TradeNotionalChange		TradeChangeBase	complexType	business-events	A structure describing a change to the size of a trade.	
http://www.fpml.org/FpML-5/confirmation#TradeNovationContent	TradeNovationContent		AbstractEvent	complexType	business-events	A structure describing a novation.	
http://www.fpml.org/FpML-5/confirmation#TradePackage	TradePackage			complexType	business-events	A bundle of trades collected together into a single unit for reporting.	
http://www.fpml.org/FpML-5/confirmation#TradeProcessingTimestamps	TradeProcessingTimestamps			complexType	doc	Allows timing information about when a trade was processed and reported to be recorded.	
http://www.fpml.org/FpML-5/confirmation#TradeReferenceInformation	TradeReferenceInformation			complexType	business-events	Defines a type that allows trade identifiers and/or trade information to be represented for a trade.	
http://www.fpml.org/FpML-5/confirmation#TradeSummary	TradeSummary			complexType	doc	Summary information about the trade.	
http://www.fpml.org/FpML-5/confirmation#TradeTimestamp	TradeTimestamp			complexType	doc	A generic trade timestamp	
http://www.fpml.org/FpML-5/confirmation#TradeUnderlyer2	TradeUnderlyer2			complexType	generic	The underlying asset/index/reference price etc. whose rate/price may be observed to compute the value of the cashflow. It can be an index, fixed rate, listed security, quoted currency pair, or a reference entity (for credit derivatives). For use with Generic products in Transparency reporting. Generic products define a product that represents an OTC derivative transaction whose economics are not fully described using an FpML schema. In other views, generic products are present for convenience to support internal messaging and workflows that are cross-product. Generic products are not full trade representations as such they are not intended to be used for confirming trades.	
http://www.fpml.org/FpML-5/confirmation#TradeWrapper	TradeWrapper			complexType	confirmation-processes	A structure that contains a business event.	
http://www.fpml.org/FpML-5/confirmation#Trader	Trader			complexType	doc		Scheme
http://www.fpml.org/FpML-5/confirmation#TradingWaiver	TradingWaiver			complexType	doc	Indication as to whether the transaction was executed under a pre-trade waiver in accordance with Articles 4 and 9 of Regulation (EU) 600/2014.	Scheme
http://www.fpml.org/FpML-5/confirmation#Tranche	Tranche			complexType	cd	This type represents a CDS Tranche.	
http://www.fpml.org/FpML-5/confirmation#TransactionCharacteristic	TransactionCharacteristic			complexType	doc	A characteristic of a transaction used in declaring an end-user exception.	Scheme
http://www.fpml.org/FpML-5/confirmation#TransferFeeDefinition	TransferFeeDefinition			complexType	loan	A structure that represents the rules for payment of transfer fees to the agent.	
http://www.fpml.org/FpML-5/confirmation#TransferFeeRule	TransferFeeRule			complexType	loan	A list of rules associated with the way in which transfer fees should be paid.	Scheme
http://www.fpml.org/FpML-5/confirmation#TriParty	TriParty			complexType	repo	The tri-party terms.	
http://www.fpml.org/FpML-5/confirmation#Trigger	Trigger			complexType	option-shared	Trigger point at which feature is effective.	
http://www.fpml.org/FpML-5/confirmation#TriggerEvent	TriggerEvent			complexType	option-shared	Observation point for trigger.	
http://www.fpml.org/FpML-5/confirmation#TriggerRateObservation	TriggerRateObservation			complexType	business-events		
http://www.fpml.org/FpML-5/confirmation#Underlyer	Underlyer			complexType	asset	A type describing the whole set of possible underlyers: single underlyers or multiple underlyers, each of these having either security or index components.	
http://www.fpml.org/FpML-5/confirmation#UnderlyerInterestLeg	UnderlyerInterestLeg		DirectionalLeg	complexType	shared	A type describing interest payments associated with and underlyer, such as financing	
http://www.fpml.org/FpML-5/confirmation#UnderlyerLoanRate	UnderlyerLoanRate			complexType	asset	Defines stock loan information where this is required per underlyer. You must not duplicate infromation within dividend conditions at transaction level	
http://www.fpml.org/FpML-5/confirmation#UnderlyerReference	UnderlyerReference		Reference	complexType	generic	Reference to an underlyer	
http://www.fpml.org/FpML-5/confirmation#UnderlyingAsset	UnderlyingAsset		IdentifiedAsset	complexType	asset	Abstract base class for all underlying assets.	
http://www.fpml.org/FpML-5/confirmation#UnderlyingAssetTranche	UnderlyingAssetTranche			complexType	asset		Scheme
http://www.fpml.org/FpML-5/confirmation#Unit	Unit			complexType	shared	A type used to record information about a unit, subdivision, desk, or other similar business entity.	Scheme
http://www.fpml.org/FpML-5/confirmation#UnitQuantity	UnitQuantity			complexType	com	A quantity and associated unit.	
http://www.fpml.org/FpML-5/confirmation#UnitQuantityRef	UnitQuantityRef		UnitQuantity	complexType	business-events	A type defining a quantity and unit with a reference.	
http://www.fpml.org/FpML-5/confirmation#UnprocessedElementWrapper	UnprocessedElementWrapper			complexType	msg	A type holding a structure that is unvalidated	
http://www.fpml.org/FpML-5/confirmation#UpfrontFeePayment	UpfrontFeePayment		AbstractFacilityPaymentEvent	complexType	loan	A structure that represents a fee, also known as Participation Fee, Arrangement Fee etc. This fee represents compensation to the members of the lending syndicate (and sometimes to institutional investors as well) in return for their commitment of capital.	
http://www.fpml.org/FpML-5/confirmation#UtilizationAmounts	UtilizationAmounts			complexType	loan	A structure which defines the total utilization and available credit levels for a given facility.	
http://www.fpml.org/FpML-5/confirmation#UtilizationPeriod	UtilizationPeriod			complexType	loan	A schedule that incorporates all sub-periods of an interest accrual calculation.	
http://www.fpml.org/FpML-5/confirmation#Validation	Validation			complexType	doc	A reference identifying a rule within a validation scheme.	Scheme
http://www.fpml.org/FpML-5/confirmation#Valuation	Valuation			complexType	riskdef	A valuation of an valuable object - an asset or a pricing input. This is an abstract type, used as a base for values of pricing structures such as yield curves as well as asset values.	
http://www.fpml.org/FpML-5/confirmation#ValuationDate	ValuationDate			complexType	cd		
http://www.fpml.org/FpML-5/confirmation#ValuationDatesReference	ValuationDatesReference		Reference	complexType	ird	Reference to a Valuation dates node.	
http://www.fpml.org/FpML-5/confirmation#ValuationDocument	ValuationDocument		DataDocument	complexType	main	A type defining a content model that includes valuation (pricing and risk) data without expressing any processing intention.	
http://www.fpml.org/FpML-5/confirmation#ValuationPostponement	ValuationPostponement			complexType	ird	Specifies how long to wait to get a quote from a settlement rate option upon a price source disruption.	
http://www.fpml.org/FpML-5/confirmation#ValuationReference	ValuationReference		Reference	complexType	riskdef	Reference to a Valuation or any derived structure such as PricingStructureValuation.	
http://www.fpml.org/FpML-5/confirmation#ValuationScenario	ValuationScenario			complexType	riskdef	A set of rules for generating a valuation.	
http://www.fpml.org/FpML-5/confirmation#ValuationScenarioReference	ValuationScenarioReference		Reference	complexType	riskdef	Reference to a valuation scenario.	
http://www.fpml.org/FpML-5/confirmation#ValuationSet	ValuationSet			complexType	valuation	A set of valuation inputs and results. This structure can be used for requesting valuations, or for reporting them. In general, the request fills in fewer elements.	
http://www.fpml.org/FpML-5/confirmation#ValuationSetDetail	ValuationSetDetail			complexType	valuation	The amount of detail provided in the valuation set, e.g. is market environment data provided, are risk definitions provided, etc.	Scheme
http://www.fpml.org/FpML-5/confirmation#Variance	Variance		CalculationFromObservation	complexType	eq-shared	A type describing the variance amount of a variance swap.	
http://www.fpml.org/FpML-5/confirmation#VarianceAmount	VarianceAmount		CalculatedAmount	complexType	variance-swaps	Calculation of a Variance Amount.	
http://www.fpml.org/FpML-5/confirmation#VarianceLeg	VarianceLeg		DirectionalLegUnderlyerValuation	complexType	variance-swaps	A type describing return which is driven by a Variance Calculation.	
http://www.fpml.org/FpML-5/confirmation#VarianceOptionTransactionSupplement	VarianceOptionTransactionSupplement		OptionBase	complexType	variance-swaps		
http://www.fpml.org/FpML-5/confirmation#VarianceSwap	VarianceSwap		NettedSwapBase	complexType	variance-swaps	A Variance Swap.	
http://www.fpml.org/FpML-5/confirmation#VarianceSwapTransactionSupplement	VarianceSwapTransactionSupplement		Product	complexType	variance-swaps	A Variance Swap Transaction Supplement.	
http://www.fpml.org/FpML-5/confirmation#Velocity	Velocity			complexType	business-events		
http://www.fpml.org/FpML-5/confirmation#VerificationMethod	VerificationMethod			complexType	doc	A type used to represent the type of mechanism that can be used to verify a trade.	Scheme
http://www.fpml.org/FpML-5/confirmation#VerificationStatus	VerificationStatus			complexType	msg	The verification status of the position as reported by the sender (Verified, Disputed).	Scheme
http://www.fpml.org/FpML-5/confirmation#VerificationStatusNotification	VerificationStatusNotification		NonCorrectableRequestMessage	complexType	msg		
http://www.fpml.org/FpML-5/confirmation#VersionedContractId	VersionedContractId			complexType	doc	Contract Id with Version Support	
http://www.fpml.org/FpML-5/confirmation#VersionedTradeId	VersionedTradeId			complexType	doc	Trade Id with Version Support	
http://www.fpml.org/FpML-5/confirmation#Volatility	Volatility		CalculationFromObservation	complexType	volatility-swaps	Under 2002 Definitions, When entering into the Transaction, the parties should specify whether, for purposes of determining the initial Share price, they are agreeing to (a) a specific initial price (in which case, the initialLevel element should be populated with the price) or (b) use the price of a Share at the close of the regular trading session on the Trade Date (in which case the closingLevel element should be populated as true) or (c) in the case of a forward starting transaction only, use the Official Settlement Price of the Expiring Contract on the Observation Start Date (in which case expiring Level element should be populated as true). Under 2011 definitions, When entering into the Transaction, the parties should specify whether, for purposes of determining the OPSD Pricing Election, they are agreeing to (a) an agreed price (in which case, the initialLevel element should be populated with the price) or (b) use the Index Close Pricing (Official), (in which case closingLevel element should be populated as true) or (c) use OSP Pricing (in which case the initialLevelSource element should be populated with “OSPPrice”).	
http://www.fpml.org/FpML-5/confirmation#VolatilityAmount	VolatilityAmount		CalculatedAmount	complexType	volatility-swaps		
http://www.fpml.org/FpML-5/confirmation#VolatilityCap	VolatilityCap			complexType	volatility-swaps		
http://www.fpml.org/FpML-5/confirmation#VolatilityLeg	VolatilityLeg		DirectionalLegUnderlyerValuation	complexType	volatility-swaps		
http://www.fpml.org/FpML-5/confirmation#VolatilityMatrix	VolatilityMatrix		PricingStructureValuation	complexType	mktenv	A matrix of volatilities with dimension 0-3.	
http://www.fpml.org/FpML-5/confirmation#VolatilityRepresentation	VolatilityRepresentation		PricingStructure	complexType	mktenv	A representation of volatilities of an asset. This is a generic structure whose values can be supplied in a specific volatility matrix.	
http://www.fpml.org/FpML-5/confirmation#VolatilitySwap	VolatilitySwap		NettedSwapBase	complexType	volatility-swaps	A Volatility Swap.	
http://www.fpml.org/FpML-5/confirmation#VolatilitySwapTransactionSupplement	VolatilitySwapTransactionSupplement		Product	complexType	volatility-swaps		
http://www.fpml.org/FpML-5/confirmation#WaiverFeePayment	WaiverFeePayment		AbstractFacilityPaymentEvent	complexType	loan	A fee structure that represents a payment made by the borrower to the syndicate lenders for processing and accepting a waiver request. The request is sent by the borrower to obtain approval from the syndicate lenders formally requesting waivers around particular terms of the credit agreement.	
http://www.fpml.org/FpML-5/confirmation#WeatherCalculationPeriod	WeatherCalculationPeriod			complexType	com	The schedule of Calculation Period First Days and Lasts Days. If there is only one First Day - Last Day pair then the First is equal to the Effective Date and the Last Day is equal to the Termination Date.	
http://www.fpml.org/FpML-5/confirmation#WeatherCalculationPeriods	WeatherCalculationPeriods			complexType	com	The schedule of Calculation Period First Days and Lasts Days. If there is only one First Day - Last Day pair then the First is equal to the Effective Date and the Last Day is equal to the Termination Date.	
http://www.fpml.org/FpML-5/confirmation#WeatherIndex	WeatherIndex			complexType	com	A type defining the Weather Index Level or Weather Index Strike Level.	
http://www.fpml.org/FpML-5/confirmation#WeatherIndexData	WeatherIndexData			complexType	com		
http://www.fpml.org/FpML-5/confirmation#WeatherLeg	WeatherLeg		FinancialSwapLeg	complexType	com	A weather leg of a Commodity Swap defines Weather Index Swap transactions. Weather Index Swap transactions are OTC derivative transactions which settle financially based on an index calculated from observations of temperature, precipitation and other weather-related measurements at weather stations throughout the world. Sub-Annex C of the 2005 ISDA Commodity Definitions provides definitions and terms for a number of types of weather indices. These indices include: HDD (heating degree days), CDD (cooling degree days), CPD (critical precipitation days). Weather Index Swap transactions result in a cash flow to one of the two counterparties each Calculation Period depending on the relationship between the Settlement Level and the Weather Index Level. A Weather Index swap transaction always consists of a commodity swap element as a parent to two weatherLeg elements.	
http://www.fpml.org/FpML-5/confirmation#WeatherLegCalculation	WeatherLegCalculation			complexType	com	A type to capture details of the calculation of the Payment Amount on a Weather Index Transaction.	
http://www.fpml.org/FpML-5/confirmation#WeatherStation	WeatherStation			complexType	com	Weather Station.	
http://www.fpml.org/FpML-5/confirmation#WeatherStationAirport	WeatherStationAirport			complexType	com	A code identifying a Weather Station Airport (based on the the IATA standard).	Scheme
http://www.fpml.org/FpML-5/confirmation#WeatherStationWBAN	WeatherStationWBAN			complexType	com	A code identifying a Weather Station WBAN.	Scheme
http://www.fpml.org/FpML-5/confirmation#WeatherStationWMO	WeatherStationWMO			complexType	com	A code identifying a Weather Index WMO.	Scheme
http://www.fpml.org/FpML-5/confirmation#WeightedAveragingObservation	WeightedAveragingObservation			complexType	option-shared	A single weighted averaging observation.	
http://www.fpml.org/FpML-5/confirmation#WeightedPartialDerivative	WeightedPartialDerivative			complexType	riskdef	A partial derivative multiplied by a weighting factor.	
http://www.fpml.org/FpML-5/confirmation#Withdrawal	Withdrawal			complexType	business-events	A structure describing the removal of a trade from a service, such as a reporting service.	
http://www.fpml.org/FpML-5/confirmation#WithdrawalPartyTradeInformation	WithdrawalPartyTradeInformation			complexType	business-events	A type defining party-specific additional information that may be recorded against a trade, for withdrawal purposes.	
http://www.fpml.org/FpML-5/confirmation#WithdrawalReason	WithdrawalReason			complexType	business-events	A type that describes why a trade was withdrawn.	Scheme
http://www.fpml.org/FpML-5/confirmation#WithholdingTaxReason	WithholdingTaxReason			complexType	loan	A list of reasons for withholding tax being applied to a cash flow.	Scheme
http://www.fpml.org/FpML-5/confirmation#YieldCurve	YieldCurve		PricingStructure	complexType	mktenv	A generic yield curve object, which can be valued in a variety of ways.	
http://www.fpml.org/FpML-5/confirmation#YieldCurveMethod	YieldCurveMethod			complexType	ird	A type defining the parameters required for each of the ISDA defined yield curve methods for cash settlement.	
http://www.fpml.org/FpML-5/confirmation#YieldCurveValuation	YieldCurveValuation		PricingStructureValuation	complexType	mktenv	The values of a yield curve, including possibly inputs and outputs (dfs, forwards, zero rates).	
http://www.fpml.org/FpML-5/confirmation#ZeroRateCurve	ZeroRateCurve			complexType	mktenv	A curve used to model a set of zero-coupon interest rates.	
