# The IANA media type registry: every registered type, carried byte for byte as the registry
# states it. A string literal equal to a row's identifier is the publisher's own identifier
# written into a repository, which is a citation no English word can make; nothing here is an
# English label, so this is never matched against a declared name and never placed as prose.
#
# Columns: concept, prefLabel, altLabel, broader, kind, module, definition, note.
# concept and prefLabel are the registered template, byte for byte. broader and module name the
# registry the type is filed under. definition is empty for every row because the registry
# publishes none. note carries the registry's reference, and its own deprecation statement where
# it makes one — a deprecated identifier is still the registry's identifier, so the row stays.
#
# Source: IANA media types, https://www.iana.org/assignments/media-types/ (application.csv, audio.csv, font.csv, haptics.csv, image.csv, message.csv, model.csv, multipart.csv, text.csv, video.csv), retrieved 2026-08-19
#   (the registry states no revision, so the file set is the citation, pinned by the SHA-256
#   ContentDigest states over the ten CSVs: fd3eea02e8610628e4a3b6eb0b66a415fdbf973ce1e73e667be24b12cd505aeb).
# Licence: CC0 1.0 (https://www.iana.org/help/licensing-terms — "IANA and IETF intend that
#   the Protocol Registries may be freely used by any party for any purpose", with both
#   organisations' rights "subject to the Creative Commons CC0 1.0 dedication").
# Generated by MediaTypeExtraction: 2344 media types.
application/1d-interleaved-parityfec	application/1d-interleaved-parityfec		application	media-type	application		[RFC6015]
application/3gpdash-qoe-report+xml	application/3gpdash-qoe-report+xml		application	media-type	application		[_3GPP][Ozgur_Oyman]
application/3gpp-ims+xml	application/3gpp-ims+xml		application	media-type	application		[_3GPP][Dongwook_Kim]
application/3gpp-mbs-object-manifest+json	application/3gpp-mbs-object-manifest+json		application	media-type	application		[_3GPP_TSG_SA_WG4][Dongwook_Kim]
application/3gpp-mbs-user-service-descriptions+json	application/3gpp-mbs-user-service-descriptions+json		application	media-type	application		[_3GPP_TSG_SA_WG4][Dongwook_Kim]
application/3gpp-media-delivery-metrics-report+json	application/3gpp-media-delivery-metrics-report+json		application	media-type	application		[_3GPP_TSG_SA_WG4][Dongwook_Kim]
application/3gppHal+json	application/3gppHal+json		application	media-type	application		[_3GPP][Ulrich_Wiehe]
application/3gppHalForms+json	application/3gppHalForms+json		application	media-type	application		[_3GPP][Ulrich_Wiehe]
application/A2L	application/A2L		application	media-type	application		[ASAM][Bernd_Wenzel]
application/AML	application/AML		application	media-type	application		[ASAM][Bernd_Wenzel]
application/ATF	application/ATF		application	media-type	application		[ASAM][Bernd_Wenzel]
application/ATFX	application/ATFX		application	media-type	application		[ASAM][Bernd_Wenzel]
application/ATXML	application/ATXML		application	media-type	application		[ASAM][Bernd_Wenzel]
application/CALS-1840	application/CALS-1840		application	media-type	application		[RFC1895]
application/CDFX+XML	application/CDFX+XML		application	media-type	application		[ASAM][Bernd_Wenzel]
application/CEA	application/CEA		application	media-type	application		[ASAM][Bernd_Wenzel]
application/CSTAdata+xml	application/CSTAdata+xml		application	media-type	application		[Ecma_International_Helpdesk]
application/DCD	application/DCD		application	media-type	application		[ASAM][Bernd_Wenzel]
application/DII	application/DII		application	media-type	application		[ASAM][Bernd_Wenzel]
application/DIT	application/DIT		application	media-type	application		[ASAM][Bernd_Wenzel]
application/EDI-X12	application/EDI-X12		application	media-type	application		[RFC1767]
application/EDI-consent	application/EDI-consent		application	media-type	application		[RFC1767]
application/EDIFACT	application/EDIFACT		application	media-type	application		[RFC1767]
application/EmergencyCallData.Comment+xml	application/EmergencyCallData.Comment+xml		application	media-type	application		[RFC7852]
application/EmergencyCallData.Control+xml	application/EmergencyCallData.Control+xml		application	media-type	application		[RFC8147]
application/EmergencyCallData.DeviceInfo+xml	application/EmergencyCallData.DeviceInfo+xml		application	media-type	application		[RFC7852]
application/EmergencyCallData.LegacyESN+json	application/EmergencyCallData.LegacyESN+json		application	media-type	application		[NENA][Randall_Gellens]
application/EmergencyCallData.ProviderInfo+xml	application/EmergencyCallData.ProviderInfo+xml		application	media-type	application		[RFC7852]
application/EmergencyCallData.ServiceInfo+xml	application/EmergencyCallData.ServiceInfo+xml		application	media-type	application		[RFC7852]
application/EmergencyCallData.SubscriberInfo+xml	application/EmergencyCallData.SubscriberInfo+xml		application	media-type	application		[RFC7852]
application/EmergencyCallData.VEDS+xml	application/EmergencyCallData.VEDS+xml		application	media-type	application		[RFC8148][RFC Errata 6500]
application/EmergencyCallData.cap+xml	application/EmergencyCallData.cap+xml		application	media-type	application		[RFC8876]
application/EmergencyCallData.eCall.MSD	application/EmergencyCallData.eCall.MSD		application	media-type	application		[RFC8147]
application/H224	application/H224		application	media-type	application		[RFC4573]
application/IOTP	application/IOTP		application	media-type	application		[RFC2935]
application/ISUP	application/ISUP		application	media-type	application		[RFC3204]
application/LXF	application/LXF		application	media-type	application		[ASAM][Bernd_Wenzel]
application/MF4	application/MF4		application	media-type	application		[ASAM][Bernd_Wenzel]
application/ODA	application/ODA		application	media-type	application		[RFC1494]
application/ODX	application/ODX		application	media-type	application		[ASAM][Bernd_Wenzel]
application/PDX	application/PDX		application	media-type	application		[ASAM][Bernd_Wenzel]
application/QSIG	application/QSIG		application	media-type	application		[RFC3204]
application/SGML	application/SGML		application	media-type	application		[RFC1874]
application/ST2110-41	application/ST2110-41		application	media-type	application		[SMPTE][SMPTE_Director_of_Standards_Development]
application/TETRA_ISI	application/TETRA_ISI		application	media-type	application		[ETSI][Miguel_Angel_Reina_Ortega]
application/aas+zip	application/aas+zip		application	media-type	application		[Industrial_Digital_Twin_Association][Sandeep_Rudra]
application/ace+cbor	application/ace+cbor		application	media-type	application		[RFC9200]
application/ace+json	application/ace+json		application	media-type	application		[RFC9431]
application/ace-groupcomm+cbor	application/ace-groupcomm+cbor		application	media-type	application		[RFC9594]
application/ace-trl+cbor	application/ace-trl+cbor		application	media-type	application		[RFC9770]
application/activemessage	application/activemessage		application	media-type	application		[Ehud_Shapiro]
application/activity+json	application/activity+json		application	media-type	application		[W3C][Benjamin_Goering]
application/aif+cbor	application/aif+cbor		application	media-type	application		[RFC9237]
application/aif+json	application/aif+json		application	media-type	application		[RFC9237]
application/alto-cdni+json	application/alto-cdni+json		application	media-type	application		[RFC9241]
application/alto-cdnifilter+json	application/alto-cdnifilter+json		application	media-type	application		[RFC9241]
application/alto-costmap+json	application/alto-costmap+json		application	media-type	application		[RFC7285]
application/alto-costmapfilter+json	application/alto-costmapfilter+json		application	media-type	application		[RFC7285]
application/alto-directory+json	application/alto-directory+json		application	media-type	application		[RFC7285]
application/alto-endpointcost+json	application/alto-endpointcost+json		application	media-type	application		[RFC7285]
application/alto-endpointcostparams+json	application/alto-endpointcostparams+json		application	media-type	application		[RFC7285]
application/alto-endpointprop+json	application/alto-endpointprop+json		application	media-type	application		[RFC7285]
application/alto-endpointpropparams+json	application/alto-endpointpropparams+json		application	media-type	application		[RFC7285]
application/alto-error+json	application/alto-error+json		application	media-type	application		[RFC7285]
application/alto-networkmap+json	application/alto-networkmap+json		application	media-type	application		[RFC7285]
application/alto-networkmapfilter+json	application/alto-networkmapfilter+json		application	media-type	application		[RFC7285]
application/alto-propmap+json	application/alto-propmap+json		application	media-type	application		[RFC9240]
application/alto-propmapparams+json	application/alto-propmapparams+json		application	media-type	application		[RFC9240]
application/alto-tips+json	application/alto-tips+json		application	media-type	application		[RFC9569]
application/alto-tipsparams+json	application/alto-tipsparams+json		application	media-type	application		[RFC9569]
application/alto-updatestreamcontrol+json	application/alto-updatestreamcontrol+json		application	media-type	application		[RFC8895]
application/alto-updatestreamparams+json	application/alto-updatestreamparams+json		application	media-type	application		[RFC8895]
application/andrew-inset	application/andrew-inset		application	media-type	application		[Nathaniel_Borenstein]
application/applefile	application/applefile		application	media-type	application		[Patrik_Faltstrom]
application/asyncapi+json	application/asyncapi+json		application	media-type	application		[Linux_Foundation][AsyncAPI_Initiative]
application/asyncapi+yaml	application/asyncapi+yaml		application	media-type	application		[Linux_Foundation][AsyncAPI_Initiative]
application/at+jwt	application/at+jwt		application	media-type	application		[RFC9068]
application/atom+xml	application/atom+xml		application	media-type	application		[RFC4287][RFC5023]
application/atomcat+xml	application/atomcat+xml		application	media-type	application		[RFC5023]
application/atomdeleted+xml	application/atomdeleted+xml		application	media-type	application		[RFC6721]
application/atomicmail	application/atomicmail		application	media-type	application		[Nathaniel_Borenstein]
application/atomsvc+xml	application/atomsvc+xml		application	media-type	application		[RFC5023]
application/atsc-dwd+xml	application/atsc-dwd+xml		application	media-type	application		[ATSC]
application/atsc-dynamic-event-message	application/atsc-dynamic-event-message		application	media-type	application		[ATSC]
application/atsc-held+xml	application/atsc-held+xml		application	media-type	application		[ATSC]
application/atsc-rdt+json	application/atsc-rdt+json		application	media-type	application		[ATSC]
application/atsc-rsat+xml	application/atsc-rsat+xml		application	media-type	application		[ATSC]
application/auth-policy+xml	application/auth-policy+xml		application	media-type	application		[RFC4745]
application/automationml-aml+xml	application/automationml-aml+xml		application	media-type	application		[AutomationML_e.V.]
application/automationml-amlx+zip	application/automationml-amlx+zip		application	media-type	application		[AutomationML_e.V.]
application/bacnet-xdd+zip	application/bacnet-xdd+zip		application	media-type	application		[ASHRAE][Dave_Robin]
application/batch-SMTP	application/batch-SMTP		application	media-type	application		[RFC2442]
application/beep+xml	application/beep+xml		application	media-type	application		[RFC3080]
application/bufr	application/bufr		application	media-type	application		[World_Meterological_Organization][Anna_Milan]
application/c2pa	application/c2pa		application	media-type	application		[C2PA][Leonard_Rosenthol]
application/calendar+json	application/calendar+json		application	media-type	application		[RFC7265]
application/calendar+xml	application/calendar+xml		application	media-type	application		[RFC6321]
application/call-completion	application/call-completion		application	media-type	application		[RFC6910]
application/captive+json	application/captive+json		application	media-type	application		[RFC8908]
application/cbor	application/cbor		application	media-type	application		[RFC8949]
application/cbor-seq	application/cbor-seq		application	media-type	application		[RFC8742]
application/cccex	application/cccex		application	media-type	application		[_3GPP]
application/ccmp+xml	application/ccmp+xml		application	media-type	application		[RFC6503]
application/ccxml+xml	application/ccxml+xml		application	media-type	application		[RFC4267]
application/cda+xml	application/cda+xml		application	media-type	application		[HL7][Marc_Duteau]
application/cdmi-capability	application/cdmi-capability		application	media-type	application		[RFC6208]
application/cdmi-container	application/cdmi-container		application	media-type	application		[RFC6208]
application/cdmi-domain	application/cdmi-domain		application	media-type	application		[RFC6208]
application/cdmi-object	application/cdmi-object		application	media-type	application		[RFC6208]
application/cdmi-queue	application/cdmi-queue		application	media-type	application		[RFC6208]
application/cdni	application/cdni		application	media-type	application		[RFC7736]
application/ce+cbor	application/ce+cbor		application	media-type	application		[TCG DICE][TCG_DICE_WG][Ned_M._Smith]
application/cea-2018+xml	application/cea-2018+xml		application	media-type	application		[Gottfried_Zimmermann]
application/cellml+xml	application/cellml+xml		application	media-type	application		[RFC4708]
application/cfw	application/cfw		application	media-type	application		[RFC6230]
application/cid	application/cid		application	media-type	application		[W3C_Verifiable_Credentials_WG][Michael_B_Jones]
application/cid-edhoc+cbor-seq	application/cid-edhoc+cbor-seq		application	media-type	application		[RFC9528]
application/city+json	application/city+json		application	media-type	application		[OGC][Scott_Simmons]
application/city+json-seq	application/city+json-seq		application	media-type	application		[OGC][Scott_Simmons]
application/client-authentication+jwt	application/client-authentication+jwt		application	media-type	application		[RFC-ietf-oauth-rfc7523bis-11]
application/cloudevents+json	application/cloudevents+json		application	media-type	application		[Linux_Foundation][CloudEvents_Maintainers]
application/cloudevents-batch+json	application/cloudevents-batch+json		application	media-type	application		[Linux_Foundation][CloudEvents_Maintainers]
application/clr	application/clr		application	media-type	application		[IMS_Global][Andy_Miller]
application/clue+xml	application/clue+xml		application	media-type	application		[RFC8847]
application/clue_info+xml	application/clue_info+xml		application	media-type	application		[RFC8846]
application/cmcd	application/cmcd		application	media-type	application		[CTA][Alexandra_Blasgen]
application/cms	application/cms		application	media-type	application		[RFC7193]
application/cmw+cbor	application/cmw+cbor		application	media-type	application		[RFC9999, Sections 3.1, 3.2, 3.3]
application/cmw+cose	application/cmw+cose		application	media-type	application		[RFC9999, Section 4.1]
application/cmw+json	application/cmw+json		application	media-type	application		[RFC9999, Sections 3.1, 3.2]
application/cmw+jws	application/cmw+jws		application	media-type	application		[RFC9999, Section 4.2]
application/cnrp+xml	application/cnrp+xml		application	media-type	application		[RFC3367]
application/coap-eap	application/coap-eap		application	media-type	application		[RFC9820]
application/coap-group+json	application/coap-group+json		application	media-type	application		[RFC7390]
application/coap-payload	application/coap-payload		application	media-type	application		[RFC8075]
application/commonground	application/commonground		application	media-type	application		[David_Glazer]
application/concise-problem-details+cbor	application/concise-problem-details+cbor		application	media-type	application		[RFC9290, Section 6.3]
application/conference-info+xml	application/conference-info+xml		application	media-type	application		[RFC4575]
application/cose	application/cose		application	media-type	application		[RFC9052]
application/cose-c509+cbor	application/cose-c509+cbor		application	media-type	application		[RFC-ietf-cose-cbor-encoded-cert-20]
application/cose-c509-cert+cbor	application/cose-c509-cert+cbor		application	media-type	application		[RFC-ietf-cose-cbor-encoded-cert-20]
application/cose-c509-crtemplate+cbor	application/cose-c509-crtemplate+cbor		application	media-type	application		[RFC-ietf-cose-cbor-encoded-cert-20]
application/cose-c509-pem+cbor	application/cose-c509-pem+cbor		application	media-type	application		[RFC-ietf-cose-cbor-encoded-cert-20]
application/cose-c509-pkcs10+cbor	application/cose-c509-pkcs10+cbor		application	media-type	application		[RFC-ietf-cose-cbor-encoded-cert-20]
application/cose-c509-privkey+cbor	application/cose-c509-privkey+cbor		application	media-type	application		[RFC-ietf-cose-cbor-encoded-cert-20]
application/cose-certhash+cbor	application/cose-certhash+cbor		application	media-type	application		[RFC-ietf-cose-cbor-encoded-cert-20]
application/cose-key	application/cose-key		application	media-type	application		[RFC9052]
application/cose-key-set	application/cose-key-set		application	media-type	application		[RFC9052]
application/cose-x509	application/cose-x509		application	media-type	application		[RFC9360]
application/cpl+xml	application/cpl+xml		application	media-type	application		[RFC3880]
application/csrattrs	application/csrattrs		application	media-type	application		[RFC7030]
application/csta+xml	application/csta+xml		application	media-type	application		[Ecma_International_Helpdesk]
application/csvm+json	application/csvm+json		application	media-type	application		[W3C][Ivan_Herman]
application/cwl	application/cwl		application	media-type	application		[CWL_Project][Michael_R._Crusoe]
application/cwl+json	application/cwl+json		application	media-type	application		[CWL_Project][Michael_R._Crusoe]
application/cwl+yaml	application/cwl+yaml		application	media-type	application		[CWL_Project][Michael_R._Crusoe]
application/cwt	application/cwt		application	media-type	application		[RFC8392]
application/cybercash	application/cybercash		application	media-type	application		[Donald_E._Eastlake_3rd]
application/dash+xml	application/dash+xml		application	media-type	application		[ISO-IEC_JTC_1][Thomas_Stockhammer]
application/dash-patch+xml	application/dash-patch+xml		application	media-type	application		[ISO-IEC_JTC_1]
application/dashdelta	application/dashdelta		application	media-type	application		[David_Furbeck]
application/davmount+xml	application/davmount+xml		application	media-type	application		[RFC4709]
application/dca-rft	application/dca-rft		application	media-type	application		[Larry_Campbell]
application/dec-dx	application/dec-dx		application	media-type	application		[Larry_Campbell]
application/dialog-info+xml	application/dialog-info+xml		application	media-type	application		[RFC4235]
application/dicom	application/dicom		application	media-type	application		[RFC3240]
application/dicom+json	application/dicom+json		application	media-type	application		[DICOM_Standard_Committee][David_Clunie]
application/dicom+xml	application/dicom+xml		application	media-type	application		[DICOM_Standard_Committee][David_Clunie]
application/did	application/did		application	media-type	application		[W3C_DID_WG]
application/dns	application/dns		application	media-type	application		[RFC4027]
application/dns+json	application/dns+json		application	media-type	application		[RFC8427]
application/dns-message	application/dns-message		application	media-type	application		[RFC8484]
application/dots+cbor	application/dots+cbor		application	media-type	application		[RFC9132]
application/dpop+jwt	application/dpop+jwt		application	media-type	application		[RFC9449]
application/dskpp+xml	application/dskpp+xml		application	media-type	application		[RFC6063]
application/dssc+der	application/dssc+der		application	media-type	application		[RFC5698]
application/dssc+xml	application/dssc+xml		application	media-type	application		[RFC5698]
application/dvcs	application/dvcs		application	media-type	application		[RFC3029]
application/eat+cwt	application/eat+cwt		application	media-type	application		[RFC9782]
application/eat+jwt	application/eat+jwt		application	media-type	application		[RFC9782]
application/eat-bun+cbor	application/eat-bun+cbor		application	media-type	application		[RFC9782]
application/eat-bun+json	application/eat-bun+json		application	media-type	application		[RFC9782]
application/eat-ucs+cbor	application/eat-ucs+cbor		application	media-type	application		[RFC9782]
application/eat-ucs+json	application/eat-ucs+json		application	media-type	application		[RFC9782]
application/ecmascript	application/ecmascript		application	media-type	application		ecmascript (OBSOLETED in favor of text/javascript) | [RFC4329][RFC9239]
application/edhoc+cbor-seq	application/edhoc+cbor-seq		application	media-type	application		[RFC9528]
application/efi	application/efi		application	media-type	application		[UEFI_Forum][Samer_El-Haj-Mahmoud]
application/elm+json	application/elm+json		application	media-type	application		[HL7][Bryn_Rhodes]
application/elm+xml	application/elm+xml		application	media-type	application		[HL7][Bryn_Rhodes]
application/emma+xml	application/emma+xml		application	media-type	application		[W3C][http://www.w3.org/TR/2007/CR-emma-20071211/#media-type-registration][ISO-IEC_JTC_1]
application/emotionml+xml	application/emotionml+xml		application	media-type	application		[W3C][Kazuyuki_Ashimura]
application/encaprtp	application/encaprtp		application	media-type	application		[RFC6849]
application/entity-statement+jwt	application/entity-statement+jwt		application	media-type	application		[OpenID_Foundation_Artifact_Binding_WG]
application/epp+xml	application/epp+xml		application	media-type	application		[RFC5730]
application/epub+zip	application/epub+zip		application	media-type	application		[W3C][EPUB_3_WG]
application/eshop	application/eshop		application	media-type	application		[Steve_Katz]
application/example	application/example		application	media-type	application		[RFC4735]
application/exi	application/exi		application	media-type	application		[W3C][http://www.w3.org/TR/2009/CR-exi-20091208/#mediaTypeRegistration]
application/expect-ct-report+json	application/expect-ct-report+json		application	media-type	application		[RFC9163]
application/explicit-registration-response+jwt	application/explicit-registration-response+jwt		application	media-type	application		[OpenID_Foundation_Artifact_Binding_WG][Michael_B_Jones]
application/express	application/express		application	media-type	application		[ISO-TC_184-SC_4][Dana_Tripp]
application/fastinfoset	application/fastinfoset		application	media-type	application		[ITU-T_ASN.1_Rapporteur][ISO-IEC_JTC_1_SC_6_ASN.1_Rapporteur]
application/fastsoap	application/fastsoap		application	media-type	application		[ITU-T_ASN.1_Rapporteur][ISO-IEC_JTC_1_SC_6_ASN.1_Rapporteur]
application/fdf	application/fdf		application	media-type	application		[ISO-TC_171-SC_2][Betsy_Fanning]
application/fdt+xml	application/fdt+xml		application	media-type	application		[RFC6726]
application/fhir+json	application/fhir+json		application	media-type	application		[HL7][Grahame_Grieve]
application/fhir+xml	application/fhir+xml		application	media-type	application		[HL7][Grahame_Grieve]
application/fits	application/fits		application	media-type	application		[RFC4047]
application/flexfec	application/flexfec		application	media-type	application		[RFC8627]
application/font-sfnt	application/font-sfnt		application	media-type	application		font-sfnt - DEPRECATED in favor of font/sfnt | [Levantovsky][ISO-IEC_JTC_1][RFC8081]
application/font-tdpfr	application/font-tdpfr		application	media-type	application		[RFC3073]
application/font-woff	application/font-woff		application	media-type	application		font-woff - DEPRECATED in favor of font/woff | [W3C][RFC8081]
application/framework-attributes+xml	application/framework-attributes+xml		application	media-type	application		[RFC6230]
application/geo+json	application/geo+json		application	media-type	application		[RFC7946]
application/geo+json-seq	application/geo+json-seq		application	media-type	application		[RFC8142]
application/geofeed+csv	application/geofeed+csv		application	media-type	application		[RFC9877]
application/geopackage+sqlite3	application/geopackage+sqlite3		application	media-type	application		[OGC][Scott_Simmons]
application/geopose+json	application/geopose+json		application	media-type	application		[OGC][Scott_Simmons]
application/geoxacml+json	application/geoxacml+json		application	media-type	application		[OGC][Scott_Simmons]
application/geoxacml+xml	application/geoxacml+xml		application	media-type	application		[OGC][Scott_Simmons]
application/gltf-buffer	application/gltf-buffer		application	media-type	application		[Khronos][Saurabh_Bhatia]
application/gml+xml	application/gml+xml		application	media-type	application		[OGC][Clemens_Portele]
application/gnap-binding-jws	application/gnap-binding-jws		application	media-type	application		[RFC9635]
application/gnap-binding-jwsd	application/gnap-binding-jwsd		application	media-type	application		[RFC9635]
application/gnap-binding-rotation-jws	application/gnap-binding-rotation-jws		application	media-type	application		[RFC9635]
application/gnap-binding-rotation-jwsd	application/gnap-binding-rotation-jwsd		application	media-type	application		[RFC9635]
application/grib	application/grib		application	media-type	application		[World_Meterological_Organization][Anna_Milan]
application/gzip	application/gzip		application	media-type	application		[RFC6713]
application/held+xml	application/held+xml		application	media-type	application		[RFC5985]
application/hl7v2+xml	application/hl7v2+xml		application	media-type	application		[HL7][Marc_Duteau]
application/http	application/http		application	media-type	application		[RFC9112]
application/hyperstudio	application/hyperstudio		application	media-type	application		[Michael_Domino]
application/ibe-key-request+xml	application/ibe-key-request+xml		application	media-type	application		[RFC5408]
application/ibe-pkg-reply+xml	application/ibe-pkg-reply+xml		application	media-type	application		[RFC5408]
application/ibe-pp-data	application/ibe-pp-data		application	media-type	application		[RFC5408]
application/iges	application/iges		application	media-type	application		[Curtis_Parks]
application/im-iscomposing+xml	application/im-iscomposing+xml		application	media-type	application		[RFC3994]
application/index	application/index		application	media-type	application		[RFC2652]
application/index.cmd	application/index.cmd		application	media-type	application		[RFC2652]
application/index.obj	application/index.obj		application	media-type	application		[RFC2652]
application/index.response	application/index.response		application	media-type	application		[RFC2652]
application/index.vnd	application/index.vnd		application	media-type	application		[RFC2652]
application/inkml+xml	application/inkml+xml		application	media-type	application		[Kazuyuki_Ashimura]
application/ipfix	application/ipfix		application	media-type	application		[RFC5655]
application/ipp	application/ipp		application	media-type	application		[RFC8010]
application/its+xml	application/its+xml		application	media-type	application		[W3C][ITS-IG-W3C]
application/java-archive	application/java-archive		application	media-type	application		[JCP][Iris_Clark]
application/javascript	application/javascript		application	media-type	application		javascript (OBSOLETED in favor of text/javascript) | [RFC4329][RFC9239]
application/jf2feed+json	application/jf2feed+json		application	media-type	application		[W3C][Ivan_Herman]
application/jose	application/jose		application	media-type	application		[RFC7515]
application/jose+json	application/jose+json		application	media-type	application		[RFC7515]
application/jrd+json	application/jrd+json		application	media-type	application		[RFC7033]
application/jscalendar+json	application/jscalendar+json		application	media-type	application		[RFC8984]
application/jscontact+json	application/jscontact+json		application	media-type	application		[RFC9553]
application/json	application/json		application	media-type	application		[RFC8259]
application/json-patch+json	application/json-patch+json		application	media-type	application		[RFC6902]
application/json-patch-query+json	application/json-patch-query+json		application	media-type	application		[TM_Forum][Lorna_Mitchell]
application/json-seq	application/json-seq		application	media-type	application		[RFC7464]
application/jsonpath	application/jsonpath		application	media-type	application		[RFC9535]
application/jumbf	application/jumbf		application	media-type	application		[ISO-IEC_JTC_1_SC_29_WG_1][Leonard_Rosenthol][Frederik_Temmermans]
application/jwk+json	application/jwk+json		application	media-type	application		[RFC7517]
application/jwk-set+json	application/jwk-set+json		application	media-type	application		[RFC7517]
application/jwk-set+jwt	application/jwk-set+jwt		application	media-type	application		[OpenID_Foundation_Artifact_Binding_WG]
application/jwt	application/jwt		application	media-type	application		[RFC7519]
application/kb+jwt	application/kb+jwt		application	media-type	application		[RFC9901]
application/kbl+xml	application/kbl+xml		application	media-type	application		[prostep_ivip][Nora_Tazir]
application/kpml-request+xml	application/kpml-request+xml		application	media-type	application		[RFC4730]
application/kpml-response+xml	application/kpml-response+xml		application	media-type	application		[RFC4730]
application/ld+json	application/ld+json		application	media-type	application		[W3C][Ivan_Herman]
application/lgr+xml	application/lgr+xml		application	media-type	application		[RFC7940]
application/link-format	application/link-format		application	media-type	application		[RFC6690]
application/linkset	application/linkset		application	media-type	application		[RFC9264]
application/linkset+json	application/linkset+json		application	media-type	application		[RFC9264]
application/load-control+xml	application/load-control+xml		application	media-type	application		[RFC7200]
application/logout+jwt	application/logout+jwt		application	media-type	application		[OpenID_Foundation_Artifact_Binding_WG]
application/lost+xml	application/lost+xml		application	media-type	application		[RFC5222]
application/lostsync+xml	application/lostsync+xml		application	media-type	application		[RFC6739]
application/lpf+zip	application/lpf+zip		application	media-type	application		[W3C][Ivan_Herman]
application/mac-binhex40	application/mac-binhex40		application	media-type	application		[Patrik_Faltstrom]
application/macwriteii	application/macwriteii		application	media-type	application		[Paul_Lindner]
application/mads+xml	application/mads+xml		application	media-type	application		[RFC6207]
application/manifest+json	application/manifest+json		application	media-type	application		[W3C][Marcos_Caceres]
application/marc	application/marc		application	media-type	application		[RFC2220]
application/marcxml+xml	application/marcxml+xml		application	media-type	application		[RFC6207]
application/mathematica	application/mathematica		application	media-type	application		[Wolfram]
application/mathml+xml	application/mathml+xml		application	media-type	application		[W3C][http://www.w3.org/TR/MathML3/appendixb.html]
application/mathml-content+xml	application/mathml-content+xml		application	media-type	application		[W3C][http://www.w3.org/TR/MathML3/appendixb.html]
application/mathml-presentation+xml	application/mathml-presentation+xml		application	media-type	application		[W3C][http://www.w3.org/TR/MathML3/appendixb.html]
application/mbms-associated-procedure-description+xml	application/mbms-associated-procedure-description+xml		application	media-type	application		[_3GPP]
application/mbms-deregister+xml	application/mbms-deregister+xml		application	media-type	application		[_3GPP]
application/mbms-envelope+xml	application/mbms-envelope+xml		application	media-type	application		[_3GPP]
application/mbms-msk+xml	application/mbms-msk+xml		application	media-type	application		[_3GPP]
application/mbms-msk-response+xml	application/mbms-msk-response+xml		application	media-type	application		[_3GPP]
application/mbms-protection-description+xml	application/mbms-protection-description+xml		application	media-type	application		[_3GPP]
application/mbms-reception-report+xml	application/mbms-reception-report+xml		application	media-type	application		[_3GPP]
application/mbms-register+xml	application/mbms-register+xml		application	media-type	application		[_3GPP]
application/mbms-register-response+xml	application/mbms-register-response+xml		application	media-type	application		[_3GPP]
application/mbms-schedule+xml	application/mbms-schedule+xml		application	media-type	application		[_3GPP][Eric_Turcotte]
application/mbms-user-service-description+xml	application/mbms-user-service-description+xml		application	media-type	application		[_3GPP]
application/mbox	application/mbox		application	media-type	application		[RFC4155]
application/measured-component+cbor	application/measured-component+cbor		application	media-type	application		[RFC10013]
application/measured-component+json	application/measured-component+json		application	media-type	application		[RFC10013]
application/media-policy-dataset+xml	application/media-policy-dataset+xml		application	media-type	application		[RFC6796]
application/media_control+xml	application/media_control+xml		application	media-type	application		[RFC5168]
application/mediaservercontrol+xml	application/mediaservercontrol+xml		application	media-type	application		[RFC5022]
application/merge-patch+json	application/merge-patch+json		application	media-type	application		[RFC7396]
application/metalink4+xml	application/metalink4+xml		application	media-type	application		[RFC5854]
application/mets+xml	application/mets+xml		application	media-type	application		[RFC6207]
application/mikey	application/mikey		application	media-type	application		[RFC3830]
application/mipc	application/mipc		application	media-type	application		[NCGIS][Bryan_Blank]
application/missing-blocks+cbor-seq	application/missing-blocks+cbor-seq		application	media-type	application		[RFC9177]
application/mmt-aei+xml	application/mmt-aei+xml		application	media-type	application		[ATSC]
application/mmt-usd+xml	application/mmt-usd+xml		application	media-type	application		[ATSC]
application/mods+xml	application/mods+xml		application	media-type	application		[RFC6207]
application/moss-keys	application/moss-keys		application	media-type	application		[RFC1848]
application/moss-signature	application/moss-signature		application	media-type	application		[RFC1848]
application/mosskey-data	application/mosskey-data		application	media-type	application		[RFC1848]
application/mosskey-request	application/mosskey-request		application	media-type	application		[RFC1848]
application/mp21	application/mp21		application	media-type	application		[RFC6381][David_Singer]
application/mp4	application/mp4		application	media-type	application		[RFC4337][RFC6381]
application/mpeg4-generic	application/mpeg4-generic		application	media-type	application		[RFC3640]
application/mpeg4-iod	application/mpeg4-iod		application	media-type	application		[RFC4337]
application/mpeg4-iod-xmt	application/mpeg4-iod-xmt		application	media-type	application		[RFC4337]
application/mrb-consumer+xml	application/mrb-consumer+xml		application	media-type	application		[RFC6917]
application/mrb-publish+xml	application/mrb-publish+xml		application	media-type	application		[RFC6917]
application/msc-ivr+xml	application/msc-ivr+xml		application	media-type	application		[RFC6231]
application/msc-mixer+xml	application/msc-mixer+xml		application	media-type	application		[RFC6505]
application/msword	application/msword		application	media-type	application		[Paul_Lindner]
application/mud+json	application/mud+json		application	media-type	application		[RFC8520]
application/multipart-core	application/multipart-core		application	media-type	application		[RFC8710]
application/mxf	application/mxf		application	media-type	application		[RFC4539]
application/n-quads	application/n-quads		application	media-type	application		[W3C][Eric_Prudhommeaux]
application/n-triples	application/n-triples		application	media-type	application		[W3C][Eric_Prudhommeaux]
application/nasdata	application/nasdata		application	media-type	application		[RFC4707]
application/news-checkgroups	application/news-checkgroups		application	media-type	application		[RFC5537]
application/news-groupinfo	application/news-groupinfo		application	media-type	application		[RFC5537]
application/news-transmission	application/news-transmission		application	media-type	application		[RFC5537]
application/nlsml+xml	application/nlsml+xml		application	media-type	application		[RFC6787]
application/node	application/node		application	media-type	application		[Node.js_TSC]
application/nss	application/nss		application	media-type	application		[Michael_Hammer]
application/oauth-authz-req+jwt	application/oauth-authz-req+jwt		application	media-type	application		[RFC9101]
application/oblivious-dns-message	application/oblivious-dns-message		application	media-type	application		[RFC9230]
application/ocsp-request	application/ocsp-request		application	media-type	application		[RFC6960]
application/ocsp-response	application/ocsp-response		application	media-type	application		[RFC6960]
application/octet-stream	application/octet-stream		application	media-type	application		[RFC2045][RFC2046]
application/odm+xml	application/odm+xml		application	media-type	application		[CDISC][Sam_Hume]
application/oebps-package+xml	application/oebps-package+xml		application	media-type	application		[W3C][EPUB_3_WG]
application/ogg	application/ogg		application	media-type	application		[RFC5334][RFC7845]
application/ohttp-keys	application/ohttp-keys		application	media-type	application		[RFC9458]
application/opc-nodeset+xml	application/opc-nodeset+xml		application	media-type	application		[OPC_Foundation]
application/oscore	application/oscore		application	media-type	application		[RFC8613]
application/oxps	application/oxps		application	media-type	application		[Ecma_International_Helpdesk]
application/p21	application/p21		application	media-type	application		[ISO-TC_184-SC_4][Dana_Tripp]
application/p21+zip	application/p21+zip		application	media-type	application		[ISO-TC_184-SC_4][Dana_Tripp]
application/p2p-overlay+xml	application/p2p-overlay+xml		application	media-type	application		[RFC6940]
application/parityfec	application/parityfec		application	media-type	application		[RFC3009]
application/passport	application/passport		application	media-type	application		[RFC8225]
application/patch-ops-error+xml	application/patch-ops-error+xml		application	media-type	application		[RFC5261]
application/pdf	application/pdf		application	media-type	application		[RFC8118]
application/pem-certificate-chain	application/pem-certificate-chain		application	media-type	application		[RFC8555]
application/pgp-encrypted	application/pgp-encrypted		application	media-type	application		[RFC3156]
application/pgp-keys	application/pgp-keys		application	media-type	application		[RFC3156]
application/pgp-signature	application/pgp-signature		application	media-type	application		[RFC3156]
application/pidf+xml	application/pidf+xml		application	media-type	application		[RFC3863]
application/pidf-diff+xml	application/pidf-diff+xml		application	media-type	application		[RFC5262]
application/pkcs10	application/pkcs10		application	media-type	application		[RFC5967]
application/pkcs12	application/pkcs12		application	media-type	application		[IETF]
application/pkcs7-mime	application/pkcs7-mime		application	media-type	application		[RFC8551][RFC7114]
application/pkcs7-signature	application/pkcs7-signature		application	media-type	application		[RFC8551]
application/pkcs8	application/pkcs8		application	media-type	application		[RFC5958]
application/pkcs8-encrypted	application/pkcs8-encrypted		application	media-type	application		[RFC8351]
application/pkix-attr-cert	application/pkix-attr-cert		application	media-type	application		[RFC5877]
application/pkix-cert	application/pkix-cert		application	media-type	application		[RFC2585]
application/pkix-crl	application/pkix-crl		application	media-type	application		[RFC2585]
application/pkix-pkipath	application/pkix-pkipath		application	media-type	application		[RFC6066]
application/pkixcmp	application/pkixcmp		application	media-type	application		[RFC9811]
application/pls+xml	application/pls+xml		application	media-type	application		[RFC4267]
application/poc-settings+xml	application/poc-settings+xml		application	media-type	application		[RFC4354]
application/postscript	application/postscript		application	media-type	application		[RFC2045][RFC2046]
application/ppsp-tracker+json	application/ppsp-tracker+json		application	media-type	application		[RFC7846]
application/private-token-issuer-directory	application/private-token-issuer-directory		application	media-type	application		[RFC9578]
application/private-token-request	application/private-token-request		application	media-type	application		[RFC9578]
application/private-token-response	application/private-token-response		application	media-type	application		[RFC9578]
application/problem+json	application/problem+json		application	media-type	application		[RFC9457]
application/problem+xml	application/problem+xml		application	media-type	application		[RFC9457]
application/protobuf	application/protobuf		application	media-type	application		[RFC9996]
application/protobuf+json	application/protobuf+json		application	media-type	application		[RFC9996]
application/provenance+xml	application/provenance+xml		application	media-type	application		[W3C][Ivan_Herman]
application/provided-claims+jwt	application/provided-claims+jwt		application	media-type	application		[OpenID_Foundation_eKYC_and_IDA_WG][Daniel_Fett]
application/prs.alvestrand.titrax-sheet	application/prs.alvestrand.titrax-sheet		application	media-type	application		[Harald_T._Alvestrand]
application/prs.archive-markdown-format	application/prs.archive-markdown-format		application	media-type	application		[Scott_Smith]
application/prs.bwtc32key	application/prs.bwtc32key		application	media-type	application		[Raja_Fjords]
application/prs.cww	application/prs.cww		application	media-type	application		[Khemchart_Rungchavalnont]
application/prs.cyn	application/prs.cyn		application	media-type	application		[Cynthia_Revström]
application/prs.hpub+zip	application/prs.hpub+zip		application	media-type	application		[Giulio_Zambon]
application/prs.implied-document+xml	application/prs.implied-document+xml		application	media-type	application		[Marek_Čermák]
application/prs.implied-executable	application/prs.implied-executable		application	media-type	application		[Marek_Čermák]
application/prs.implied-object+json	application/prs.implied-object+json		application	media-type	application		[Marek_Čermák]
application/prs.implied-object+json-seq	application/prs.implied-object+json-seq		application	media-type	application		[Marek_Čermák]
application/prs.implied-object+yaml	application/prs.implied-object+yaml		application	media-type	application		[Marek_Čermák]
application/prs.implied-structure	application/prs.implied-structure		application	media-type	application		[Marek_Čermák]
application/prs.mayfile	application/prs.mayfile		application	media-type	application		[Azalea_Gardenia]
application/prs.nprend	application/prs.nprend		application	media-type	application		[Jay_Doggett]
application/prs.plucker	application/prs.plucker		application	media-type	application		[Bill_Janssen]
application/prs.rdf-xml-crypt	application/prs.rdf-xml-crypt		application	media-type	application		[Toby_Inkster]
application/prs.sclt	application/prs.sclt		application	media-type	application		[Sambhav_Aryal]
application/prs.vcfbzip2	application/prs.vcfbzip2		application	media-type	application		[Paolo_Marcheschi]
application/prs.xsf+xml	application/prs.xsf+xml		application	media-type	application		[Maik_Stührenberg]
application/pskc+xml	application/pskc+xml		application	media-type	application		[RFC6030]
application/pvd+json	application/pvd+json		application	media-type	application		[RFC8801]
application/raptorfec	application/raptorfec		application	media-type	application		[RFC6682]
application/rdap+json	application/rdap+json		application	media-type	application		[RFC9083]
application/rdf+xml	application/rdf+xml		application	media-type	application		[RFC3870]
application/reginfo+xml	application/reginfo+xml		application	media-type	application		[RFC3680]
application/relax-ng-compact-syntax	application/relax-ng-compact-syntax		application	media-type	application		[http://www.JTC_1sc34.org/repository/0661.pdf]
application/remote-printing	application/remote-printing		application	media-type	application		remote-printing (OBSOLETE) | [RFC1486][Marshall_Rose][Moving TPC.INT and NSAP.INT infrastructure domains to historic]
application/reputon+json	application/reputon+json		application	media-type	application		[RFC7071]
application/resolve-response+jwt	application/resolve-response+jwt		application	media-type	application		[OpenID_Foundation_Artifact_Binding_WG]
application/resource-lists+xml	application/resource-lists+xml		application	media-type	application		[RFC4826]
application/resource-lists-diff+xml	application/resource-lists-diff+xml		application	media-type	application		[RFC5362]
application/rfc+xml	application/rfc+xml		application	media-type	application		[RFC7991]
application/riscos	application/riscos		application	media-type	application		[Nick_Smith]
application/rlmi+xml	application/rlmi+xml		application	media-type	application		[RFC4662]
application/rls-services+xml	application/rls-services+xml		application	media-type	application		[RFC4826]
application/roughtime-malfeasance+json	application/roughtime-malfeasance+json		application	media-type	application		[RFC-ietf-ntp-roughtime-19]
application/roughtime-server+json	application/roughtime-server+json		application	media-type	application		[RFC-ietf-ntp-roughtime-19]
application/route-apd+xml	application/route-apd+xml		application	media-type	application		[ATSC]
application/route-s-tsid+xml	application/route-s-tsid+xml		application	media-type	application		[ATSC]
application/route-usd+xml	application/route-usd+xml		application	media-type	application		[ATSC]
application/rpki-ccr	application/rpki-ccr		application	media-type	application		[RFC-ietf-sidrops-rpki-ccr-11]
application/rpki-ccr+gzip	application/rpki-ccr+gzip		application	media-type	application		[RFC-ietf-sidrops-rpki-ccr-11]
application/rpki-checklist	application/rpki-checklist		application	media-type	application		[RFC9323]
application/rpki-ghostbusters	application/rpki-ghostbusters		application	media-type	application		rpki-ghostbusters (DEPRECATED) | [RFC6493][Moving RFC 6493 to Historic]
application/rpki-manifest	application/rpki-manifest		application	media-type	application		[RFC6481]
application/rpki-publication	application/rpki-publication		application	media-type	application		[RFC8181]
application/rpki-roa	application/rpki-roa		application	media-type	application		[RFC9582]
application/rpki-signed-tal	application/rpki-signed-tal		application	media-type	application		[RFC9691]
application/rpki-updown	application/rpki-updown		application	media-type	application		[RFC6492]
application/rs-metadata+xml	application/rs-metadata+xml		application	media-type	application		[RFC7865][RFC9806]
application/rtf	application/rtf		application	media-type	application		[Paul_Lindner]
application/rtploopback	application/rtploopback		application	media-type	application		[RFC6849]
application/rtx	application/rtx		application	media-type	application		[RFC4588]
application/samlassertion+xml	application/samlassertion+xml		application	media-type	application		[OASIS_Security_Services_Technical_Committee_SSTC]
application/samlmetadata+xml	application/samlmetadata+xml		application	media-type	application		[OASIS_Security_Services_Technical_Committee_SSTC]
application/sarif+json	application/sarif+json		application	media-type	application		[OASIS][Michael_C._Fanning][Laurence_J._Golding]
application/sarif-external-properties+json	application/sarif-external-properties+json		application	media-type	application		[OASIS][David_Keaton][Michael_C._Fanning]
application/sbe	application/sbe		application	media-type	application		[FIX_Trading_Community][Donald_L._Mendelson]
application/sbml+xml	application/sbml+xml		application	media-type	application		[RFC3823]
application/scaip+xml	application/scaip+xml		application	media-type	application		[SIS][Oskar_Jonsson]
application/scim+json	application/scim+json		application	media-type	application		[RFC7644]
application/scitt-receipt+cose	application/scitt-receipt+cose		application	media-type	application		[RFC9943]
application/scitt-statement+cose	application/scitt-statement+cose		application	media-type	application		[RFC9943]
application/scvp-cv-request	application/scvp-cv-request		application	media-type	application		[RFC5055]
application/scvp-cv-response	application/scvp-cv-response		application	media-type	application		[RFC5055]
application/scvp-vp-request	application/scvp-vp-request		application	media-type	application		[RFC5055]
application/scvp-vp-response	application/scvp-vp-response		application	media-type	application		[RFC5055]
application/sd-jwt	application/sd-jwt		application	media-type	application		[RFC9901]
application/sd-jwt+json	application/sd-jwt+json		application	media-type	application		[RFC9901]
application/sdf+json	application/sdf+json		application	media-type	application		[RFC9880]
application/sdp	application/sdp		application	media-type	application		[RFC8866]
application/secevent+jwt	application/secevent+jwt		application	media-type	application		[RFC8417]
application/senml+cbor	application/senml+cbor		application	media-type	application		[RFC8428]
application/senml+json	application/senml+json		application	media-type	application		[RFC8428]
application/senml+xml	application/senml+xml		application	media-type	application		[RFC8428]
application/senml-etch+cbor	application/senml-etch+cbor		application	media-type	application		[RFC8790]
application/senml-etch+json	application/senml-etch+json		application	media-type	application		[RFC8790]
application/senml-exi	application/senml-exi		application	media-type	application		[RFC8428]
application/sensml+cbor	application/sensml+cbor		application	media-type	application		[RFC8428]
application/sensml+json	application/sensml+json		application	media-type	application		[RFC8428]
application/sensml+xml	application/sensml+xml		application	media-type	application		[RFC8428]
application/sensml-exi	application/sensml-exi		application	media-type	application		[RFC8428]
application/sep+xml	application/sep+xml		application	media-type	application		[Robby_Simpson][IEEE]
application/sep-exi	application/sep-exi		application	media-type	application		[Robby_Simpson][IEEE]
application/session-info	application/session-info		application	media-type	application		[_3GPP][Dongwook_Kim]
application/set-payment	application/set-payment		application	media-type	application		[Brian_Korver]
application/set-payment-initiation	application/set-payment-initiation		application	media-type	application		[Brian_Korver]
application/set-registration	application/set-registration		application	media-type	application		[Brian_Korver]
application/set-registration-initiation	application/set-registration-initiation		application	media-type	application		[Brian_Korver]
application/sgml-open-catalog	application/sgml-open-catalog		application	media-type	application		[Paul_Grosso]
application/shf+xml	application/shf+xml		application	media-type	application		[RFC4194]
application/sieve	application/sieve		application	media-type	application		[RFC5228]
application/simple-filter+xml	application/simple-filter+xml		application	media-type	application		[RFC4661]
application/simple-message-summary	application/simple-message-summary		application	media-type	application		[RFC3842]
application/simpleSymbolContainer	application/simpleSymbolContainer		application	media-type	application		[_3GPP]
application/sipc	application/sipc		application	media-type	application		[NCGIS][Bryan_Blank]
application/slate	application/slate		application	media-type	application		[Terry_Crowley]
application/smil	application/smil		application	media-type	application		smil (OBSOLETED in favor of application/smil+xml) | [RFC4536]
application/smil+xml	application/smil+xml		application	media-type	application		[RFC4536]
application/smpte336m	application/smpte336m		application	media-type	application		[RFC6597]
application/soap+fastinfoset	application/soap+fastinfoset		application	media-type	application		[ITU-T_ASN.1_Rapporteur][ISO-IEC_JTC_1_SC_6_ASN.1_Rapporteur]
application/soap+xml	application/soap+xml		application	media-type	application		[RFC3902]
application/sparql-query	application/sparql-query		application	media-type	application		[W3C][http://www.w3.org/TR/2007/CR-rdf-sparql-query-20070614/#mediaType]
application/sparql-results+xml	application/sparql-results+xml		application	media-type	application		[W3C][http://www.w3.org/TR/2007/CR-rdf-sparql-XMLres-20070925/#mime]
application/spdx+json	application/spdx+json		application	media-type	application		[Linux_Foundation][Rose_Judge]
application/spdx3+json	application/spdx3+json		application	media-type	application		[Linux_Foundation][Arthit_Suriyawongkul]
application/spirits-event+xml	application/spirits-event+xml		application	media-type	application		[RFC3910]
application/sql	application/sql		application	media-type	application		[RFC6922]
application/srgs	application/srgs		application	media-type	application		[RFC4267]
application/srgs+xml	application/srgs+xml		application	media-type	application		[RFC4267]
application/sru+xml	application/sru+xml		application	media-type	application		[RFC6207]
application/sslkeylogfile	application/sslkeylogfile		application	media-type	application		[RFC9850]
application/ssml+xml	application/ssml+xml		application	media-type	application		[RFC4267]
application/statuslist+cwt	application/statuslist+cwt		application	media-type	application		[RFC-ietf-oauth-status-list-21]
application/statuslist+jwt	application/statuslist+jwt		application	media-type	application		[RFC-ietf-oauth-status-list-21]
application/stix+json	application/stix+json		application	media-type	application		[OASIS][Chet_Ensign]
application/stratum	application/stratum		application	media-type	application		[Ben_van_Hartingsveldt][1]
application/suit-envelope+cose	application/suit-envelope+cose		application	media-type	application		[RFC-ietf-suit-manifest-34]
application/suit-report+cose	application/suit-report+cose		application	media-type	application		[RFC-ietf-suit-report-19]
application/swid+cbor	application/swid+cbor		application	media-type	application		[RFC9393]
application/swid+xml	application/swid+xml		application	media-type	application		[ISO-IEC_JTC_1][David_Waltermire][Ron_Brill]
application/syslog-msg	application/syslog-msg		application	media-type	application		[Stephen_Berard][6]
application/tamp-apex-update	application/tamp-apex-update		application	media-type	application		[RFC5934]
application/tamp-apex-update-confirm	application/tamp-apex-update-confirm		application	media-type	application		[RFC5934]
application/tamp-community-update	application/tamp-community-update		application	media-type	application		[RFC5934]
application/tamp-community-update-confirm	application/tamp-community-update-confirm		application	media-type	application		[RFC5934]
application/tamp-error	application/tamp-error		application	media-type	application		[RFC5934]
application/tamp-sequence-adjust	application/tamp-sequence-adjust		application	media-type	application		[RFC5934]
application/tamp-sequence-adjust-confirm	application/tamp-sequence-adjust-confirm		application	media-type	application		[RFC5934]
application/tamp-status-query	application/tamp-status-query		application	media-type	application		[RFC5934]
application/tamp-status-response	application/tamp-status-response		application	media-type	application		[RFC5934]
application/tamp-update	application/tamp-update		application	media-type	application		[RFC5934]
application/tamp-update-confirm	application/tamp-update-confirm		application	media-type	application		[RFC5934]
application/taxii+json	application/taxii+json		application	media-type	application		[OASIS][Chet_Ensign]
application/td+json	application/td+json		application	media-type	application		[W3C][Matthias_Kovatsch]
application/teep+cbor	application/teep+cbor		application	media-type	application		[RFC-ietf-teep-protocol-26]
application/tei+xml	application/tei+xml		application	media-type	application		[RFC6129]
application/texinfo	application/texinfo		application	media-type	application		[Simon_Josefsson][3]
application/thraud+xml	application/thraud+xml		application	media-type	application		[RFC5941]
application/timestamp-query	application/timestamp-query		application	media-type	application		[RFC3161]
application/timestamp-reply	application/timestamp-reply		application	media-type	application		[RFC3161]
application/timestamped-data	application/timestamped-data		application	media-type	application		[RFC5955]
application/tlsrpt+gzip	application/tlsrpt+gzip		application	media-type	application		[RFC8460]
application/tlsrpt+json	application/tlsrpt+json		application	media-type	application		[RFC8460]
application/tm+json	application/tm+json		application	media-type	application		[W3C][Sebastian_Kaebisch]
application/tnauthlist	application/tnauthlist		application	media-type	application		[RFC8226]
application/toc+cbor	application/toc+cbor		application	media-type	application		[TCG DICE][TCG_DICE_WG][Ned_M._Smith]
application/token-introspection+jwt	application/token-introspection+jwt		application	media-type	application		[RFC9701]
application/toml	application/toml		application	media-type	application		[Ben_van_Hartingsveldt][https://github.com/toml-lang/toml/issues/870][2]
application/trickle-ice-sdpfrag	application/trickle-ice-sdpfrag		application	media-type	application		[RFC8840]
application/trig	application/trig		application	media-type	application		[W3C][W3C_RDF_WG]
application/trust-chain+json	application/trust-chain+json		application	media-type	application		[OpenID_Foundation_Artifact_Binding_WG][Michael_B_Jones]
application/trust-mark+jwt	application/trust-mark+jwt		application	media-type	application		[OpenID_Foundation_Artifact_Binding_WG][Michael_B_Jones]
application/trust-mark-delegation+jwt	application/trust-mark-delegation+jwt		application	media-type	application		[OpenID_Foundation_Artifact_Binding_WG][Roland_Hedberg]
application/trust-mark-status-response+jwt	application/trust-mark-status-response+jwt		application	media-type	application		[OpenID_Foundation_Artifact_Binding_WG][Michael_B_Jones]
application/ttml+xml	application/ttml+xml		application	media-type	application		[W3C][W3C_Timed_Text_WG]
application/tve-trigger	application/tve-trigger		application	media-type	application		[Linda_Welsh]
application/tzif	application/tzif		application	media-type	application		[RFC9636]
application/tzif-leap	application/tzif-leap		application	media-type	application		[RFC9636]
application/uccs+cbor	application/uccs+cbor		application	media-type	application		[RFC9781]
application/ujcs+json	application/ujcs+json		application	media-type	application		[RFC9781]
application/ulpfec	application/ulpfec		application	media-type	application		[RFC5109]
application/urc-grpsheet+xml	application/urc-grpsheet+xml		application	media-type	application		[Gottfried_Zimmermann][ISO-IEC_JTC_1]
application/urc-ressheet+xml	application/urc-ressheet+xml		application	media-type	application		[Gottfried_Zimmermann][ISO-IEC_JTC_1]
application/urc-targetdesc+xml	application/urc-targetdesc+xml		application	media-type	application		[Gottfried_Zimmermann][ISO-IEC_JTC_1]
application/urc-uisocketdesc+xml	application/urc-uisocketdesc+xml		application	media-type	application		[Gottfried_Zimmermann]
application/v3c	application/v3c		application	media-type	application		[RFC-ietf-avtcore-rtp-v3c-17]
application/vc	application/vc		application	media-type	application		[W3C_Verifiable_Credentials_WG][Ivan_Herman]
application/vc+cose	application/vc+cose		application	media-type	application		[W3C_Verifiable_Credentials_WG][Ivan_Herman]
application/vc+jwt	application/vc+jwt		application	media-type	application		[W3C_Verifiable_Credentials_WG][Ivan_Herman]
application/vc+sd-jwt	application/vc+sd-jwt		application	media-type	application		[W3C_Verifiable_Credentials_WG][Ivan_Herman]
application/vcard+json	application/vcard+json		application	media-type	application		[RFC7095]
application/vcard+xml	application/vcard+xml		application	media-type	application		[RFC6351]
application/vec+xml	application/vec+xml		application	media-type	application		[prostep_ivip][Nora_Tazir]
application/vec-package+gzip	application/vec-package+gzip		application	media-type	application		[prostep_ivip][Nora_Tazir]
application/vec-package+zip	application/vec-package+zip		application	media-type	application		[prostep_ivip][Nora_Tazir]
application/vemmi	application/vemmi		application	media-type	application		[RFC2122]
application/vnd.1000minds.decision-model+xml	application/vnd.1000minds.decision-model+xml		application	media-type	application		[Franz_Ombler]
application/vnd.1ob	application/vnd.1ob		application	media-type	application		[Rob_Coyle]
application/vnd.3M.Post-it-Notes	application/vnd.3M.Post-it-Notes		application	media-type	application		[Michael_OBrien]
application/vnd.3gpp-prose+xml	application/vnd.3gpp-prose+xml		application	media-type	application		[Dongwook_Kim]
application/vnd.3gpp-prose-pc3a+xml	application/vnd.3gpp-prose-pc3a+xml		application	media-type	application		[Haorui_Yang]
application/vnd.3gpp-prose-pc3ach+xml	application/vnd.3gpp-prose-pc3ach+xml		application	media-type	application		[Haorui_Yang]
application/vnd.3gpp-prose-pc3ch+xml	application/vnd.3gpp-prose-pc3ch+xml		application	media-type	application		[Dongwook_Kim]
application/vnd.3gpp-prose-pc8+xml	application/vnd.3gpp-prose-pc8+xml		application	media-type	application		[Haorui_Yang]
application/vnd.3gpp-v2x-local-service-information	application/vnd.3gpp-v2x-local-service-information		application	media-type	application		[Dongwook_Kim]
application/vnd.3gpp.5gnas	application/vnd.3gpp.5gnas		application	media-type	application		[_3GPP][Jones_Lu_Yunjie]
application/vnd.3gpp.5gsa2x	application/vnd.3gpp.5gsa2x		application	media-type	application		[_3GPP_CT1][Dongwook_Kim]
application/vnd.3gpp.5gsa2x-local-service-information	application/vnd.3gpp.5gsa2x-local-service-information		application	media-type	application		[_3GPP_CT1][Dongwook_Kim]
application/vnd.3gpp.5gsv2x	application/vnd.3gpp.5gsv2x		application	media-type	application		[_3GPP_CT1][Dongwook_Kim]
application/vnd.3gpp.5gsv2x-local-service-information	application/vnd.3gpp.5gsv2x-local-service-information		application	media-type	application		[_3GPP_CT1][Dongwook_Kim]
application/vnd.3gpp.GMOP+xml	application/vnd.3gpp.GMOP+xml		application	media-type	application		[Dongwook_Kim]
application/vnd.3gpp.SRVCC-info+xml	application/vnd.3gpp.SRVCC-info+xml		application	media-type	application		[Dongwook_Kim]
application/vnd.3gpp.access-transfer-events+xml	application/vnd.3gpp.access-transfer-events+xml		application	media-type	application		[Dongwook_Kim]
application/vnd.3gpp.bsf+xml	application/vnd.3gpp.bsf+xml		application	media-type	application		[Dongwook_Kim]
application/vnd.3gpp.crs+xml	application/vnd.3gpp.crs+xml		application	media-type	application		[Xu_Chen]
application/vnd.3gpp.current-location-discovery+xml	application/vnd.3gpp.current-location-discovery+xml		application	media-type	application		[Peter_Leis]
application/vnd.3gpp.gtpc	application/vnd.3gpp.gtpc		application	media-type	application		[_3GPP][Yang_Yong]
application/vnd.3gpp.interworking-data	application/vnd.3gpp.interworking-data		application	media-type	application		[Dongwook_Kim]
application/vnd.3gpp.lpp	application/vnd.3gpp.lpp		application	media-type	application		[_3GPP][Jones_Lu_Yunjie]
application/vnd.3gpp.mc-signalling-ear	application/vnd.3gpp.mc-signalling-ear		application	media-type	application		[Tim_Woodward]
application/vnd.3gpp.mcdata-affiliation-command+xml	application/vnd.3gpp.mcdata-affiliation-command+xml		application	media-type	application		[Dongwook_Kim]
application/vnd.3gpp.mcdata-info+xml	application/vnd.3gpp.mcdata-info+xml		application	media-type	application		[Dongwook_Kim]
application/vnd.3gpp.mcdata-msgstore-ctrl-request+xml	application/vnd.3gpp.mcdata-msgstore-ctrl-request+xml		application	media-type	application		[Kiran_Kapale]
application/vnd.3gpp.mcdata-payload	application/vnd.3gpp.mcdata-payload		application	media-type	application		[Dongwook_Kim]
application/vnd.3gpp.mcdata-regroup+xml	application/vnd.3gpp.mcdata-regroup+xml		application	media-type	application		[Kiran_Kapale]
application/vnd.3gpp.mcdata-service-config+xml	application/vnd.3gpp.mcdata-service-config+xml		application	media-type	application		[Dongwook_Kim]
application/vnd.3gpp.mcdata-signalling	application/vnd.3gpp.mcdata-signalling		application	media-type	application		[Dongwook_Kim]
application/vnd.3gpp.mcdata-ue-config+xml	application/vnd.3gpp.mcdata-ue-config+xml		application	media-type	application		[Dongwook_Kim]
application/vnd.3gpp.mcdata-user-profile+xml	application/vnd.3gpp.mcdata-user-profile+xml		application	media-type	application		[Dongwook_Kim]
application/vnd.3gpp.mcptt-affiliation-command+xml	application/vnd.3gpp.mcptt-affiliation-command+xml		application	media-type	application		[Dongwook_Kim]
application/vnd.3gpp.mcptt-floor-request+xml	application/vnd.3gpp.mcptt-floor-request+xml		application	media-type	application		[Dongwook_Kim]
application/vnd.3gpp.mcptt-info+xml	application/vnd.3gpp.mcptt-info+xml		application	media-type	application		[Dongwook_Kim]
application/vnd.3gpp.mcptt-location-info+xml	application/vnd.3gpp.mcptt-location-info+xml		application	media-type	application		[Dongwook_Kim]
application/vnd.3gpp.mcptt-mbms-usage-info+xml	application/vnd.3gpp.mcptt-mbms-usage-info+xml		application	media-type	application		[Dongwook_Kim]
application/vnd.3gpp.mcptt-regroup+xml	application/vnd.3gpp.mcptt-regroup+xml		application	media-type	application		[Kiran_Kapale]
application/vnd.3gpp.mcptt-service-config+xml	application/vnd.3gpp.mcptt-service-config+xml		application	media-type	application		[Dongwook_Kim]
application/vnd.3gpp.mcptt-signed+xml	application/vnd.3gpp.mcptt-signed+xml		application	media-type	application		[Dongwook_Kim]
application/vnd.3gpp.mcptt-ue-config+xml	application/vnd.3gpp.mcptt-ue-config+xml		application	media-type	application		[Dongwook_Kim]
application/vnd.3gpp.mcptt-ue-init-config+xml	application/vnd.3gpp.mcptt-ue-init-config+xml		application	media-type	application		[Dongwook_Kim]
application/vnd.3gpp.mcptt-user-profile+xml	application/vnd.3gpp.mcptt-user-profile+xml		application	media-type	application		[Dongwook_Kim]
application/vnd.3gpp.mcs-location-user-config+xml	application/vnd.3gpp.mcs-location-user-config+xml		application	media-type	application		[Dongwook_Kim]
application/vnd.3gpp.mcvideo-affiliation-command+xml	application/vnd.3gpp.mcvideo-affiliation-command+xml		application	media-type	application		[Dongwook_Kim]
application/vnd.3gpp.mcvideo-affiliation-info+xml	application/vnd.3gpp.mcvideo-affiliation-info+xml		application	media-type	application		vnd.3gpp.mcvideo-affiliation-info+xml (OBSOLETED in favor of application/vnd.3gpp.mcvideo-info+xml) | [Dongwook_Kim]
application/vnd.3gpp.mcvideo-info+xml	application/vnd.3gpp.mcvideo-info+xml		application	media-type	application		[Dongwook_Kim]
application/vnd.3gpp.mcvideo-location-info+xml	application/vnd.3gpp.mcvideo-location-info+xml		application	media-type	application		[Dongwook_Kim]
application/vnd.3gpp.mcvideo-mbms-usage-info+xml	application/vnd.3gpp.mcvideo-mbms-usage-info+xml		application	media-type	application		[Dongwook_Kim]
application/vnd.3gpp.mcvideo-regroup+xml	application/vnd.3gpp.mcvideo-regroup+xml		application	media-type	application		[Kiran_Kapale]
application/vnd.3gpp.mcvideo-service-config+xml	application/vnd.3gpp.mcvideo-service-config+xml		application	media-type	application		[Dongwook_Kim]
application/vnd.3gpp.mcvideo-transmission-request+xml	application/vnd.3gpp.mcvideo-transmission-request+xml		application	media-type	application		[Dongwook_Kim]
application/vnd.3gpp.mcvideo-ue-config+xml	application/vnd.3gpp.mcvideo-ue-config+xml		application	media-type	application		[Dongwook_Kim]
application/vnd.3gpp.mcvideo-user-profile+xml	application/vnd.3gpp.mcvideo-user-profile+xml		application	media-type	application		[Dongwook_Kim]
application/vnd.3gpp.mid-call+xml	application/vnd.3gpp.mid-call+xml		application	media-type	application		[Dongwook_Kim]
application/vnd.3gpp.ngap	application/vnd.3gpp.ngap		application	media-type	application		[_3GPP][Yang_Yong]
application/vnd.3gpp.pfcp	application/vnd.3gpp.pfcp		application	media-type	application		[_3GPP][Bruno_Landais]
application/vnd.3gpp.pic-bw-large	application/vnd.3gpp.pic-bw-large		application	media-type	application		[Dongwook_Kim]
application/vnd.3gpp.pic-bw-small	application/vnd.3gpp.pic-bw-small		application	media-type	application		[Dongwook_Kim]
application/vnd.3gpp.pic-bw-var	application/vnd.3gpp.pic-bw-var		application	media-type	application		[Dongwook_Kim]
application/vnd.3gpp.pinapp-info+xml	application/vnd.3gpp.pinapp-info+xml		application	media-type	application		[_3GPP_CT1][Dongwook_Kim]
application/vnd.3gpp.s1ap	application/vnd.3gpp.s1ap		application	media-type	application		[_3GPP][Yang_Yong]
application/vnd.3gpp.seal-app-comm-requirements-info+xml	application/vnd.3gpp.seal-app-comm-requirements-info+xml		application	media-type	application		[_3GPP]
application/vnd.3gpp.seal-data-delivery-info+cbor	application/vnd.3gpp.seal-data-delivery-info+cbor		application	media-type	application		[_3GPP]
application/vnd.3gpp.seal-data-delivery-info+xml	application/vnd.3gpp.seal-data-delivery-info+xml		application	media-type	application		[_3GPP]
application/vnd.3gpp.seal-group-doc+xml	application/vnd.3gpp.seal-group-doc+xml		application	media-type	application		[Sapan_Shah]
application/vnd.3gpp.seal-info+xml	application/vnd.3gpp.seal-info+xml		application	media-type	application		[_3GPP][Christian_Herrero-Veron]
application/vnd.3gpp.seal-location-info+cbor	application/vnd.3gpp.seal-location-info+cbor		application	media-type	application		[_3GPP]
application/vnd.3gpp.seal-location-info+xml	application/vnd.3gpp.seal-location-info+xml		application	media-type	application		[_3GPP][Christian_Herrero-Veron]
application/vnd.3gpp.seal-mbms-usage-info+xml	application/vnd.3gpp.seal-mbms-usage-info+xml		application	media-type	application		[_3GPP][Christian_Herrero-Veron]
application/vnd.3gpp.seal-mbs-usage-info+xml	application/vnd.3gpp.seal-mbs-usage-info+xml		application	media-type	application		[_3GPP]
application/vnd.3gpp.seal-network-QoS-management-info+xml	application/vnd.3gpp.seal-network-QoS-management-info+xml		application	media-type	application		[_3GPP][Christian_Herrero-Veron]
application/vnd.3gpp.seal-network-resource-info+cbor	application/vnd.3gpp.seal-network-resource-info+cbor		application	media-type	application		[_3GPP]
application/vnd.3gpp.seal-store-forward-events-info+xml	application/vnd.3gpp.seal-store-forward-events-info+xml		application	media-type	application		[_3GPP]
application/vnd.3gpp.seal-ue-config-info+xml	application/vnd.3gpp.seal-ue-config-info+xml		application	media-type	application		[Sapan_Shah]
application/vnd.3gpp.seal-unicast-info+xml	application/vnd.3gpp.seal-unicast-info+xml		application	media-type	application		[_3GPP][Christian_Herrero-Veron]
application/vnd.3gpp.seal-user-profile-info+xml	application/vnd.3gpp.seal-user-profile-info+xml		application	media-type	application		[Sapan_Shah]
application/vnd.3gpp.sms	application/vnd.3gpp.sms		application	media-type	application		[Dongwook_Kim]
application/vnd.3gpp.sms+xml	application/vnd.3gpp.sms+xml		application	media-type	application		[Dongwook_Kim]
application/vnd.3gpp.srvcc-ext+xml	application/vnd.3gpp.srvcc-ext+xml		application	media-type	application		[Dongwook_Kim]
application/vnd.3gpp.state-and-event-info+xml	application/vnd.3gpp.state-and-event-info+xml		application	media-type	application		[Dongwook_Kim]
application/vnd.3gpp.ussd+xml	application/vnd.3gpp.ussd+xml		application	media-type	application		[Dongwook_Kim]
application/vnd.3gpp.v2x	application/vnd.3gpp.v2x		application	media-type	application		[Sang_Min_Park]
application/vnd.3gpp.vae-info+xml	application/vnd.3gpp.vae-info+xml		application	media-type	application		[_3GPP][Christian_Herrero-Veron]
application/vnd.3gpp2.bcmcsinfo+xml	application/vnd.3gpp2.bcmcsinfo+xml		application	media-type	application		[AC_Mahendran]
application/vnd.3gpp2.sms	application/vnd.3gpp2.sms		application	media-type	application		[AC_Mahendran]
application/vnd.3gpp2.tcap	application/vnd.3gpp2.tcap		application	media-type	application		[AC_Mahendran]
application/vnd.3lightssoftware.imagescal	application/vnd.3lightssoftware.imagescal		application	media-type	application		[Gus_Asadi]
application/vnd.FloGraphIt	application/vnd.FloGraphIt		application	media-type	application		[Dick_Floersch]
application/vnd.HandHeld-Entertainment+xml	application/vnd.HandHeld-Entertainment+xml		application	media-type	application		[Eric_Hamilton]
application/vnd.Kinar	application/vnd.Kinar		application	media-type	application		[Hemant_Thakkar]
application/vnd.MFER	application/vnd.MFER		application	media-type	application		[Masaaki_Hirai]
application/vnd.Mobius.DAF	application/vnd.Mobius.DAF		application	media-type	application		[Allen_K._Kabayama]
application/vnd.Mobius.DIS	application/vnd.Mobius.DIS		application	media-type	application		[Allen_K._Kabayama]
application/vnd.Mobius.MBK	application/vnd.Mobius.MBK		application	media-type	application		[Alex_Devasia]
application/vnd.Mobius.MQY	application/vnd.Mobius.MQY		application	media-type	application		[Alex_Devasia]
application/vnd.Mobius.MSL	application/vnd.Mobius.MSL		application	media-type	application		[Allen_K._Kabayama]
application/vnd.Mobius.PLC	application/vnd.Mobius.PLC		application	media-type	application		[Allen_K._Kabayama]
application/vnd.Mobius.TXF	application/vnd.Mobius.TXF		application	media-type	application		[Allen_K._Kabayama]
application/vnd.Quark.QuarkXPress	application/vnd.Quark.QuarkXPress		application	media-type	application		[Hannes_Scheidler]
application/vnd.R74n.sandboxels+json	application/vnd.R74n.sandboxels+json		application	media-type	application		[R74n]
application/vnd.RenLearn.rlprint	application/vnd.RenLearn.rlprint		application	media-type	application		[James_Wick]
application/vnd.SimTech-MindMapper	application/vnd.SimTech-MindMapper		application	media-type	application		[Patrick_Koh]
application/vnd.abdalsecuritygroup.lockbox	application/vnd.abdalsecuritygroup.lockbox		application	media-type	application		[Ebrahim_Shafiei]
application/vnd.accpac.simply.aso	application/vnd.accpac.simply.aso		application	media-type	application		[Steve_Leow]
application/vnd.accpac.simply.imp	application/vnd.accpac.simply.imp		application	media-type	application		[Steve_Leow]
application/vnd.acm.addressxfer+json	application/vnd.acm.addressxfer+json		application	media-type	application		[Sridhar_Ramakrishnan]
application/vnd.acm.chatbot+json	application/vnd.acm.chatbot+json		application	media-type	application		[Sridhar_Ramakrishnan]
application/vnd.acucobol	application/vnd.acucobol		application	media-type	application		[Dovid_Lubin]
application/vnd.acucorp	application/vnd.acucorp		application	media-type	application		[Dovid_Lubin]
application/vnd.adobe.flash.movie	application/vnd.adobe.flash.movie		application	media-type	application		[Henrik_Andersson]
application/vnd.adobe.formscentral.fcdt	application/vnd.adobe.formscentral.fcdt		application	media-type	application		[Chris_Solc]
application/vnd.adobe.fxp	application/vnd.adobe.fxp		application	media-type	application		[Steven_Heintz]
application/vnd.adobe.partial-upload	application/vnd.adobe.partial-upload		application	media-type	application		[Tapani_Otala]
application/vnd.adobe.xdp+xml	application/vnd.adobe.xdp+xml		application	media-type	application		[John_Brinkman]
application/vnd.aep+zip	application/vnd.aep+zip		application	media-type	application		[Anton_Sokolov]
application/vnd.aether.imp	application/vnd.aether.imp		application	media-type	application		[Jay_Moskowitz]
application/vnd.afpc.afplinedata	application/vnd.afpc.afplinedata		application	media-type	application		[Jörg_Palmer]
application/vnd.afpc.afplinedata-pagedef	application/vnd.afpc.afplinedata-pagedef		application	media-type	application		[Jörg_Palmer]
application/vnd.afpc.cmoca-cmresource	application/vnd.afpc.cmoca-cmresource		application	media-type	application		[Jörg_Palmer]
application/vnd.afpc.foca-charset	application/vnd.afpc.foca-charset		application	media-type	application		[Jörg_Palmer]
application/vnd.afpc.foca-codedfont	application/vnd.afpc.foca-codedfont		application	media-type	application		[Jörg_Palmer]
application/vnd.afpc.foca-codepage	application/vnd.afpc.foca-codepage		application	media-type	application		[Jörg_Palmer]
application/vnd.afpc.modca	application/vnd.afpc.modca		application	media-type	application		[Jörg_Palmer]
application/vnd.afpc.modca-cmtable	application/vnd.afpc.modca-cmtable		application	media-type	application		[Jörg_Palmer]
application/vnd.afpc.modca-formdef	application/vnd.afpc.modca-formdef		application	media-type	application		[Jörg_Palmer]
application/vnd.afpc.modca-mediummap	application/vnd.afpc.modca-mediummap		application	media-type	application		[Jörg_Palmer]
application/vnd.afpc.modca-objectcontainer	application/vnd.afpc.modca-objectcontainer		application	media-type	application		[Jörg_Palmer]
application/vnd.afpc.modca-overlay	application/vnd.afpc.modca-overlay		application	media-type	application		[Jörg_Palmer]
application/vnd.afpc.modca-pagesegment	application/vnd.afpc.modca-pagesegment		application	media-type	application		[Jörg_Palmer]
application/vnd.age	application/vnd.age		application	media-type	application		[Filippo_Valsorda]
application/vnd.agentmug.agent+json	application/vnd.agentmug.agent+json		application	media-type	application		[Abdullah_Jamal_Aldahshan]
application/vnd.agtp.identity+json	application/vnd.agtp.identity+json		application	media-type	application		[Chris_Hood]
application/vnd.agtp.identity+yaml	application/vnd.agtp.identity+yaml		application	media-type	application		[Chris_Hood]
application/vnd.ah-barcode	application/vnd.ah-barcode		application	media-type	application		[Katsuhiko_Ichinose]
application/vnd.ahead.space	application/vnd.ahead.space		application	media-type	application		[Tor_Kristensen]
application/vnd.aia	application/vnd.aia		application	media-type	application		[Alan_Johnson]
application/vnd.airzip.filesecure.azf	application/vnd.airzip.filesecure.azf		application	media-type	application		[Daniel_Mould][Gary_Clueit]
application/vnd.airzip.filesecure.azs	application/vnd.airzip.filesecure.azs		application	media-type	application		[Daniel_Mould][Gary_Clueit]
application/vnd.amadeus+json	application/vnd.amadeus+json		application	media-type	application		[Patrick_Brosse]
application/vnd.amazon.mobi8-ebook	application/vnd.amazon.mobi8-ebook		application	media-type	application		[Kim_Scarborough]
application/vnd.americandynamics.acc	application/vnd.americandynamics.acc		application	media-type	application		[Gary_Sands]
application/vnd.amiga.ami	application/vnd.amiga.ami		application	media-type	application		[Kevin_Blumberg]
application/vnd.amundsen.maze+xml	application/vnd.amundsen.maze+xml		application	media-type	application		[Mike_Amundsen]
application/vnd.android.ota	application/vnd.android.ota		application	media-type	application		[Greg_Kaiser]
application/vnd.anki	application/vnd.anki		application	media-type	application		[Kerrick_Staley]
application/vnd.anser-web-certificate-issue-initiation	application/vnd.anser-web-certificate-issue-initiation		application	media-type	application		[Hiroyoshi_Mori]
application/vnd.antix.game-component	application/vnd.antix.game-component		application	media-type	application		[Daniel_Shelton]
application/vnd.apache.arrow.file	application/vnd.apache.arrow.file		application	media-type	application		[Apache_Arrow_Project]
application/vnd.apache.arrow.stream	application/vnd.apache.arrow.stream		application	media-type	application		[Apache_Arrow_Project]
application/vnd.apache.parquet	application/vnd.apache.parquet		application	media-type	application		[Apache_Parquet_Project]
application/vnd.apache.thrift.binary	application/vnd.apache.thrift.binary		application	media-type	application		[Roger_Meier]
application/vnd.apache.thrift.compact	application/vnd.apache.thrift.compact		application	media-type	application		[Roger_Meier]
application/vnd.apache.thrift.json	application/vnd.apache.thrift.json		application	media-type	application		[Roger_Meier]
application/vnd.apexlang	application/vnd.apexlang		application	media-type	application		[Fawad_Shaikh]
application/vnd.api+json	application/vnd.api+json		application	media-type	application		[Steve_Klabnik]
application/vnd.aplextor.warrp+json	application/vnd.aplextor.warrp+json		application	media-type	application		[Oleg_Uryutin]
application/vnd.apothekende.reservation+json	application/vnd.apothekende.reservation+json		application	media-type	application		[Adrian_Föder]
application/vnd.apple.installer+xml	application/vnd.apple.installer+xml		application	media-type	application		[Peter_Bierman]
application/vnd.apple.keynote	application/vnd.apple.keynote		application	media-type	application		[Manichandra_Sajjanapu]
application/vnd.apple.mpegurl	application/vnd.apple.mpegurl		application	media-type	application		[RFC-pantos-hls-rfc8216bis-22]
application/vnd.apple.numbers	application/vnd.apple.numbers		application	media-type	application		[Manichandra_Sajjanapu]
application/vnd.apple.pages	application/vnd.apple.pages		application	media-type	application		[Manichandra_Sajjanapu]
application/vnd.apple.steering-list	application/vnd.apple.steering-list		application	media-type	application		[RFC-pantos-content-steering-05]
application/vnd.arastra.swi	application/vnd.arastra.swi		application	media-type	application		vnd.arastra.swi (OBSOLETED in favor of application/vnd.aristanetworks.swi) | [Bill_Fenner]
application/vnd.aristanetworks.swi	application/vnd.aristanetworks.swi		application	media-type	application		[Bill_Fenner]
application/vnd.artisan+json	application/vnd.artisan+json		application	media-type	application		[Brad_Turner]
application/vnd.artsquare	application/vnd.artsquare		application	media-type	application		[Christopher_Smith]
application/vnd.as207960.vas.config+jer	application/vnd.as207960.vas.config+jer		application	media-type	application		[AS207960_Cyfyngedig]
application/vnd.as207960.vas.config+uper	application/vnd.as207960.vas.config+uper		application	media-type	application		[AS207960_Cyfyngedig]
application/vnd.as207960.vas.tap+jer	application/vnd.as207960.vas.tap+jer		application	media-type	application		[AS207960_Cyfyngedig]
application/vnd.as207960.vas.tap+uper	application/vnd.as207960.vas.tap+uper		application	media-type	application		[AS207960_Cyfyngedig]
application/vnd.astraea-software.iota	application/vnd.astraea-software.iota		application	media-type	application		[Christopher_Snazell]
application/vnd.audiograph	application/vnd.audiograph		application	media-type	application		[Horia_Cristian_Slusanschi]
application/vnd.aumtrix.aum	application/vnd.aumtrix.aum		application	media-type	application		[Gaurav_Gupta]
application/vnd.autopackage	application/vnd.autopackage		application	media-type	application		[Mike_Hearn]
application/vnd.avalon+json	application/vnd.avalon+json		application	media-type	application		[Ben_Hinman]
application/vnd.avistar+xml	application/vnd.avistar+xml		application	media-type	application		[Vladimir_Vysotsky]
application/vnd.balsamiq.bmml+xml	application/vnd.balsamiq.bmml+xml		application	media-type	application		[Giacomo_Guilizzoni]
application/vnd.balsamiq.bmpr	application/vnd.balsamiq.bmpr		application	media-type	application		[Giacomo_Guilizzoni]
application/vnd.banana-accounting	application/vnd.banana-accounting		application	media-type	application		[José_Del_Romano]
application/vnd.bbf.usp.error	application/vnd.bbf.usp.error		application	media-type	application		[Broadband_Forum]
application/vnd.bbf.usp.msg	application/vnd.bbf.usp.msg		application	media-type	application		[Broadband_Forum]
application/vnd.bbf.usp.msg+json	application/vnd.bbf.usp.msg+json		application	media-type	application		[Broadband_Forum]
application/vnd.bekitzur-stech+json	application/vnd.bekitzur-stech+json		application	media-type	application		[Jegulsky]
application/vnd.belightsoft.lhzd+zip	application/vnd.belightsoft.lhzd+zip		application	media-type	application		[Dmytro_Yunchyk]
application/vnd.belightsoft.lhzl+zip	application/vnd.belightsoft.lhzl+zip		application	media-type	application		[Dmytro_Yunchyk]
application/vnd.bint.med-content	application/vnd.bint.med-content		application	media-type	application		[Heinz-Peter_Schütz]
application/vnd.biopax.rdf+xml	application/vnd.biopax.rdf+xml		application	media-type	application		[Pathway_Commons]
application/vnd.blink-idb-value-wrapper	application/vnd.blink-idb-value-wrapper		application	media-type	application		[Victor_Costan]
application/vnd.blockfact.facts	application/vnd.blockfact.facts		application	media-type	application		[Egbert_von_Frankenberg]
application/vnd.blueice.multipass	application/vnd.blueice.multipass		application	media-type	application		[Thomas_Holmstrom]
application/vnd.bluetooth.ep.oob	application/vnd.bluetooth.ep.oob		application	media-type	application		[Mike_Foley]
application/vnd.bluetooth.le.oob	application/vnd.bluetooth.le.oob		application	media-type	application		[Mark_Powell]
application/vnd.bmi	application/vnd.bmi		application	media-type	application		[Tadashi_Gotoh]
application/vnd.bpf	application/vnd.bpf		application	media-type	application		[NCGIS][Bryan_Blank]
application/vnd.bpf3	application/vnd.bpf3		application	media-type	application		[NCGIS][Bryan_Blank]
application/vnd.businessobjects	application/vnd.businessobjects		application	media-type	application		[Philippe_Imoucha]
application/vnd.byu.uapi+json	application/vnd.byu.uapi+json		application	media-type	application		[Brent_Moore]
application/vnd.bzip3	application/vnd.bzip3		application	media-type	application		[Kamila_Szewczyk]
application/vnd.c3voc.schedule+xml	application/vnd.c3voc.schedule+xml		application	media-type	application		[Andreas_Hubel]
application/vnd.cab-jscript	application/vnd.cab-jscript		application	media-type	application		[Joerg_Falkenberg]
application/vnd.canon-cpdl	application/vnd.canon-cpdl		application	media-type	application		[Shin_Muto]
application/vnd.canon-lips	application/vnd.canon-lips		application	media-type	application		[Shin_Muto]
application/vnd.capasystems-pg+json	application/vnd.capasystems-pg+json		application	media-type	application		[Yüksel_Aydemir]
application/vnd.cel	application/vnd.cel		application	media-type	application		[Tristan_Swadell]
application/vnd.cendio.thinlinc.clientconf	application/vnd.cendio.thinlinc.clientconf		application	media-type	application		[Peter_Astrand]
application/vnd.century-systems.tcp_stream	application/vnd.century-systems.tcp_stream		application	media-type	application		[Shuji_Fujii]
application/vnd.chemdraw+xml	application/vnd.chemdraw+xml		application	media-type	application		[Glenn_Howes]
application/vnd.chess-pgn	application/vnd.chess-pgn		application	media-type	application		[Kim_Scarborough]
application/vnd.chipnuts.karaoke-mmd	application/vnd.chipnuts.karaoke-mmd		application	media-type	application		[Chunyun_Xiong]
application/vnd.ciedi	application/vnd.ciedi		application	media-type	application		[Hidekazu_Enjo]
application/vnd.cinderella	application/vnd.cinderella		application	media-type	application		[Ulrich_Kortenkamp]
application/vnd.cirpack.isdn-ext	application/vnd.cirpack.isdn-ext		application	media-type	application		[Pascal_Mayeux]
application/vnd.citationstyles.style+xml	application/vnd.citationstyles.style+xml		application	media-type	application		[Rintze_M._Zelle]
application/vnd.claymore	application/vnd.claymore		application	media-type	application		[Ray_Simpson]
application/vnd.cloanto.rp9	application/vnd.cloanto.rp9		application	media-type	application		[Mike_Labatt]
application/vnd.clonk.c4group	application/vnd.clonk.c4group		application	media-type	application		[Guenther_Brammer]
application/vnd.cluetrust.cartomobile-config	application/vnd.cluetrust.cartomobile-config		application	media-type	application		[Gaige_Paulsen]
application/vnd.cluetrust.cartomobile-config-pkg	application/vnd.cluetrust.cartomobile-config-pkg		application	media-type	application		[Gaige_Paulsen]
application/vnd.cmmf-configuration-information+json	application/vnd.cmmf-configuration-information+json		application	media-type	application		[Jason_Cloud]
application/vnd.cmmf-efd+xml	application/vnd.cmmf-efd+xml		application	media-type	application		[Jason_Cloud]
application/vnd.cmmf-encoder-configuration+json	application/vnd.cmmf-encoder-configuration+json		application	media-type	application		[Jason_Cloud]
application/vnd.cncf.helm.chart.content.v1.tar+gzip	application/vnd.cncf.helm.chart.content.v1.tar+gzip		application	media-type	application		[Andrew_Block]
application/vnd.cncf.helm.chart.provenance.v1.prov	application/vnd.cncf.helm.chart.provenance.v1.prov		application	media-type	application		[Andrew_Block]
application/vnd.cncf.helm.config.v1+json	application/vnd.cncf.helm.config.v1+json		application	media-type	application		[Andrew_Block]
application/vnd.coffeescript	application/vnd.coffeescript		application	media-type	application		[Devyn_Collier_Johnson]
application/vnd.collabio.xodocuments.document	application/vnd.collabio.xodocuments.document		application	media-type	application		[Alexey_Meandrov]
application/vnd.collabio.xodocuments.document-template	application/vnd.collabio.xodocuments.document-template		application	media-type	application		[Alexey_Meandrov]
application/vnd.collabio.xodocuments.presentation	application/vnd.collabio.xodocuments.presentation		application	media-type	application		[Alexey_Meandrov]
application/vnd.collabio.xodocuments.presentation-template	application/vnd.collabio.xodocuments.presentation-template		application	media-type	application		[Alexey_Meandrov]
application/vnd.collabio.xodocuments.spreadsheet	application/vnd.collabio.xodocuments.spreadsheet		application	media-type	application		[Alexey_Meandrov]
application/vnd.collabio.xodocuments.spreadsheet-template	application/vnd.collabio.xodocuments.spreadsheet-template		application	media-type	application		[Alexey_Meandrov]
application/vnd.collection+json	application/vnd.collection+json		application	media-type	application		[Mike_Amundsen]
application/vnd.collection.doc+json	application/vnd.collection.doc+json		application	media-type	application		[Irakli_Nadareishvili]
application/vnd.collection.next+json	application/vnd.collection.next+json		application	media-type	application		[Ioseb_Dzmanashvili]
application/vnd.comicbook+zip	application/vnd.comicbook+zip		application	media-type	application		[Kim_Scarborough]
application/vnd.comicbook-rar	application/vnd.comicbook-rar		application	media-type	application		[Kim_Scarborough]
application/vnd.commerce-battelle	application/vnd.commerce-battelle		application	media-type	application		[David_Applebaum]
application/vnd.commonspace	application/vnd.commonspace		application	media-type	application		[Ravinder_Chandhok]
application/vnd.contact.cmsg	application/vnd.contact.cmsg		application	media-type	application		[Frank_Patz]
application/vnd.coreos.ignition+json	application/vnd.coreos.ignition+json		application	media-type	application		[Alex_Crawford]
application/vnd.cosmocaller	application/vnd.cosmocaller		application	media-type	application		[Steve_Dellutri]
application/vnd.crick.clicker	application/vnd.crick.clicker		application	media-type	application		[Andrew_Burt]
application/vnd.crick.clicker.keyboard	application/vnd.crick.clicker.keyboard		application	media-type	application		[Andrew_Burt]
application/vnd.crick.clicker.palette	application/vnd.crick.clicker.palette		application	media-type	application		[Andrew_Burt]
application/vnd.crick.clicker.template	application/vnd.crick.clicker.template		application	media-type	application		[Andrew_Burt]
application/vnd.crick.clicker.wordbank	application/vnd.crick.clicker.wordbank		application	media-type	application		[Andrew_Burt]
application/vnd.criticaltools.wbs+xml	application/vnd.criticaltools.wbs+xml		application	media-type	application		[Jim_Spiller]
application/vnd.cryptii.pipe+json	application/vnd.cryptii.pipe+json		application	media-type	application		[Fränz_Friederes]
application/vnd.crypto-shade-file	application/vnd.crypto-shade-file		application	media-type	application		[Connor_Horman]
application/vnd.cryptomator.encrypted	application/vnd.cryptomator.encrypted		application	media-type	application		[Sebastian_Stenzel]
application/vnd.cryptomator.vault	application/vnd.cryptomator.vault		application	media-type	application		[Sebastian_Stenzel]
application/vnd.ctc-posml	application/vnd.ctc-posml		application	media-type	application		[Bayard_Kohlhepp]
application/vnd.ctct.ws+xml	application/vnd.ctct.ws+xml		application	media-type	application		[Jim_Ancona]
application/vnd.cups-pdf	application/vnd.cups-pdf		application	media-type	application		[Michael_Sweet]
application/vnd.cups-postscript	application/vnd.cups-postscript		application	media-type	application		[Michael_Sweet]
application/vnd.cups-ppd	application/vnd.cups-ppd		application	media-type	application		[Michael_Sweet]
application/vnd.cups-raster	application/vnd.cups-raster		application	media-type	application		[Michael_Sweet]
application/vnd.cups-raw	application/vnd.cups-raw		application	media-type	application		[Michael_Sweet]
application/vnd.curl	application/vnd.curl		application	media-type	application		[Robert_Byrnes]
application/vnd.cxtf	application/vnd.cxtf		application	media-type	application		[Stefan_Gies]
application/vnd.cxzip	application/vnd.cxzip		application	media-type	application		[Stefan_Gies]
application/vnd.cyan.dean.root+xml	application/vnd.cyan.dean.root+xml		application	media-type	application		[Matt_Kern]
application/vnd.cybank	application/vnd.cybank		application	media-type	application		[Nor_Helmee]
application/vnd.cyclonedx+json	application/vnd.cyclonedx+json		application	media-type	application		[Patrick_Dwyer]
application/vnd.cyclonedx+xml	application/vnd.cyclonedx+xml		application	media-type	application		[Patrick_Dwyer]
application/vnd.d2l.coursepackage1p0+zip	application/vnd.d2l.coursepackage1p0+zip		application	media-type	application		[Viktor_Haag]
application/vnd.d3m-dataset	application/vnd.d3m-dataset		application	media-type	application		[Mi_Tar]
application/vnd.d3m-problem	application/vnd.d3m-problem		application	media-type	application		[Mi_Tar]
application/vnd.dart	application/vnd.dart		application	media-type	application		[Anders_Sandholm]
application/vnd.data-vision.rdz	application/vnd.data-vision.rdz		application	media-type	application		[James_Fields]
application/vnd.datalog	application/vnd.datalog		application	media-type	application		[Simon_Johnston]
application/vnd.datapackage+json	application/vnd.datapackage+json		application	media-type	application		[Paul_Walsh]
application/vnd.dataresource+json	application/vnd.dataresource+json		application	media-type	application		[Paul_Walsh]
application/vnd.dbf	application/vnd.dbf		application	media-type	application		[Mi_Tar]
application/vnd.dcmp+xml	application/vnd.dcmp+xml		application	media-type	application		[Jan_Boström]
application/vnd.debian.binary-package	application/vnd.debian.binary-package		application	media-type	application		[Debian_Policy_mailing_list]
application/vnd.dece.data	application/vnd.dece.data		application	media-type	application		[Michael_A_Dolan]
application/vnd.dece.ttml+xml	application/vnd.dece.ttml+xml		application	media-type	application		[Michael_A_Dolan]
application/vnd.dece.unspecified	application/vnd.dece.unspecified		application	media-type	application		[Michael_A_Dolan]
application/vnd.dece.zip	application/vnd.dece.zip		application	media-type	application		[Michael_A_Dolan]
application/vnd.deckyard.deck	application/vnd.deckyard.deck		application	media-type	application		[Jaap_Stronks]
application/vnd.denovo.fcselayout-link	application/vnd.denovo.fcselayout-link		application	media-type	application		[Michael_Dixon]
application/vnd.desmume.movie	application/vnd.desmume.movie		application	media-type	application		[Henrik_Andersson]
application/vnd.deut+json	application/vnd.deut+json		application	media-type	application		[Deut.li]
application/vnd.dgl	application/vnd.dgl		application	media-type	application		[Yusuf_Vızvız]
application/vnd.digitalstack.document+zip	application/vnd.digitalstack.document+zip		application	media-type	application		[Edwin_Spradley]
application/vnd.dir-bi.plate-dl-nosuffix	application/vnd.dir-bi.plate-dl-nosuffix		application	media-type	application		[Yamanaka]
application/vnd.dm.delegation+xml	application/vnd.dm.delegation+xml		application	media-type	application		[Axel_Ferrazzini]
application/vnd.dna	application/vnd.dna		application	media-type	application		[Meredith_Searcy]
application/vnd.document+json	application/vnd.document+json		application	media-type	application		[Tom_Christie]
application/vnd.dolby.mobile.1	application/vnd.dolby.mobile.1		application	media-type	application		[Steve_Hattersley]
application/vnd.dolby.mobile.2	application/vnd.dolby.mobile.2		application	media-type	application		[Steve_Hattersley]
application/vnd.doremir.scorecloud-binary-document	application/vnd.doremir.scorecloud-binary-document		application	media-type	application		[Erik_Ronström]
application/vnd.dpgraph	application/vnd.dpgraph		application	media-type	application		[David_Parker]
application/vnd.dreamfactory	application/vnd.dreamfactory		application	media-type	application		[William_C._Appleton]
application/vnd.drive+json	application/vnd.drive+json		application	media-type	application		[Keith_Kester]
application/vnd.dtg.local	application/vnd.dtg.local		application	media-type	application		[Ali_Teffahi]
application/vnd.dtg.local.flash	application/vnd.dtg.local.flash		application	media-type	application		[Ali_Teffahi]
application/vnd.dtg.local.html	application/vnd.dtg.local.html		application	media-type	application		[Ali_Teffahi]
application/vnd.dvb.ait	application/vnd.dvb.ait		application	media-type	application		[Peter_Siebert][Michael_Lagally]
application/vnd.dvb.dash-playlist+xml	application/vnd.dvb.dash-playlist+xml		application	media-type	application		[Emily_DUBS]
application/vnd.dvb.dvbisl+xml	application/vnd.dvb.dvbisl+xml		application	media-type	application		[Emily_DUBS]
application/vnd.dvb.dvbj	application/vnd.dvb.dvbj		application	media-type	application		[Peter_Siebert][Michael_Lagally]
application/vnd.dvb.esgcontainer	application/vnd.dvb.esgcontainer		application	media-type	application		[Joerg_Heuer]
application/vnd.dvb.ipdcdftnotifaccess	application/vnd.dvb.ipdcdftnotifaccess		application	media-type	application		[Roy_Yue]
application/vnd.dvb.ipdcesgaccess	application/vnd.dvb.ipdcesgaccess		application	media-type	application		[Joerg_Heuer]
application/vnd.dvb.ipdcesgaccess2	application/vnd.dvb.ipdcesgaccess2		application	media-type	application		[Jerome_Marcon]
application/vnd.dvb.ipdcesgpdd	application/vnd.dvb.ipdcesgpdd		application	media-type	application		[Jerome_Marcon]
application/vnd.dvb.ipdcroaming	application/vnd.dvb.ipdcroaming		application	media-type	application		[Yiling_Xu]
application/vnd.dvb.iptv.alfec-base	application/vnd.dvb.iptv.alfec-base		application	media-type	application		[Jean-Baptiste_Henry]
application/vnd.dvb.iptv.alfec-enhancement	application/vnd.dvb.iptv.alfec-enhancement		application	media-type	application		[Jean-Baptiste_Henry]
application/vnd.dvb.notif-aggregate-root+xml	application/vnd.dvb.notif-aggregate-root+xml		application	media-type	application		[Roy_Yue]
application/vnd.dvb.notif-container+xml	application/vnd.dvb.notif-container+xml		application	media-type	application		[Roy_Yue]
application/vnd.dvb.notif-generic+xml	application/vnd.dvb.notif-generic+xml		application	media-type	application		[Roy_Yue]
application/vnd.dvb.notif-ia-msglist+xml	application/vnd.dvb.notif-ia-msglist+xml		application	media-type	application		[Roy_Yue]
application/vnd.dvb.notif-ia-registration-request+xml	application/vnd.dvb.notif-ia-registration-request+xml		application	media-type	application		[Roy_Yue]
application/vnd.dvb.notif-ia-registration-response+xml	application/vnd.dvb.notif-ia-registration-response+xml		application	media-type	application		[Roy_Yue]
application/vnd.dvb.notif-init+xml	application/vnd.dvb.notif-init+xml		application	media-type	application		[Roy_Yue]
application/vnd.dvb.pfr	application/vnd.dvb.pfr		application	media-type	application		[Peter_Siebert][Michael_Lagally]
application/vnd.dvb.service	application/vnd.dvb.service		application	media-type	application		[Peter_Siebert][Michael_Lagally]
application/vnd.dxr	application/vnd.dxr		application	media-type	application		[Michael_Duffy]
application/vnd.dynageo	application/vnd.dynageo		application	media-type	application		[Roland_Mechling]
application/vnd.dzr	application/vnd.dzr		application	media-type	application		[Carl_Anderson]
application/vnd.easykaraoke.cdgdownload	application/vnd.easykaraoke.cdgdownload		application	media-type	application		[Iain_Downs]
application/vnd.ecdis-update	application/vnd.ecdis-update		application	media-type	application		[Gert_Buettgenbach]
application/vnd.ecip.rlp	application/vnd.ecip.rlp		application	media-type	application		[Wei_Tang]
application/vnd.eclipse.ditto+json	application/vnd.eclipse.ditto+json		application	media-type	application		[Eclipse_Ditto_developers]
application/vnd.ecowin.chart	application/vnd.ecowin.chart		application	media-type	application		[Thomas_Olsson]
application/vnd.ecowin.filerequest	application/vnd.ecowin.filerequest		application	media-type	application		[Thomas_Olsson]
application/vnd.ecowin.fileupdate	application/vnd.ecowin.fileupdate		application	media-type	application		[Thomas_Olsson]
application/vnd.ecowin.series	application/vnd.ecowin.series		application	media-type	application		[Thomas_Olsson]
application/vnd.ecowin.seriesrequest	application/vnd.ecowin.seriesrequest		application	media-type	application		[Thomas_Olsson]
application/vnd.ecowin.seriesupdate	application/vnd.ecowin.seriesupdate		application	media-type	application		[Thomas_Olsson]
application/vnd.edulith.edux+json	application/vnd.edulith.edux+json		application	media-type	application		[Heike_Håland_Østensen]
application/vnd.efi.img	application/vnd.efi.img		application	media-type	application		[UEFI_Forum][Fu_Siyuan]
application/vnd.efi.iso	application/vnd.efi.iso		application	media-type	application		[UEFI_Forum][Fu_Siyuan]
application/vnd.eln+zip	application/vnd.eln+zip		application	media-type	application		[Nicolas_CARPI]
application/vnd.emclient.accessrequest+xml	application/vnd.emclient.accessrequest+xml		application	media-type	application		[Filip_Navara]
application/vnd.enliven	application/vnd.enliven		application	media-type	application		[Paul_Santinelli_Jr.]
application/vnd.enphase.envoy	application/vnd.enphase.envoy		application	media-type	application		[Chris_Eich]
application/vnd.eprints.data+xml	application/vnd.eprints.data+xml		application	media-type	application		[Tim_Brody]
application/vnd.epson.esf	application/vnd.epson.esf		application	media-type	application		[Shoji_Hoshina]
application/vnd.epson.msf	application/vnd.epson.msf		application	media-type	application		[Shoji_Hoshina]
application/vnd.epson.quickanime	application/vnd.epson.quickanime		application	media-type	application		[Yu_Gu]
application/vnd.epson.salt	application/vnd.epson.salt		application	media-type	application		[Yasuhito_Nagatomo]
application/vnd.epson.ssf	application/vnd.epson.ssf		application	media-type	application		[Shoji_Hoshina]
application/vnd.ericsson.quickcall	application/vnd.ericsson.quickcall		application	media-type	application		[Paul_Tidwell]
application/vnd.erofs	application/vnd.erofs		application	media-type	application		[Xiang_Gao]
application/vnd.espass-espass+zip	application/vnd.espass-espass+zip		application	media-type	application		[Marcus_Ligi_Büschleb]
application/vnd.eszigno3+xml	application/vnd.eszigno3+xml		application	media-type	application		[Szilveszter_Tóth]
application/vnd.etsi.aoc+xml	application/vnd.etsi.aoc+xml		application	media-type	application		[Shicheng_Hu]
application/vnd.etsi.asic-e+zip	application/vnd.etsi.asic-e+zip		application	media-type	application		[Miguel_Angel_Reina_Ortega]
application/vnd.etsi.asic-s+zip	application/vnd.etsi.asic-s+zip		application	media-type	application		[Miguel_Angel_Reina_Ortega]
application/vnd.etsi.cug+xml	application/vnd.etsi.cug+xml		application	media-type	application		[Shicheng_Hu]
application/vnd.etsi.iptvcommand+xml	application/vnd.etsi.iptvcommand+xml		application	media-type	application		[Shicheng_Hu]
application/vnd.etsi.iptvdiscovery+xml	application/vnd.etsi.iptvdiscovery+xml		application	media-type	application		[Shicheng_Hu]
application/vnd.etsi.iptvprofile+xml	application/vnd.etsi.iptvprofile+xml		application	media-type	application		[Shicheng_Hu]
application/vnd.etsi.iptvsad-bc+xml	application/vnd.etsi.iptvsad-bc+xml		application	media-type	application		[Shicheng_Hu]
application/vnd.etsi.iptvsad-cod+xml	application/vnd.etsi.iptvsad-cod+xml		application	media-type	application		[Shicheng_Hu]
application/vnd.etsi.iptvsad-npvr+xml	application/vnd.etsi.iptvsad-npvr+xml		application	media-type	application		[Shicheng_Hu]
application/vnd.etsi.iptvservice+xml	application/vnd.etsi.iptvservice+xml		application	media-type	application		[Miguel_Angel_Reina_Ortega]
application/vnd.etsi.iptvsync+xml	application/vnd.etsi.iptvsync+xml		application	media-type	application		[Miguel_Angel_Reina_Ortega]
application/vnd.etsi.iptvueprofile+xml	application/vnd.etsi.iptvueprofile+xml		application	media-type	application		[Shicheng_Hu]
application/vnd.etsi.mcid+xml	application/vnd.etsi.mcid+xml		application	media-type	application		[Shicheng_Hu]
application/vnd.etsi.mheg5	application/vnd.etsi.mheg5		application	media-type	application		[Miguel_Angel_Reina_Ortega][Ian_Medland]
application/vnd.etsi.overload-control-policy-dataset+xml	application/vnd.etsi.overload-control-policy-dataset+xml		application	media-type	application		[Miguel_Angel_Reina_Ortega]
application/vnd.etsi.pstn+xml	application/vnd.etsi.pstn+xml		application	media-type	application		[Jiwan_Han][Thomas_Belling]
application/vnd.etsi.sci+xml	application/vnd.etsi.sci+xml		application	media-type	application		[Shicheng_Hu]
application/vnd.etsi.simservs+xml	application/vnd.etsi.simservs+xml		application	media-type	application		[Shicheng_Hu]
application/vnd.etsi.timestamp-token	application/vnd.etsi.timestamp-token		application	media-type	application		[Miguel_Angel_Reina_Ortega]
application/vnd.etsi.tsl+xml	application/vnd.etsi.tsl+xml		application	media-type	application		[Shicheng_Hu]
application/vnd.etsi.tsl.der	application/vnd.etsi.tsl.der		application	media-type	application		[Shicheng_Hu]
application/vnd.eu.kasparian.car+json	application/vnd.eu.kasparian.car+json		application	media-type	application		[Hervé_Kasparian]
application/vnd.eudora.data	application/vnd.eudora.data		application	media-type	application		[Pete_Resnick]
application/vnd.evolv.ecig.profile	application/vnd.evolv.ecig.profile		application	media-type	application		[James_Bellinger]
application/vnd.evolv.ecig.settings	application/vnd.evolv.ecig.settings		application	media-type	application		[James_Bellinger]
application/vnd.evolv.ecig.theme	application/vnd.evolv.ecig.theme		application	media-type	application		[James_Bellinger]
application/vnd.exstream-empower+zip	application/vnd.exstream-empower+zip		application	media-type	application		[Bill_Kidwell]
application/vnd.exstream-package	application/vnd.exstream-package		application	media-type	application		[Bill_Kidwell]
application/vnd.ezpix-album	application/vnd.ezpix-album		application	media-type	application		[ElectronicZombieCorp]
application/vnd.ezpix-package	application/vnd.ezpix-package		application	media-type	application		[ElectronicZombieCorp]
application/vnd.f-secure.mobile	application/vnd.f-secure.mobile		application	media-type	application		[Samu_Sarivaara]
application/vnd.faf+yaml	application/vnd.faf+yaml		application	media-type	application		[James_Wolfe]
application/vnd.fafa+yaml	application/vnd.fafa+yaml		application	media-type	application		[James_Wolfe]
application/vnd.fafm+yaml	application/vnd.fafm+yaml		application	media-type	application		[James_Wolfe]
application/vnd.familysearch.gedcom+zip	application/vnd.familysearch.gedcom+zip		application	media-type	application		[Gordon_Clarke]
application/vnd.fastcopy-disk-image	application/vnd.fastcopy-disk-image		application	media-type	application		[Thomas_Huth]
application/vnd.fdsn.mseed	application/vnd.fdsn.mseed		application	media-type	application		[International_FDSN]
application/vnd.fdsn.seed	application/vnd.fdsn.seed		application	media-type	application		[Chad_Trabant]
application/vnd.fdsn.stationxml+xml	application/vnd.fdsn.stationxml+xml		application	media-type	application		[International_FDSN]
application/vnd.ffsns	application/vnd.ffsns		application	media-type	application		[Holstage]
application/vnd.fgb	application/vnd.fgb		application	media-type	application		[Björn_Harrtell]
application/vnd.ficlab.flb+zip	application/vnd.ficlab.flb+zip		application	media-type	application		[Steve_Gilberd]
application/vnd.filmit.zfc	application/vnd.filmit.zfc		application	media-type	application		[Harms_Moeller]
application/vnd.fints	application/vnd.fints		application	media-type	application		[Ingo_Hammann]
application/vnd.firemonkeys.cloudcell	application/vnd.firemonkeys.cloudcell		application	media-type	application		[Alex_Dubov]
application/vnd.fluxtime.clip	application/vnd.fluxtime.clip		application	media-type	application		[Marc_Winter]
application/vnd.font-fontforge-sfd	application/vnd.font-fontforge-sfd		application	media-type	application		[George_Williams]
application/vnd.foritech.container	application/vnd.foritech.container		application	media-type	application		[Hristofor_Lydmilov_Hristov]
application/vnd.framemaker	application/vnd.framemaker		application	media-type	application		[Mike_Wexler]
application/vnd.freelog.comic	application/vnd.freelog.comic		application	media-type	application		[Liu_Qiancen]
application/vnd.frogans.fnc	application/vnd.frogans.fnc		application	media-type	application		vnd.frogans.fnc (OBSOLETE) | [OP3FT][Alexis_Tamas]
application/vnd.frogans.ltf	application/vnd.frogans.ltf		application	media-type	application		vnd.frogans.ltf (OBSOLETE) | [OP3FT][Alexis_Tamas]
application/vnd.fsc.weblaunch	application/vnd.fsc.weblaunch		application	media-type	application		[Derek_Smith]
application/vnd.fujifilm.fb.docuworks	application/vnd.fujifilm.fb.docuworks		application	media-type	application		[Kazuya_Iimura]
application/vnd.fujifilm.fb.docuworks.binder	application/vnd.fujifilm.fb.docuworks.binder		application	media-type	application		[Kazuya_Iimura]
application/vnd.fujifilm.fb.docuworks.container	application/vnd.fujifilm.fb.docuworks.container		application	media-type	application		[Kazuya_Iimura]
application/vnd.fujifilm.fb.jfi+xml	application/vnd.fujifilm.fb.jfi+xml		application	media-type	application		[Keitaro_Ishida]
application/vnd.fujitsu.oasys	application/vnd.fujitsu.oasys		application	media-type	application		[Nobukazu_Togashi]
application/vnd.fujitsu.oasys2	application/vnd.fujitsu.oasys2		application	media-type	application		[Nobukazu_Togashi]
application/vnd.fujitsu.oasys3	application/vnd.fujitsu.oasys3		application	media-type	application		[Seiji_Okudaira]
application/vnd.fujitsu.oasysgp	application/vnd.fujitsu.oasysgp		application	media-type	application		[Masahiko_Sugimoto]
application/vnd.fujitsu.oasysprs	application/vnd.fujitsu.oasysprs		application	media-type	application		[Masumi_Ogita]
application/vnd.fujixerox.ART-EX	application/vnd.fujixerox.ART-EX		application	media-type	application		[Fumio_Tanabe]
application/vnd.fujixerox.ART4	application/vnd.fujixerox.ART4		application	media-type	application		[Fumio_Tanabe]
application/vnd.fujixerox.HBPL	application/vnd.fujixerox.HBPL		application	media-type	application		[Fumio_Tanabe]
application/vnd.fujixerox.ddd	application/vnd.fujixerox.ddd		application	media-type	application		[Masanori_Onda]
application/vnd.fujixerox.docuworks	application/vnd.fujixerox.docuworks		application	media-type	application		[Takatomo_Wakibayashi]
application/vnd.fujixerox.docuworks.binder	application/vnd.fujixerox.docuworks.binder		application	media-type	application		[Takashi_Matsumoto]
application/vnd.fujixerox.docuworks.container	application/vnd.fujixerox.docuworks.container		application	media-type	application		[Kiyoshi_Tashiro]
application/vnd.fut-misnet	application/vnd.fut-misnet		application	media-type	application		[Jann_Pruulman]
application/vnd.futoin+cbor	application/vnd.futoin+cbor		application	media-type	application		[Andrey_Galkin]
application/vnd.futoin+json	application/vnd.futoin+json		application	media-type	application		[Andrey_Galkin]
application/vnd.fuzzysheet	application/vnd.fuzzysheet		application	media-type	application		[Simon_Birtwistle]
application/vnd.g3pix.g3fc	application/vnd.g3pix.g3fc		application	media-type	application		[Lucas_Guimarães]
application/vnd.ga4gh.passport+jwt	application/vnd.ga4gh.passport+jwt		application	media-type	application		[GA4GH_Secretariat]
application/vnd.genomatix.tuxedo	application/vnd.genomatix.tuxedo		application	media-type	application		[Torben_Frey]
application/vnd.genozip	application/vnd.genozip		application	media-type	application		[Divon_Lan]
application/vnd.gentics.grd+json	application/vnd.gentics.grd+json		application	media-type	application		[Philipp_Gortan]
application/vnd.gentoo.catmetadata+xml	application/vnd.gentoo.catmetadata+xml		application	media-type	application		[Michał_Górny]
application/vnd.gentoo.ebuild	application/vnd.gentoo.ebuild		application	media-type	application		[Michał_Górny]
application/vnd.gentoo.eclass	application/vnd.gentoo.eclass		application	media-type	application		[Michał_Górny]
application/vnd.gentoo.gpkg	application/vnd.gentoo.gpkg		application	media-type	application		[Michał_Górny]
application/vnd.gentoo.manifest	application/vnd.gentoo.manifest		application	media-type	application		[Michał_Górny]
application/vnd.gentoo.pkgmetadata+xml	application/vnd.gentoo.pkgmetadata+xml		application	media-type	application		[Michał_Górny]
application/vnd.gentoo.xpak	application/vnd.gentoo.xpak		application	media-type	application		[Gentoo_Portage_Project]
application/vnd.geo+json	application/vnd.geo+json		application	media-type	application		vnd.geo+json (OBSOLETED by [RFC7946] in favor of application/geo+json) | [Sean_Gillies]
application/vnd.geocube+xml	application/vnd.geocube+xml		application	media-type	application		vnd.geocube+xml (OBSOLETED by request) | [Francois_Pirsch]
application/vnd.geogebra.file	application/vnd.geogebra.file		application	media-type	application		[GeoGebra][Yves_Kreis]
application/vnd.geogebra.pinboard	application/vnd.geogebra.pinboard		application	media-type	application		[GeoGebra][Michael_Borcherds]
application/vnd.geogebra.slides	application/vnd.geogebra.slides		application	media-type	application		[GeoGebra][Michael_Borcherds][Markus_Hohenwarter]
application/vnd.geogebra.tool	application/vnd.geogebra.tool		application	media-type	application		[GeoGebra][Yves_Kreis]
application/vnd.geometry-explorer	application/vnd.geometry-explorer		application	media-type	application		[Michael_Hvidsten]
application/vnd.geonext	application/vnd.geonext		application	media-type	application		[Matthias_Ehmann]
application/vnd.geoplan	application/vnd.geoplan		application	media-type	application		[Christian_Mercat]
application/vnd.geospace	application/vnd.geospace		application	media-type	application		[Christian_Mercat]
application/vnd.gerber	application/vnd.gerber		application	media-type	application		[Thomas_Weyn]
application/vnd.globalplatform.card-content-mgt	application/vnd.globalplatform.card-content-mgt		application	media-type	application		[Gil_Bernabeu]
application/vnd.globalplatform.card-content-mgt-response	application/vnd.globalplatform.card-content-mgt-response		application	media-type	application		[Gil_Bernabeu]
application/vnd.gmx	application/vnd.gmx		application	media-type	application		vnd.gmx - DEPRECATED | [Christian_V._Sciberras]
application/vnd.gnu.taler.exchange+json	application/vnd.gnu.taler.exchange+json		application	media-type	application		[Christian_Grothoff]
application/vnd.gnu.taler.merchant+json	application/vnd.gnu.taler.merchant+json		application	media-type	application		[Christian_Grothoff]
application/vnd.google-earth.kml+xml	application/vnd.google-earth.kml+xml		application	media-type	application		[Michael_Ashbridge]
application/vnd.google-earth.kmz	application/vnd.google-earth.kmz		application	media-type	application		[Michael_Ashbridge]
application/vnd.gov.sk.e-form+xml	application/vnd.gov.sk.e-form+xml		application	media-type	application		vnd.gov.sk.e-form+xml (OBSOLETED by request) | [Stefan_Szilva]
application/vnd.gov.sk.e-form+zip	application/vnd.gov.sk.e-form+zip		application	media-type	application		[Stefan_Szilva]
application/vnd.gov.sk.xmldatacontainer+xml	application/vnd.gov.sk.xmldatacontainer+xml		application	media-type	application		[Stefan_Szilva]
application/vnd.gp3	application/vnd.gp3		application	media-type	application		[Robert_Clausing]
application/vnd.gpxsee.map+xml	application/vnd.gpxsee.map+xml		application	media-type	application		[Martin_Tůma]
application/vnd.grafeq	application/vnd.grafeq		application	media-type	application		[Jeff_Tupper]
application/vnd.gridmp	application/vnd.gridmp		application	media-type	application		[Jeff_Lawson]
application/vnd.groove-account	application/vnd.groove-account		application	media-type	application		[Todd_Joseph]
application/vnd.groove-help	application/vnd.groove-help		application	media-type	application		[Todd_Joseph]
application/vnd.groove-identity-message	application/vnd.groove-identity-message		application	media-type	application		[Todd_Joseph]
application/vnd.groove-injector	application/vnd.groove-injector		application	media-type	application		[Todd_Joseph]
application/vnd.groove-tool-message	application/vnd.groove-tool-message		application	media-type	application		[Todd_Joseph]
application/vnd.groove-tool-template	application/vnd.groove-tool-template		application	media-type	application		[Todd_Joseph]
application/vnd.groove-vcard	application/vnd.groove-vcard		application	media-type	application		[Todd_Joseph]
application/vnd.hal+json	application/vnd.hal+json		application	media-type	application		[Mike_Kelly]
application/vnd.hal+xml	application/vnd.hal+xml		application	media-type	application		[Mike_Kelly]
application/vnd.hbci	application/vnd.hbci		application	media-type	application		[Ingo_Hammann]
application/vnd.hc+json	application/vnd.hc+json		application	media-type	application		[Jan_Schütze]
application/vnd.hcl-bireports	application/vnd.hcl-bireports		application	media-type	application		[Doug_R._Serres]
application/vnd.hdfgroup.hdf4	application/vnd.hdfgroup.hdf4		application	media-type	application		[HDF_Group]
application/vnd.hdfgroup.hdf5	application/vnd.hdfgroup.hdf5		application	media-type	application		[HDF_Group]
application/vnd.hdt	application/vnd.hdt		application	media-type	application		[Javier_D._Fernández]
application/vnd.heroku+json	application/vnd.heroku+json		application	media-type	application		[Wesley_Beary]
application/vnd.hhe.lesson-player	application/vnd.hhe.lesson-player		application	media-type	application		[Randy_Jones]
application/vnd.hp-HPGL	application/vnd.hp-HPGL		application	media-type	application		[Bob_Pentecost]
application/vnd.hp-PCL	application/vnd.hp-PCL		application	media-type	application		[Bob_Pentecost]
application/vnd.hp-PCLXL	application/vnd.hp-PCLXL		application	media-type	application		[Bob_Pentecost]
application/vnd.hp-hpid	application/vnd.hp-hpid		application	media-type	application		[Aloke_Gupta]
application/vnd.hp-hps	application/vnd.hp-hps		application	media-type	application		[Steve_Aubrey]
application/vnd.hp-jlyt	application/vnd.hp-jlyt		application	media-type	application		[Amir_Gaash]
application/vnd.hsl	application/vnd.hsl		application	media-type	application		[Heungsub_Lee]
application/vnd.httphone	application/vnd.httphone		application	media-type	application		[Franck_Lefevre]
application/vnd.hydrostatix.sof-data	application/vnd.hydrostatix.sof-data		application	media-type	application		[Allen_Gillam]
application/vnd.hyper+json	application/vnd.hyper+json		application	media-type	application		[Irakli_Nadareishvili]
application/vnd.hyper-item+json	application/vnd.hyper-item+json		application	media-type	application		[Mario_Demuth]
application/vnd.hyperdrive+json	application/vnd.hyperdrive+json		application	media-type	application		[Daniel_Sims]
application/vnd.hzn-3d-crossword	application/vnd.hzn-3d-crossword		application	media-type	application		[James_Minnis]
application/vnd.ibm.MiniPay	application/vnd.ibm.MiniPay		application	media-type	application		[Amir_Herzberg]
application/vnd.ibm.afplinedata	application/vnd.ibm.afplinedata		application	media-type	application		vnd.ibm.afplinedata (OBSOLETED in favor of vnd.afpc.afplinedata) | [Roger_Buis]
application/vnd.ibm.electronic-media	application/vnd.ibm.electronic-media		application	media-type	application		[Bruce_Tantlinger]
application/vnd.ibm.modcap	application/vnd.ibm.modcap		application	media-type	application		vnd.ibm.modcap (OBSOLETED in favor of application/vnd.afpc.modca) | [Reinhard_Hohensee]
application/vnd.ibm.rights-management	application/vnd.ibm.rights-management		application	media-type	application		[Bruce_Tantlinger]
application/vnd.ibm.secure-container	application/vnd.ibm.secure-container		application	media-type	application		[Bruce_Tantlinger]
application/vnd.iccprofile	application/vnd.iccprofile		application	media-type	application		[Phil_Green]
application/vnd.ieee.1905	application/vnd.ieee.1905		application	media-type	application		[Purva_R_Rajkotia]
application/vnd.igloader	application/vnd.igloader		application	media-type	application		[Tim_Fisher]
application/vnd.imagemeter.folder+zip	application/vnd.imagemeter.folder+zip		application	media-type	application		[Dirk_Farin]
application/vnd.imagemeter.image+zip	application/vnd.imagemeter.image+zip		application	media-type	application		[Dirk_Farin]
application/vnd.immervision-ivp	application/vnd.immervision-ivp		application	media-type	application		[Mathieu_Villegas]
application/vnd.immervision-ivu	application/vnd.immervision-ivu		application	media-type	application		[Mathieu_Villegas]
application/vnd.ims.imsccv1p1	application/vnd.ims.imsccv1p1		application	media-type	application		[Lisa_Mattson]
application/vnd.ims.imsccv1p2	application/vnd.ims.imsccv1p2		application	media-type	application		[Lisa_Mattson]
application/vnd.ims.imsccv1p3	application/vnd.ims.imsccv1p3		application	media-type	application		[Lisa_Mattson]
application/vnd.ims.lis.v2.result+json	application/vnd.ims.lis.v2.result+json		application	media-type	application		[Lisa_Mattson]
application/vnd.ims.lti.v2.toolconsumerprofile+json	application/vnd.ims.lti.v2.toolconsumerprofile+json		application	media-type	application		[Lisa_Mattson]
application/vnd.ims.lti.v2.toolproxy+json	application/vnd.ims.lti.v2.toolproxy+json		application	media-type	application		[Lisa_Mattson]
application/vnd.ims.lti.v2.toolproxy.id+json	application/vnd.ims.lti.v2.toolproxy.id+json		application	media-type	application		[Lisa_Mattson]
application/vnd.ims.lti.v2.toolsettings+json	application/vnd.ims.lti.v2.toolsettings+json		application	media-type	application		[Lisa_Mattson]
application/vnd.ims.lti.v2.toolsettings.simple+json	application/vnd.ims.lti.v2.toolsettings.simple+json		application	media-type	application		[Lisa_Mattson]
application/vnd.informedcontrol.rms+xml	application/vnd.informedcontrol.rms+xml		application	media-type	application		[Mark_Wahl]
application/vnd.informix-visionary	application/vnd.informix-visionary		application	media-type	application		vnd.informix-visionary (OBSOLETED in favor of application/vnd.visionary) | [Christopher_Gales]
application/vnd.infotech.project	application/vnd.infotech.project		application	media-type	application		[Charles_Engelke]
application/vnd.infotech.project+xml	application/vnd.infotech.project+xml		application	media-type	application		[Charles_Engelke]
application/vnd.innopath.wamp.notification	application/vnd.innopath.wamp.notification		application	media-type	application		[Takanori_Sudo]
application/vnd.insors.igm	application/vnd.insors.igm		application	media-type	application		[Jon_Swanson]
application/vnd.intercon.formnet	application/vnd.intercon.formnet		application	media-type	application		[Tom_Gurak]
application/vnd.intergeo	application/vnd.intergeo		application	media-type	application		[Yves_Kreis_2]
application/vnd.intertrust.digibox	application/vnd.intertrust.digibox		application	media-type	application		[Luke_Tomasello]
application/vnd.intertrust.nncp	application/vnd.intertrust.nncp		application	media-type	application		[Luke_Tomasello]
application/vnd.intu.qbo	application/vnd.intu.qbo		application	media-type	application		[Greg_Scratchley]
application/vnd.intu.qfx	application/vnd.intu.qfx		application	media-type	application		[Greg_Scratchley]
application/vnd.ipfs.ipns-record	application/vnd.ipfs.ipns-record		application	media-type	application		[Marcin_Rataj]
application/vnd.ipld.car	application/vnd.ipld.car		application	media-type	application		[Marcin_Rataj]
application/vnd.ipld.dag-cbor	application/vnd.ipld.dag-cbor		application	media-type	application		[Marcin_Rataj]
application/vnd.ipld.dag-json	application/vnd.ipld.dag-json		application	media-type	application		[Marcin_Rataj]
application/vnd.ipld.raw	application/vnd.ipld.raw		application	media-type	application		[Marcin_Rataj]
application/vnd.iptc.g2.catalogitem+xml	application/vnd.iptc.g2.catalogitem+xml		application	media-type	application		[Michael_Steidl]
application/vnd.iptc.g2.conceptitem+xml	application/vnd.iptc.g2.conceptitem+xml		application	media-type	application		[Michael_Steidl]
application/vnd.iptc.g2.knowledgeitem+xml	application/vnd.iptc.g2.knowledgeitem+xml		application	media-type	application		[Michael_Steidl]
application/vnd.iptc.g2.newsitem+xml	application/vnd.iptc.g2.newsitem+xml		application	media-type	application		[Michael_Steidl]
application/vnd.iptc.g2.newsmessage+xml	application/vnd.iptc.g2.newsmessage+xml		application	media-type	application		[Michael_Steidl]
application/vnd.iptc.g2.packageitem+xml	application/vnd.iptc.g2.packageitem+xml		application	media-type	application		[Michael_Steidl]
application/vnd.iptc.g2.planningitem+xml	application/vnd.iptc.g2.planningitem+xml		application	media-type	application		[Michael_Steidl]
application/vnd.ipunplugged.rcprofile	application/vnd.ipunplugged.rcprofile		application	media-type	application		[Per_Ersson]
application/vnd.irepository.package+xml	application/vnd.irepository.package+xml		application	media-type	application		[Martin_Knowles]
application/vnd.is-xpr	application/vnd.is-xpr		application	media-type	application		[Satish_Navarajan]
application/vnd.isac.fcs	application/vnd.isac.fcs		application	media-type	application		[Ryan_Brinkman]
application/vnd.iso11783-10+zip	application/vnd.iso11783-10+zip		application	media-type	application		[Frank_Wiebeler]
application/vnd.jam	application/vnd.jam		application	media-type	application		[Brijesh_Kumar]
application/vnd.japannet-directory-service	application/vnd.japannet-directory-service		application	media-type	application		[Kiyofusa_Fujii]
application/vnd.japannet-jpnstore-wakeup	application/vnd.japannet-jpnstore-wakeup		application	media-type	application		[Jun_Yoshitake]
application/vnd.japannet-payment-wakeup	application/vnd.japannet-payment-wakeup		application	media-type	application		[Kiyofusa_Fujii]
application/vnd.japannet-registration	application/vnd.japannet-registration		application	media-type	application		[Jun_Yoshitake]
application/vnd.japannet-registration-wakeup	application/vnd.japannet-registration-wakeup		application	media-type	application		[Kiyofusa_Fujii]
application/vnd.japannet-setstore-wakeup	application/vnd.japannet-setstore-wakeup		application	media-type	application		[Jun_Yoshitake]
application/vnd.japannet-verification	application/vnd.japannet-verification		application	media-type	application		[Jun_Yoshitake]
application/vnd.japannet-verification-wakeup	application/vnd.japannet-verification-wakeup		application	media-type	application		[Kiyofusa_Fujii]
application/vnd.jcp.javame.midlet-rms	application/vnd.jcp.javame.midlet-rms		application	media-type	application		[Mikhail_Gorshenev]
application/vnd.jisp	application/vnd.jisp		application	media-type	application		[Sebastiaan_Deckers]
application/vnd.joost.joda-archive	application/vnd.joost.joda-archive		application	media-type	application		[Joost]
application/vnd.jsk.isdn-ngn	application/vnd.jsk.isdn-ngn		application	media-type	application		[Yokoyama_Kiyonobu]
application/vnd.jupyter	application/vnd.jupyter		application	media-type	application		[Jupyter_Team]
application/vnd.kahootz	application/vnd.kahootz		application	media-type	application		[Tim_Macdonald]
application/vnd.kde.karbon	application/vnd.kde.karbon		application	media-type	application		[David_Faure]
application/vnd.kde.kchart	application/vnd.kde.kchart		application	media-type	application		[David_Faure]
application/vnd.kde.kformula	application/vnd.kde.kformula		application	media-type	application		[David_Faure]
application/vnd.kde.kivio	application/vnd.kde.kivio		application	media-type	application		[David_Faure]
application/vnd.kde.kontour	application/vnd.kde.kontour		application	media-type	application		[David_Faure]
application/vnd.kde.kpresenter	application/vnd.kde.kpresenter		application	media-type	application		[David_Faure]
application/vnd.kde.kspread	application/vnd.kde.kspread		application	media-type	application		[David_Faure]
application/vnd.kde.kword	application/vnd.kde.kword		application	media-type	application		[David_Faure]
application/vnd.kdl	application/vnd.kdl		application	media-type	application		[Katerina_Zoé_Marchán_Salvá]
application/vnd.kenameaapp	application/vnd.kenameaapp		application	media-type	application		[Dirk_DiGiorgio-Haag]
application/vnd.keyman.kmp+zip	application/vnd.keyman.kmp+zip		application	media-type	application		[Marc_Durdin]
application/vnd.keyman.kmx	application/vnd.keyman.kmx		application	media-type	application		[Marc_Durdin]
application/vnd.kidspiration	application/vnd.kidspiration		application	media-type	application		[Jack_Bennett]
application/vnd.klypix+zip	application/vnd.klypix+zip		application	media-type	application		[Abdullah_Jamal_Aldahshan]
application/vnd.koan	application/vnd.koan		application	media-type	application		[Pete_Cole]
application/vnd.kodak-descriptor	application/vnd.kodak-descriptor		application	media-type	application		[Michael_J._Donahue]
application/vnd.las	application/vnd.las		application	media-type	application		[NCGIS][Bryan_Blank]
application/vnd.las.las+json	application/vnd.las.las+json		application	media-type	application		[Rob_Bailey]
application/vnd.las.las+xml	application/vnd.las.las+xml		application	media-type	application		[Rob_Bailey]
application/vnd.laszip	application/vnd.laszip		application	media-type	application		[NCGIS][Bryan_Blank]
application/vnd.ldev.productlicensing	application/vnd.ldev.productlicensing		application	media-type	application		[L.development_Polska]
application/vnd.leap+json	application/vnd.leap+json		application	media-type	application		[Mark_C_Fralick]
application/vnd.liberty-request+xml	application/vnd.liberty-request+xml		application	media-type	application		[Brett_McDowell]
application/vnd.llamagraphics.life-balance.desktop	application/vnd.llamagraphics.life-balance.desktop		application	media-type	application		[Catherine_E._White]
application/vnd.llamagraphics.life-balance.exchange+xml	application/vnd.llamagraphics.life-balance.exchange+xml		application	media-type	application		[Catherine_E._White]
application/vnd.logipipe.circuit+zip	application/vnd.logipipe.circuit+zip		application	media-type	application		[Victor_Kuchynsky]
application/vnd.loom	application/vnd.loom		application	media-type	application		[Sten_Linnarsson]
application/vnd.lotus-1-2-3	application/vnd.lotus-1-2-3		application	media-type	application		[Paul_Wattenberger]
application/vnd.lotus-approach	application/vnd.lotus-approach		application	media-type	application		[Paul_Wattenberger]
application/vnd.lotus-freelance	application/vnd.lotus-freelance		application	media-type	application		[Paul_Wattenberger]
application/vnd.lotus-notes	application/vnd.lotus-notes		application	media-type	application		[Michael_Laramie]
application/vnd.lotus-organizer	application/vnd.lotus-organizer		application	media-type	application		[Paul_Wattenberger]
application/vnd.lotus-screencam	application/vnd.lotus-screencam		application	media-type	application		[Paul_Wattenberger]
application/vnd.lotus-wordpro	application/vnd.lotus-wordpro		application	media-type	application		[Paul_Wattenberger]
application/vnd.lukuid.package+zip	application/vnd.lukuid.package+zip		application	media-type	application		[Johann_du_Toit]
application/vnd.macports.portpkg	application/vnd.macports.portpkg		application	media-type	application		[James_Berry]
application/vnd.majikah.bundle	application/vnd.majikah.bundle		application	media-type	application		[Josef_Elijah_Fabian]
application/vnd.majikah.mjksig	application/vnd.majikah.mjksig		application	media-type	application		[Josef_Elijah_Fabian]
application/vnd.maml	application/vnd.maml		application	media-type	application		[Anton_Medvedev]
application/vnd.mapbox-vector-tile	application/vnd.mapbox-vector-tile		application	media-type	application		[Blake_Thompson]
application/vnd.marlin.drm.actiontoken+xml	application/vnd.marlin.drm.actiontoken+xml		application	media-type	application		[Gary_Ellison]
application/vnd.marlin.drm.conftoken+xml	application/vnd.marlin.drm.conftoken+xml		application	media-type	application		[Gary_Ellison]
application/vnd.marlin.drm.license+xml	application/vnd.marlin.drm.license+xml		application	media-type	application		[Gary_Ellison]
application/vnd.marlin.drm.mdcf	application/vnd.marlin.drm.mdcf		application	media-type	application		[Gary_Ellison]
application/vnd.mason+json	application/vnd.mason+json		application	media-type	application		[Jorn_Wildt]
application/vnd.maxar.archive.3tz+zip	application/vnd.maxar.archive.3tz+zip		application	media-type	application		[Björn_Blissing]
application/vnd.maxmind.maxmind-db	application/vnd.maxmind.maxmind-db		application	media-type	application		[William_Stevenson]
application/vnd.mcd	application/vnd.mcd		application	media-type	application		[Tadashi_Gotoh]
application/vnd.mdl	application/vnd.mdl		application	media-type	application		[Lutz_Kettner]
application/vnd.mdl-mbsdf	application/vnd.mdl-mbsdf		application	media-type	application		[Lutz_Kettner]
application/vnd.medcalcdata	application/vnd.medcalcdata		application	media-type	application		[Frank_Schoonjans]
application/vnd.mediastation.cdkey	application/vnd.mediastation.cdkey		application	media-type	application		[Henry_Flurry]
application/vnd.medicalholodeck.recordxr	application/vnd.medicalholodeck.recordxr		application	media-type	application		[Dominique_Sandoz]
application/vnd.meridian-slingshot	application/vnd.meridian-slingshot		application	media-type	application		[Eric_Wedel]
application/vnd.mermaid	application/vnd.mermaid		application	media-type	application		[Sidharth_Vinod]
application/vnd.mfmp	application/vnd.mfmp		application	media-type	application		[Yukari_Ikeda]
application/vnd.micro+json	application/vnd.micro+json		application	media-type	application		[Dali_Zheng]
application/vnd.micrografx.flo	application/vnd.micrografx.flo		application	media-type	application		[Joe_Prevo]
application/vnd.micrografx.igx	application/vnd.micrografx.igx		application	media-type	application		[Joe_Prevo]
application/vnd.microsoft.portable-executable	application/vnd.microsoft.portable-executable		application	media-type	application		[Henrik_Andersson]
application/vnd.microsoft.windows.thumbnail-cache	application/vnd.microsoft.windows.thumbnail-cache		application	media-type	application		[Henrik_Andersson]
application/vnd.miele+json	application/vnd.miele+json		application	media-type	application		[Nils_Langhammer]
application/vnd.mif	application/vnd.mif		application	media-type	application		[Mike_Wexler]
application/vnd.minisoft-hp3000-save	application/vnd.minisoft-hp3000-save		application	media-type	application		[Chris_Bartram]
application/vnd.mitsubishi.misty-guard.trustweb	application/vnd.mitsubishi.misty-guard.trustweb		application	media-type	application		[Tanaka]
application/vnd.modl	application/vnd.modl		application	media-type	application		[Elliott_Brown]
application/vnd.mohnetic	application/vnd.mohnetic		application	media-type	application		[Kostiantyn_Cherednychenko]
application/vnd.mophun.application	application/vnd.mophun.application		application	media-type	application		[Bjorn_Wennerstrom]
application/vnd.mophun.certificate	application/vnd.mophun.certificate		application	media-type	application		[Bjorn_Wennerstrom]
application/vnd.motorola.flexsuite	application/vnd.motorola.flexsuite		application	media-type	application		[Mark_Patton]
application/vnd.motorola.flexsuite.adsi	application/vnd.motorola.flexsuite.adsi		application	media-type	application		[Mark_Patton]
application/vnd.motorola.flexsuite.fis	application/vnd.motorola.flexsuite.fis		application	media-type	application		[Mark_Patton]
application/vnd.motorola.flexsuite.gotap	application/vnd.motorola.flexsuite.gotap		application	media-type	application		[Mark_Patton]
application/vnd.motorola.flexsuite.kmr	application/vnd.motorola.flexsuite.kmr		application	media-type	application		[Mark_Patton]
application/vnd.motorola.flexsuite.ttc	application/vnd.motorola.flexsuite.ttc		application	media-type	application		[Mark_Patton]
application/vnd.motorola.flexsuite.wem	application/vnd.motorola.flexsuite.wem		application	media-type	application		[Mark_Patton]
application/vnd.motorola.iprm	application/vnd.motorola.iprm		application	media-type	application		[Rafie_Shamsaasef]
application/vnd.mozilla.xul+xml	application/vnd.mozilla.xul+xml		application	media-type	application		[Braden_N_McDaniel]
application/vnd.ms-3mfdocument	application/vnd.ms-3mfdocument		application	media-type	application		[Shawn_Maloney]
application/vnd.ms-PrintDeviceCapabilities+xml	application/vnd.ms-PrintDeviceCapabilities+xml		application	media-type	application		[Justin_Hutchings]
application/vnd.ms-PrintSchemaTicket+xml	application/vnd.ms-PrintSchemaTicket+xml		application	media-type	application		[Justin_Hutchings]
application/vnd.ms-artgalry	application/vnd.ms-artgalry		application	media-type	application		[Dean_Slawson]
application/vnd.ms-asf	application/vnd.ms-asf		application	media-type	application		[Eric_Fleischman]
application/vnd.ms-cab-compressed	application/vnd.ms-cab-compressed		application	media-type	application		[Kim_Scarborough]
application/vnd.ms-excel	application/vnd.ms-excel		application	media-type	application		[Sukvinder_S._Gill]
application/vnd.ms-excel.addin.macroEnabled.12	application/vnd.ms-excel.addin.macroEnabled.12		application	media-type	application		[Chris_Rae]
application/vnd.ms-excel.sheet.binary.macroEnabled.12	application/vnd.ms-excel.sheet.binary.macroEnabled.12		application	media-type	application		[Chris_Rae]
application/vnd.ms-excel.sheet.macroEnabled.12	application/vnd.ms-excel.sheet.macroEnabled.12		application	media-type	application		[Chris_Rae]
application/vnd.ms-excel.template.macroEnabled.12	application/vnd.ms-excel.template.macroEnabled.12		application	media-type	application		[Chris_Rae]
application/vnd.ms-fontobject	application/vnd.ms-fontobject		application	media-type	application		[Kim_Scarborough]
application/vnd.ms-htmlhelp	application/vnd.ms-htmlhelp		application	media-type	application		[Anatoly_Techtonik]
application/vnd.ms-ims	application/vnd.ms-ims		application	media-type	application		[Eric_Ledoux]
application/vnd.ms-lrm	application/vnd.ms-lrm		application	media-type	application		[Eric_Ledoux]
application/vnd.ms-office.activeX+xml	application/vnd.ms-office.activeX+xml		application	media-type	application		[Chris_Rae]
application/vnd.ms-officetheme	application/vnd.ms-officetheme		application	media-type	application		[Chris_Rae]
application/vnd.ms-playready.initiator+xml	application/vnd.ms-playready.initiator+xml		application	media-type	application		[Daniel_Schneider]
application/vnd.ms-powerpoint	application/vnd.ms-powerpoint		application	media-type	application		[Sukvinder_S._Gill]
application/vnd.ms-powerpoint.addin.macroEnabled.12	application/vnd.ms-powerpoint.addin.macroEnabled.12		application	media-type	application		[Chris_Rae]
application/vnd.ms-powerpoint.presentation.macroEnabled.12	application/vnd.ms-powerpoint.presentation.macroEnabled.12		application	media-type	application		[Chris_Rae]
application/vnd.ms-powerpoint.slide.macroEnabled.12	application/vnd.ms-powerpoint.slide.macroEnabled.12		application	media-type	application		[Chris_Rae]
application/vnd.ms-powerpoint.slideshow.macroEnabled.12	application/vnd.ms-powerpoint.slideshow.macroEnabled.12		application	media-type	application		[Chris_Rae]
application/vnd.ms-powerpoint.template.macroEnabled.12	application/vnd.ms-powerpoint.template.macroEnabled.12		application	media-type	application		[Chris_Rae]
application/vnd.ms-project	application/vnd.ms-project		application	media-type	application		[Sukvinder_S._Gill]
application/vnd.ms-tnef	application/vnd.ms-tnef		application	media-type	application		[Sukvinder_S._Gill]
application/vnd.ms-windows.devicepairing	application/vnd.ms-windows.devicepairing		application	media-type	application		[Justin_Hutchings]
application/vnd.ms-windows.nwprinting.oob	application/vnd.ms-windows.nwprinting.oob		application	media-type	application		[Justin_Hutchings]
application/vnd.ms-windows.printerpairing	application/vnd.ms-windows.printerpairing		application	media-type	application		[Justin_Hutchings]
application/vnd.ms-windows.wsd.oob	application/vnd.ms-windows.wsd.oob		application	media-type	application		[Justin_Hutchings]
application/vnd.ms-wmdrm.lic-chlg-req	application/vnd.ms-wmdrm.lic-chlg-req		application	media-type	application		[Kevin_Lau]
application/vnd.ms-wmdrm.lic-resp	application/vnd.ms-wmdrm.lic-resp		application	media-type	application		[Kevin_Lau]
application/vnd.ms-wmdrm.meter-chlg-req	application/vnd.ms-wmdrm.meter-chlg-req		application	media-type	application		[Kevin_Lau]
application/vnd.ms-wmdrm.meter-resp	application/vnd.ms-wmdrm.meter-resp		application	media-type	application		[Kevin_Lau]
application/vnd.ms-word.document.macroEnabled.12	application/vnd.ms-word.document.macroEnabled.12		application	media-type	application		[Chris_Rae]
application/vnd.ms-word.template.macroEnabled.12	application/vnd.ms-word.template.macroEnabled.12		application	media-type	application		[Chris_Rae]
application/vnd.ms-works	application/vnd.ms-works		application	media-type	application		[Sukvinder_S._Gill]
application/vnd.ms-wpl	application/vnd.ms-wpl		application	media-type	application		[Dan_Plastina]
application/vnd.ms-xpsdocument	application/vnd.ms-xpsdocument		application	media-type	application		[Jesse_McGatha]
application/vnd.msa-disk-image	application/vnd.msa-disk-image		application	media-type	application		[Thomas_Huth]
application/vnd.mseq	application/vnd.mseq		application	media-type	application		[Gwenael_Le_Bodic]
application/vnd.msgpack	application/vnd.msgpack		application	media-type	application		[Alexander_Ivanov]
application/vnd.msign	application/vnd.msign		application	media-type	application		[Malte_Borcherding]
application/vnd.multiad.creator	application/vnd.multiad.creator		application	media-type	application		[Steve_Mills]
application/vnd.multiad.creator.cif	application/vnd.multiad.creator.cif		application	media-type	application		[Steve_Mills]
application/vnd.music-niff	application/vnd.music-niff		application	media-type	application		[Tim_Butler]
application/vnd.musician	application/vnd.musician		application	media-type	application		[Greg_Adams]
application/vnd.muvee.style	application/vnd.muvee.style		application	media-type	application		[Chandrashekhara_Anantharamu]
application/vnd.mynfc	application/vnd.mynfc		application	media-type	application		[Franck_Lefevre]
application/vnd.nacamar.ybrid+json	application/vnd.nacamar.ybrid+json		application	media-type	application		[Sebastian_A._Weiss]
application/vnd.nato.bindingdataobject+cbor	application/vnd.nato.bindingdataobject+cbor		application	media-type	application		[Aidan_Murdock]
application/vnd.nato.bindingdataobject+json	application/vnd.nato.bindingdataobject+json		application	media-type	application		[Aidan_Murdock]
application/vnd.nato.bindingdataobject+xml	application/vnd.nato.bindingdataobject+xml		application	media-type	application		[Aidan_Murdock]
application/vnd.nato.openxmlformats-package.iepd+zip	application/vnd.nato.openxmlformats-package.iepd+zip		application	media-type	application		[Aidan_Murdock]
application/vnd.ncd.control	application/vnd.ncd.control		application	media-type	application		[Lauri_Tarkkala]
application/vnd.ncd.reference	application/vnd.ncd.reference		application	media-type	application		[Lauri_Tarkkala]
application/vnd.nearst.inv+json	application/vnd.nearst.inv+json		application	media-type	application		[Thomas_Schoffelen]
application/vnd.nebumind.line	application/vnd.nebumind.line		application	media-type	application		[Andreas_Molzer]
application/vnd.nervana	application/vnd.nervana		application	media-type	application		[Steve_Judkins]
application/vnd.netfpx	application/vnd.netfpx		application	media-type	application		[Andy_Mutz]
application/vnd.neurolanguage.nlu	application/vnd.neurolanguage.nlu		application	media-type	application		[Dan_DuFeu]
application/vnd.nila.protobuf-bundle+zip	application/vnd.nila.protobuf-bundle+zip		application	media-type	application		[Manivannan_Subburaj]
application/vnd.nimn	application/vnd.nimn		application	media-type	application		[Amit_Kumar_Gupta]
application/vnd.nintendo.nitro.rom	application/vnd.nintendo.nitro.rom		application	media-type	application		[Henrik_Andersson]
application/vnd.nintendo.snes.rom	application/vnd.nintendo.snes.rom		application	media-type	application		[Henrik_Andersson]
application/vnd.nitf	application/vnd.nitf		application	media-type	application		[Steve_Rogan]
application/vnd.noblenet-directory	application/vnd.noblenet-directory		application	media-type	application		[Monty_Solomon]
application/vnd.noblenet-sealer	application/vnd.noblenet-sealer		application	media-type	application		[Monty_Solomon]
application/vnd.noblenet-web	application/vnd.noblenet-web		application	media-type	application		[Monty_Solomon]
application/vnd.nokia.catalogs	application/vnd.nokia.catalogs		application	media-type	application		[Nokia]
application/vnd.nokia.conml+wbxml	application/vnd.nokia.conml+wbxml		application	media-type	application		[Nokia]
application/vnd.nokia.conml+xml	application/vnd.nokia.conml+xml		application	media-type	application		[Nokia]
application/vnd.nokia.iSDS-radio-presets	application/vnd.nokia.iSDS-radio-presets		application	media-type	application		[Nokia]
application/vnd.nokia.iptv.config+xml	application/vnd.nokia.iptv.config+xml		application	media-type	application		[Nokia]
application/vnd.nokia.landmark+wbxml	application/vnd.nokia.landmark+wbxml		application	media-type	application		[Nokia]
application/vnd.nokia.landmark+xml	application/vnd.nokia.landmark+xml		application	media-type	application		[Nokia]
application/vnd.nokia.landmarkcollection+xml	application/vnd.nokia.landmarkcollection+xml		application	media-type	application		[Nokia]
application/vnd.nokia.n-gage.ac+xml	application/vnd.nokia.n-gage.ac+xml		application	media-type	application		[Nokia]
application/vnd.nokia.n-gage.data	application/vnd.nokia.n-gage.data		application	media-type	application		[Nokia]
application/vnd.nokia.n-gage.symbian.install	application/vnd.nokia.n-gage.symbian.install		application	media-type	application		vnd.nokia.n-gage.symbian.install (OBSOLETE; no replacement given) | [Nokia]
application/vnd.nokia.ncd	application/vnd.nokia.ncd		application	media-type	application		[Nokia]
application/vnd.nokia.pcd+wbxml	application/vnd.nokia.pcd+wbxml		application	media-type	application		[Nokia]
application/vnd.nokia.pcd+xml	application/vnd.nokia.pcd+xml		application	media-type	application		[Nokia]
application/vnd.nokia.radio-preset	application/vnd.nokia.radio-preset		application	media-type	application		[Nokia]
application/vnd.nokia.radio-presets	application/vnd.nokia.radio-presets		application	media-type	application		[Nokia]
application/vnd.nomos+json	application/vnd.nomos+json		application	media-type	application		[Allan_Sendagi]
application/vnd.novadigm.EDM	application/vnd.novadigm.EDM		application	media-type	application		[Janine_Swenson]
application/vnd.novadigm.EDX	application/vnd.novadigm.EDX		application	media-type	application		[Janine_Swenson]
application/vnd.novadigm.EXT	application/vnd.novadigm.EXT		application	media-type	application		[Janine_Swenson]
application/vnd.ntt-local.content-share	application/vnd.ntt-local.content-share		application	media-type	application		[Akinori_Taya]
application/vnd.ntt-local.file-transfer	application/vnd.ntt-local.file-transfer		application	media-type	application		[NTT-local]
application/vnd.ntt-local.ogw_remote-access	application/vnd.ntt-local.ogw_remote-access		application	media-type	application		[NTT-local]
application/vnd.ntt-local.sip-ta_remote	application/vnd.ntt-local.sip-ta_remote		application	media-type	application		[NTT-local]
application/vnd.ntt-local.sip-ta_tcp_stream	application/vnd.ntt-local.sip-ta_tcp_stream		application	media-type	application		[NTT-local]
application/vnd.nubaltec.nudoku-game	application/vnd.nubaltec.nudoku-game		application	media-type	application		[Peter_Koellner]
application/vnd.oai.workflows	application/vnd.oai.workflows		application	media-type	application		[Frank_Kilcommins]
application/vnd.oai.workflows+json	application/vnd.oai.workflows+json		application	media-type	application		[Frank_Kilcommins]
application/vnd.oai.workflows+yaml	application/vnd.oai.workflows+yaml		application	media-type	application		[Frank_Kilcommins]
application/vnd.oasis.opendocument.base	application/vnd.oasis.opendocument.base		application	media-type	application		[OASIS_TC_Admin][OASIS]
application/vnd.oasis.opendocument.chart	application/vnd.oasis.opendocument.chart		application	media-type	application		[OASIS_TC_Admin][OASIS]
application/vnd.oasis.opendocument.chart-template	application/vnd.oasis.opendocument.chart-template		application	media-type	application		[OASIS_TC_Admin][OASIS]
application/vnd.oasis.opendocument.database	application/vnd.oasis.opendocument.database		application	media-type	application		vnd.oasis.opendocument.database (OBSOLETED in favor of application/vnd.oasis.opendocument.base) | [OASIS_TC_Admin][OASIS]
application/vnd.oasis.opendocument.formula	application/vnd.oasis.opendocument.formula		application	media-type	application		[OASIS_TC_Admin][OASIS]
application/vnd.oasis.opendocument.formula-template	application/vnd.oasis.opendocument.formula-template		application	media-type	application		[OASIS_TC_Admin][OASIS]
application/vnd.oasis.opendocument.graphics	application/vnd.oasis.opendocument.graphics		application	media-type	application		[OASIS_TC_Admin][OASIS]
application/vnd.oasis.opendocument.graphics-template	application/vnd.oasis.opendocument.graphics-template		application	media-type	application		[OASIS_TC_Admin][OASIS]
application/vnd.oasis.opendocument.image	application/vnd.oasis.opendocument.image		application	media-type	application		[OASIS_TC_Admin][OASIS]
application/vnd.oasis.opendocument.image-template	application/vnd.oasis.opendocument.image-template		application	media-type	application		[OASIS_TC_Admin][OASIS]
application/vnd.oasis.opendocument.presentation	application/vnd.oasis.opendocument.presentation		application	media-type	application		[OASIS_TC_Admin][OASIS]
application/vnd.oasis.opendocument.presentation-template	application/vnd.oasis.opendocument.presentation-template		application	media-type	application		[OASIS_TC_Admin][OASIS]
application/vnd.oasis.opendocument.spreadsheet	application/vnd.oasis.opendocument.spreadsheet		application	media-type	application		[OASIS_TC_Admin][OASIS]
application/vnd.oasis.opendocument.spreadsheet-template	application/vnd.oasis.opendocument.spreadsheet-template		application	media-type	application		[OASIS_TC_Admin][OASIS]
application/vnd.oasis.opendocument.text	application/vnd.oasis.opendocument.text		application	media-type	application		[OASIS_TC_Admin][OASIS]
application/vnd.oasis.opendocument.text-master	application/vnd.oasis.opendocument.text-master		application	media-type	application		[OASIS_TC_Admin][OASIS]
application/vnd.oasis.opendocument.text-master-template	application/vnd.oasis.opendocument.text-master-template		application	media-type	application		[OASIS_TC_Admin][OASIS]
application/vnd.oasis.opendocument.text-template	application/vnd.oasis.opendocument.text-template		application	media-type	application		[OASIS_TC_Admin][OASIS]
application/vnd.oasis.opendocument.text-web	application/vnd.oasis.opendocument.text-web		application	media-type	application		[OASIS_TC_Admin][OASIS]
application/vnd.obn	application/vnd.obn		application	media-type	application		[Matthias_Hessling]
application/vnd.ocf+cbor	application/vnd.ocf+cbor		application	media-type	application		[Michael_Koster]
application/vnd.oci.image.manifest.v1+json	application/vnd.oci.image.manifest.v1+json		application	media-type	application		[Steven_Lasker]
application/vnd.oftn.l10n+json	application/vnd.oftn.l10n+json		application	media-type	application		[Eli_Grey]
application/vnd.oipf.contentaccessdownload+xml	application/vnd.oipf.contentaccessdownload+xml		application	media-type	application		[Claire_DEsclercs]
application/vnd.oipf.contentaccessstreaming+xml	application/vnd.oipf.contentaccessstreaming+xml		application	media-type	application		[Claire_DEsclercs]
application/vnd.oipf.cspg-hexbinary	application/vnd.oipf.cspg-hexbinary		application	media-type	application		[Claire_DEsclercs]
application/vnd.oipf.dae.svg+xml	application/vnd.oipf.dae.svg+xml		application	media-type	application		[Claire_DEsclercs]
application/vnd.oipf.dae.xhtml+xml	application/vnd.oipf.dae.xhtml+xml		application	media-type	application		[Claire_DEsclercs]
application/vnd.oipf.mippvcontrolmessage+xml	application/vnd.oipf.mippvcontrolmessage+xml		application	media-type	application		[Claire_DEsclercs]
application/vnd.oipf.pae.gem	application/vnd.oipf.pae.gem		application	media-type	application		[Claire_DEsclercs]
application/vnd.oipf.spdiscovery+xml	application/vnd.oipf.spdiscovery+xml		application	media-type	application		[Claire_DEsclercs]
application/vnd.oipf.spdlist+xml	application/vnd.oipf.spdlist+xml		application	media-type	application		[Claire_DEsclercs]
application/vnd.oipf.ueprofile+xml	application/vnd.oipf.ueprofile+xml		application	media-type	application		[Claire_DEsclercs]
application/vnd.oipf.userprofile+xml	application/vnd.oipf.userprofile+xml		application	media-type	application		[Claire_DEsclercs]
application/vnd.olpc-sugar	application/vnd.olpc-sugar		application	media-type	application		[John_Palmieri]
application/vnd.oma-scws-config	application/vnd.oma-scws-config		application	media-type	application		[Ilan_Mahalal]
application/vnd.oma-scws-http-request	application/vnd.oma-scws-http-request		application	media-type	application		[Ilan_Mahalal]
application/vnd.oma-scws-http-response	application/vnd.oma-scws-http-response		application	media-type	application		[Ilan_Mahalal]
application/vnd.oma.bcast.associated-procedure-parameter+xml	application/vnd.oma.bcast.associated-procedure-parameter+xml		application	media-type	application		[Uwe_Rauschenbach][Open_Mobile_Naming_Authority]
application/vnd.oma.bcast.drm-trigger+xml	application/vnd.oma.bcast.drm-trigger+xml		application	media-type	application		[Uwe_Rauschenbach][Open_Mobile_Naming_Authority]
application/vnd.oma.bcast.imd+xml	application/vnd.oma.bcast.imd+xml		application	media-type	application		[Uwe_Rauschenbach][Open_Mobile_Naming_Authority]
application/vnd.oma.bcast.ltkm	application/vnd.oma.bcast.ltkm		application	media-type	application		[Uwe_Rauschenbach][Open_Mobile_Naming_Authority]
application/vnd.oma.bcast.notification+xml	application/vnd.oma.bcast.notification+xml		application	media-type	application		[Uwe_Rauschenbach][Open_Mobile_Naming_Authority]
application/vnd.oma.bcast.provisioningtrigger	application/vnd.oma.bcast.provisioningtrigger		application	media-type	application		[Uwe_Rauschenbach][Open_Mobile_Naming_Authority]
application/vnd.oma.bcast.sgboot	application/vnd.oma.bcast.sgboot		application	media-type	application		[Uwe_Rauschenbach][Open_Mobile_Naming_Authority]
application/vnd.oma.bcast.sgdd+xml	application/vnd.oma.bcast.sgdd+xml		application	media-type	application		[Uwe_Rauschenbach][Open_Mobile_Naming_Authority]
application/vnd.oma.bcast.sgdu	application/vnd.oma.bcast.sgdu		application	media-type	application		[Uwe_Rauschenbach][Open_Mobile_Naming_Authority]
application/vnd.oma.bcast.simple-symbol-container	application/vnd.oma.bcast.simple-symbol-container		application	media-type	application		[Uwe_Rauschenbach][Open_Mobile_Naming_Authority]
application/vnd.oma.bcast.smartcard-trigger+xml	application/vnd.oma.bcast.smartcard-trigger+xml		application	media-type	application		[Uwe_Rauschenbach][Open_Mobile_Naming_Authority]
application/vnd.oma.bcast.sprov+xml	application/vnd.oma.bcast.sprov+xml		application	media-type	application		[Uwe_Rauschenbach][Open_Mobile_Naming_Authority]
application/vnd.oma.bcast.stkm	application/vnd.oma.bcast.stkm		application	media-type	application		[Uwe_Rauschenbach][Open_Mobile_Naming_Authority]
application/vnd.oma.cab-address-book+xml	application/vnd.oma.cab-address-book+xml		application	media-type	application		[Hao_Wang][OMA]
application/vnd.oma.cab-feature-handler+xml	application/vnd.oma.cab-feature-handler+xml		application	media-type	application		[Hao_Wang][OMA]
application/vnd.oma.cab-pcc+xml	application/vnd.oma.cab-pcc+xml		application	media-type	application		[Hao_Wang][OMA]
application/vnd.oma.cab-subs-invite+xml	application/vnd.oma.cab-subs-invite+xml		application	media-type	application		[Hao_Wang][OMA]
application/vnd.oma.cab-user-prefs+xml	application/vnd.oma.cab-user-prefs+xml		application	media-type	application		[Hao_Wang][OMA]
application/vnd.oma.dcd	application/vnd.oma.dcd		application	media-type	application		[Avi_Primo][Open_Mobile_Naming_Authority]
application/vnd.oma.dcdc	application/vnd.oma.dcdc		application	media-type	application		[Avi_Primo][Open_Mobile_Naming_Authority]
application/vnd.oma.dd2+xml	application/vnd.oma.dd2+xml		application	media-type	application		[Jun_Sato][Open_Mobile_Alliance_BAC_DLDRM_WG]
application/vnd.oma.drm.risd+xml	application/vnd.oma.drm.risd+xml		application	media-type	application		[Uwe_Rauschenbach][Open_Mobile_Naming_Authority]
application/vnd.oma.group-usage-list+xml	application/vnd.oma.group-usage-list+xml		application	media-type	application		[Sean_Kelley][OMA_Presence_and_Availability_PAG_WG]
application/vnd.oma.lwm2m+cbor	application/vnd.oma.lwm2m+cbor		application	media-type	application		[Open_Mobile_Naming_Authority][John_Mudge]
application/vnd.oma.lwm2m+json	application/vnd.oma.lwm2m+json		application	media-type	application		[Open_Mobile_Naming_Authority][John_Mudge]
application/vnd.oma.lwm2m+tlv	application/vnd.oma.lwm2m+tlv		application	media-type	application		[Open_Mobile_Naming_Authority][John_Mudge]
application/vnd.oma.pal+xml	application/vnd.oma.pal+xml		application	media-type	application		[Brian_McColgan][Open_Mobile_Naming_Authority]
application/vnd.oma.poc.detailed-progress-report+xml	application/vnd.oma.poc.detailed-progress-report+xml		application	media-type	application		[OMA_Push_to_Talk_over_Cellular_POC_WG]
application/vnd.oma.poc.final-report+xml	application/vnd.oma.poc.final-report+xml		application	media-type	application		[OMA_Push_to_Talk_over_Cellular_POC_WG]
application/vnd.oma.poc.groups+xml	application/vnd.oma.poc.groups+xml		application	media-type	application		[Sean_Kelley][OMA_Push_to_Talk_over_Cellular_POC_WG]
application/vnd.oma.poc.invocation-descriptor+xml	application/vnd.oma.poc.invocation-descriptor+xml		application	media-type	application		[OMA_Push_to_Talk_over_Cellular_POC_WG]
application/vnd.oma.poc.optimized-progress-report+xml	application/vnd.oma.poc.optimized-progress-report+xml		application	media-type	application		[OMA_Push_to_Talk_over_Cellular_POC_WG]
application/vnd.oma.push	application/vnd.oma.push		application	media-type	application		[Bryan_Sullivan][OMA]
application/vnd.oma.scidm.messages+xml	application/vnd.oma.scidm.messages+xml		application	media-type	application		[Wenjun_Zeng][Open_Mobile_Naming_Authority]
application/vnd.oma.xcap-directory+xml	application/vnd.oma.xcap-directory+xml		application	media-type	application		[Sean_Kelley][OMA_Presence_and_Availability_PAG_WG]
application/vnd.omads-email+xml	application/vnd.omads-email+xml		application	media-type	application		[OMA_Data_Synchronization_WG]
application/vnd.omads-file+xml	application/vnd.omads-file+xml		application	media-type	application		[OMA_Data_Synchronization_WG]
application/vnd.omads-folder+xml	application/vnd.omads-folder+xml		application	media-type	application		[OMA_Data_Synchronization_WG]
application/vnd.omaloc-supl-init	application/vnd.omaloc-supl-init		application	media-type	application		[Julien_Grange]
application/vnd.oms.cellular-cose-content+cbor	application/vnd.oms.cellular-cose-content+cbor		application	media-type	application		[Torben_Markussen][OMS-Group_e._V.]
application/vnd.onepager	application/vnd.onepager		application	media-type	application		[Nathan_Black]
application/vnd.onepagertamp	application/vnd.onepagertamp		application	media-type	application		[Nathan_Black]
application/vnd.onepagertamx	application/vnd.onepagertamx		application	media-type	application		[Nathan_Black]
application/vnd.onepagertat	application/vnd.onepagertat		application	media-type	application		[Nathan_Black]
application/vnd.onepagertatp	application/vnd.onepagertatp		application	media-type	application		[Nathan_Black]
application/vnd.onepagertatx	application/vnd.onepagertatx		application	media-type	application		[Nathan_Black]
application/vnd.onvif.metadata	application/vnd.onvif.metadata		application	media-type	application		[Hans_Busch]
application/vnd.ootmm.patch+zip	application/vnd.ootmm.patch+zip		application	media-type	application		[Maxime_Bacoux]
application/vnd.openblox.game+xml	application/vnd.openblox.game+xml		application	media-type	application		[Mark_Otaris]
application/vnd.openblox.game-binary	application/vnd.openblox.game-binary		application	media-type	application		[Mark_Otaris]
application/vnd.openeye.oeb	application/vnd.openeye.oeb		application	media-type	application		[Craig_Bruce]
application/vnd.openprinttag	application/vnd.openprinttag		application	media-type	application		[Daniel_Čejchan]
application/vnd.openstreetmap.data+xml	application/vnd.openstreetmap.data+xml		application	media-type	application		[Paul_Norman]
application/vnd.opentimestamps.ots	application/vnd.opentimestamps.ots		application	media-type	application		[Peter_Todd]
application/vnd.openvpi.dspx+json	application/vnd.openvpi.dspx+json		application	media-type	application		[Crindzebra_Sjimo]
application/vnd.openxmlformats-officedocument.custom-properties+xml	application/vnd.openxmlformats-officedocument.custom-properties+xml		application	media-type	application		[Makoto_Murata]
application/vnd.openxmlformats-officedocument.customXmlProperties+xml	application/vnd.openxmlformats-officedocument.customXmlProperties+xml		application	media-type	application		[Makoto_Murata]
application/vnd.openxmlformats-officedocument.drawing+xml	application/vnd.openxmlformats-officedocument.drawing+xml		application	media-type	application		[Makoto_Murata]
application/vnd.openxmlformats-officedocument.drawingml.chart+xml	application/vnd.openxmlformats-officedocument.drawingml.chart+xml		application	media-type	application		[Makoto_Murata]
application/vnd.openxmlformats-officedocument.drawingml.chartshapes+xml	application/vnd.openxmlformats-officedocument.drawingml.chartshapes+xml		application	media-type	application		[Makoto_Murata]
application/vnd.openxmlformats-officedocument.drawingml.diagramColors+xml	application/vnd.openxmlformats-officedocument.drawingml.diagramColors+xml		application	media-type	application		[Makoto_Murata]
application/vnd.openxmlformats-officedocument.drawingml.diagramData+xml	application/vnd.openxmlformats-officedocument.drawingml.diagramData+xml		application	media-type	application		[Makoto_Murata]
application/vnd.openxmlformats-officedocument.drawingml.diagramLayout+xml	application/vnd.openxmlformats-officedocument.drawingml.diagramLayout+xml		application	media-type	application		[Makoto_Murata]
application/vnd.openxmlformats-officedocument.drawingml.diagramStyle+xml	application/vnd.openxmlformats-officedocument.drawingml.diagramStyle+xml		application	media-type	application		[Makoto_Murata]
application/vnd.openxmlformats-officedocument.extended-properties+xml	application/vnd.openxmlformats-officedocument.extended-properties+xml		application	media-type	application		[Makoto_Murata]
application/vnd.openxmlformats-officedocument.presentationml.commentAuthors+xml	application/vnd.openxmlformats-officedocument.presentationml.commentAuthors+xml		application	media-type	application		[Makoto_Murata]
application/vnd.openxmlformats-officedocument.presentationml.comments+xml	application/vnd.openxmlformats-officedocument.presentationml.comments+xml		application	media-type	application		[Makoto_Murata]
application/vnd.openxmlformats-officedocument.presentationml.handoutMaster+xml	application/vnd.openxmlformats-officedocument.presentationml.handoutMaster+xml		application	media-type	application		[Makoto_Murata]
application/vnd.openxmlformats-officedocument.presentationml.notesMaster+xml	application/vnd.openxmlformats-officedocument.presentationml.notesMaster+xml		application	media-type	application		[Makoto_Murata]
application/vnd.openxmlformats-officedocument.presentationml.notesSlide+xml	application/vnd.openxmlformats-officedocument.presentationml.notesSlide+xml		application	media-type	application		[Makoto_Murata]
application/vnd.openxmlformats-officedocument.presentationml.presProps+xml	application/vnd.openxmlformats-officedocument.presentationml.presProps+xml		application	media-type	application		[Makoto_Murata]
application/vnd.openxmlformats-officedocument.presentationml.presentation	application/vnd.openxmlformats-officedocument.presentationml.presentation		application	media-type	application		[Makoto_Murata]
application/vnd.openxmlformats-officedocument.presentationml.presentation.main+xml	application/vnd.openxmlformats-officedocument.presentationml.presentation.main+xml		application	media-type	application		[Makoto_Murata]
application/vnd.openxmlformats-officedocument.presentationml.slide	application/vnd.openxmlformats-officedocument.presentationml.slide		application	media-type	application		[Makoto_Murata]
application/vnd.openxmlformats-officedocument.presentationml.slide+xml	application/vnd.openxmlformats-officedocument.presentationml.slide+xml		application	media-type	application		[Makoto_Murata]
application/vnd.openxmlformats-officedocument.presentationml.slideLayout+xml	application/vnd.openxmlformats-officedocument.presentationml.slideLayout+xml		application	media-type	application		[Makoto_Murata]
application/vnd.openxmlformats-officedocument.presentationml.slideMaster+xml	application/vnd.openxmlformats-officedocument.presentationml.slideMaster+xml		application	media-type	application		[Makoto_Murata]
application/vnd.openxmlformats-officedocument.presentationml.slideUpdateInfo+xml	application/vnd.openxmlformats-officedocument.presentationml.slideUpdateInfo+xml		application	media-type	application		[Makoto_Murata]
application/vnd.openxmlformats-officedocument.presentationml.slideshow	application/vnd.openxmlformats-officedocument.presentationml.slideshow		application	media-type	application		[Makoto_Murata]
application/vnd.openxmlformats-officedocument.presentationml.slideshow.main+xml	application/vnd.openxmlformats-officedocument.presentationml.slideshow.main+xml		application	media-type	application		[Makoto_Murata]
application/vnd.openxmlformats-officedocument.presentationml.tableStyles+xml	application/vnd.openxmlformats-officedocument.presentationml.tableStyles+xml		application	media-type	application		[Makoto_Murata]
application/vnd.openxmlformats-officedocument.presentationml.tags+xml	application/vnd.openxmlformats-officedocument.presentationml.tags+xml		application	media-type	application		[Makoto_Murata]
application/vnd.openxmlformats-officedocument.presentationml.template	application/vnd.openxmlformats-officedocument.presentationml.template		application	media-type	application		[Makoto_Murata]
application/vnd.openxmlformats-officedocument.presentationml.template.main+xml	application/vnd.openxmlformats-officedocument.presentationml.template.main+xml		application	media-type	application		[Makoto_Murata]
application/vnd.openxmlformats-officedocument.presentationml.viewProps+xml	application/vnd.openxmlformats-officedocument.presentationml.viewProps+xml		application	media-type	application		[Makoto_Murata]
application/vnd.openxmlformats-officedocument.spreadsheetml.calcChain+xml	application/vnd.openxmlformats-officedocument.spreadsheetml.calcChain+xml		application	media-type	application		[Makoto_Murata]
application/vnd.openxmlformats-officedocument.spreadsheetml.chartsheet+xml	application/vnd.openxmlformats-officedocument.spreadsheetml.chartsheet+xml		application	media-type	application		[Makoto_Murata]
application/vnd.openxmlformats-officedocument.spreadsheetml.comments+xml	application/vnd.openxmlformats-officedocument.spreadsheetml.comments+xml		application	media-type	application		[Makoto_Murata]
application/vnd.openxmlformats-officedocument.spreadsheetml.connections+xml	application/vnd.openxmlformats-officedocument.spreadsheetml.connections+xml		application	media-type	application		[Makoto_Murata]
application/vnd.openxmlformats-officedocument.spreadsheetml.dialogsheet+xml	application/vnd.openxmlformats-officedocument.spreadsheetml.dialogsheet+xml		application	media-type	application		[Makoto_Murata]
application/vnd.openxmlformats-officedocument.spreadsheetml.externalLink+xml	application/vnd.openxmlformats-officedocument.spreadsheetml.externalLink+xml		application	media-type	application		[Makoto_Murata]
application/vnd.openxmlformats-officedocument.spreadsheetml.pivotCacheDefinition+xml	application/vnd.openxmlformats-officedocument.spreadsheetml.pivotCacheDefinition+xml		application	media-type	application		[Makoto_Murata]
application/vnd.openxmlformats-officedocument.spreadsheetml.pivotCacheRecords+xml	application/vnd.openxmlformats-officedocument.spreadsheetml.pivotCacheRecords+xml		application	media-type	application		[Makoto_Murata]
application/vnd.openxmlformats-officedocument.spreadsheetml.pivotTable+xml	application/vnd.openxmlformats-officedocument.spreadsheetml.pivotTable+xml		application	media-type	application		[Makoto_Murata]
application/vnd.openxmlformats-officedocument.spreadsheetml.queryTable+xml	application/vnd.openxmlformats-officedocument.spreadsheetml.queryTable+xml		application	media-type	application		[Makoto_Murata]
application/vnd.openxmlformats-officedocument.spreadsheetml.revisionHeaders+xml	application/vnd.openxmlformats-officedocument.spreadsheetml.revisionHeaders+xml		application	media-type	application		[Makoto_Murata]
application/vnd.openxmlformats-officedocument.spreadsheetml.revisionLog+xml	application/vnd.openxmlformats-officedocument.spreadsheetml.revisionLog+xml		application	media-type	application		[Makoto_Murata]
application/vnd.openxmlformats-officedocument.spreadsheetml.sharedStrings+xml	application/vnd.openxmlformats-officedocument.spreadsheetml.sharedStrings+xml		application	media-type	application		[Makoto_Murata]
application/vnd.openxmlformats-officedocument.spreadsheetml.sheet	application/vnd.openxmlformats-officedocument.spreadsheetml.sheet		application	media-type	application		[Makoto_Murata]
application/vnd.openxmlformats-officedocument.spreadsheetml.sheet.main+xml	application/vnd.openxmlformats-officedocument.spreadsheetml.sheet.main+xml		application	media-type	application		[Makoto_Murata]
application/vnd.openxmlformats-officedocument.spreadsheetml.sheetMetadata+xml	application/vnd.openxmlformats-officedocument.spreadsheetml.sheetMetadata+xml		application	media-type	application		[Makoto_Murata]
application/vnd.openxmlformats-officedocument.spreadsheetml.styles+xml	application/vnd.openxmlformats-officedocument.spreadsheetml.styles+xml		application	media-type	application		[Makoto_Murata]
application/vnd.openxmlformats-officedocument.spreadsheetml.table+xml	application/vnd.openxmlformats-officedocument.spreadsheetml.table+xml		application	media-type	application		[Makoto_Murata]
application/vnd.openxmlformats-officedocument.spreadsheetml.tableSingleCells+xml	application/vnd.openxmlformats-officedocument.spreadsheetml.tableSingleCells+xml		application	media-type	application		[Makoto_Murata]
application/vnd.openxmlformats-officedocument.spreadsheetml.template	application/vnd.openxmlformats-officedocument.spreadsheetml.template		application	media-type	application		[Makoto_Murata]
application/vnd.openxmlformats-officedocument.spreadsheetml.template.main+xml	application/vnd.openxmlformats-officedocument.spreadsheetml.template.main+xml		application	media-type	application		[Makoto_Murata]
application/vnd.openxmlformats-officedocument.spreadsheetml.userNames+xml	application/vnd.openxmlformats-officedocument.spreadsheetml.userNames+xml		application	media-type	application		[Makoto_Murata]
application/vnd.openxmlformats-officedocument.spreadsheetml.volatileDependencies+xml	application/vnd.openxmlformats-officedocument.spreadsheetml.volatileDependencies+xml		application	media-type	application		[Makoto_Murata]
application/vnd.openxmlformats-officedocument.spreadsheetml.worksheet+xml	application/vnd.openxmlformats-officedocument.spreadsheetml.worksheet+xml		application	media-type	application		[Makoto_Murata]
application/vnd.openxmlformats-officedocument.theme+xml	application/vnd.openxmlformats-officedocument.theme+xml		application	media-type	application		[Makoto_Murata]
application/vnd.openxmlformats-officedocument.themeOverride+xml	application/vnd.openxmlformats-officedocument.themeOverride+xml		application	media-type	application		[Makoto_Murata]
application/vnd.openxmlformats-officedocument.vmlDrawing	application/vnd.openxmlformats-officedocument.vmlDrawing		application	media-type	application		[Makoto_Murata]
application/vnd.openxmlformats-officedocument.wordprocessingml.comments+xml	application/vnd.openxmlformats-officedocument.wordprocessingml.comments+xml		application	media-type	application		[Makoto_Murata]
application/vnd.openxmlformats-officedocument.wordprocessingml.document	application/vnd.openxmlformats-officedocument.wordprocessingml.document		application	media-type	application		[Makoto_Murata]
application/vnd.openxmlformats-officedocument.wordprocessingml.document.glossary+xml	application/vnd.openxmlformats-officedocument.wordprocessingml.document.glossary+xml		application	media-type	application		[Makoto_Murata]
application/vnd.openxmlformats-officedocument.wordprocessingml.document.main+xml	application/vnd.openxmlformats-officedocument.wordprocessingml.document.main+xml		application	media-type	application		[Makoto_Murata]
application/vnd.openxmlformats-officedocument.wordprocessingml.endnotes+xml	application/vnd.openxmlformats-officedocument.wordprocessingml.endnotes+xml		application	media-type	application		[Makoto_Murata]
application/vnd.openxmlformats-officedocument.wordprocessingml.fontTable+xml	application/vnd.openxmlformats-officedocument.wordprocessingml.fontTable+xml		application	media-type	application		[Makoto_Murata]
application/vnd.openxmlformats-officedocument.wordprocessingml.footer+xml	application/vnd.openxmlformats-officedocument.wordprocessingml.footer+xml		application	media-type	application		[Makoto_Murata]
application/vnd.openxmlformats-officedocument.wordprocessingml.footnotes+xml	application/vnd.openxmlformats-officedocument.wordprocessingml.footnotes+xml		application	media-type	application		[Makoto_Murata]
application/vnd.openxmlformats-officedocument.wordprocessingml.numbering+xml	application/vnd.openxmlformats-officedocument.wordprocessingml.numbering+xml		application	media-type	application		[Makoto_Murata]
application/vnd.openxmlformats-officedocument.wordprocessingml.settings+xml	application/vnd.openxmlformats-officedocument.wordprocessingml.settings+xml		application	media-type	application		[Makoto_Murata]
application/vnd.openxmlformats-officedocument.wordprocessingml.styles+xml	application/vnd.openxmlformats-officedocument.wordprocessingml.styles+xml		application	media-type	application		[Makoto_Murata]
application/vnd.openxmlformats-officedocument.wordprocessingml.template	application/vnd.openxmlformats-officedocument.wordprocessingml.template		application	media-type	application		[Makoto_Murata]
application/vnd.openxmlformats-officedocument.wordprocessingml.template.main+xml	application/vnd.openxmlformats-officedocument.wordprocessingml.template.main+xml		application	media-type	application		[Makoto_Murata]
application/vnd.openxmlformats-officedocument.wordprocessingml.webSettings+xml	application/vnd.openxmlformats-officedocument.wordprocessingml.webSettings+xml		application	media-type	application		[Makoto_Murata]
application/vnd.openxmlformats-package.core-properties+xml	application/vnd.openxmlformats-package.core-properties+xml		application	media-type	application		[Makoto_Murata]
application/vnd.openxmlformats-package.digital-signature-xmlsignature+xml	application/vnd.openxmlformats-package.digital-signature-xmlsignature+xml		application	media-type	application		[Makoto_Murata]
application/vnd.openxmlformats-package.relationships+xml	application/vnd.openxmlformats-package.relationships+xml		application	media-type	application		[Makoto_Murata]
application/vnd.oracle.resource+json	application/vnd.oracle.resource+json		application	media-type	application		[Ning_Dong]
application/vnd.orange.indata	application/vnd.orange.indata		application	media-type	application		[CHATRAS_Bruno]
application/vnd.osa.netdeploy	application/vnd.osa.netdeploy		application	media-type	application		[Steven_Klos]
application/vnd.osgeo.mapguide.package	application/vnd.osgeo.mapguide.package		application	media-type	application		[Jason_Birch]
application/vnd.osgi.bundle	application/vnd.osgi.bundle		application	media-type	application		[Peter_Kriens]
application/vnd.osgi.dp	application/vnd.osgi.dp		application	media-type	application		[Peter_Kriens]
application/vnd.osgi.subsystem	application/vnd.osgi.subsystem		application	media-type	application		[Peter_Kriens]
application/vnd.otps.ct-kip+xml	application/vnd.otps.ct-kip+xml		application	media-type	application		[Magnus_Nystrom]
application/vnd.oxli.countgraph	application/vnd.oxli.countgraph		application	media-type	application		[C._Titus_Brown]
application/vnd.pagerduty+json	application/vnd.pagerduty+json		application	media-type	application		[Steve_Rice]
application/vnd.palm	application/vnd.palm		application	media-type	application		[Gavin_Peacock]
application/vnd.panoply	application/vnd.panoply		application	media-type	application		[Natarajan_Balasundara]
application/vnd.paos.xml	application/vnd.paos.xml		application	media-type	application		[John_Kemp]
application/vnd.pasti-stx-disk-image	application/vnd.pasti-stx-disk-image		application	media-type	application		[Thomas_Huth]
application/vnd.patentdive	application/vnd.patentdive		application	media-type	application		[Christian_Trosclair]
application/vnd.patientecommsdoc	application/vnd.patientecommsdoc		application	media-type	application		[Andrew_David_Kendall]
application/vnd.pawaafile	application/vnd.pawaafile		application	media-type	application		[Prakash_Baskaran]
application/vnd.pcos	application/vnd.pcos		application	media-type	application		[Slawomir_Lisznianski]
application/vnd.pg.format	application/vnd.pg.format		application	media-type	application		[April_Gandert]
application/vnd.pg.osasli	application/vnd.pg.osasli		application	media-type	application		[April_Gandert]
application/vnd.phbk+xml	application/vnd.phbk+xml		application	media-type	application		[Lost_Idea_Experiments]
application/vnd.piaccess.application-licence	application/vnd.piaccess.application-licence		application	media-type	application		[Lucas_Maneos]
application/vnd.picsel	application/vnd.picsel		application	media-type	application		[Giuseppe_Naccarato]
application/vnd.pmi.widget	application/vnd.pmi.widget		application	media-type	application		[Rhys_Lewis]
application/vnd.pmtiles	application/vnd.pmtiles		application	media-type	application		[Sascha_Brawer]
application/vnd.poc.group-advertisement+xml	application/vnd.poc.group-advertisement+xml		application	media-type	application		[Sean_Kelley][OMA_Push_to_Talk_over_Cellular_POC_WG]
application/vnd.pocketlearn	application/vnd.pocketlearn		application	media-type	application		[Jorge_Pando]
application/vnd.portableweb+zip	application/vnd.portableweb+zip		application	media-type	application		[Omprakash_Selvaraj]
application/vnd.powerbuilder6	application/vnd.powerbuilder6		application	media-type	application		[David_Guy]
application/vnd.powerbuilder6-s	application/vnd.powerbuilder6-s		application	media-type	application		[David_Guy]
application/vnd.powerbuilder7	application/vnd.powerbuilder7		application	media-type	application		[Reed_Shilts]
application/vnd.powerbuilder7-s	application/vnd.powerbuilder7-s		application	media-type	application		[Reed_Shilts]
application/vnd.powerbuilder75	application/vnd.powerbuilder75		application	media-type	application		[Reed_Shilts]
application/vnd.powerbuilder75-s	application/vnd.powerbuilder75-s		application	media-type	application		[Reed_Shilts]
application/vnd.pp.systemverify+xml	application/vnd.pp.systemverify+xml		application	media-type	application		[Graham_Leggett]
application/vnd.preminet	application/vnd.preminet		application	media-type	application		[Juoko_Tenhunen]
application/vnd.previewsystems.box	application/vnd.previewsystems.box		application	media-type	application		[Roman_Smolgovsky]
application/vnd.prismatic	application/vnd.prismatic		application	media-type	application		[Thomas_Hern]
application/vnd.project-graph	application/vnd.project-graph		application	media-type	application		[Tianyu_Zhang]
application/vnd.proteus.magazine	application/vnd.proteus.magazine		application	media-type	application		[Pete_Hoch]
application/vnd.psfs	application/vnd.psfs		application	media-type	application		[Kristopher_Durski]
application/vnd.pt.mundusmundi	application/vnd.pt.mundusmundi		application	media-type	application		[Igor_Lima_Bolacha_Severino]
application/vnd.publishare-delta-tree	application/vnd.publishare-delta-tree		application	media-type	application		[Oren_Ben-Kiki]
application/vnd.pvi.ptid1	application/vnd.pvi.ptid1		application	media-type	application		[Charles_P._Lamb]
application/vnd.pwg-multiplexed	application/vnd.pwg-multiplexed		application	media-type	application		[RFC3391]
application/vnd.pwg-xhtml-print+xml	application/vnd.pwg-xhtml-print+xml		application	media-type	application		[Don_Wright]
application/vnd.pyon+json	application/vnd.pyon+json		application	media-type	application		[Eduardo_Rodrigues]
application/vnd.qualcomm.brew-app-res	application/vnd.qualcomm.brew-app-res		application	media-type	application		[Glenn_Forrester]
application/vnd.quarantainenet	application/vnd.quarantainenet		application	media-type	application		[Casper_Joost_Eyckelhof]
application/vnd.quobject-quoxdocument	application/vnd.quobject-quoxdocument		application	media-type	application		[Matthias_Ludwig]
application/vnd.radisys.moml+xml	application/vnd.radisys.moml+xml		application	media-type	application		[RFC5707]
application/vnd.radisys.msml+xml	application/vnd.radisys.msml+xml		application	media-type	application		[RFC5707]
application/vnd.radisys.msml-audit+xml	application/vnd.radisys.msml-audit+xml		application	media-type	application		[RFC5707]
application/vnd.radisys.msml-audit-conf+xml	application/vnd.radisys.msml-audit-conf+xml		application	media-type	application		[RFC5707]
application/vnd.radisys.msml-audit-conn+xml	application/vnd.radisys.msml-audit-conn+xml		application	media-type	application		[RFC5707]
application/vnd.radisys.msml-audit-dialog+xml	application/vnd.radisys.msml-audit-dialog+xml		application	media-type	application		[RFC5707]
application/vnd.radisys.msml-audit-stream+xml	application/vnd.radisys.msml-audit-stream+xml		application	media-type	application		[RFC5707]
application/vnd.radisys.msml-conf+xml	application/vnd.radisys.msml-conf+xml		application	media-type	application		[RFC5707]
application/vnd.radisys.msml-dialog+xml	application/vnd.radisys.msml-dialog+xml		application	media-type	application		[RFC5707]
application/vnd.radisys.msml-dialog-base+xml	application/vnd.radisys.msml-dialog-base+xml		application	media-type	application		[RFC5707]
application/vnd.radisys.msml-dialog-fax-detect+xml	application/vnd.radisys.msml-dialog-fax-detect+xml		application	media-type	application		[RFC5707]
application/vnd.radisys.msml-dialog-fax-sendrecv+xml	application/vnd.radisys.msml-dialog-fax-sendrecv+xml		application	media-type	application		[RFC5707]
application/vnd.radisys.msml-dialog-group+xml	application/vnd.radisys.msml-dialog-group+xml		application	media-type	application		[RFC5707]
application/vnd.radisys.msml-dialog-speech+xml	application/vnd.radisys.msml-dialog-speech+xml		application	media-type	application		[RFC5707]
application/vnd.radisys.msml-dialog-transform+xml	application/vnd.radisys.msml-dialog-transform+xml		application	media-type	application		[RFC5707]
application/vnd.rainstor.data	application/vnd.rainstor.data		application	media-type	application		[Kevin_Crook]
application/vnd.rapid	application/vnd.rapid		application	media-type	application		[Etay_Szekely]
application/vnd.rar	application/vnd.rar		application	media-type	application		[Kim_Scarborough]
application/vnd.realvnc.bed	application/vnd.realvnc.bed		application	media-type	application		[Nick_Reeves]
application/vnd.recordare.musicxml	application/vnd.recordare.musicxml		application	media-type	application		[W3C_Music_Notation_Community_Group]
application/vnd.recordare.musicxml+xml	application/vnd.recordare.musicxml+xml		application	media-type	application		[W3C_Music_Notation_Community_Group]
application/vnd.rego	application/vnd.rego		application	media-type	application		[Anders_Eknert]
application/vnd.relpipe	application/vnd.relpipe		application	media-type	application		[Frantisek_Kucera]
application/vnd.resilient.logic	application/vnd.resilient.logic		application	media-type	application		[Benedikt_Muessig]
application/vnd.restful+json	application/vnd.restful+json		application	media-type	application		[Stephen_Mizell]
application/vnd.rig.cryptonote	application/vnd.rig.cryptonote		application	media-type	application		[Ken_Jibiki]
application/vnd.route66.link66+xml	application/vnd.route66.link66+xml		application	media-type	application		[Sybren_Kikstra]
application/vnd.rs-274x	application/vnd.rs-274x		application	media-type	application		[Lee_Harding]
application/vnd.ruckus.download	application/vnd.ruckus.download		application	media-type	application		[Jerry_Harris]
application/vnd.s3sms	application/vnd.s3sms		application	media-type	application		[Lauri_Tarkkala]
application/vnd.sailingtracker.track	application/vnd.sailingtracker.track		application	media-type	application		[Heikki_Vesalainen]
application/vnd.salvanote.sal	application/vnd.salvanote.sal		application	media-type	application		[Geoff_Ellison]
application/vnd.sar	application/vnd.sar		application	media-type	application		[Markus_Strehle]
application/vnd.sbm.cid	application/vnd.sbm.cid		application	media-type	application		[Shinji_Kusakari]
application/vnd.sbm.mid2	application/vnd.sbm.mid2		application	media-type	application		[Masanori_Murai]
application/vnd.scribus	application/vnd.scribus		application	media-type	application		[Craig_Bradney]
application/vnd.sealed.3df	application/vnd.sealed.3df		application	media-type	application		[John_Kwan]
application/vnd.sealed.csf	application/vnd.sealed.csf		application	media-type	application		[John_Kwan]
application/vnd.sealed.doc	application/vnd.sealed.doc		application	media-type	application		[David_Petersen]
application/vnd.sealed.eml	application/vnd.sealed.eml		application	media-type	application		[David_Petersen]
application/vnd.sealed.mht	application/vnd.sealed.mht		application	media-type	application		[David_Petersen]
application/vnd.sealed.net	application/vnd.sealed.net		application	media-type	application		[Martin_Lambert]
application/vnd.sealed.ppt	application/vnd.sealed.ppt		application	media-type	application		[David_Petersen]
application/vnd.sealed.tiff	application/vnd.sealed.tiff		application	media-type	application		[John_Kwan][Martin_Lambert]
application/vnd.sealed.xls	application/vnd.sealed.xls		application	media-type	application		[David_Petersen]
application/vnd.sealedmedia.softseal.html	application/vnd.sealedmedia.softseal.html		application	media-type	application		[David_Petersen]
application/vnd.sealedmedia.softseal.pdf	application/vnd.sealedmedia.softseal.pdf		application	media-type	application		[David_Petersen]
application/vnd.seemail	application/vnd.seemail		application	media-type	application		[Steve_Webb]
application/vnd.seis+json	application/vnd.seis+json		application	media-type	application		[ICT_Manager]
application/vnd.sema	application/vnd.sema		application	media-type	application		[Anders_Hansson]
application/vnd.semd	application/vnd.semd		application	media-type	application		[Anders_Hansson]
application/vnd.semf	application/vnd.semf		application	media-type	application		[Anders_Hansson]
application/vnd.shade-save-file	application/vnd.shade-save-file		application	media-type	application		[Connor_Horman]
application/vnd.shana.informed.formdata	application/vnd.shana.informed.formdata		application	media-type	application		[Guy_Selzler]
application/vnd.shana.informed.formtemplate	application/vnd.shana.informed.formtemplate		application	media-type	application		[Guy_Selzler]
application/vnd.shana.informed.interchange	application/vnd.shana.informed.interchange		application	media-type	application		[Guy_Selzler]
application/vnd.shana.informed.package	application/vnd.shana.informed.package		application	media-type	application		[Guy_Selzler]
application/vnd.shootproof+json	application/vnd.shootproof+json		application	media-type	application		[Ben_Ramsey]
application/vnd.shopkick+json	application/vnd.shopkick+json		application	media-type	application		[Ronald_Jacobs]
application/vnd.shp	application/vnd.shp		application	media-type	application		[Mi_Tar]
application/vnd.shx	application/vnd.shx		application	media-type	application		[Mi_Tar]
application/vnd.sigrok.session	application/vnd.sigrok.session		application	media-type	application		[Uwe_Hermann]
application/vnd.siren+json	application/vnd.siren+json		application	media-type	application		[Kevin_Swiber]
application/vnd.sirtx.vmv0	application/vnd.sirtx.vmv0		application	media-type	application		[Philipp_Schafft]
application/vnd.sketchometry	application/vnd.sketchometry		application	media-type	application		[Center_for_Mobile_Learning_with_Digital_Technology]
application/vnd.smaf	application/vnd.smaf		application	media-type	application		[Hiroaki_Takahashi]
application/vnd.smart.notebook	application/vnd.smart.notebook		application	media-type	application		[Jonathan_Neitz]
application/vnd.smart.teacher	application/vnd.smart.teacher		application	media-type	application		[Michael_Boyle]
application/vnd.smintio.portals.archive	application/vnd.smintio.portals.archive		application	media-type	application		[Reinhard_Holzner]
application/vnd.snesdev-page-table	application/vnd.snesdev-page-table		application	media-type	application		[Connor_Horman]
application/vnd.softpres-ipf-disk-image	application/vnd.softpres-ipf-disk-image		application	media-type	application		[Thomas_Huth]
application/vnd.software602.filler.form+xml	application/vnd.software602.filler.form+xml		application	media-type	application		[Jakub_Hytka][Martin_Vondrous]
application/vnd.software602.filler.form-xml-zip	application/vnd.software602.filler.form-xml-zip		application	media-type	application		[Jakub_Hytka][Martin_Vondrous]
application/vnd.solent.sdkm+xml	application/vnd.solent.sdkm+xml		application	media-type	application		[Cliff_Gauntlett]
application/vnd.spotfire.dxp	application/vnd.spotfire.dxp		application	media-type	application		[Stefan_Jernberg]
application/vnd.spotfire.sfs	application/vnd.spotfire.sfs		application	media-type	application		[Stefan_Jernberg]
application/vnd.sqlite3	application/vnd.sqlite3		application	media-type	application		[Clemens_Ladisch]
application/vnd.sri	application/vnd.sri		application	media-type	application		[Huynh_Canh_Duongh]
application/vnd.sss-cod	application/vnd.sss-cod		application	media-type	application		[Asang_Dani]
application/vnd.sss-dtf	application/vnd.sss-dtf		application	media-type	application		[Eric_Bruno]
application/vnd.sss-ntf	application/vnd.sss-ntf		application	media-type	application		[Eric_Bruno]
application/vnd.stepmania.package	application/vnd.stepmania.package		application	media-type	application		[Henrik_Andersson]
application/vnd.stepmania.stepchart	application/vnd.stepmania.stepchart		application	media-type	application		[Henrik_Andersson]
application/vnd.street-stream	application/vnd.street-stream		application	media-type	application		[Glenn_Levitt]
application/vnd.sun.wadl+xml	application/vnd.sun.wadl+xml		application	media-type	application		[Marc_Hadley]
application/vnd.supercard-pro-disk-image	application/vnd.supercard-pro-disk-image		application	media-type	application		[Thomas_Huth]
application/vnd.superfile.super	application/vnd.superfile.super		application	media-type	application		[Shane_Valdez]
application/vnd.sus-calendar	application/vnd.sus-calendar		application	media-type	application		[Jonathan_Niedfeldt]
application/vnd.svd	application/vnd.svd		application	media-type	application		[Scott_Becker]
application/vnd.svr.receipt+json	application/vnd.svr.receipt+json		application	media-type	application		[Jason_Volk]
application/vnd.swiftview-ics	application/vnd.swiftview-ics		application	media-type	application		[Glenn_Widener]
application/vnd.sybyl.mol2	application/vnd.sybyl.mol2		application	media-type	application		[Finn_Rayk_Gärtner]
application/vnd.sycle+xml	application/vnd.sycle+xml		application	media-type	application		[Johann_Terblanche]
application/vnd.syft+json	application/vnd.syft+json		application	media-type	application		[Dan_Nurmi]
application/vnd.syncml+xml	application/vnd.syncml+xml		application	media-type	application		[OMA_Data_Synchronization_WG]
application/vnd.syncml.dm+wbxml	application/vnd.syncml.dm+wbxml		application	media-type	application		[OMA-DM_Work_Group]
application/vnd.syncml.dm+xml	application/vnd.syncml.dm+xml		application	media-type	application		[Bindu_Rama_Rao][OMA-DM_Work_Group]
application/vnd.syncml.dm.notification	application/vnd.syncml.dm.notification		application	media-type	application		[Peter_Thompson][OMA-DM_Work_Group]
application/vnd.syncml.dmddf+wbxml	application/vnd.syncml.dmddf+wbxml		application	media-type	application		[OMA-DM_Work_Group]
application/vnd.syncml.dmddf+xml	application/vnd.syncml.dmddf+xml		application	media-type	application		[OMA-DM_Work_Group]
application/vnd.syncml.dmtnds+wbxml	application/vnd.syncml.dmtnds+wbxml		application	media-type	application		[OMA-DM_Work_Group]
application/vnd.syncml.dmtnds+xml	application/vnd.syncml.dmtnds+xml		application	media-type	application		[OMA-DM_Work_Group]
application/vnd.syncml.ds.notification	application/vnd.syncml.ds.notification		application	media-type	application		[OMA_Data_Synchronization_WG]
application/vnd.tablafocus.notation	application/vnd.tablafocus.notation		application	media-type	application		[Sreeram_Kongeseri]
application/vnd.tableschema+json	application/vnd.tableschema+json		application	media-type	application		[Paul_Walsh]
application/vnd.tao.intent-module-archive	application/vnd.tao.intent-module-archive		application	media-type	application		[Daniel_Shelton]
application/vnd.tcpdump.pcap	application/vnd.tcpdump.pcap		application	media-type	application		[Guy_Harris][Glen_Turner]
application/vnd.think-cell.ppttc+json	application/vnd.think-cell.ppttc+json		application	media-type	application		[Arno_Schoedl]
application/vnd.tmd.mediaflex.api+xml	application/vnd.tmd.mediaflex.api+xml		application	media-type	application		[Alex_Sibilev]
application/vnd.tml	application/vnd.tml		application	media-type	application		[Joey_Smith]
application/vnd.tmobile-livetv	application/vnd.tmobile-livetv		application	media-type	application		[Nicolas_Helin]
application/vnd.tri.onesource	application/vnd.tri.onesource		application	media-type	application		[Rick_Rupp]
application/vnd.trid.tpt	application/vnd.trid.tpt		application	media-type	application		[Frank_Cusack]
application/vnd.triscape.mxs	application/vnd.triscape.mxs		application	media-type	application		[Steven_Simonoff]
application/vnd.trueapp	application/vnd.trueapp		application	media-type	application		[J._Scott_Hepler]
application/vnd.truedoc	application/vnd.truedoc		application	media-type	application		[Brad_Chase]
application/vnd.ubisoft.webplayer	application/vnd.ubisoft.webplayer		application	media-type	application		[Martin_Talbot]
application/vnd.ufdl	application/vnd.ufdl		application	media-type	application		[Dave_Manning]
application/vnd.uic.dosipas.v1	application/vnd.uic.dosipas.v1		application	media-type	application		[Union_Internationale_des_Chemins_de_fer]
application/vnd.uic.dosipas.v2	application/vnd.uic.dosipas.v2		application	media-type	application		[Union_Internationale_des_Chemins_de_fer]
application/vnd.uic.osdm+json	application/vnd.uic.osdm+json		application	media-type	application		[David_Sarfatti]
application/vnd.uic.tlb-fcb	application/vnd.uic.tlb-fcb		application	media-type	application		[Union_Internationale_des_Chemins_de_fer]
application/vnd.uiq.theme	application/vnd.uiq.theme		application	media-type	application		[Tim_Ocock]
application/vnd.umajin	application/vnd.umajin		application	media-type	application		[Jamie_Riden]
application/vnd.unity	application/vnd.unity		application	media-type	application		[Unity3d]
application/vnd.uoml+xml	application/vnd.uoml+xml		application	media-type	application		[Arne_Gerdes]
application/vnd.uplanet.alert	application/vnd.uplanet.alert		application	media-type	application		[Bruce_Martin]
application/vnd.uplanet.alert-wbxml	application/vnd.uplanet.alert-wbxml		application	media-type	application		[Bruce_Martin]
application/vnd.uplanet.bearer-choice	application/vnd.uplanet.bearer-choice		application	media-type	application		[Bruce_Martin]
application/vnd.uplanet.bearer-choice-wbxml	application/vnd.uplanet.bearer-choice-wbxml		application	media-type	application		[Bruce_Martin]
application/vnd.uplanet.cacheop	application/vnd.uplanet.cacheop		application	media-type	application		[Bruce_Martin]
application/vnd.uplanet.cacheop-wbxml	application/vnd.uplanet.cacheop-wbxml		application	media-type	application		[Bruce_Martin]
application/vnd.uplanet.channel	application/vnd.uplanet.channel		application	media-type	application		[Bruce_Martin]
application/vnd.uplanet.channel-wbxml	application/vnd.uplanet.channel-wbxml		application	media-type	application		[Bruce_Martin]
application/vnd.uplanet.list	application/vnd.uplanet.list		application	media-type	application		[Bruce_Martin]
application/vnd.uplanet.list-wbxml	application/vnd.uplanet.list-wbxml		application	media-type	application		[Bruce_Martin]
application/vnd.uplanet.listcmd	application/vnd.uplanet.listcmd		application	media-type	application		[Bruce_Martin]
application/vnd.uplanet.listcmd-wbxml	application/vnd.uplanet.listcmd-wbxml		application	media-type	application		[Bruce_Martin]
application/vnd.uplanet.signal	application/vnd.uplanet.signal		application	media-type	application		[Bruce_Martin]
application/vnd.uri-map	application/vnd.uri-map		application	media-type	application		[Sebastian_Baer]
application/vnd.valve.source.material	application/vnd.valve.source.material		application	media-type	application		[Henrik_Andersson]
application/vnd.vcx	application/vnd.vcx		application	media-type	application		[Taisuke_Sugimoto]
application/vnd.vd-study	application/vnd.vd-study		application	media-type	application		[Luc_Rogge]
application/vnd.vectorworks	application/vnd.vectorworks		application	media-type	application		[Lyndsey_Ferguson][Biplab_Sarkar]
application/vnd.vel+json	application/vnd.vel+json		application	media-type	application		[James_Wigger]
application/vnd.veraison.nvidia-gpu-evidence+json	application/vnd.veraison.nvidia-gpu-evidence+json		application	media-type	application		[Jagannathan_Raman]
application/vnd.veraison.tsm-report+cbor	application/vnd.veraison.tsm-report+cbor		application	media-type	application		[Thomas_Fossati]
application/vnd.veraison.tsm-report+json	application/vnd.veraison.tsm-report+json		application	media-type	application		[Thomas_Fossati]
application/vnd.verifier-attestation+jwt	application/vnd.verifier-attestation+jwt		application	media-type	application		[OpenID_Foundation_Digital_Credentials_Protocols_WG][Oliver_Terbu]
application/vnd.verimatrix.vcas	application/vnd.verimatrix.vcas		application	media-type	application		[Petr_Peterka]
application/vnd.veritone.aion+json	application/vnd.veritone.aion+json		application	media-type	application		[Al_Brown]
application/vnd.vertifile.pvf	application/vnd.vertifile.pvf		application	media-type	application		[Zur_Halfon]
application/vnd.veryant.thin	application/vnd.veryant.thin		application	media-type	application		[Massimo_Bertoli]
application/vnd.ves.encrypted	application/vnd.ves.encrypted		application	media-type	application		[Jim_Zubov]
application/vnd.vidsoft.vidconference	application/vnd.vidsoft.vidconference		application	media-type	application		[Robert_Hess]
application/vnd.vimina.vma	application/vnd.vimina.vma		application	media-type	application		[Sunny_Lynn]
application/vnd.visio	application/vnd.visio		application	media-type	application		[Troy_Sandal]
application/vnd.visionary	application/vnd.visionary		application	media-type	application		[Gayatri_Aravindakumar]
application/vnd.vividence.scriptfile	application/vnd.vividence.scriptfile		application	media-type	application		[Mark_Risher]
application/vnd.vocalshaper.vsp4	application/vnd.vocalshaper.vsp4		application	media-type	application		[Wu_Chang]
application/vnd.vsf	application/vnd.vsf		application	media-type	application		[Delton_Rowe]
application/vnd.vuq	application/vnd.vuq		application	media-type	application		[Phillip_Gimmi]
application/vnd.wantverse	application/vnd.wantverse		application	media-type	application		[John_J_Kolb_V]
application/vnd.wap.sic	application/vnd.wap.sic		application	media-type	application		[WAP-Forum]
application/vnd.wap.slc	application/vnd.wap.slc		application	media-type	application		[WAP-Forum]
application/vnd.wap.wbxml	application/vnd.wap.wbxml		application	media-type	application		[Peter_Stark]
application/vnd.wap.wmlc	application/vnd.wap.wmlc		application	media-type	application		[Peter_Stark]
application/vnd.wap.wmlscriptc	application/vnd.wap.wmlscriptc		application	media-type	application		[Peter_Stark]
application/vnd.wasmflow.wafl	application/vnd.wasmflow.wafl		application	media-type	application		[Fawad_Shaikh]
application/vnd.webturbo	application/vnd.webturbo		application	media-type	application		[Yaser_Rehem]
application/vnd.wfa.dpp	application/vnd.wfa.dpp		application	media-type	application		[Wi-Fi_Alliance][Dr._Jun_Tian]
application/vnd.wfa.p2p	application/vnd.wfa.p2p		application	media-type	application		[Mick_Conley]
application/vnd.wfa.wsc	application/vnd.wfa.wsc		application	media-type	application		[Wi-Fi_Alliance]
application/vnd.windows.devicepairing	application/vnd.windows.devicepairing		application	media-type	application		[Priya_Dandawate]
application/vnd.wmap	application/vnd.wmap		application	media-type	application		[Rubén_Fabián_Beltrán_del_Río_Vara]
application/vnd.wmc	application/vnd.wmc		application	media-type	application		[Thomas_Kjornes]
application/vnd.wmf.bootstrap	application/vnd.wmf.bootstrap		application	media-type	application		[Thinh_Nguyenphu][Prakash_Iyer]
application/vnd.wolfram.mathematica	application/vnd.wolfram.mathematica		application	media-type	application		[Wolfram]
application/vnd.wolfram.mathematica.package	application/vnd.wolfram.mathematica.package		application	media-type	application		[Wolfram]
application/vnd.wolfram.player	application/vnd.wolfram.player		application	media-type	application		[Wolfram]
application/vnd.wordlift	application/vnd.wordlift		application	media-type	application		[David_Riccitelli]
application/vnd.wordperfect	application/vnd.wordperfect		application	media-type	application		[Kim_Scarborough]
application/vnd.wqd	application/vnd.wqd		application	media-type	application		[Jan_Boström]
application/vnd.wrq-hp3000-labelled	application/vnd.wrq-hp3000-labelled		application	media-type	application		[Chris_Bartram]
application/vnd.wt.stf	application/vnd.wt.stf		application	media-type	application		[Bill_Wohler]
application/vnd.wv.csp+wbxml	application/vnd.wv.csp+wbxml		application	media-type	application		[Matti_Salmi]
application/vnd.wv.csp+xml	application/vnd.wv.csp+xml		application	media-type	application		[John_Ingi_Ingimundarson]
application/vnd.wv.ssp+xml	application/vnd.wv.ssp+xml		application	media-type	application		[John_Ingi_Ingimundarson]
application/vnd.xacml+json	application/vnd.xacml+json		application	media-type	application		[David_Brossard]
application/vnd.xara	application/vnd.xara		application	media-type	application		[David_Matthewman]
application/vnd.xarin.cpj	application/vnd.xarin.cpj		application	media-type	application		[Ben_Brown]
application/vnd.xcdn	application/vnd.xcdn		application	media-type	application		[Gioele_Stefano_Luca_Fierro]
application/vnd.xecrets-encrypted	application/vnd.xecrets-encrypted		application	media-type	application		[Svante_Seleborg]
application/vnd.xfdl	application/vnd.xfdl		application	media-type	application		[Dave_Manning]
application/vnd.xfdl.webform	application/vnd.xfdl.webform		application	media-type	application		[Michael_Mansell]
application/vnd.xmi+xml	application/vnd.xmi+xml		application	media-type	application		[Fred_Waskiewicz]
application/vnd.xmpie.cpkg	application/vnd.xmpie.cpkg		application	media-type	application		[Reuven_Sherwin]
application/vnd.xmpie.dpkg	application/vnd.xmpie.dpkg		application	media-type	application		[Reuven_Sherwin]
application/vnd.xmpie.plan	application/vnd.xmpie.plan		application	media-type	application		[Reuven_Sherwin]
application/vnd.xmpie.ppkg	application/vnd.xmpie.ppkg		application	media-type	application		[Reuven_Sherwin]
application/vnd.xmpie.xlim	application/vnd.xmpie.xlim		application	media-type	application		[Reuven_Sherwin]
application/vnd.yamaha.hv-dic	application/vnd.yamaha.hv-dic		application	media-type	application		[Tomohiro_Yamamoto]
application/vnd.yamaha.hv-script	application/vnd.yamaha.hv-script		application	media-type	application		[Tomohiro_Yamamoto]
application/vnd.yamaha.hv-voice	application/vnd.yamaha.hv-voice		application	media-type	application		[Tomohiro_Yamamoto]
application/vnd.yamaha.openscoreformat	application/vnd.yamaha.openscoreformat		application	media-type	application		[Mark_Olleson]
application/vnd.yamaha.openscoreformat.osfpvg+xml	application/vnd.yamaha.openscoreformat.osfpvg+xml		application	media-type	application		[Mark_Olleson]
application/vnd.yamaha.remote-setup	application/vnd.yamaha.remote-setup		application	media-type	application		[Takehiro_Sukizaki]
application/vnd.yamaha.smaf-audio	application/vnd.yamaha.smaf-audio		application	media-type	application		[Keiichi_Shinoda]
application/vnd.yamaha.smaf-phrase	application/vnd.yamaha.smaf-phrase		application	media-type	application		[Keiichi_Shinoda]
application/vnd.yamaha.through-ngn	application/vnd.yamaha.through-ngn		application	media-type	application		[Takehiro_Sukizaki]
application/vnd.yamaha.tunnel-udpencap	application/vnd.yamaha.tunnel-udpencap		application	media-type	application		[Takehiro_Sukizaki]
application/vnd.yaoweme	application/vnd.yaoweme		application	media-type	application		[Jens_Jorgensen]
application/vnd.yellowriver-custom-menu	application/vnd.yellowriver-custom-menu		application	media-type	application		[Mr._Yellow]
application/vnd.youtube.yt	application/vnd.youtube.yt		application	media-type	application		vnd.youtube.yt (OBSOLETED in favor of video/vnd.youtube.yt) | [Laura_Wood]
application/vnd.zoho-document.writer	application/vnd.zoho-document.writer		application	media-type	application		[Ganeshprabhu_Rajendran]
application/vnd.zoho-presentation.show	application/vnd.zoho-presentation.show		application	media-type	application		[Manivannan_Subburaj]
application/vnd.zoho.spreadsheetml.sheet	application/vnd.zoho.spreadsheetml.sheet		application	media-type	application		[Srikanth_Sankar]
application/vnd.zul	application/vnd.zul		application	media-type	application		[Rene_Grothmann]
application/vnd.zzazz.deck+xml	application/vnd.zzazz.deck+xml		application	media-type	application		[Micheal_Hewett]
application/voicexml+xml	application/voicexml+xml		application	media-type	application		[RFC4267]
application/voucher-cms+json	application/voucher-cms+json		application	media-type	application		[RFC8366]
application/voucher-jws+json	application/voucher-jws+json		application	media-type	application		[RFC-ietf-anima-jws-voucher-16]
application/vp	application/vp		application	media-type	application		[W3C_Verifiable_Credentials_WG][Ivan_Herman]
application/vp+cose	application/vp+cose		application	media-type	application		[W3C_Verifiable_Credentials_WG][Ivan_Herman]
application/vp+jwt	application/vp+jwt		application	media-type	application		[W3C_Verifiable_Credentials_WG][Ivan_Herman]
application/vp+sd-jwt	application/vp+sd-jwt		application	media-type	application		[W3C_Verifiable_Credentials_WG][Ivan_Herman]
application/vq-rtcpxr	application/vq-rtcpxr		application	media-type	application		[RFC6035]
application/wasm	application/wasm		application	media-type	application		[W3C][Eric_Prudhommeaux]
application/watcherinfo+xml	application/watcherinfo+xml		application	media-type	application		[RFC3858]
application/webpush-options+json	application/webpush-options+json		application	media-type	application		[RFC8292]
application/whoispp-query	application/whoispp-query		application	media-type	application		[RFC2957]
application/whoispp-response	application/whoispp-response		application	media-type	application		[RFC2958]
application/widget	application/widget		application	media-type	application		[W3C][Steven_Pemberton][W3C-Widgets-2012]
application/wita	application/wita		application	media-type	application		[Larry_Campbell]
application/wordperfect5.1	application/wordperfect5.1		application	media-type	application		[Paul_Lindner]
application/wsdl+xml	application/wsdl+xml		application	media-type	application		[W3C]
application/wspolicy+xml	application/wspolicy+xml		application	media-type	application		[W3C]
application/x-pki-message	application/x-pki-message		application	media-type	application		[RFC8894]
application/x-www-form-urlencoded	application/x-www-form-urlencoded		application	media-type	application		[WHATWG][Anne_van_Kesteren]
application/x-x509-ca-cert	application/x-x509-ca-cert		application	media-type	application		[RFC8894]
application/x-x509-ca-ra-cert	application/x-x509-ca-ra-cert		application	media-type	application		[RFC8894]
application/x-x509-next-ca-cert	application/x-x509-next-ca-cert		application	media-type	application		[RFC8894]
application/x400-bp	application/x400-bp		application	media-type	application		[RFC1494]
application/xacml+xml	application/xacml+xml		application	media-type	application		[RFC7061]
application/xcap-att+xml	application/xcap-att+xml		application	media-type	application		[RFC4825]
application/xcap-caps+xml	application/xcap-caps+xml		application	media-type	application		[RFC4825]
application/xcap-diff+xml	application/xcap-diff+xml		application	media-type	application		[RFC5874]
application/xcap-el+xml	application/xcap-el+xml		application	media-type	application		[RFC4825]
application/xcap-error+xml	application/xcap-error+xml		application	media-type	application		[RFC4825]
application/xcap-ns+xml	application/xcap-ns+xml		application	media-type	application		[RFC4825]
application/xcon-conference-info+xml	application/xcon-conference-info+xml		application	media-type	application		[RFC6502]
application/xcon-conference-info-diff+xml	application/xcon-conference-info-diff+xml		application	media-type	application		[RFC6502]
application/xenc+xml	application/xenc+xml		application	media-type	application		[Joseph_Reagle][XENC_WG]
application/xfdf	application/xfdf		application	media-type	application		[ISO-TC_171-SC_2][Betsy_Fanning]
application/xhtml+xml	application/xhtml+xml		application	media-type	application		[W3C][Robin_Berjon]
application/xliff+xml	application/xliff+xml		application	media-type	application		[OASIS][Chet_Ensign]
application/xml	application/xml		application	media-type	application		[RFC7303]
application/xml-dtd	application/xml-dtd		application	media-type	application		[RFC7303]
application/xml-external-parsed-entity	application/xml-external-parsed-entity		application	media-type	application		[RFC7303]
application/xml-patch+xml	application/xml-patch+xml		application	media-type	application		[RFC7351]
application/xmpp+xml	application/xmpp+xml		application	media-type	application		[RFC3923]
application/xop+xml	application/xop+xml		application	media-type	application		[Mark_Nottingham]
application/xslt+xml	application/xslt+xml		application	media-type	application		[W3C][http://www.w3.org/TR/2007/REC-xslt20-20070123/#media-type-registration]
application/xv+xml	application/xv+xml		application	media-type	application		[RFC4374]
application/yaml	application/yaml		application	media-type	application		[YAML][RFC9512]
application/yang	application/yang		application	media-type	application		[RFC6020]
application/yang-data+cbor	application/yang-data+cbor		application	media-type	application		[RFC9254]
application/yang-data+json	application/yang-data+json		application	media-type	application		[RFC8040]
application/yang-data+xml	application/yang-data+xml		application	media-type	application		[RFC8040]
application/yang-patch+json	application/yang-patch+json		application	media-type	application		[RFC8072]
application/yang-patch+xml	application/yang-patch+xml		application	media-type	application		[RFC8072]
application/yang-sid+json	application/yang-sid+json		application	media-type	application		[RFC9595]
application/yin+xml	application/yin+xml		application	media-type	application		[RFC6020]
application/zip	application/zip		application	media-type	application		[Paul_Lindner]
application/zlib	application/zlib		application	media-type	application		[RFC6713]
application/zstd	application/zstd		application	media-type	application		[RFC8878]
audio/1d-interleaved-parityfec	audio/1d-interleaved-parityfec		audio	media-type	audio		[RFC6015]
audio/32kadpcm	audio/32kadpcm		audio	media-type	audio		[RFC3802][RFC2421]
audio/3gpp	audio/3gpp		audio	media-type	audio		[RFC3839][RFC6381]
audio/3gpp2	audio/3gpp2		audio	media-type	audio		[RFC4393][RFC6381]
audio/AMR	audio/AMR		audio	media-type	audio		[RFC4867]
audio/AMR-WB	audio/AMR-WB		audio	media-type	audio		[RFC4867]
audio/ATRAC-ADVANCED-LOSSLESS	audio/ATRAC-ADVANCED-LOSSLESS		audio	media-type	audio		[RFC5584]
audio/ATRAC-X	audio/ATRAC-X		audio	media-type	audio		[RFC5584]
audio/ATRAC3	audio/ATRAC3		audio	media-type	audio		[RFC5584]
audio/BV16	audio/BV16		audio	media-type	audio		[RFC4298]
audio/BV32	audio/BV32		audio	media-type	audio		[RFC4298]
audio/CN	audio/CN		audio	media-type	audio		[RFC3389]
audio/DAT12	audio/DAT12		audio	media-type	audio		[RFC3190]
audio/DV	audio/DV		audio	media-type	audio		[RFC6469]
audio/DVI4	audio/DVI4		audio	media-type	audio		[RFC4856]
audio/EVRC	audio/EVRC		audio	media-type	audio		[RFC4788]
audio/EVRC-QCP	audio/EVRC-QCP		audio	media-type	audio		[RFC3625]
audio/EVRC0	audio/EVRC0		audio	media-type	audio		[RFC4788]
audio/EVRC1	audio/EVRC1		audio	media-type	audio		[RFC4788]
audio/EVRCB	audio/EVRCB		audio	media-type	audio		[RFC5188]
audio/EVRCB0	audio/EVRCB0		audio	media-type	audio		[RFC5188]
audio/EVRCB1	audio/EVRCB1		audio	media-type	audio		[RFC4788]
audio/EVRCNW	audio/EVRCNW		audio	media-type	audio		[RFC6884]
audio/EVRCNW0	audio/EVRCNW0		audio	media-type	audio		[RFC6884]
audio/EVRCNW1	audio/EVRCNW1		audio	media-type	audio		[RFC6884]
audio/EVRCWB	audio/EVRCWB		audio	media-type	audio		[RFC5188]
audio/EVRCWB0	audio/EVRCWB0		audio	media-type	audio		[RFC5188]
audio/EVRCWB1	audio/EVRCWB1		audio	media-type	audio		[RFC5188]
audio/EVS	audio/EVS		audio	media-type	audio		[_3GPP][Kyunghun_Jung]
audio/G711-0	audio/G711-0		audio	media-type	audio		[RFC7655]
audio/G719	audio/G719		audio	media-type	audio		[RFC5404][RFC Errata 3245]
audio/G722	audio/G722		audio	media-type	audio		[RFC4856]
audio/G7221	audio/G7221		audio	media-type	audio		[RFC5577]
audio/G723	audio/G723		audio	media-type	audio		[RFC4856]
audio/G726-16	audio/G726-16		audio	media-type	audio		[RFC4856]
audio/G726-24	audio/G726-24		audio	media-type	audio		[RFC4856]
audio/G726-32	audio/G726-32		audio	media-type	audio		[RFC4856]
audio/G726-40	audio/G726-40		audio	media-type	audio		[RFC4856]
audio/G728	audio/G728		audio	media-type	audio		[RFC4856]
audio/G729	audio/G729		audio	media-type	audio		[RFC4856]
audio/G7291	audio/G7291		audio	media-type	audio		[RFC4749][RFC5459]
audio/G729D	audio/G729D		audio	media-type	audio		[RFC4856]
audio/G729E	audio/G729E		audio	media-type	audio		[RFC4856]
audio/GSM	audio/GSM		audio	media-type	audio		[RFC4856]
audio/GSM-EFR	audio/GSM-EFR		audio	media-type	audio		[RFC4856]
audio/GSM-HR-08	audio/GSM-HR-08		audio	media-type	audio		[RFC5993]
audio/L16	audio/L16		audio	media-type	audio		[RFC4856]
audio/L20	audio/L20		audio	media-type	audio		[RFC3190]
audio/L24	audio/L24		audio	media-type	audio		[RFC3190]
audio/L8	audio/L8		audio	media-type	audio		[RFC4856]
audio/LPC	audio/LPC		audio	media-type	audio		[RFC4856]
audio/MELP	audio/MELP		audio	media-type	audio		[RFC8130]
audio/MELP1200	audio/MELP1200		audio	media-type	audio		[RFC8130]
audio/MELP2400	audio/MELP2400		audio	media-type	audio		[RFC8130]
audio/MELP600	audio/MELP600		audio	media-type	audio		[RFC8130]
audio/MP4A-LATM	audio/MP4A-LATM		audio	media-type	audio		[RFC6416]
audio/MPA	audio/MPA		audio	media-type	audio		[RFC3555]
audio/PCMA	audio/PCMA		audio	media-type	audio		[RFC4856]
audio/PCMA-WB	audio/PCMA-WB		audio	media-type	audio		[RFC5391]
audio/PCMU	audio/PCMU		audio	media-type	audio		[RFC4856]
audio/PCMU-WB	audio/PCMU-WB		audio	media-type	audio		[RFC5391]
audio/QCELP	audio/QCELP		audio	media-type	audio		[RFC3555][RFC3625]
audio/RED	audio/RED		audio	media-type	audio		[RFC3555]
audio/SMV	audio/SMV		audio	media-type	audio		[RFC3558]
audio/SMV-QCP	audio/SMV-QCP		audio	media-type	audio		[RFC3625]
audio/SMV0	audio/SMV0		audio	media-type	audio		[RFC3558]
audio/TETRA_ACELP	audio/TETRA_ACELP		audio	media-type	audio		[ETSI][Miguel_Angel_Reina_Ortega]
audio/TETRA_ACELP_BB	audio/TETRA_ACELP_BB		audio	media-type	audio		[ETSI][Miguel_Angel_Reina_Ortega]
audio/TSVCIS	audio/TSVCIS		audio	media-type	audio		[RFC8817]
audio/UEMCLIP	audio/UEMCLIP		audio	media-type	audio		[RFC5686]
audio/VDVI	audio/VDVI		audio	media-type	audio		[RFC4856]
audio/VMR-WB	audio/VMR-WB		audio	media-type	audio		[RFC4348][RFC4424]
audio/aac	audio/aac		audio	media-type	audio		[ISO-IEC_JTC_1][Max_Neuendorf]
audio/ac3	audio/ac3		audio	media-type	audio		[RFC4184]
audio/amr-wb+	audio/amr-wb+		audio	media-type	audio		[RFC4352]
audio/aptx	audio/aptx		audio	media-type	audio		[RFC7310]
audio/asc	audio/asc		audio	media-type	audio		[RFC6295]
audio/basic	audio/basic		audio	media-type	audio		[RFC2045][RFC2046]
audio/clearmode	audio/clearmode		audio	media-type	audio		[RFC4040]
audio/dls	audio/dls		audio	media-type	audio		[RFC4613]
audio/dsr-es201108	audio/dsr-es201108		audio	media-type	audio		[RFC3557]
audio/dsr-es202050	audio/dsr-es202050		audio	media-type	audio		[RFC4060]
audio/dsr-es202211	audio/dsr-es202211		audio	media-type	audio		[RFC4060]
audio/dsr-es202212	audio/dsr-es202212		audio	media-type	audio		[RFC4060]
audio/eac3	audio/eac3		audio	media-type	audio		[RFC4598]
audio/encaprtp	audio/encaprtp		audio	media-type	audio		[RFC6849]
audio/example	audio/example		audio	media-type	audio		[RFC4735]
audio/flac	audio/flac		audio	media-type	audio		[RFC9639]
audio/flexfec	audio/flexfec		audio	media-type	audio		[RFC8627]
audio/fwdred	audio/fwdred		audio	media-type	audio		[RFC6354]
audio/iLBC	audio/iLBC		audio	media-type	audio		[RFC3952]
audio/ip-mr_v2.5	audio/ip-mr_v2.5		audio	media-type	audio		[RFC6262]
audio/matroska	audio/matroska		audio	media-type	audio		[RFC9559]
audio/mhas	audio/mhas		audio	media-type	audio		[ISO-IEC_JTC_1][Nils_Peters][Ingo_Hofmann]
audio/midi-clip	audio/midi-clip		audio	media-type	audio		[MIDI_Association][Benjamin_Israel]
audio/mobile-xmf	audio/mobile-xmf		audio	media-type	audio		[RFC4723]
audio/mp4	audio/mp4		audio	media-type	audio		[RFC4337][RFC6381]
audio/mpa-robust	audio/mpa-robust		audio	media-type	audio		[RFC5219]
audio/mpeg	audio/mpeg		audio	media-type	audio		[RFC3003]
audio/mpeg4-generic	audio/mpeg4-generic		audio	media-type	audio		[RFC3640][RFC5691][RFC6295]
audio/ogg	audio/ogg		audio	media-type	audio		[RFC5334][RFC7845]
audio/opus	audio/opus		audio	media-type	audio		[RFC7587]
audio/parityfec	audio/parityfec		audio	media-type	audio		[RFC3009]
audio/prs.aaud	audio/prs.aaud		audio	media-type	audio		[Ai_Media_Format]
audio/prs.sid	audio/prs.sid		audio	media-type	audio		[Linus_Walleij]
audio/raptorfec	audio/raptorfec		audio	media-type	audio		[RFC6682]
audio/rtp-enc-aescm128	audio/rtp-enc-aescm128		audio	media-type	audio		[_3GPP]
audio/rtp-midi	audio/rtp-midi		audio	media-type	audio		[RFC6295]
audio/rtploopback	audio/rtploopback		audio	media-type	audio		[RFC6849]
audio/rtx	audio/rtx		audio	media-type	audio		[RFC4588]
audio/scip	audio/scip		audio	media-type	audio		[RFC9607]
audio/sofa	audio/sofa		audio	media-type	audio		[AES][Piotr_Majdak]
audio/soundfont	audio/soundfont		audio	media-type	audio		[Aria_Barak][5]
audio/sp-midi	audio/sp-midi		audio	media-type	audio		[Athan_Billias][MIDI_Association]
audio/speex	audio/speex		audio	media-type	audio		[RFC5574]
audio/t140c	audio/t140c		audio	media-type	audio		[RFC4351]
audio/t38	audio/t38		audio	media-type	audio		[RFC4612]
audio/telephone-event	audio/telephone-event		audio	media-type	audio		[RFC4733]
audio/tone	audio/tone		audio	media-type	audio		[RFC4733]
audio/ulpfec	audio/ulpfec		audio	media-type	audio		[RFC5109]
audio/usac	audio/usac		audio	media-type	audio		[ISO-IEC_JTC_1][Max_Neuendorf]
audio/vnd.3gpp.iufp	audio/vnd.3gpp.iufp		audio	media-type	audio		[Thomas_Belling]
audio/vnd.4SB	audio/vnd.4SB		audio	media-type	audio		[Serge_De_Jaham]
audio/vnd.CELP	audio/vnd.CELP		audio	media-type	audio		[Serge_De_Jaham]
audio/vnd.audiokoz	audio/vnd.audiokoz		audio	media-type	audio		[Vicki_DeBarros]
audio/vnd.blockfact.facta	audio/vnd.blockfact.facta		audio	media-type	audio		[Egbert_von_Frankenberg]
audio/vnd.cisco.nse	audio/vnd.cisco.nse		audio	media-type	audio		[Rajesh_Kumar]
audio/vnd.cmles.radio-events	audio/vnd.cmles.radio-events		audio	media-type	audio		[Jean-Philippe_Goulet]
audio/vnd.cns.anp1	audio/vnd.cns.anp1		audio	media-type	audio		[Ann_McLaughlin]
audio/vnd.cns.inf1	audio/vnd.cns.inf1		audio	media-type	audio		[Ann_McLaughlin]
audio/vnd.dece.audio	audio/vnd.dece.audio		audio	media-type	audio		[Michael_A_Dolan]
audio/vnd.digital-winds	audio/vnd.digital-winds		audio	media-type	audio		[Armands_Strazds]
audio/vnd.dlna.adts	audio/vnd.dlna.adts		audio	media-type	audio		[Edwin_Heredia]
audio/vnd.dolby.heaac.1	audio/vnd.dolby.heaac.1		audio	media-type	audio		[Steve_Hattersley]
audio/vnd.dolby.heaac.2	audio/vnd.dolby.heaac.2		audio	media-type	audio		[Steve_Hattersley]
audio/vnd.dolby.mlp	audio/vnd.dolby.mlp		audio	media-type	audio		[Mike_Ward]
audio/vnd.dolby.mps	audio/vnd.dolby.mps		audio	media-type	audio		[Steve_Hattersley]
audio/vnd.dolby.pl2	audio/vnd.dolby.pl2		audio	media-type	audio		[Steve_Hattersley]
audio/vnd.dolby.pl2x	audio/vnd.dolby.pl2x		audio	media-type	audio		[Steve_Hattersley]
audio/vnd.dolby.pl2z	audio/vnd.dolby.pl2z		audio	media-type	audio		[Steve_Hattersley]
audio/vnd.dolby.pulse.1	audio/vnd.dolby.pulse.1		audio	media-type	audio		[Steve_Hattersley]
audio/vnd.dra	audio/vnd.dra		audio	media-type	audio		[Jiang_Tian]
audio/vnd.dts	audio/vnd.dts		audio	media-type	audio		[William_Zou]
audio/vnd.dts.hd	audio/vnd.dts.hd		audio	media-type	audio		[William_Zou]
audio/vnd.dts.uhd	audio/vnd.dts.uhd		audio	media-type	audio		[Phillip_Maness]
audio/vnd.dvb.file	audio/vnd.dvb.file		audio	media-type	audio		[Peter_Siebert]
audio/vnd.everad.plj	audio/vnd.everad.plj		audio	media-type	audio		[Shay_Cicelsky]
audio/vnd.hns.audio	audio/vnd.hns.audio		audio	media-type	audio		[Swaminathan]
audio/vnd.lucent.voice	audio/vnd.lucent.voice		audio	media-type	audio		[Greg_Vaudreuil]
audio/vnd.ms-playready.media.pya	audio/vnd.ms-playready.media.pya		audio	media-type	audio		[Steve_DiAcetis]
audio/vnd.nokia.mobile-xmf	audio/vnd.nokia.mobile-xmf		audio	media-type	audio		[Nokia]
audio/vnd.nortel.vbk	audio/vnd.nortel.vbk		audio	media-type	audio		[Glenn_Parsons]
audio/vnd.nuera.ecelp4800	audio/vnd.nuera.ecelp4800		audio	media-type	audio		[Michael_Fox]
audio/vnd.nuera.ecelp7470	audio/vnd.nuera.ecelp7470		audio	media-type	audio		[Michael_Fox]
audio/vnd.nuera.ecelp9600	audio/vnd.nuera.ecelp9600		audio	media-type	audio		[Michael_Fox]
audio/vnd.octel.sbc	audio/vnd.octel.sbc		audio	media-type	audio		[Greg_Vaudreuil]
audio/vnd.opennbs.nbs	audio/vnd.opennbs.nbs		audio	media-type	audio		[OpenNBS_Project]
audio/vnd.presonus.multitrack	audio/vnd.presonus.multitrack		audio	media-type	audio		[Matthias_Juwan]
audio/vnd.qcelp	audio/vnd.qcelp		audio	media-type	audio		vnd.qcelp - DEPRECATED in favor of audio/qcelp | [RFC3625]
audio/vnd.rhetorex.32kadpcm	audio/vnd.rhetorex.32kadpcm		audio	media-type	audio		[Greg_Vaudreuil]
audio/vnd.rip	audio/vnd.rip		audio	media-type	audio		[Martin_Dawe]
audio/vnd.sealedmedia.softseal.mpeg	audio/vnd.sealedmedia.softseal.mpeg		audio	media-type	audio		[David_Petersen]
audio/vnd.vmx.cvsd	audio/vnd.vmx.cvsd		audio	media-type	audio		[Greg_Vaudreuil]
audio/vorbis	audio/vorbis		audio	media-type	audio		[RFC5215]
audio/vorbis-config	audio/vorbis-config		audio	media-type	audio		[RFC5215]
font/collection	font/collection		font	media-type	font		[RFC8081]
font/otf	font/otf		font	media-type	font		[RFC8081]
font/sfnt	font/sfnt		font	media-type	font		[RFC8081]
font/ttf	font/ttf		font	media-type	font		[RFC8081]
font/woff	font/woff		font	media-type	font		[RFC8081]
font/woff2	font/woff2		font	media-type	font		[RFC8081]
haptics/hjif	haptics/hjif		haptics	media-type	haptics		[RFC9695]
haptics/hmpg	haptics/hmpg		haptics	media-type	haptics		[RFC9695][RFC9993]
haptics/ivs	haptics/ivs		haptics	media-type	haptics		[RFC9695]
image/aces	image/aces		image	media-type	image		[SMPTE][Howard_Lukk]
image/apng	image/apng		image	media-type	image		[W3C][W3C_PNG_WG]
image/avci	image/avci		image	media-type	image		[ISO-IEC_JTC_1][David_Singer]
image/avcs	image/avcs		image	media-type	image		[ISO-IEC_JTC_1][David_Singer]
image/avif	image/avif		image	media-type	image		[Alliance_for_Open_Media][Cyril_Concolato]
image/bmp	image/bmp		image	media-type	image		[RFC7903]
image/cgm	image/cgm		image	media-type	image		[Alan_Francis]
image/dicom-rle	image/dicom-rle		image	media-type	image		[DICOM_Standard_Committee][David_Clunie]
image/dpx	image/dpx		image	media-type	image		[SMPTE][SMPTE_Director_of_Standards_Development]
image/emf	image/emf		image	media-type	image		[RFC7903]
image/example	image/example		image	media-type	image		[RFC4735]
image/fits	image/fits		image	media-type	image		[RFC4047]
image/g3fax	image/g3fax		image	media-type	image		[RFC1494]
image/gif	image/gif		image	media-type	image		[RFC2045][RFC2046]
image/heic	image/heic		image	media-type	image		[ISO-IEC_JTC_1][David_Singer]
image/heic-sequence	image/heic-sequence		image	media-type	image		[ISO-IEC_JTC_1][David_Singer]
image/heif	image/heif		image	media-type	image		[ISO-IEC_JTC_1][David_Singer]
image/heif-sequence	image/heif-sequence		image	media-type	image		[ISO-IEC_JTC_1][David_Singer]
image/hej2k	image/hej2k		image	media-type	image		[ISO-IEC_JTC_1][ITU-T]
image/hsj2	image/hsj2		image	media-type	image		hsj2 (OBSOLETE) | [ISO-IEC_JTC_1][ITU-T]
image/ief	image/ief		image	media-type	image		[RFC1314]
image/j2c	image/j2c		image	media-type	image		[ISO-IEC_JTC_1_SC_29_WG_1][ISO-IEC_JTC_1][ITU-T]
image/jaii	image/jaii		image	media-type	image		[ISO-IEC_JTC_1_SC_29_WG_1][Ye-Kui_Wang]
image/jais	image/jais		image	media-type	image		[ISO-IEC_JTC_1_SC_29_WG_1][Ye-Kui_Wang]
image/jls	image/jls		image	media-type	image		[DICOM_Standard_Committee][David_Clunie]
image/jp2	image/jp2		image	media-type	image		[RFC3745]
image/jpeg	image/jpeg		image	media-type	image		[RFC2045][RFC2046]
image/jph	image/jph		image	media-type	image		[ISO-IEC_JTC_1][ITU-T]
image/jphc	image/jphc		image	media-type	image		[ISO-IEC_JTC_1][ITU-T]
image/jpm	image/jpm		image	media-type	image		[RFC3745]
image/jpx	image/jpx		image	media-type	image		[RFC3745][ISO-IEC_JTC_1_SC_29_WG_1]
image/jxl	image/jxl		image	media-type	image		[ISO-IEC_JTC_1_SC_29_WG_1][ISO-IEC_JTC_1]
image/jxr	image/jxr		image	media-type	image		[ISO-IEC_JTC_1][ITU-T]
image/jxrA	image/jxrA		image	media-type	image		[ISO-IEC_JTC_1][ITU-T]
image/jxrS	image/jxrS		image	media-type	image		[ISO-IEC_JTC_1][ITU-T]
image/jxs	image/jxs		image	media-type	image		[ISO-IEC_JTC_1]
image/jxsc	image/jxsc		image	media-type	image		[ISO-IEC_JTC_1]
image/jxsi	image/jxsi		image	media-type	image		[ISO-IEC_JTC_1]
image/jxss	image/jxss		image	media-type	image		[ISO-IEC_JTC_1]
image/ktx	image/ktx		image	media-type	image		[Khronos][Mark_Callow]
image/ktx2	image/ktx2		image	media-type	image		[Khronos][Mark_Callow]
image/naplps	image/naplps		image	media-type	image		[Ilya_Ferber]
image/png	image/png		image	media-type	image		[W3C][PNG_WG][PNG]
image/prs.aimg	image/prs.aimg		image	media-type	image		[Ai_Media_Format]
image/prs.btif	image/prs.btif		image	media-type	image		[Ben_Simon]
image/prs.pti	image/prs.pti		image	media-type	image		[Juern_Laun]
image/pwg-raster	image/pwg-raster		image	media-type	image		[Michael_Sweet]
image/svg+xml	image/svg+xml		image	media-type	image		[W3C][http://www.w3.org/TR/SVG/mimereg.html]
image/t38	image/t38		image	media-type	image		[RFC3362]
image/tiff	image/tiff		image	media-type	image		[RFC3302]
image/tiff-fx	image/tiff-fx		image	media-type	image		[RFC3950]
image/vnd.adobe.photoshop	image/vnd.adobe.photoshop		image	media-type	image		[Kim_Scarborough]
image/vnd.airzip.accelerator.azv	image/vnd.airzip.accelerator.azv		image	media-type	image		[Gary_Clueit]
image/vnd.blockfact.facti	image/vnd.blockfact.facti		image	media-type	image		[Egbert_von_Frankenberg]
image/vnd.clip	image/vnd.clip		image	media-type	image		[Ryo_Inaba]
image/vnd.cns.inf2	image/vnd.cns.inf2		image	media-type	image		[Ann_McLaughlin]
image/vnd.dece.graphic	image/vnd.dece.graphic		image	media-type	image		[Michael_A_Dolan]
image/vnd.djvu	image/vnd.djvu		image	media-type	image		[Leon_Bottou]
image/vnd.dvb.subtitle	image/vnd.dvb.subtitle		image	media-type	image		[Peter_Siebert][Michael_Lagally]
image/vnd.dwg	image/vnd.dwg		image	media-type	image		[Jodi_Moline]
image/vnd.dxf	image/vnd.dxf		image	media-type	image		[Jodi_Moline]
image/vnd.fastbidsheet	image/vnd.fastbidsheet		image	media-type	image		[Scott_Becker]
image/vnd.fpx	image/vnd.fpx		image	media-type	image		[Marc_Douglas_Spencer]
image/vnd.fst	image/vnd.fst		image	media-type	image		[Arild_Fuldseth]
image/vnd.fujixerox.edmics-mmr	image/vnd.fujixerox.edmics-mmr		image	media-type	image		[Masanori_Onda]
image/vnd.fujixerox.edmics-rlc	image/vnd.fujixerox.edmics-rlc		image	media-type	image		[Masanori_Onda]
image/vnd.globalgraphics.pgb	image/vnd.globalgraphics.pgb		image	media-type	image		[Martin_Bailey]
image/vnd.microsoft.icon	image/vnd.microsoft.icon		image	media-type	image		[Simon_Butcher]
image/vnd.mix	image/vnd.mix		image	media-type	image		[Saveen_Reddy]
image/vnd.mozilla.apng	image/vnd.mozilla.apng		image	media-type	image		[Stuart_Parmenter]
image/vnd.ms-modi	image/vnd.ms-modi		image	media-type	image		[Gregory_Vaughan]
image/vnd.net-fpx	image/vnd.net-fpx		image	media-type	image		[Marc_Douglas_Spencer]
image/vnd.pco.b16	image/vnd.pco.b16		image	media-type	image		[PCO_AG][Jan_Zeman]
image/vnd.radiance	image/vnd.radiance		image	media-type	image		[Randolph_Fritz][Greg_Ward]
image/vnd.sealed.png	image/vnd.sealed.png		image	media-type	image		[David_Petersen]
image/vnd.sealedmedia.softseal.gif	image/vnd.sealedmedia.softseal.gif		image	media-type	image		[David_Petersen]
image/vnd.sealedmedia.softseal.jpg	image/vnd.sealedmedia.softseal.jpg		image	media-type	image		[David_Petersen]
image/vnd.sld	image/vnd.sld		image	media-type	image		[Gareth_Davidson]
image/vnd.svf	image/vnd.svf		image	media-type	image		[Jodi_Moline]
image/vnd.tencent.tap	image/vnd.tencent.tap		image	media-type	image		[Ni_Hui]
image/vnd.valve.source.texture	image/vnd.valve.source.texture		image	media-type	image		[Henrik_Andersson]
image/vnd.wap.wbmp	image/vnd.wap.wbmp		image	media-type	image		[Peter_Stark]
image/vnd.xiff	image/vnd.xiff		image	media-type	image		[Steven_Martin]
image/vnd.zbrush.pcx	image/vnd.zbrush.pcx		image	media-type	image		[Chris_Charabaruk]
image/webp	image/webp		image	media-type	image		[RFC9649]
image/wmf	image/wmf		image	media-type	image		[RFC7903]
image/x-emf	image/x-emf		image	media-type	image		x-emf - DEPRECATED in favor of image/emf | [RFC7903]
image/x-wmf	image/x-wmf		image	media-type	image		x-wmf - DEPRECATED in favor of image/wmf | [RFC7903]
message/CPIM	message/CPIM		message	media-type	message		[RFC3862]
message/bhttp	message/bhttp		message	media-type	message		[RFC9292]
message/delivery-status	message/delivery-status		message	media-type	message		[RFC1894]
message/disposition-notification	message/disposition-notification		message	media-type	message		[RFC8098]
message/example	message/example		message	media-type	message		[RFC4735]
message/external-body	message/external-body		message	media-type	message		[RFC2045][RFC2046]
message/feedback-report	message/feedback-report		message	media-type	message		[RFC5965]
message/global	message/global		message	media-type	message		[RFC6532]
message/global-delivery-status	message/global-delivery-status		message	media-type	message		[RFC6533]
message/global-disposition-notification	message/global-disposition-notification		message	media-type	message		[RFC6533]
message/global-headers	message/global-headers		message	media-type	message		[RFC6533]
message/http	message/http		message	media-type	message		[RFC9112]
message/imdn+xml	message/imdn+xml		message	media-type	message		[RFC5438]
message/mls	message/mls		message	media-type	message		[RFC9420]
message/news	message/news		message	media-type	message		news (OBSOLETED by [RFC5537]) | [RFC5537][Henry_Spencer]
message/ohttp-chunked-req	message/ohttp-chunked-req		message	media-type	message		[RFC-ietf-ohai-chunked-ohttp-08]
message/ohttp-chunked-res	message/ohttp-chunked-res		message	media-type	message		[RFC-ietf-ohai-chunked-ohttp-08]
message/ohttp-req	message/ohttp-req		message	media-type	message		[RFC9458]
message/ohttp-res	message/ohttp-res		message	media-type	message		[RFC9458]
message/partial	message/partial		message	media-type	message		[RFC2045][RFC2046]
message/rfc822	message/rfc822		message	media-type	message		[RFC2045][RFC2046]
message/s-http	message/s-http		message	media-type	message		s-http (OBSOLETE) | [RFC2660][Status change of HTTP experiments to Historic]
message/sip	message/sip		message	media-type	message		[RFC3261]
message/sipfrag	message/sipfrag		message	media-type	message		[RFC3420]
message/tracking-status	message/tracking-status		message	media-type	message		[RFC3886]
message/vnd.si.simp	message/vnd.si.simp		message	media-type	message		vnd.si.simp (OBSOLETED by request) | [Nicholas_Parks_Young]
message/vnd.wfa.wsc	message/vnd.wfa.wsc		message	media-type	message		[Mick_Conley]
model/3mf	model/3mf		model	media-type	model		[http://www.3mf.io/specification][_3MF][Michael_Sweet]
model/JT	model/JT		model	media-type	model		[ISO-TC_184-SC_4][Michael_Zink]
model/e57	model/e57		model	media-type	model		[ASTM]
model/example	model/example		model	media-type	model		[RFC4735]
model/gltf+json	model/gltf+json		model	media-type	model		[Khronos][Uli_Klumpp]
model/gltf-binary	model/gltf-binary		model	media-type	model		[Khronos][Saurabh_Bhatia]
model/iges	model/iges		model	media-type	model		[Curtis_Parks]
model/mesh	model/mesh		model	media-type	model		[RFC2077]
model/mtl	model/mtl		model	media-type	model		[DICOM_Standard_Committee][DICOM_WG_17][Carolyn_Hull]
model/obj	model/obj		model	media-type	model		[DICOM_Standard_Committee][DICOM_WG_17][Carolyn_Hull]
model/prc	model/prc		model	media-type	model		[ISO-TC_171-SC_2][Betsy_Fanning]
model/step	model/step		model	media-type	model		[ISO-TC_184-SC_4][Dana_Tripp]
model/step+xml	model/step+xml		model	media-type	model		[ISO-TC_184-SC_4][Dana_Tripp]
model/step+zip	model/step+zip		model	media-type	model		[ISO-TC_184-SC_4][Dana_Tripp]
model/step-xml+zip	model/step-xml+zip		model	media-type	model		[ISO-TC_184-SC_4][Dana_Tripp]
model/stl	model/stl		model	media-type	model		[DICOM_Standard_Committee][DICOM_WG_17][Carolyn_Hull]
model/u3d	model/u3d		model	media-type	model		[PDF_Association][Peter_Wyatt]
model/vnd.bary	model/vnd.bary		model	media-type	model		[Displaced_Micro-Mesh_SDK_Support]
model/vnd.cld	model/vnd.cld		model	media-type	model		[Robert_Monaghan]
model/vnd.collada+xml	model/vnd.collada+xml		model	media-type	model		[James_Riordon]
model/vnd.dwf	model/vnd.dwf		model	media-type	model		[Jason_Pratt]
model/vnd.flatland.3dml	model/vnd.flatland.3dml		model	media-type	model		[Michael_Powers]
model/vnd.gdl	model/vnd.gdl		model	media-type	model		[Attila_Babits]
model/vnd.gs-gdl	model/vnd.gs-gdl		model	media-type	model		[Attila_Babits]
model/vnd.gtw	model/vnd.gtw		model	media-type	model		[Yutaka_Ozaki]
model/vnd.moml+xml	model/vnd.moml+xml		model	media-type	model		[Christopher_Brooks]
model/vnd.mts	model/vnd.mts		model	media-type	model		[Boris_Rabinovitch]
model/vnd.opengex	model/vnd.opengex		model	media-type	model		[Eric_Lengyel]
model/vnd.parasolid.transmit.binary	model/vnd.parasolid.transmit.binary		model	media-type	model		[Parasolid]
model/vnd.parasolid.transmit.text	model/vnd.parasolid.transmit.text		model	media-type	model		[Parasolid]
model/vnd.pytha.pyox	model/vnd.pytha.pyox		model	media-type	model		[Daniel_Flassig]
model/vnd.rosette.annotated-data-model	model/vnd.rosette.annotated-data-model		model	media-type	model		[Benson_Margulies]
model/vnd.sap.vds	model/vnd.sap.vds		model	media-type	model		[SAP_SE][Igor_Afanasyev]
model/vnd.usda	model/vnd.usda		model	media-type	model		[Sebastian_Grassia]
model/vnd.usdz+zip	model/vnd.usdz+zip		model	media-type	model		[Sebastian_Grassia]
model/vnd.valve.source.compiled-map	model/vnd.valve.source.compiled-map		model	media-type	model		[Henrik_Andersson]
model/vnd.vtu	model/vnd.vtu		model	media-type	model		[Boris_Rabinovitch]
model/vrml	model/vrml		model	media-type	model		[RFC2077]
model/x3d+fastinfoset	model/x3d+fastinfoset		model	media-type	model		[Web3D_X3D]
model/x3d+xml	model/x3d+xml		model	media-type	model		[Web3D][Web3D_X3D]
model/x3d-vrml	model/x3d-vrml		model	media-type	model		[Web3D][Web3D_X3D]
multipart/alternative	multipart/alternative		multipart	media-type	multipart		[RFC2046][RFC2045]
multipart/appledouble	multipart/appledouble		multipart	media-type	multipart		[Patrik_Faltstrom]
multipart/byteranges	multipart/byteranges		multipart	media-type	multipart		[RFC9110]
multipart/digest	multipart/digest		multipart	media-type	multipart		[RFC2046][RFC2045]
multipart/encrypted	multipart/encrypted		multipart	media-type	multipart		[RFC1847]
multipart/example	multipart/example		multipart	media-type	multipart		[RFC4735]
multipart/form-data	multipart/form-data		multipart	media-type	multipart		[RFC7578]
multipart/header-set	multipart/header-set		multipart	media-type	multipart		[Dave_Crocker]
multipart/mixed	multipart/mixed		multipart	media-type	multipart		[RFC2046][RFC2045]
multipart/multilingual	multipart/multilingual		multipart	media-type	multipart		[RFC8255]
multipart/parallel	multipart/parallel		multipart	media-type	multipart		[RFC2046][RFC2045]
multipart/related	multipart/related		multipart	media-type	multipart		[RFC2387]
multipart/report	multipart/report		multipart	media-type	multipart		[RFC6522]
multipart/signed	multipart/signed		multipart	media-type	multipart		[RFC1847]
multipart/vnd.bint.med-plus	multipart/vnd.bint.med-plus		multipart	media-type	multipart		[Heinz-Peter_Schütz]
multipart/voice-message	multipart/voice-message		multipart	media-type	multipart		[RFC3801]
multipart/x-mixed-replace	multipart/x-mixed-replace		multipart	media-type	multipart		[W3C][Robin_Berjon]
text/1d-interleaved-parityfec	text/1d-interleaved-parityfec		text	media-type	text		[RFC6015]
text/RED	text/RED		text	media-type	text		[RFC4102]
text/SGML	text/SGML		text	media-type	text		[RFC1874]
text/cache-manifest	text/cache-manifest		text	media-type	text		[W3C][Robin_Berjon]
text/calendar	text/calendar		text	media-type	text		[RFC5545]
text/cql	text/cql		text	media-type	text		[HL7][Bryn_Rhodes]
text/cql-expression	text/cql-expression		text	media-type	text		[HL7][Bryn_Rhodes]
text/cql-identifier	text/cql-identifier		text	media-type	text		[HL7][Bryn_Rhodes]
text/css	text/css		text	media-type	text		[W3C][https://www.w3.org/TR/css]
text/csv	text/csv		text	media-type	text		[RFC4180][RFC7111]
text/csv-schema	text/csv-schema		text	media-type	text		[National_Archives_UK][David_Underdown]
text/directory	text/directory		text	media-type	text		directory - DEPRECATED by RFC6350 | [RFC2425][RFC6350]
text/dns	text/dns		text	media-type	text		[RFC4027]
text/ecmascript	text/ecmascript		text	media-type	text		ecmascript (OBSOLETED in favor of text/javascript) | [RFC9239]
text/encaprtp	text/encaprtp		text	media-type	text		[RFC6849]
text/enriched	text/enriched		text	media-type	text		[RFC1896]
text/example	text/example		text	media-type	text		[RFC4735]
text/fhirpath	text/fhirpath		text	media-type	text		[HL7][Bryn_Rhodes]
text/flexfec	text/flexfec		text	media-type	text		[RFC8627]
text/fwdred	text/fwdred		text	media-type	text		[RFC6354]
text/gff3	text/gff3		text	media-type	text		[Sequence_Ontology]
text/grammar-ref-list	text/grammar-ref-list		text	media-type	text		[RFC6787]
text/hl7v2	text/hl7v2		text	media-type	text		[HL7][Marc_Duteau]
text/html	text/html		text	media-type	text		[W3C][Robin_Berjon]
text/javascript	text/javascript		text	media-type	text		[RFC9239]
text/jcr-cnd	text/jcr-cnd		text	media-type	text		[Peeter_Piegaze]
text/markdown	text/markdown		text	media-type	text		[RFC7763]
text/mizar	text/mizar		text	media-type	text		[Jesse_Alama]
text/n3	text/n3		text	media-type	text		[W3C][Eric_Prudhommeaux]
text/org	text/org		text	media-type	text		[Org_Mode][Jeffrey_Gipson][4]
text/parameters	text/parameters		text	media-type	text		[RFC7826]
text/parityfec	text/parityfec		text	media-type	text		[RFC3009]
text/plain	text/plain		text	media-type	text		[RFC2046][RFC3676][RFC5147]
text/provenance-notation	text/provenance-notation		text	media-type	text		[W3C][Ivan_Herman]
text/prs.fallenstein.rst	text/prs.fallenstein.rst		text	media-type	text		[Benja_Fallenstein]
text/prs.lines.tag	text/prs.lines.tag		text	media-type	text		[John_Lines]
text/prs.prop.logic	text/prs.prop.logic		text	media-type	text		[Hans-Dieter_A._Hiep]
text/prs.texi	text/prs.texi		text	media-type	text		[Matin_Bavardi]
text/qml	text/qml		text	media-type	text		[Qt][7]
text/raptorfec	text/raptorfec		text	media-type	text		[RFC6682]
text/rfc822-headers	text/rfc822-headers		text	media-type	text		[RFC6522]
text/richtext	text/richtext		text	media-type	text		[RFC2045][RFC2046]
text/rtf	text/rtf		text	media-type	text		[Paul_Lindner]
text/rtp-enc-aescm128	text/rtp-enc-aescm128		text	media-type	text		[_3GPP]
text/rtploopback	text/rtploopback		text	media-type	text		[RFC6849]
text/rtx	text/rtx		text	media-type	text		[RFC4588]
text/shaclc	text/shaclc		text	media-type	text		[W3C_SHACL_Community_Group][Vladimir_Alexiev]
text/shex	text/shex		text	media-type	text		[W3C][Eric_Prudhommeaux]
text/spdx	text/spdx		text	media-type	text		[Linux_Foundation][Rose_Judge]
text/strings	text/strings		text	media-type	text		[IEEE-ISTO-PWG-PPP]
text/t140	text/t140		text	media-type	text		[RFC4103]
text/tab-separated-values	text/tab-separated-values		text	media-type	text		[Paul_Lindner]
text/troff	text/troff		text	media-type	text		[RFC4263]
text/turtle	text/turtle		text	media-type	text		[W3C][Eric_Prudhommeaux]
text/ulpfec	text/ulpfec		text	media-type	text		[RFC5109]
text/uri-list	text/uri-list		text	media-type	text		[RFC2483]
text/vcard	text/vcard		text	media-type	text		[RFC6350]
text/vnd.DMClientScript	text/vnd.DMClientScript		text	media-type	text		[Dan_Bradley]
text/vnd.IPTC.NITF	text/vnd.IPTC.NITF		text	media-type	text		[IPTC]
text/vnd.IPTC.NewsML	text/vnd.IPTC.NewsML		text	media-type	text		[IPTC]
text/vnd.a	text/vnd.a		text	media-type	text		[Regis_Dehoux]
text/vnd.abc	text/vnd.abc		text	media-type	text		[Steve_Allen]
text/vnd.ascii-art	text/vnd.ascii-art		text	media-type	text		[Kim_Scarborough]
text/vnd.bovnar	text/vnd.bovnar		text	media-type	text		[Janos_Sonntag]
text/vnd.curl	text/vnd.curl		text	media-type	text		[Robert_Byrnes]
text/vnd.debian.copyright	text/vnd.debian.copyright		text	media-type	text		[Charles_Plessy]
text/vnd.dvb.subtitle	text/vnd.dvb.subtitle		text	media-type	text		[Peter_Siebert][Michael_Lagally]
text/vnd.esmertec.theme-descriptor	text/vnd.esmertec.theme-descriptor		text	media-type	text		[Stefan_Eilemann]
text/vnd.exchangeable	text/vnd.exchangeable		text	media-type	text		[Martin_Cizek]
text/vnd.familysearch.gedcom	text/vnd.familysearch.gedcom		text	media-type	text		[Gordon_Clarke]
text/vnd.ficlab.flt	text/vnd.ficlab.flt		text	media-type	text		[Steve_Gilberd]
text/vnd.fly	text/vnd.fly		text	media-type	text		[John-Mark_Gurney]
text/vnd.fmi.flexstor	text/vnd.fmi.flexstor		text	media-type	text		[Kari_E._Hurtta]
text/vnd.gist.mx	text/vnd.gist.mx		text	media-type	text		[Sachin_Nagda]
text/vnd.gml	text/vnd.gml		text	media-type	text		[Mi_Tar]
text/vnd.graphviz	text/vnd.graphviz		text	media-type	text		[John_Ellson]
text/vnd.hans	text/vnd.hans		text	media-type	text		[Hill_Hanxv]
text/vnd.hekaya	text/vnd.hekaya		text	media-type	text		[Michael_K_Malak]
text/vnd.hgl	text/vnd.hgl		text	media-type	text		[Heungsub_Lee]
text/vnd.in3d.3dml	text/vnd.in3d.3dml		text	media-type	text		[Michael_Powers]
text/vnd.in3d.spot	text/vnd.in3d.spot		text	media-type	text		[Michael_Powers]
text/vnd.latex-z	text/vnd.latex-z		text	media-type	text		[Mikusiak_Lubos]
text/vnd.longform	text/vnd.longform		text	media-type	text		[Matthew_Quinn]
text/vnd.motorola.reflex	text/vnd.motorola.reflex		text	media-type	text		[Mark_Patton]
text/vnd.ms-mediapackage	text/vnd.ms-mediapackage		text	media-type	text		[Jan_Nelson]
text/vnd.net2phone.commcenter.command	text/vnd.net2phone.commcenter.command		text	media-type	text		[Feiyu_Xie]
text/vnd.radisys.msml-basic-layout	text/vnd.radisys.msml-basic-layout		text	media-type	text		[RFC5707]
text/vnd.senx.warpscript	text/vnd.senx.warpscript		text	media-type	text		[Pierre_Papin]
text/vnd.si.uricatalogue	text/vnd.si.uricatalogue		text	media-type	text		vnd.si.uricatalogue (OBSOLETED by request) | [Nicholas_Parks_Young]
text/vnd.sosi	text/vnd.sosi		text	media-type	text		[Petter_Reinholdtsen]
text/vnd.sun.j2me.app-descriptor	text/vnd.sun.j2me.app-descriptor		text	media-type	text		[Gary_Adams]
text/vnd.tps	text/vnd.tps		text	media-type	text		[Konstantin_Semenenko]
text/vnd.trolltech.linguist	text/vnd.trolltech.linguist		text	media-type	text		[David_Lee_Lambert]
text/vnd.typst	text/vnd.typst		text	media-type	text		[Martin_Haug]
text/vnd.vcf	text/vnd.vcf		text	media-type	text		[Anand_Jahagirdar]
text/vnd.vri	text/vnd.vri		text	media-type	text		[Huynh_Canh_Duongh]
text/vnd.wap.si	text/vnd.wap.si		text	media-type	text		[WAP-Forum]
text/vnd.wap.sl	text/vnd.wap.sl		text	media-type	text		[WAP-Forum]
text/vnd.wap.wml	text/vnd.wap.wml		text	media-type	text		[Peter_Stark]
text/vnd.wap.wmlscript	text/vnd.wap.wmlscript		text	media-type	text		[Peter_Stark]
text/vnd.zoo.kcl	text/vnd.zoo.kcl		text	media-type	text		[Jessie_Frazelle]
text/vtt	text/vtt		text	media-type	text		[W3C][Silvia_Pfeiffer]
text/wgsl	text/wgsl		text	media-type	text		[W3C][David_Neto]
text/xml	text/xml		text	media-type	text		[RFC7303]
text/xml-external-parsed-entity	text/xml-external-parsed-entity		text	media-type	text		[RFC7303]
video/1d-interleaved-parityfec	video/1d-interleaved-parityfec		video	media-type	video		[RFC6015]
video/3gpp	video/3gpp		video	media-type	video		[RFC3839][RFC6381]
video/3gpp-tt	video/3gpp-tt		video	media-type	video		[RFC4396]
video/3gpp2	video/3gpp2		video	media-type	video		[RFC4393][RFC6381]
video/AV1	video/AV1		video	media-type	video		[Alliance_for_Open_Media]
video/BMPEG	video/BMPEG		video	media-type	video		[RFC3555]
video/BT656	video/BT656		video	media-type	video		[RFC3555]
video/CelB	video/CelB		video	media-type	video		[RFC3555]
video/DV	video/DV		video	media-type	video		[RFC6469]
video/FFV1	video/FFV1		video	media-type	video		[RFC9043]
video/H261	video/H261		video	media-type	video		[RFC4587]
video/H263	video/H263		video	media-type	video		[RFC3555]
video/H263-1998	video/H263-1998		video	media-type	video		[RFC4629]
video/H263-2000	video/H263-2000		video	media-type	video		[RFC4629]
video/H264	video/H264		video	media-type	video		[RFC6184]
video/H264-RCDO	video/H264-RCDO		video	media-type	video		[RFC6185]
video/H264-SVC	video/H264-SVC		video	media-type	video		[RFC6190]
video/H265	video/H265		video	media-type	video		[RFC7798]
video/H266	video/H266		video	media-type	video		[RFC9328]
video/JPEG	video/JPEG		video	media-type	video		[RFC3555]
video/MP1S	video/MP1S		video	media-type	video		[RFC3555]
video/MP2P	video/MP2P		video	media-type	video		[RFC3555]
video/MP2T	video/MP2T		video	media-type	video		[RFC3555]
video/MP4V-ES	video/MP4V-ES		video	media-type	video		[RFC6416]
video/MPV	video/MPV		video	media-type	video		[RFC3555]
video/SMPTE292M	video/SMPTE292M		video	media-type	video		[RFC3497]
video/VP8	video/VP8		video	media-type	video		[RFC7741]
video/VP9	video/VP9		video	media-type	video		[RFC9628]
video/encaprtp	video/encaprtp		video	media-type	video		[RFC6849]
video/evc	video/evc		video	media-type	video		[RFC9584]
video/example	video/example		video	media-type	video		[RFC4735]
video/flexfec	video/flexfec		video	media-type	video		[RFC8627]
video/iso.segment	video/iso.segment		video	media-type	video		[David_Singer][ISO-IEC_JTC_1]
video/jpeg2000	video/jpeg2000		video	media-type	video		[RFC5371][RFC5372]
video/jpeg2000-scl	video/jpeg2000-scl		video	media-type	video		[RFC9828]
video/jxsv	video/jxsv		video	media-type	video		[RFC9134]
video/lottie+json	video/lottie+json		video	media-type	video		[Lottie_Animation_Community]
video/matroska	video/matroska		video	media-type	video		[RFC9559]
video/matroska-3d	video/matroska-3d		video	media-type	video		[RFC9559]
video/mj2	video/mj2		video	media-type	video		[RFC3745]
video/mp4	video/mp4		video	media-type	video		[RFC4337][RFC6381]
video/mpeg	video/mpeg		video	media-type	video		[RFC2045][RFC2046]
video/mpeg4-generic	video/mpeg4-generic		video	media-type	video		[RFC3640]
video/nv	video/nv		video	media-type	video		[RFC4856]
video/ogg	video/ogg		video	media-type	video		[RFC5334][RFC7845]
video/parityfec	video/parityfec		video	media-type	video		[RFC3009]
video/pointer	video/pointer		video	media-type	video		[RFC2862]
video/prs.avid	video/prs.avid		video	media-type	video		[Ai_Media_Format]
video/quicktime	video/quicktime		video	media-type	video		[RFC6381][Paul_Lindner]
video/raptorfec	video/raptorfec		video	media-type	video		[RFC6682]
video/raw	video/raw		video	media-type	video		[RFC4175]
video/rtp-enc-aescm128	video/rtp-enc-aescm128		video	media-type	video		[_3GPP]
video/rtploopback	video/rtploopback		video	media-type	video		[RFC6849]
video/rtx	video/rtx		video	media-type	video		[RFC4588]
video/scip	video/scip		video	media-type	video		[RFC9607]
video/smpte291	video/smpte291		video	media-type	video		[RFC8331]
video/ulpfec	video/ulpfec		video	media-type	video		[RFC5109]
video/vc1	video/vc1		video	media-type	video		[RFC4425]
video/vc2	video/vc2		video	media-type	video		[RFC8450]
video/vnd.CCTV	video/vnd.CCTV		video	media-type	video		[Frank_Rottmann]
video/vnd.blockfact.factv	video/vnd.blockfact.factv		video	media-type	video		[Egbert_von_Frankenberg]
video/vnd.dece.hd	video/vnd.dece.hd		video	media-type	video		[Michael_A_Dolan]
video/vnd.dece.mobile	video/vnd.dece.mobile		video	media-type	video		[Michael_A_Dolan]
video/vnd.dece.mp4	video/vnd.dece.mp4		video	media-type	video		[Michael_A_Dolan]
video/vnd.dece.pd	video/vnd.dece.pd		video	media-type	video		[Michael_A_Dolan]
video/vnd.dece.sd	video/vnd.dece.sd		video	media-type	video		[Michael_A_Dolan]
video/vnd.dece.video	video/vnd.dece.video		video	media-type	video		[Michael_A_Dolan]
video/vnd.directv.mpeg	video/vnd.directv.mpeg		video	media-type	video		[Nathan_Zerbe]
video/vnd.directv.mpeg-tts	video/vnd.directv.mpeg-tts		video	media-type	video		[Nathan_Zerbe]
video/vnd.dlna.mpeg-tts	video/vnd.dlna.mpeg-tts		video	media-type	video		[Edwin_Heredia]
video/vnd.dvb.file	video/vnd.dvb.file		video	media-type	video		[Peter_Siebert][Kevin_Murray]
video/vnd.fvt	video/vnd.fvt		video	media-type	video		[Arild_Fuldseth]
video/vnd.hns.video	video/vnd.hns.video		video	media-type	video		[Swaminathan]
video/vnd.iptvforum.1dparityfec-1010	video/vnd.iptvforum.1dparityfec-1010		video	media-type	video		[Shuji_Nakamura]
video/vnd.iptvforum.1dparityfec-2005	video/vnd.iptvforum.1dparityfec-2005		video	media-type	video		[Shuji_Nakamura]
video/vnd.iptvforum.2dparityfec-1010	video/vnd.iptvforum.2dparityfec-1010		video	media-type	video		[Shuji_Nakamura]
video/vnd.iptvforum.2dparityfec-2005	video/vnd.iptvforum.2dparityfec-2005		video	media-type	video		[Shuji_Nakamura]
video/vnd.iptvforum.ttsavc	video/vnd.iptvforum.ttsavc		video	media-type	video		[Shuji_Nakamura]
video/vnd.iptvforum.ttsmpeg2	video/vnd.iptvforum.ttsmpeg2		video	media-type	video		[Shuji_Nakamura]
video/vnd.motorola.video	video/vnd.motorola.video		video	media-type	video		[Tom_McGinty]
video/vnd.motorola.videop	video/vnd.motorola.videop		video	media-type	video		[Tom_McGinty]
video/vnd.mpegurl	video/vnd.mpegurl		video	media-type	video		[Heiko_Recktenwald]
video/vnd.ms-playready.media.pyv	video/vnd.ms-playready.media.pyv		video	media-type	video		[Steve_DiAcetis]
video/vnd.nokia.interleaved-multimedia	video/vnd.nokia.interleaved-multimedia		video	media-type	video		[Petteri_Kangaslampi]
video/vnd.nokia.mp4vr	video/vnd.nokia.mp4vr		video	media-type	video		[Miska_M._Hannuksela]
video/vnd.nokia.videovoip	video/vnd.nokia.videovoip		video	media-type	video		[Nokia]
video/vnd.objectvideo	video/vnd.objectvideo		video	media-type	video		[John_Clark]
video/vnd.planar	video/vnd.planar		video	media-type	video		[David_Atkins]
video/vnd.radgamettools.bink	video/vnd.radgamettools.bink		video	media-type	video		[Henrik_Andersson]
video/vnd.radgamettools.smacker	video/vnd.radgamettools.smacker		video	media-type	video		[Henrik_Andersson]
video/vnd.sealed.mpeg1	video/vnd.sealed.mpeg1		video	media-type	video		[David_Petersen]
video/vnd.sealed.mpeg4	video/vnd.sealed.mpeg4		video	media-type	video		[David_Petersen]
video/vnd.sealed.swf	video/vnd.sealed.swf		video	media-type	video		[David_Petersen]
video/vnd.sealedmedia.softseal.mov	video/vnd.sealedmedia.softseal.mov		video	media-type	video		[David_Petersen]
video/vnd.uvvu.mp4	video/vnd.uvvu.mp4		video	media-type	video		[Michael_A_Dolan]
video/vnd.vivo	video/vnd.vivo		video	media-type	video		[John_Wolfe]
video/vnd.youtube.yt	video/vnd.youtube.yt		video	media-type	video		[Google]
