# PRONOM, The National Archives' registry of file formats, as the terms a program working
# with documents actually writes. A format's name is a phrase — Portable Document Format,
# Extensible Hypertext Markup Language, Scalable Vector Graphics — and the registry states
# each format's extensions and media types beside it, which are the short names a parser or
# a test fixture declares. Each concept is the format's PUID at the registry's own
# permalink, so a match cites The National Archives' record for it.
#
# Columns: concept, prefLabel, altLabel, broader, kind, module, definition, note.
# prefLabel is the format's own name. altLabel pools the stated extensions and media
# types. note carries the stated version, because PRONOM publishes one record per version
# of a format. broader and definition are blank on every row: the signature file states no
# hierarchy and no prose, and the blank is the publisher's statement. NOT CARRIED, and
# said outright: the container signature file — it maps container signatures to PUIDs this
# file already names, and states no format row of its own.
#
# Name: PRONOM signature file V125
# Short name: PRONOM
# Publisher: The National Archives
# Published at: https://www.nationalarchives.gov.uk/pronom/
# Kind: terms
# Description: PRONOM: the names The National Archives states for file formats.
# Subject: file formats
# Source: PRONOM's DROID signature file V125, https://cdn.nationalarchives.gov.uk/documents/DROID_SignatureFile_V125.xml,
#   a numbered release the publisher does not state a content address for, so it is pinned
#   by this library's own digest over it — a weaker claim than a publisher's revision, and
#   stated as such:
#   d06f26aeb0f153013449bd2a2f912c8d480247c056fd9bfd3facdc39bff7a586.
# Licence: the site footer states Open Government Licence v3.0, which permits copying,
#   publishing and adapting the information with attribution. The attribution statement it
#   requires — contains public sector information licensed under the Open Government
#   Licence v3.0 — is carried here and in NOTICE.md.
# Generated by PronomFormatsExtraction: 2571 formats.
https://www.nationalarchives.gov.uk/PRONOM/fmt/1	Broadcast WAVE	wav | audio/x-wav		format			version 0 Generic
https://www.nationalarchives.gov.uk/PRONOM/fmt/10	Tagged Image File Format			format			version 6
https://www.nationalarchives.gov.uk/PRONOM/fmt/100	Hypertext Markup Language	htm | html | text/html		format			version 4.01
https://www.nationalarchives.gov.uk/PRONOM/fmt/1000	TZX Format	tzx		format			
https://www.nationalarchives.gov.uk/PRONOM/fmt/1001	OpenEXR	exr | image/x-exr		format			version 2
https://www.nationalarchives.gov.uk/PRONOM/fmt/1002	Nearly Raw Raster Data	nrrd		format			version 1
https://www.nationalarchives.gov.uk/PRONOM/fmt/1003	Nearly Raw Raster Data	nrrd		format			version 2
https://www.nationalarchives.gov.uk/PRONOM/fmt/1004	Nearly Raw Raster Data	nrrd		format			version 3
https://www.nationalarchives.gov.uk/PRONOM/fmt/1005	Nearly Raw Raster Data	nrrd		format			version 4
https://www.nationalarchives.gov.uk/PRONOM/fmt/1006	Nearly Raw Raster Data	nrrd		format			version 5
https://www.nationalarchives.gov.uk/PRONOM/fmt/1007	Digital Speech Standard	dss		format			
https://www.nationalarchives.gov.uk/PRONOM/fmt/1008	DSS Pro	ds2		format			
https://www.nationalarchives.gov.uk/PRONOM/fmt/1009	FBX (Filmbox) Binary			format			
https://www.nationalarchives.gov.uk/PRONOM/fmt/101	Extensible Markup Language	xml | application/xml | text/xml		format			version 1.0
https://www.nationalarchives.gov.uk/PRONOM/fmt/1010	FBX (Filmbox) Text	fbx		format			
https://www.nationalarchives.gov.uk/PRONOM/fmt/1011	INTERLIS Transfer File	xml | xtf		format			version 2.2
https://www.nationalarchives.gov.uk/PRONOM/fmt/1012	INTERLIS Model File	ili		format			version 2.2
https://www.nationalarchives.gov.uk/PRONOM/fmt/1013	INTERLIS Transfer File	itf		format			version 1
https://www.nationalarchives.gov.uk/PRONOM/fmt/1014	INTERLIS Model File	ili		format			version 1
https://www.nationalarchives.gov.uk/PRONOM/fmt/1015	Statistical Analysis System Data (Windows)	sas7bdat | sd7		format			version Generic
https://www.nationalarchives.gov.uk/PRONOM/fmt/1016	Statistical Analysis System Data (Unix)	sas7bdat | sd7		format			version Generic
https://www.nationalarchives.gov.uk/PRONOM/fmt/1017	Statistical Analysis System Data (Windows)	sas7bdat | sd7		format			version 8.2
https://www.nationalarchives.gov.uk/PRONOM/fmt/1018	Statistical Analysis System Data (Unix)	sas7bdat | sd7		format			version 8.2
https://www.nationalarchives.gov.uk/PRONOM/fmt/1019	Statistical Analysis System Data (Windows)	sas7bdat | sd7		format			version 9.2
https://www.nationalarchives.gov.uk/PRONOM/fmt/102	Extensible Hypertext Markup Language	htm | html | xhtml | application/xhtml+xml		format			version 1.0
https://www.nationalarchives.gov.uk/PRONOM/fmt/1020	Statistical Analysis System Data (Unix)	sas7bdat | sd7		format			version 9.2
https://www.nationalarchives.gov.uk/PRONOM/fmt/1021	Statistical Analysis System Data (Windows)	sas7bdat | sd7		format			version 9.3
https://www.nationalarchives.gov.uk/PRONOM/fmt/1022	Statistical Analysis System Data (Unix)	sas7bdat | sd7		format			version 9.3
https://www.nationalarchives.gov.uk/PRONOM/fmt/1023	Statistical Analysis System Catalog (Windows)	sas7bcat | sc7		format			version Generic
https://www.nationalarchives.gov.uk/PRONOM/fmt/1024	Statistical Analysis System Catalog (Unix)	sas7bcat | sc7		format			version Generic
https://www.nationalarchives.gov.uk/PRONOM/fmt/1025	Statistical Analysis System Catalog (Windows)	sas7bcat | sc7		format			version 9.2
https://www.nationalarchives.gov.uk/PRONOM/fmt/1026	Statistical Analysis System Catalog (Unix)	sas7bcat | sc7		format			version 9.2
https://www.nationalarchives.gov.uk/PRONOM/fmt/1027	Statistical Analysis System Catalog (Windows)	sas7bcat | sc7		format			version 9.3
https://www.nationalarchives.gov.uk/PRONOM/fmt/1028	Statistical Analysis System Catalog (Unix)	sas7bcat | sc7		format			version 9.3
https://www.nationalarchives.gov.uk/PRONOM/fmt/1029	Stata Data (DTA) Format	dta		format			version 104
https://www.nationalarchives.gov.uk/PRONOM/fmt/103	Extensible Hypertext Markup Language	htm | html | xhtml | application/xhtml+xml		format			version 1.1
https://www.nationalarchives.gov.uk/PRONOM/fmt/1030	Stata Data (DTA) Format	dta		format			version 105
https://www.nationalarchives.gov.uk/PRONOM/fmt/1031	Stata Data (DTA) Format	dta		format			version 110
https://www.nationalarchives.gov.uk/PRONOM/fmt/1032	Stata Data (DTA) Format	dta		format			version 111
https://www.nationalarchives.gov.uk/PRONOM/fmt/1033	Stata Data (DTA) Format	dta		format			version 113
https://www.nationalarchives.gov.uk/PRONOM/fmt/1034	Stata Data (DTA) Format	dta		format			version 114
https://www.nationalarchives.gov.uk/PRONOM/fmt/1035	Stata Data (DTA) Format	dta		format			version 115
https://www.nationalarchives.gov.uk/PRONOM/fmt/1036	Stata Data (DTA) Format	dta		format			version 117
https://www.nationalarchives.gov.uk/PRONOM/fmt/1037	Stata Data (DTA) Format	dta		format			version 118
https://www.nationalarchives.gov.uk/PRONOM/fmt/1038	Redcode RAW (R3D) Media File	r3d		format			version 2
https://www.nationalarchives.gov.uk/PRONOM/fmt/1039	Redcode Metadata (RMD) File	rmd		format			
https://www.nationalarchives.gov.uk/PRONOM/fmt/104	Macromedia Flash	swf | application/x-shockwave-flash		format			version 1
https://www.nationalarchives.gov.uk/PRONOM/fmt/1040	DirectDraw Surface	dds		format			
https://www.nationalarchives.gov.uk/PRONOM/fmt/1041	HDF	h4 | hdf		format			version 1-4
https://www.nationalarchives.gov.uk/PRONOM/fmt/1042	WordPerfect Graphics Metafile	wpg		format			version 2.0
https://www.nationalarchives.gov.uk/PRONOM/fmt/1043	Microsoft PRX File	prx		format			
https://www.nationalarchives.gov.uk/PRONOM/fmt/1044	AutoShade Rendering Slide	rnd		format			
https://www.nationalarchives.gov.uk/PRONOM/fmt/1045	Q&A Word Processor Document			format			
https://www.nationalarchives.gov.uk/PRONOM/fmt/1046	Draco	drc		format			version 1
https://www.nationalarchives.gov.uk/PRONOM/fmt/1047	Geography Markup Language	gml | application/gml+xml		format			version 3.2
https://www.nationalarchives.gov.uk/PRONOM/fmt/1048	OGR GFS File	gfs		format			
https://www.nationalarchives.gov.uk/PRONOM/fmt/1049	QuickDraw 3D Metafile (ASCII)	3dmf		format			
https://www.nationalarchives.gov.uk/PRONOM/fmt/105	Macromedia Flash	swf | application/x-shockwave-flash		format			version 2
https://www.nationalarchives.gov.uk/PRONOM/fmt/1050	QuickDraw 3D Metafile (Binary)	3dmf		format			version 1
https://www.nationalarchives.gov.uk/PRONOM/fmt/1051	Windows Journal Format	jnt | jtp		format			
https://www.nationalarchives.gov.uk/PRONOM/fmt/1052	BKNAS Seismic Data Format	bknas		format			version 1.0
https://www.nationalarchives.gov.uk/PRONOM/fmt/1053	Adobe Audio Waveform	pek		format			
https://www.nationalarchives.gov.uk/PRONOM/fmt/1054	AVCHD Clip Information File	clpi | cpi		format			
https://www.nationalarchives.gov.uk/PRONOM/fmt/1055	M2TS	m2ts | mts		format			
https://www.nationalarchives.gov.uk/PRONOM/fmt/1056	SNAP Main Data File	mdf		format			
https://www.nationalarchives.gov.uk/PRONOM/fmt/1057	SNAP Archive Data File	adf		format			
https://www.nationalarchives.gov.uk/PRONOM/fmt/1058	SNAP Processed Data File	snpdf		format			
https://www.nationalarchives.gov.uk/PRONOM/fmt/1059	FileMaker Pro Database	fm		format			version 2
https://www.nationalarchives.gov.uk/PRONOM/fmt/106	Macromedia Flash	swf | application/x-shockwave-flash		format			version 3
https://www.nationalarchives.gov.uk/PRONOM/fmt/1060	Phase One Raw Image	cap | capture		format			
https://www.nationalarchives.gov.uk/PRONOM/fmt/1061	Phase One IIQ Raw Image	iiq		format			
https://www.nationalarchives.gov.uk/PRONOM/fmt/1062	Hasselblad 3FR Raw Image	3fr		format			
https://www.nationalarchives.gov.uk/PRONOM/fmt/1063	Leaf Mosaic Raw Image	mos		format			
https://www.nationalarchives.gov.uk/PRONOM/fmt/1064	Portable Database	pdb		format			version 1
https://www.nationalarchives.gov.uk/PRONOM/fmt/1065	Portable Database	pdb		format			version 2
https://www.nationalarchives.gov.uk/PRONOM/fmt/1066	Portable Database	pdb		format			version 3
https://www.nationalarchives.gov.uk/PRONOM/fmt/1067	Silo	silo		format			version PDB Variant
https://www.nationalarchives.gov.uk/PRONOM/fmt/1068	Silo	silo		format			version HDF5 Variant
https://www.nationalarchives.gov.uk/PRONOM/fmt/1069	Cue Sheet	cue		format			
https://www.nationalarchives.gov.uk/PRONOM/fmt/107	Macromedia Flash	swf | application/x-shockwave-flash		format			version 4
https://www.nationalarchives.gov.uk/PRONOM/fmt/1070	Preferred Executable Format			format			
https://www.nationalarchives.gov.uk/PRONOM/fmt/1071	Apple Disk Image	dmg | application/x-apple-diskimage		format			
https://www.nationalarchives.gov.uk/PRONOM/fmt/1072	FileMaker Pro Database			format			version 1
https://www.nationalarchives.gov.uk/PRONOM/fmt/1073	Google Document Link File	gdoc | gdraw | gform | gmap | gsheet | gsite | gslides		format			
https://www.nationalarchives.gov.uk/PRONOM/fmt/1074	AVCHD Playlist File	mpl | mpls		format			
https://www.nationalarchives.gov.uk/PRONOM/fmt/1075	AVCHD Movie Object File	bdm | bdmv		format			
https://www.nationalarchives.gov.uk/PRONOM/fmt/1076	AVCHD Index File	bdm | bdmv		format			
https://www.nationalarchives.gov.uk/PRONOM/fmt/1077	AVCHD Thumbnail Index File	tid		format			
https://www.nationalarchives.gov.uk/PRONOM/fmt/1078	Microsoft Program Database	pdb		format			version 2.00
https://www.nationalarchives.gov.uk/PRONOM/fmt/1079	Microsoft Program Database	pdb		format			version 7.00
https://www.nationalarchives.gov.uk/PRONOM/fmt/108	Macromedia Flash	swf | application/x-shockwave-flash		format			version 5
https://www.nationalarchives.gov.uk/PRONOM/fmt/1080	ASP Application Directive File	asax		format			
https://www.nationalarchives.gov.uk/PRONOM/fmt/1081	ASP Control Directive File	ascx		format			
https://www.nationalarchives.gov.uk/PRONOM/fmt/1082	ASP WebService Directive File	asmx		format			
https://www.nationalarchives.gov.uk/PRONOM/fmt/1083	Hangul Word Processor Document	hwp		format			version 3
https://www.nationalarchives.gov.uk/PRONOM/fmt/1084	Hangul Word Processor Document	hwp		format			version 5
https://www.nationalarchives.gov.uk/PRONOM/fmt/1085	TRIM Context Reference File	tr5 | txt		format			
https://www.nationalarchives.gov.uk/PRONOM/fmt/1086	Monkey's Audio File	ape		format			
https://www.nationalarchives.gov.uk/PRONOM/fmt/1087	FAT Disk Image	dsk | ima | img		format			
https://www.nationalarchives.gov.uk/PRONOM/fmt/1088	Visual Basic (VB) File	vb		format			
https://www.nationalarchives.gov.uk/PRONOM/fmt/1089	VBScript (VBS) File	vbs		format			
https://www.nationalarchives.gov.uk/PRONOM/fmt/109	Macromedia Flash	swf | application/x-shockwave-flash		format			version 6
https://www.nationalarchives.gov.uk/PRONOM/fmt/1090	Exclude File	exclude		format			
https://www.nationalarchives.gov.uk/PRONOM/fmt/1091	Scribus Document	scd | sla | application/vnd.scribus		format			
https://www.nationalarchives.gov.uk/PRONOM/fmt/1092	Alias Pix Image File	ico | pix		format			
https://www.nationalarchives.gov.uk/PRONOM/fmt/1093	Alias Scene Description Language	sdl		format			
https://www.nationalarchives.gov.uk/PRONOM/fmt/1094	The Neuroimaging Informatics Technology Initiative File Format	nii		format			version 2
https://www.nationalarchives.gov.uk/PRONOM/fmt/1095	PEA Archive Format	pea		format			
https://www.nationalarchives.gov.uk/PRONOM/fmt/1096	FreeArc Archive Format	arc		format			
https://www.nationalarchives.gov.uk/PRONOM/fmt/1097	ZPAQ Archive Format	zpaq		format			
https://www.nationalarchives.gov.uk/PRONOM/fmt/1098	XZ File Format	xz		format			
https://www.nationalarchives.gov.uk/PRONOM/fmt/1099	TCR eBook	tcr		format			
https://www.nationalarchives.gov.uk/PRONOM/fmt/11	Portable Network Graphics	png | image/png		format			version 1.0
https://www.nationalarchives.gov.uk/PRONOM/fmt/110	Macromedia Flash	swf | application/x-shockwave-flash		format			version 7
https://www.nationalarchives.gov.uk/PRONOM/fmt/1100	yEnc Encoded File	yenc		format			
https://www.nationalarchives.gov.uk/PRONOM/fmt/1101	High Efficiency Image File Format	heic | image/heif		format			
https://www.nationalarchives.gov.uk/PRONOM/fmt/1102	Uuencoded File	uue		format			
https://www.nationalarchives.gov.uk/PRONOM/fmt/1103	AutoCAD Hatch Pattern	pat		format			
https://www.nationalarchives.gov.uk/PRONOM/fmt/1104	Seattle FilmWorks SFW Image Format	sfw		format			
https://www.nationalarchives.gov.uk/PRONOM/fmt/1105	Hierarchical File System	img		format			
https://www.nationalarchives.gov.uk/PRONOM/fmt/1106	Python Compiled File	pyc		format			version 2.0
https://www.nationalarchives.gov.uk/PRONOM/fmt/1107	Python Compiled File	pyc		format			version 2.1
https://www.nationalarchives.gov.uk/PRONOM/fmt/1108	Python Compiled File	pyc		format			version 2.2
https://www.nationalarchives.gov.uk/PRONOM/fmt/1109	Python Compiled File	pyc		format			version 2.3
https://www.nationalarchives.gov.uk/PRONOM/fmt/111	OLE2 Compound Document Format			format			
https://www.nationalarchives.gov.uk/PRONOM/fmt/1110	Python Compiled File	pyc		format			version 2.4
https://www.nationalarchives.gov.uk/PRONOM/fmt/1111	Python Compiled File	pyc		format			version 2.5
https://www.nationalarchives.gov.uk/PRONOM/fmt/1112	Python Compiled File	pyc		format			version 2.6
https://www.nationalarchives.gov.uk/PRONOM/fmt/1113	Python Compiled File	pyc		format			version 3.0
https://www.nationalarchives.gov.uk/PRONOM/fmt/1114	Python Compiled File	pyc		format			version 3.1
https://www.nationalarchives.gov.uk/PRONOM/fmt/1115	Python Compiled File	pyc		format			version 3.2
https://www.nationalarchives.gov.uk/PRONOM/fmt/1116	Python Compiled File	pyc		format			version 3.3
https://www.nationalarchives.gov.uk/PRONOM/fmt/1117	Python Compiled File	pyc		format			version 3.5
https://www.nationalarchives.gov.uk/PRONOM/fmt/1118	Python Compiled File	pyc		format			version 3.6
https://www.nationalarchives.gov.uk/PRONOM/fmt/1119	Jupyter Python Notebook	ipynb		format			
https://www.nationalarchives.gov.uk/PRONOM/fmt/112	Still Picture Interchange File Format	jpg | spf | image/jpeg		format			version 1.0
https://www.nationalarchives.gov.uk/PRONOM/fmt/1120	DIFFRACplus Raw Data File Format	raw		format			version 1
https://www.nationalarchives.gov.uk/PRONOM/fmt/1121	DIFFRACplus Raw Data File Format	raw		format			version 2
https://www.nationalarchives.gov.uk/PRONOM/fmt/1122	VAMAS Surface Chemical Analysis Standard Data Transfer Format	vms		format			
https://www.nationalarchives.gov.uk/PRONOM/fmt/1123	Origin Project Format	ogg | ogm | ogw | opj		format			version Non-Unicode
https://www.nationalarchives.gov.uk/PRONOM/fmt/1124	Origin Project Format	oggu | ogmu | ogwu | opju		format			version Unicode
https://www.nationalarchives.gov.uk/PRONOM/fmt/1125	JASCO JWS Format	jws		format			version OLE2
https://www.nationalarchives.gov.uk/PRONOM/fmt/1126	Sony SR2 RAW Image File	sr2		format			
https://www.nationalarchives.gov.uk/PRONOM/fmt/1127	Sony ARW RAW Image File	arw		format			version 2.x
https://www.nationalarchives.gov.uk/PRONOM/fmt/1128	Progressive Graphics File	pgf		format			
https://www.nationalarchives.gov.uk/PRONOM/fmt/1129	PDF 2.0 - Portable Document Format	pdf | application/pdf		format			version 2.0
https://www.nationalarchives.gov.uk/PRONOM/fmt/113	Still Picture Interchange File Format	image/jpeg		format			version 2.0
https://www.nationalarchives.gov.uk/PRONOM/fmt/1130	C3D File Format	c3d		format			
https://www.nationalarchives.gov.uk/PRONOM/fmt/1131	Gatan Digital Micrograph File Format (DM3)	dm3		format			version 3
https://www.nationalarchives.gov.uk/PRONOM/fmt/1132	Netscape Bookmark File Format	htm | html		format			
https://www.nationalarchives.gov.uk/PRONOM/fmt/1133	Farbfeld Image Format	ff		format			
https://www.nationalarchives.gov.uk/PRONOM/fmt/1134	GPS Exchange Format	gpx		format			version 1.1
https://www.nationalarchives.gov.uk/PRONOM/fmt/1135	SQLite Database File Format	db | sqlite		format			version 2
https://www.nationalarchives.gov.uk/PRONOM/fmt/1136	MiniCAD	mcd | application/vnd.vectorworks		format			version 6
https://www.nationalarchives.gov.uk/PRONOM/fmt/1137	MiniCAD	mcd | application/vnd.vectorworks		format			version 7
https://www.nationalarchives.gov.uk/PRONOM/fmt/1138	MiniCAD/VectorWorks	mcd | vwx | application/vnd.vectorworks		format			version 8
https://www.nationalarchives.gov.uk/PRONOM/fmt/1139	VectorWorks	vwx | application/vnd.vectorworks		format			version 9
https://www.nationalarchives.gov.uk/PRONOM/fmt/114	Windows Bitmap	bmp | ddb | image/bmp		format			version 1.0
https://www.nationalarchives.gov.uk/PRONOM/fmt/1140	VectorWorks	vwx | application/vnd.vectorworks		format			version 10
https://www.nationalarchives.gov.uk/PRONOM/fmt/1141	VectorWorks	vwx | application/vnd.vectorworks		format			version 11
https://www.nationalarchives.gov.uk/PRONOM/fmt/1142	VectorWorks Plugin or Script	vsm | vso | vst | application/vnd.vectorworks		format			
https://www.nationalarchives.gov.uk/PRONOM/fmt/1143	ZISRAW (CZI) File Format	czi		format			
https://www.nationalarchives.gov.uk/PRONOM/fmt/1144	CompuServe WinCIM Message Format	msg | plx		format			
https://www.nationalarchives.gov.uk/PRONOM/fmt/1145	Maxwell Render Material File	mxm		format			
https://www.nationalarchives.gov.uk/PRONOM/fmt/1146	Maxwell Render Image Format	mxi		format			
https://www.nationalarchives.gov.uk/PRONOM/fmt/1147	Maxwell Render Scene File Format	mxs		format			
https://www.nationalarchives.gov.uk/PRONOM/fmt/1148	SIDOUN WinAVA Format	swa		format			
https://www.nationalarchives.gov.uk/PRONOM/fmt/1149	Markdown	markdown | md | text/markdown		format			
https://www.nationalarchives.gov.uk/PRONOM/fmt/115	Windows Bitmap	bmp | dib | image/bmp		format			version 2.0
https://www.nationalarchives.gov.uk/PRONOM/fmt/1150	4X Movie File	4xa | 4xm		format			
https://www.nationalarchives.gov.uk/PRONOM/fmt/1151	Lightwright Show File	lw | lw1		format			version 1
https://www.nationalarchives.gov.uk/PRONOM/fmt/1152	Lightwright Show File	lw2		format			version 2
https://www.nationalarchives.gov.uk/PRONOM/fmt/1153	Lightwright Show File	lw3		format			version 3
https://www.nationalarchives.gov.uk/PRONOM/fmt/1154	Lightwright Show File	lw4		format			version 4
https://www.nationalarchives.gov.uk/PRONOM/fmt/1155	Lightwright Show File	lw5		format			version 5
https://www.nationalarchives.gov.uk/PRONOM/fmt/1156	Lightwright Show File	lw6		format			version 6
https://www.nationalarchives.gov.uk/PRONOM/fmt/1157	Folio Infobase File	nfo		format			version 2
https://www.nationalarchives.gov.uk/PRONOM/fmt/1158	Folio Infobase File	nfo		format			version 3
https://www.nationalarchives.gov.uk/PRONOM/fmt/1159	Folio Infobase File	nfo		format			version 4
https://www.nationalarchives.gov.uk/PRONOM/fmt/116	Windows Bitmap	bmp | dib | image/bmp		format			version 3.0
https://www.nationalarchives.gov.uk/PRONOM/fmt/1160	Folio Shadow File	sdw		format			version 3
https://www.nationalarchives.gov.uk/PRONOM/fmt/1161	Folio Shadow File	sdw		format			version 4
https://www.nationalarchives.gov.uk/PRONOM/fmt/1162	Folio Flat File	fff		format			
https://www.nationalarchives.gov.uk/PRONOM/fmt/1163	Folio Definition File	def		format			
https://www.nationalarchives.gov.uk/PRONOM/fmt/1164	Praat Picture File	prapic		format			
https://www.nationalarchives.gov.uk/PRONOM/fmt/1165	Praat Script File	praat		format			
https://www.nationalarchives.gov.uk/PRONOM/fmt/1166	Niton Data Transfer	ndt		format			
https://www.nationalarchives.gov.uk/PRONOM/fmt/1167	Softimage 3D Picture File Format	pic		format			
https://www.nationalarchives.gov.uk/PRONOM/fmt/1168	Maya Icons or Swatches file	icons | swatches		format			
https://www.nationalarchives.gov.uk/PRONOM/fmt/1169	Maya IFF Image File	ico | iff		format			
https://www.nationalarchives.gov.uk/PRONOM/fmt/117	Windows Bitmap	bmp | dib | image/bmp		format			version 3.0 NT
https://www.nationalarchives.gov.uk/PRONOM/fmt/1170	Alias Studio Wire File			format			version 8.5
https://www.nationalarchives.gov.uk/PRONOM/fmt/1171	Alias PowerAnimator File			format			version 9.0
https://www.nationalarchives.gov.uk/PRONOM/fmt/1172	Web Open Font Format	woff2 | font/woff2		format			version 2.0
https://www.nationalarchives.gov.uk/PRONOM/fmt/1173	FrameMD5	framemd5 | md5		format			
https://www.nationalarchives.gov.uk/PRONOM/fmt/1174	Hewlett Packard Graphics Language	000 | application/vnd.hp-HPGL		format			version 2
https://www.nationalarchives.gov.uk/PRONOM/fmt/1175	Alias Studio Wire File			format			version 9.0
https://www.nationalarchives.gov.uk/PRONOM/fmt/1176	Nullsoft Streaming Video	nsv		format			
https://www.nationalarchives.gov.uk/PRONOM/fmt/1177	MicroStation Material Library	mat		format			
https://www.nationalarchives.gov.uk/PRONOM/fmt/1178	Synthetic Music Mobile Application Format	mmf | application/vnd.yamaha.smaf-audio		format			
https://www.nationalarchives.gov.uk/PRONOM/fmt/1179	Away3D Data Format	awd		format			version 2.x
https://www.nationalarchives.gov.uk/PRONOM/fmt/118	Windows Bitmap	bmp | dib | image/bmp		format			version 4.0
https://www.nationalarchives.gov.uk/PRONOM/fmt/1180	Cinema 4D	c4d		format			version 6+
https://www.nationalarchives.gov.uk/PRONOM/fmt/1181	Bodypaint 3D	b3d		format			
https://www.nationalarchives.gov.uk/PRONOM/fmt/1182	Blitz3D File Format	b3d		format			
https://www.nationalarchives.gov.uk/PRONOM/fmt/1183	MicroStation Material Palette	pal		format			
https://www.nationalarchives.gov.uk/PRONOM/fmt/1184	InDesign Markup Language Package	idml | application/vnd.adobe.indesign-idml-package		format			
https://www.nationalarchives.gov.uk/PRONOM/fmt/1185	Apple Icon Image Format	icns		format			
https://www.nationalarchives.gov.uk/PRONOM/fmt/1186	Dr. Halo Image Palette	pal		format			
https://www.nationalarchives.gov.uk/PRONOM/fmt/1187	Apple iWork Template	template		format			version 13
https://www.nationalarchives.gov.uk/PRONOM/fmt/1188	Ogre Mesh 1.x	mesh		format			
https://www.nationalarchives.gov.uk/PRONOM/fmt/1189	Ogre Mesh XML	xml		format			
https://www.nationalarchives.gov.uk/PRONOM/fmt/119	Windows Bitmap	bmp | dib | image/bmp		format			version 5.0
https://www.nationalarchives.gov.uk/PRONOM/fmt/1190	Adobe SWC Package	swc		format			
https://www.nationalarchives.gov.uk/PRONOM/fmt/1191	Adobe InDesign Book	indb		format			
https://www.nationalarchives.gov.uk/PRONOM/fmt/1192	Adobe InDesign Library	indl		format			version 4
https://www.nationalarchives.gov.uk/PRONOM/fmt/1193	ZModeler Z3D	z3d		format			version 1
https://www.nationalarchives.gov.uk/PRONOM/fmt/1194	ZModeler Z3D	z3d		format			version 2
https://www.nationalarchives.gov.uk/PRONOM/fmt/1195	ZModeler Z3D	z3d		format			version 3
https://www.nationalarchives.gov.uk/PRONOM/fmt/1196	SIARD (Software-Independent Archiving of Relational Databases)	siard		format			version 2.1
https://www.nationalarchives.gov.uk/PRONOM/fmt/1197	MyISAM Indexes File	myi		format			
https://www.nationalarchives.gov.uk/PRONOM/fmt/1198	RData	rdata		format			version Binary
https://www.nationalarchives.gov.uk/PRONOM/fmt/1199	RData	rdata		format			version ASCII
https://www.nationalarchives.gov.uk/PRONOM/fmt/12	Portable Network Graphics	png | image/png		format			version 1.1
https://www.nationalarchives.gov.uk/PRONOM/fmt/120	DROID File Collection File Format	xml | text/xml		format			version 1.0
https://www.nationalarchives.gov.uk/PRONOM/fmt/1200	PowerDraw			format			version 6
https://www.nationalarchives.gov.uk/PRONOM/fmt/1201	PowerCADD			format			
https://www.nationalarchives.gov.uk/PRONOM/fmt/1202	Guymager Acquisition Info File	info		format			
https://www.nationalarchives.gov.uk/PRONOM/fmt/1203	QuickDraw 3D Metafile (Binary)	3dmf		format			version 0
https://www.nationalarchives.gov.uk/PRONOM/fmt/1204	Strata StudioPro Vis Format			format			
https://www.nationalarchives.gov.uk/PRONOM/fmt/1205	LightWave 3D Object	lw		format			
https://www.nationalarchives.gov.uk/PRONOM/fmt/1206	Impulse 3D Data Description Object	iob		format			
https://www.nationalarchives.gov.uk/PRONOM/fmt/1207	Sony SFK File	sfk		format			
https://www.nationalarchives.gov.uk/PRONOM/fmt/1208	Virtools File Format	cmo | nmo | nms | vmo		format			
https://www.nationalarchives.gov.uk/PRONOM/fmt/1209	COLLADA Digital Asset Exchange (DAE)	dae | model/vnd.collada+xml		format			
https://www.nationalarchives.gov.uk/PRONOM/fmt/121	DROID Signature File Format	xml | text/xml		format			version 1.0
https://www.nationalarchives.gov.uk/PRONOM/fmt/1210	Wavefront OBJ File	obj		format			
https://www.nationalarchives.gov.uk/PRONOM/fmt/1211	Wavefront Material Template Library	mtl		format			
https://www.nationalarchives.gov.uk/PRONOM/fmt/1212	HP System Software Manager CVA File	cva		format			
https://www.nationalarchives.gov.uk/PRONOM/fmt/1213	Zoner Callisto Metafile	zmf		format			version 2
https://www.nationalarchives.gov.uk/PRONOM/fmt/1214	Cakewalk WRK Project	wrk		format			
https://www.nationalarchives.gov.uk/PRONOM/fmt/1215	Reduced Resolution Dataset	aoi | aux | cff | fft | gcc | img | ovr | rrd | sig | sml		format			
https://www.nationalarchives.gov.uk/PRONOM/fmt/1216	Lotus Freelance Show	prz | application/vnd.lotus-freelance		format			
https://www.nationalarchives.gov.uk/PRONOM/fmt/1217	Leonardo Image Format	leo		format			
https://www.nationalarchives.gov.uk/PRONOM/fmt/1218	SubRip Subtitle File	srt		format			
https://www.nationalarchives.gov.uk/PRONOM/fmt/1219	Gnumeric	gnumeric | application/x-gnumeric		format			
https://www.nationalarchives.gov.uk/PRONOM/fmt/122	Encapsulated PostScript File Format	eps | epsf | application/postscript		format			version 1.2
https://www.nationalarchives.gov.uk/PRONOM/fmt/1220	WordPerfect for Macintosh Document	application/vnd.wordperfect		format			version 2.x
https://www.nationalarchives.gov.uk/PRONOM/fmt/1221	WordPerfect for Macintosh Document	application/vnd.wordperfect		format			version 3.x
https://www.nationalarchives.gov.uk/PRONOM/fmt/1222	WordPerfect for Macintosh Document	application/vnd.wordperfect		format			version 3.5-4.x
https://www.nationalarchives.gov.uk/PRONOM/fmt/1223	PaperPort MAX	max		format			version 2
https://www.nationalarchives.gov.uk/PRONOM/fmt/1224	PaperPort MAX	max		format			version 3-4
https://www.nationalarchives.gov.uk/PRONOM/fmt/1225	PaperPort MAX	max		format			version 5-7
https://www.nationalarchives.gov.uk/PRONOM/fmt/1226	Sparky	ucsf		format			version 2
https://www.nationalarchives.gov.uk/PRONOM/fmt/1227	NMRView	nv		format			
https://www.nationalarchives.gov.uk/PRONOM/fmt/1228	NMRPipe	dat | ft2 | ft3 | pipe		format			
https://www.nationalarchives.gov.uk/PRONOM/fmt/1229	Sibelius Sound Set Definition	set		format			
https://www.nationalarchives.gov.uk/PRONOM/fmt/123	Encapsulated PostScript File Format	eps | epsf | application/postscript		format			version 2.0
https://www.nationalarchives.gov.uk/PRONOM/fmt/1230	SK-XML	ddoc		format			version 1.0
https://www.nationalarchives.gov.uk/PRONOM/fmt/1231	DIGIDOC-XML	ddoc		format			version 1.1
https://www.nationalarchives.gov.uk/PRONOM/fmt/1232	DIGIDOC-XML	ddoc		format			version 1.2
https://www.nationalarchives.gov.uk/PRONOM/fmt/1233	DIGIDOC-XML	ddoc		format			version 1.3
https://www.nationalarchives.gov.uk/PRONOM/fmt/1234	Smacker Video	smk | video/vnd.radgamettools.smacker		format			
https://www.nationalarchives.gov.uk/PRONOM/fmt/1235	EclipseCrossword Puzzle File	ecw		format			
https://www.nationalarchives.gov.uk/PRONOM/fmt/1236	EclipseCrossword Word List File	ewl		format			
https://www.nationalarchives.gov.uk/PRONOM/fmt/1237	FileMaker Pro Database	fmp12		format			version 12
https://www.nationalarchives.gov.uk/PRONOM/fmt/1238	Band Interleaved By Line (BIL) Image Encoding	bil		format			
https://www.nationalarchives.gov.uk/PRONOM/fmt/1239	Band Interleaved By Pixel (BIP) Image Encoding	bip		format			
https://www.nationalarchives.gov.uk/PRONOM/fmt/124	Encapsulated PostScript File Format	eps | epsf | ps | application/postscript		format			version 3
https://www.nationalarchives.gov.uk/PRONOM/fmt/1240	Band Sequential (BSQ) Image Encoding	bsq		format			
https://www.nationalarchives.gov.uk/PRONOM/fmt/1241	FO File	fo | application/vnd.software602.filler.form+xml		format			
https://www.nationalarchives.gov.uk/PRONOM/fmt/1242	ZFO (Form) File	zfo | application/vnd.software602.filler.form-xml-zip		format			
https://www.nationalarchives.gov.uk/PRONOM/fmt/1243	ZFO (Message) File	zfo | application/vnd.software602.filler.form-xml-zip		format			
https://www.nationalarchives.gov.uk/PRONOM/fmt/1244	ZFO (Sent Message) File	zfo | application/vnd.software602.filler.form-xml-zip		format			
https://www.nationalarchives.gov.uk/PRONOM/fmt/1245	ZFO (Proof of Delivery) File	zfo | application/vnd.software602.filler.form-xml-zip		format			
https://www.nationalarchives.gov.uk/PRONOM/fmt/1246	SOSI	sos | text/vnd.sosi		format			
https://www.nationalarchives.gov.uk/PRONOM/fmt/1247	SOSI	sos | text/vnd.sosi		format			version 4.0
https://www.nationalarchives.gov.uk/PRONOM/fmt/1248	SOSI	sos | text/vnd.sosi		format			version 4.1
https://www.nationalarchives.gov.uk/PRONOM/fmt/1249	SOSI	sos | text/vnd.sosi		format			version 4.5
https://www.nationalarchives.gov.uk/PRONOM/fmt/125	Microsoft Powerpoint Presentation	ppt | application/vnd.ms-powerpoint		format			version 95
https://www.nationalarchives.gov.uk/PRONOM/fmt/1250	SOSI	sos | text/vnd.sosi		format			version 8.1
https://www.nationalarchives.gov.uk/PRONOM/fmt/1251	Electronically Certified Document (EDOC)	edoc | application/vnd.etsi.asic-e+zip		format			
https://www.nationalarchives.gov.uk/PRONOM/fmt/1252	Raw Flux Image	rfi		format			
https://www.nationalarchives.gov.uk/PRONOM/fmt/1253	ESRI Code Page File	cpg		format			
https://www.nationalarchives.gov.uk/PRONOM/fmt/1254	Cardfile	crd		format			
https://www.nationalarchives.gov.uk/PRONOM/fmt/1255	Windows Address Book	wab		format			
https://www.nationalarchives.gov.uk/PRONOM/fmt/1256	MapInfo Workspace File	wor		format			
https://www.nationalarchives.gov.uk/PRONOM/fmt/1257	AutoCAD Temporary File	ac$		format			
https://www.nationalarchives.gov.uk/PRONOM/fmt/1258	Microsoft Access Workgroup Information File	mdw		format			
https://www.nationalarchives.gov.uk/PRONOM/fmt/1259	SketchUp Document	skb | skp		format			version 1
https://www.nationalarchives.gov.uk/PRONOM/fmt/126	Microsoft Powerpoint Presentation	ppt | application/vnd.ms-powerpoint		format			version 97-2003
https://www.nationalarchives.gov.uk/PRONOM/fmt/1260	SketchUp Document	skb | skp		format			version 2
https://www.nationalarchives.gov.uk/PRONOM/fmt/1261	SketchUp Document	skb | skp		format			version 3
https://www.nationalarchives.gov.uk/PRONOM/fmt/1262	SketchUp Document	skb | skp		format			version 4
https://www.nationalarchives.gov.uk/PRONOM/fmt/1263	SketchUp Document	skb | skp		format			version 5
https://www.nationalarchives.gov.uk/PRONOM/fmt/1264	SketchUp Document	skb | skp		format			version 6
https://www.nationalarchives.gov.uk/PRONOM/fmt/1265	SketchUp Document	skb | skp		format			version 7
https://www.nationalarchives.gov.uk/PRONOM/fmt/1266	SketchUp Document	skb | skp		format			version 8
https://www.nationalarchives.gov.uk/PRONOM/fmt/1267	SketchUp Document	skb | skp		format			version 13
https://www.nationalarchives.gov.uk/PRONOM/fmt/1268	SketchUp Document	skb | skp		format			version 14
https://www.nationalarchives.gov.uk/PRONOM/fmt/1269	SketchUp Document	skb | skp		format			version 15
https://www.nationalarchives.gov.uk/PRONOM/fmt/127	OpenOffice Draw	sxd | application/vnd.sun.xml.draw		format			version 1.0
https://www.nationalarchives.gov.uk/PRONOM/fmt/1270	SketchUp Document	skb | skp		format			version 16
https://www.nationalarchives.gov.uk/PRONOM/fmt/1271	SketchUp Document	skb | skp		format			version 17
https://www.nationalarchives.gov.uk/PRONOM/fmt/1272	SketchUp Document	skb | skp		format			version 18
https://www.nationalarchives.gov.uk/PRONOM/fmt/1273	SketchUp Document	skb | skp		format			version 19
https://www.nationalarchives.gov.uk/PRONOM/fmt/1274	Sonic Scenarist Closed Caption Format	scc		format			
https://www.nationalarchives.gov.uk/PRONOM/fmt/1275	3M Printscape	psc		format			version 2
https://www.nationalarchives.gov.uk/PRONOM/fmt/1276	SureThing Project File	std		format			
https://www.nationalarchives.gov.uk/PRONOM/fmt/1277	Cindex Document	cdx | tpl		format			version 2
https://www.nationalarchives.gov.uk/PRONOM/fmt/1278	Cindex Document	ucdx | utpl		format			version 3
https://www.nationalarchives.gov.uk/PRONOM/fmt/1279	Cindex Document	ucdx | utpl		format			version 4
https://www.nationalarchives.gov.uk/PRONOM/fmt/128	OpenOffice Writer	sxw | application/vnd.sun.xml.writer		format			version 1.0
https://www.nationalarchives.gov.uk/PRONOM/fmt/1280	NCH Dictation Audio File	dct		format			
https://www.nationalarchives.gov.uk/PRONOM/fmt/1281	WARC	warc | application/warc		format			version 1.1
https://www.nationalarchives.gov.uk/PRONOM/fmt/1282	PFS:First Choice Document	doc		format			version 1-2
https://www.nationalarchives.gov.uk/PRONOM/fmt/1283	PFS:First Choice Document	doc		format			version 3
https://www.nationalarchives.gov.uk/PRONOM/fmt/1284	PFS:First Choice Database	fol		format			
https://www.nationalarchives.gov.uk/PRONOM/fmt/1285	PFS:First Choice Graph	gra		format			
https://www.nationalarchives.gov.uk/PRONOM/fmt/1286	Envoy Document File	evy		format			version 1
https://www.nationalarchives.gov.uk/PRONOM/fmt/1287	Envoy Document File	evy		format			version 7
https://www.nationalarchives.gov.uk/PRONOM/fmt/1288	IESNA LM-63 Photometric Data File	ies		format			
https://www.nationalarchives.gov.uk/PRONOM/fmt/1289	RFFlow Chart	flo		format			version 3
https://www.nationalarchives.gov.uk/PRONOM/fmt/129	OpenOffice Calc	sxc | application/vnd.sun.xml.calc		format			version 1.0
https://www.nationalarchives.gov.uk/PRONOM/fmt/1290	RFFlow Chart	flo		format			version 4
https://www.nationalarchives.gov.uk/PRONOM/fmt/1291	RFFlow Chart	flo		format			version 5
https://www.nationalarchives.gov.uk/PRONOM/fmt/1292	EIOffice Document	eio		format			
https://www.nationalarchives.gov.uk/PRONOM/fmt/1293	602Text Document	wpd | wpt		format			
https://www.nationalarchives.gov.uk/PRONOM/fmt/1294	602Tab Spreadsheet	wls		format			
https://www.nationalarchives.gov.uk/PRONOM/fmt/1295	Calendar Creator Event	ce3		format			version 3-4
https://www.nationalarchives.gov.uk/PRONOM/fmt/1296	Calendar Creator File	cc3		format			version 4
https://www.nationalarchives.gov.uk/PRONOM/fmt/1297	Calendar Creator File	cc5		format			version 5-6
https://www.nationalarchives.gov.uk/PRONOM/fmt/1298	Calendar Creator File	bcc		format			version 7-8
https://www.nationalarchives.gov.uk/PRONOM/fmt/1299	Broderbund Print Shop Deluxe	pcb | pcc | pce | pcp | pda | pdb | pdc | pdg | pdl | pdp | pds | pho | ppi | pso		format			version 5-6
https://www.nationalarchives.gov.uk/PRONOM/fmt/13	Portable Network Graphics	png | image/png		format			version 1.2
https://www.nationalarchives.gov.uk/PRONOM/fmt/130	OpenOffice Impress	sxi | application/vnd.sun.xml.impress		format			version 1.0
https://www.nationalarchives.gov.uk/PRONOM/fmt/1300	Broderbund The Print Shop/PrintMaster/American Greetings Project	ban | biz | bro | cal | car | cer | cft | env | fax | hcr | lbl | let | not | nws | pcr | php | sig | sti | tsh | web		format			version 10-23
https://www.nationalarchives.gov.uk/PRONOM/fmt/1301	The Print Shop Project	psproj		format			version 2-5
https://www.nationalarchives.gov.uk/PRONOM/fmt/1302	PrintMaster Gold Project	ban | cal | car | let | sig		format			version 1
https://www.nationalarchives.gov.uk/PRONOM/fmt/1303	Microsoft Shell Scrap Object File	shs		format			
https://www.nationalarchives.gov.uk/PRONOM/fmt/1304	LocoScript Document			format			version 1
https://www.nationalarchives.gov.uk/PRONOM/fmt/1305	LocoScript Document			format			version 2
https://www.nationalarchives.gov.uk/PRONOM/fmt/1306	LocoScript Document			format			version 3
https://www.nationalarchives.gov.uk/PRONOM/fmt/1307	LocoScript Document			format			version 4
https://www.nationalarchives.gov.uk/PRONOM/fmt/1308	LocoScript PC			format			
https://www.nationalarchives.gov.uk/PRONOM/fmt/1309	LocoScript Professional			format			
https://www.nationalarchives.gov.uk/PRONOM/fmt/131	Advanced Systems Format	asf | application/vnd.ms-asf		format			
https://www.nationalarchives.gov.uk/PRONOM/fmt/1310	LocoFile			format			
https://www.nationalarchives.gov.uk/PRONOM/fmt/1311	Tweet JSON	json | application/json		format			
https://www.nationalarchives.gov.uk/PRONOM/fmt/1312	CorelCHART Document	cch		format			version 3-4
https://www.nationalarchives.gov.uk/PRONOM/fmt/1313	CorelCHART Document	cch		format			version 5
https://www.nationalarchives.gov.uk/PRONOM/fmt/1314	GL Transmission Format (Text)	gltf | application/json		format			version 1.x
https://www.nationalarchives.gov.uk/PRONOM/fmt/1315	GL Transmission Format (Text)	gltf | application/json		format			version 2.x
https://www.nationalarchives.gov.uk/PRONOM/fmt/1316	GL Transmission Format (Binary)	glb | model/gltf-binary		format			
https://www.nationalarchives.gov.uk/PRONOM/fmt/1317	QuarkXPress Document	qwd | qxd | qxt | application/vnd.Quark.QuarkXPress		format			version 3.1
https://www.nationalarchives.gov.uk/PRONOM/fmt/1318	QuarkXPress Document	qwd | qxd | qxt | application/vnd.Quark.QuarkXPress		format			version 3.3
https://www.nationalarchives.gov.uk/PRONOM/fmt/1319	QuarkXPress Document	qwd | qxd | qxt | application/vnd.Quark.QuarkXPress		format			version 4
https://www.nationalarchives.gov.uk/PRONOM/fmt/132	Windows Media Audio	asf | wma | audio/x-ms-wma		format			
https://www.nationalarchives.gov.uk/PRONOM/fmt/1320	QuarkXPress Document	qwd | qxd | qxt | application/vnd.Quark.QuarkXPress		format			version 5
https://www.nationalarchives.gov.uk/PRONOM/fmt/1321	QuarkXPress Project	qpt | qwd | qxp | application/vnd.Quark.QuarkXPress		format			version 7
https://www.nationalarchives.gov.uk/PRONOM/fmt/1322	QuarkXPress Project	qpt | qwd | qxp | application/vnd.Quark.QuarkXPress		format			version 8
https://www.nationalarchives.gov.uk/PRONOM/fmt/1323	QuarkXPress Project	qpt | qwd | qxp | application/vnd.Quark.QuarkXPress		format			version 9.1
https://www.nationalarchives.gov.uk/PRONOM/fmt/1324	QuarkXPress Project	qpt | qwd | qxp | application/vnd.Quark.QuarkXPress		format			version 2015
https://www.nationalarchives.gov.uk/PRONOM/fmt/1325	QuarkXPress Project	qpt | qwd | qxp | application/vnd.Quark.QuarkXPress		format			version 2016
https://www.nationalarchives.gov.uk/PRONOM/fmt/1326	QuarkXPress Project	qpt | qwd | qxp | application/vnd.Quark.QuarkXPress		format			version 2017
https://www.nationalarchives.gov.uk/PRONOM/fmt/1327	QuarkXPress Project	qpt | qwd | qxp | application/vnd.Quark.QuarkXPress		format			version 2018
https://www.nationalarchives.gov.uk/PRONOM/fmt/1328	QuarkXPress Project	qpt | qwd | qxp | application/vnd.Quark.QuarkXPress		format			version 2019
https://www.nationalarchives.gov.uk/PRONOM/fmt/1329	Avery Label Pro Document	lpd		format			version 3
https://www.nationalarchives.gov.uk/PRONOM/fmt/133	Windows Media Video	asf | wmv | video/x-ms-wmv		format			
https://www.nationalarchives.gov.uk/PRONOM/fmt/1330	Avery DesignPro Document	zdp		format			version 4
https://www.nationalarchives.gov.uk/PRONOM/fmt/1331	Avery DesignPro Document	zdl		format			version 5
https://www.nationalarchives.gov.uk/PRONOM/fmt/1332	HP Photo Album	albm		format			
https://www.nationalarchives.gov.uk/PRONOM/fmt/1333	Sony PictureGear Studio PhotoAlbum	amd | amu		format			
https://www.nationalarchives.gov.uk/PRONOM/fmt/1334	Sony PictureGear Studio PrintStudio	lmd | lmu		format			
https://www.nationalarchives.gov.uk/PRONOM/fmt/1335	Sony PictureGear Studio Binder	bxt | bxu		format			
https://www.nationalarchives.gov.uk/PRONOM/fmt/1336	LEADTools Lead 1Bit Compressed Image	cmp		format			
https://www.nationalarchives.gov.uk/PRONOM/fmt/1337	LEADToolsCompressed Image	cmp		format			
https://www.nationalarchives.gov.uk/PRONOM/fmt/1338	RootsMagic Database	rmgc		format			version 4-7
https://www.nationalarchives.gov.uk/PRONOM/fmt/1339	PaperPort MAX	max		format			version 8-12
https://www.nationalarchives.gov.uk/PRONOM/fmt/134	MPEG 1/2 Audio Layer 3	mp3 | audio/mpeg		format			
https://www.nationalarchives.gov.uk/PRONOM/fmt/1340	BDOC	bdoc | application/vnd.bdoc-1.0		format			version 1
https://www.nationalarchives.gov.uk/PRONOM/fmt/1341	Associated Signature Container Simple (ASiC-S)	asics | scs | application/vnd.etsi.asic-s+zip		format			
https://www.nationalarchives.gov.uk/PRONOM/fmt/1342	BDOC	asice | bdoc | application/vnd.etsi.asic-e+zip		format			version 2.x
https://www.nationalarchives.gov.uk/PRONOM/fmt/1343	PTGui Project File	pts		format			version 10
https://www.nationalarchives.gov.uk/PRONOM/fmt/1344	PTGui Project File	pts		format			version 11
https://www.nationalarchives.gov.uk/PRONOM/fmt/1345	Legacy Family Tree Database	fdb		format			version 3-9
https://www.nationalarchives.gov.uk/PRONOM/fmt/1346	Autodesk Revit File	rfa | rft | rte | rvt		format			version 4
https://www.nationalarchives.gov.uk/PRONOM/fmt/1347	Autodesk Revit Project File	rft | rte | rvt		format			version 2008
https://www.nationalarchives.gov.uk/PRONOM/fmt/1348	Autodesk Revit Family File	rfa | rft		format			version 2008
https://www.nationalarchives.gov.uk/PRONOM/fmt/1349	Autodesk Revit Family File	rfa | rft		format			version 2010
https://www.nationalarchives.gov.uk/PRONOM/fmt/135	OpenDocument Format			format			version 1.0
https://www.nationalarchives.gov.uk/PRONOM/fmt/1350	Autodesk Revit Project File	rte | rvt		format			version 2019
https://www.nationalarchives.gov.uk/PRONOM/fmt/1351	Autodesk Revit Family File	rfa | rft		format			version 2019
https://www.nationalarchives.gov.uk/PRONOM/fmt/1352	FamilyTree Maker Database	fbk | ftw		format			version 1-4
https://www.nationalarchives.gov.uk/PRONOM/fmt/1353	FamilyTree Maker Database	fbk | ftw		format			version 5-16
https://www.nationalarchives.gov.uk/PRONOM/fmt/1354	QuickBooks Backup File	qbb		format			
https://www.nationalarchives.gov.uk/PRONOM/fmt/1355	WARC	warc | application/warc		format			version 1.0
https://www.nationalarchives.gov.uk/PRONOM/fmt/1356	Virtual Format (Raster)	vrt		format			
https://www.nationalarchives.gov.uk/PRONOM/fmt/1357	Virtual Format (Vector)	vrt		format			
https://www.nationalarchives.gov.uk/PRONOM/fmt/1358	MicroStation Base File	bse		format			
https://www.nationalarchives.gov.uk/PRONOM/fmt/1359	Softdisk Text Compressor	ctx		format			
https://www.nationalarchives.gov.uk/PRONOM/fmt/136	OpenDocument Text	odt | ott | application/vnd.oasis.opendocument.text		format			version 1.0
https://www.nationalarchives.gov.uk/PRONOM/fmt/1360	Picture Publisher Bitmap	ppf		format			version 6-10
https://www.nationalarchives.gov.uk/PRONOM/fmt/1361	Amiga Disk File	adf		format			
https://www.nationalarchives.gov.uk/PRONOM/fmt/1362	Microsoft MapPoint Document	ptm		format			
https://www.nationalarchives.gov.uk/PRONOM/fmt/1363	DeluxePaint Animation File	anm		format			
https://www.nationalarchives.gov.uk/PRONOM/fmt/1364	V-Ray Material	vismat		format			version XML
https://www.nationalarchives.gov.uk/PRONOM/fmt/1365	Debug File	dbg		format			
https://www.nationalarchives.gov.uk/PRONOM/fmt/1366	ESRI Published Map Format	pmf		format			
https://www.nationalarchives.gov.uk/PRONOM/fmt/1367	GeoJSON	geojson | application/geo+json		format			
https://www.nationalarchives.gov.uk/PRONOM/fmt/1368	Nero CoverDesigner File	ncd		format			
https://www.nationalarchives.gov.uk/PRONOM/fmt/1369	Error File	err		format			
https://www.nationalarchives.gov.uk/PRONOM/fmt/137	OpenDocument Spreadsheet	ods | ots | application/vnd.oasis.opendocument.spreadsheet		format			version 1.0
https://www.nationalarchives.gov.uk/PRONOM/fmt/1370	Advanced Disk Catalog	adc		format			
https://www.nationalarchives.gov.uk/PRONOM/fmt/1371	OmniPage Pro Document	opd		format			version 10
https://www.nationalarchives.gov.uk/PRONOM/fmt/1372	OmniPage Document	opd		format			version 12
https://www.nationalarchives.gov.uk/PRONOM/fmt/1373	OmniPage Document	opd		format			version 18
https://www.nationalarchives.gov.uk/PRONOM/fmt/1374	xdomea	xml		format			version 1.0
https://www.nationalarchives.gov.uk/PRONOM/fmt/1375	xdomea	xml		format			version 2.0.0
https://www.nationalarchives.gov.uk/PRONOM/fmt/1376	xdomea	xml		format			version 2.0.1
https://www.nationalarchives.gov.uk/PRONOM/fmt/1377	xdomea	xml		format			version 2.1.0
https://www.nationalarchives.gov.uk/PRONOM/fmt/1378	xdomea	xml		format			version 2.2.0
https://www.nationalarchives.gov.uk/PRONOM/fmt/1379	xdomea	xml		format			version 2.3.0
https://www.nationalarchives.gov.uk/PRONOM/fmt/138	OpenDocument Presentation	odp | otp | application/vnd.oasis.opendocument.presentation		format			version 1.0
https://www.nationalarchives.gov.uk/PRONOM/fmt/1380	xdomea			format			version 2.4.0
https://www.nationalarchives.gov.uk/PRONOM/fmt/1381	VariCAD Drawing	dwb		format			version 7+
https://www.nationalarchives.gov.uk/PRONOM/fmt/1382	Embedded OpenType (EOT) File Format	eot | application/vnd.ms-fontobject		format			version 0x00010000
https://www.nationalarchives.gov.uk/PRONOM/fmt/1383	Embedded OpenType (EOT) File Format	eot | application/vnd.ms-fontobject		format			version 0x00020001
https://www.nationalarchives.gov.uk/PRONOM/fmt/1384	Embedded OpenType (EOT) File Format	eot | application/vnd.ms-fontobject		format			version 0x00020002
https://www.nationalarchives.gov.uk/PRONOM/fmt/1385	Bruker PDZ	pdz | xpdz		format			
https://www.nationalarchives.gov.uk/PRONOM/fmt/1386	Muvee autoProducer Project File	mve		format			version 1-5
https://www.nationalarchives.gov.uk/PRONOM/fmt/1387	Muvee autoProducer Project File	mvex		format			version 6
https://www.nationalarchives.gov.uk/PRONOM/fmt/1388	Muvee Reveal Project File	rvl		format			
https://www.nationalarchives.gov.uk/PRONOM/fmt/1389	Drawing Interchange Format (ASCII)	dxf | image/vnd.dxf		format			version 2018/2019/2020
https://www.nationalarchives.gov.uk/PRONOM/fmt/139	OpenDocument Graphics	odg | otg | application/vnd.oasis.opendocument.graphics		format			version 1.0
https://www.nationalarchives.gov.uk/PRONOM/fmt/1390	Drawing Interchange Format (Binary)	dxf | image/vnd.dxf		format			version 2007-2009
https://www.nationalarchives.gov.uk/PRONOM/fmt/1391	Drawing Interchange Format (Binary)	dxf | image/vnd.dxf		format			version 2010-2012
https://www.nationalarchives.gov.uk/PRONOM/fmt/1392	Drawing Interchange Format (Binary)	dxf | image/vnd.dxf		format			version 2013-2017
https://www.nationalarchives.gov.uk/PRONOM/fmt/1393	Drawing Interchange Format (Binary)	dxf | image/vnd.dxf		format			version 2018-2021
https://www.nationalarchives.gov.uk/PRONOM/fmt/1394	Drawing Interchange Format (Binary)	dxf | image/vnd.dxf		format			version Generic
https://www.nationalarchives.gov.uk/PRONOM/fmt/1395	AutoCAD Drawing	dwg | image/vnd.dwg		format			version 2018/2019/2020/2021
https://www.nationalarchives.gov.uk/PRONOM/fmt/1396	FinePrint	fp		format			
https://www.nationalarchives.gov.uk/PRONOM/fmt/1397	FARO Laser Scan File	fls		format			
https://www.nationalarchives.gov.uk/PRONOM/fmt/1398	FARO WorkSpace File	fws		format			
https://www.nationalarchives.gov.uk/PRONOM/fmt/1399	DiskDoubler			format			
https://www.nationalarchives.gov.uk/PRONOM/fmt/14	Acrobat PDF 1.0 - Portable Document Format	pdf | application/pdf		format			version 1.0
https://www.nationalarchives.gov.uk/PRONOM/fmt/140	OpenDocument Database Format	odb		format			version 1.0
https://www.nationalarchives.gov.uk/PRONOM/fmt/1400	Ichitaro Document	$td | jtd | jtt | application/x-js-taro		format			version 8
https://www.nationalarchives.gov.uk/PRONOM/fmt/1401	Student Writing Center Report	rp | rpt		format			
https://www.nationalarchives.gov.uk/PRONOM/fmt/1402	Student Writing Center Journal	jn | jnt		format			
https://www.nationalarchives.gov.uk/PRONOM/fmt/1403	Student Writing Center Sign	sg | sgt		format			
https://www.nationalarchives.gov.uk/PRONOM/fmt/1404	Student Writing Center Newsletter	nl | nlt		format			
https://www.nationalarchives.gov.uk/PRONOM/fmt/1405	Student Writing Center Letter	lt | ltt		format			
https://www.nationalarchives.gov.uk/PRONOM/fmt/1406	Flow Charting	cht		format			version I-II+
https://www.nationalarchives.gov.uk/PRONOM/fmt/1407	Flow Charting	fcd		format			version 3
https://www.nationalarchives.gov.uk/PRONOM/fmt/1408	Flow Charting	gfc		format			version 4
https://www.nationalarchives.gov.uk/PRONOM/fmt/1409	Flow Charting	fc5		format			version 5
https://www.nationalarchives.gov.uk/PRONOM/fmt/141	Waveform Audio (PCMWAVEFORMAT)	wav | wave | audio/x-wav		format			
https://www.nationalarchives.gov.uk/PRONOM/fmt/1410	Flow Charting	fcx		format			version 6
https://www.nationalarchives.gov.uk/PRONOM/fmt/1411	Flow Charting	pdq		format			version PDQ
https://www.nationalarchives.gov.uk/PRONOM/fmt/1412	Flow Charting Graphic Flowcharting Image	gfi		format			
https://www.nationalarchives.gov.uk/PRONOM/fmt/1413	Corel Gallery Clipart	bmf		format			version BMF
https://www.nationalarchives.gov.uk/PRONOM/fmt/1414	PFS:Write Document	pfs		format			
https://www.nationalarchives.gov.uk/PRONOM/fmt/1415	GST Publisher File	dtp		format			version 1
https://www.nationalarchives.gov.uk/PRONOM/fmt/1416	GST Publisher File	dtp		format			version 2
https://www.nationalarchives.gov.uk/PRONOM/fmt/1417	Corel Print House Document	cpd | cph		format			version 1
https://www.nationalarchives.gov.uk/PRONOM/fmt/1418	Corel Print House Document	cpd | cph		format			version 2
https://www.nationalarchives.gov.uk/PRONOM/fmt/1419	Corel Print House/Print Office Document	cpd | cph | cpo		format			version 3
https://www.nationalarchives.gov.uk/PRONOM/fmt/142	Waveform Audio (WAVEFORMATEX)	wav | wave | audio/x-wav		format			
https://www.nationalarchives.gov.uk/PRONOM/fmt/1420	Corel Print House/Print Office Document	cpd | cph | cpo		format			version 4
https://www.nationalarchives.gov.uk/PRONOM/fmt/1421	Corel Print House/Print Office Document	cpd | cph | cpo		format			version 5
https://www.nationalarchives.gov.uk/PRONOM/fmt/1422	Corel Photo House Image	cps		format			
https://www.nationalarchives.gov.uk/PRONOM/fmt/1423	HP TRIM Outlook Saved Message File	mbx | vmbx		format			
https://www.nationalarchives.gov.uk/PRONOM/fmt/1424	WordPerfect Encrypted Document	wp | application/vnd.wordperfect		format			version 4.2
https://www.nationalarchives.gov.uk/PRONOM/fmt/1425	MacDraw			format			version 0.9
https://www.nationalarchives.gov.uk/PRONOM/fmt/1426	MacDraw			format			version 1.x
https://www.nationalarchives.gov.uk/PRONOM/fmt/1427	MacDraw			format			version II
https://www.nationalarchives.gov.uk/PRONOM/fmt/1428	MacDraw			format			version Pro
https://www.nationalarchives.gov.uk/PRONOM/fmt/1429	MacPaint Image			format			version 2
https://www.nationalarchives.gov.uk/PRONOM/fmt/143	Waveform Audio (WAVEFORMATEXTENSIBLE)	wav | wave | audio/x-wav		format			
https://www.nationalarchives.gov.uk/PRONOM/fmt/1430	Minitab Worksheet	mtw		format			version 8-11
https://www.nationalarchives.gov.uk/PRONOM/fmt/1431	Minitab Portable Worksheet	mtp		format			
https://www.nationalarchives.gov.uk/PRONOM/fmt/1432	Minitab Worksheet	mtw		format			version 12
https://www.nationalarchives.gov.uk/PRONOM/fmt/1433	Minitab Worksheet	mtw		format			version 13
https://www.nationalarchives.gov.uk/PRONOM/fmt/1434	Minitab Project	mpj		format			version 12-13
https://www.nationalarchives.gov.uk/PRONOM/fmt/1435	Minitab Worksheet	mtw		format			version 14
https://www.nationalarchives.gov.uk/PRONOM/fmt/1436	Minitab Project	mpj		format			version 14
https://www.nationalarchives.gov.uk/PRONOM/fmt/1437	Minitab Worksheet	mtw		format			version 15+
https://www.nationalarchives.gov.uk/PRONOM/fmt/1438	Minitab Project	mpj		format			version 15+
https://www.nationalarchives.gov.uk/PRONOM/fmt/1439	Apple iWork Pages	pages		format			version 09
https://www.nationalarchives.gov.uk/PRONOM/fmt/144	Acrobat PDF/X - Portable Document Format - Exchange 1:1999	pdf | application/pdf		format			
https://www.nationalarchives.gov.uk/PRONOM/fmt/1440	Apple iWork Numbers			format			version 09
https://www.nationalarchives.gov.uk/PRONOM/fmt/1441	Apple iWork Document	iwa | key | numbers | pages | template		format			version 14
https://www.nationalarchives.gov.uk/PRONOM/fmt/1442	QuarkXPress Document	application/vnd.Quark.QuarkXPress		format			version 1-2
https://www.nationalarchives.gov.uk/PRONOM/fmt/1443	QuarkXPress Document	application/vnd.Quark.QuarkXPress		format			version 3.0
https://www.nationalarchives.gov.uk/PRONOM/fmt/1444	QuarkXPress Document	qwd | qxd | qxt | application/vnd.Quark.QuarkXPress		format			version 3.2
https://www.nationalarchives.gov.uk/PRONOM/fmt/1445	QuarkXPress Project	qpt | qwd | qxp | application/vnd.Quark.QuarkXPress		format			version 9.2
https://www.nationalarchives.gov.uk/PRONOM/fmt/1446	QuarkXPress Project	qpt | qwd | qxp | application/vnd.Quark.QuarkXPress		format			version 10.1
https://www.nationalarchives.gov.uk/PRONOM/fmt/1447	XLD4 (Bitmap Image)	q4		format			
https://www.nationalarchives.gov.uk/PRONOM/fmt/1448	XLD4 (Graphic Data Document)	q4d		format			
https://www.nationalarchives.gov.uk/PRONOM/fmt/1449	Aldus FreeHand Drawing			format			version 1
https://www.nationalarchives.gov.uk/PRONOM/fmt/145	Acrobat PDF/X - Portable Document Format - Exchange 1:2001	pdf | application/pdf		format			
https://www.nationalarchives.gov.uk/PRONOM/fmt/1450	Aldus FreeHand Drawing			format			version 2
https://www.nationalarchives.gov.uk/PRONOM/fmt/1451	PDF Portfolio	pdf		format			version 1.7
https://www.nationalarchives.gov.uk/PRONOM/fmt/1452	Lotus 1-2-3 Worksheet	123 | application/vnd.lotus-1-2-3 | application/x-123		format			version 97
https://www.nationalarchives.gov.uk/PRONOM/fmt/1453	Lotus 1-2-3 Worksheet	123 | application/vnd.lotus-1-2-3 | application/x-123		format			version 9.8 Millennium
https://www.nationalarchives.gov.uk/PRONOM/fmt/1454	Web Video Text Tracks (WebVTT) Format	vtt | text/vtt		format			
https://www.nationalarchives.gov.uk/PRONOM/fmt/1455	Primavera P6 Project Management XER File	xer		format			
https://www.nationalarchives.gov.uk/PRONOM/fmt/1456	Autocad DMP File	dmp		format			
https://www.nationalarchives.gov.uk/PRONOM/fmt/1457	OrgPlus File	ops | opx | opxt		format			
https://www.nationalarchives.gov.uk/PRONOM/fmt/1458	Arts & Letters Graphics File	ged		format			
https://www.nationalarchives.gov.uk/PRONOM/fmt/1459	Stuffit Archive File	sit | application/x-stuffit		format			version 1.5
https://www.nationalarchives.gov.uk/PRONOM/fmt/146	Acrobat PDF/X - Portable Document Format - Exchange 1a:2003	pdf | application/pdf		format			
https://www.nationalarchives.gov.uk/PRONOM/fmt/1460	Stuffit Archive File	sit | application/x-stuffit		format			version 1.6-4.5
https://www.nationalarchives.gov.uk/PRONOM/fmt/1461	Autorun Maestro Menu File	mnu		format			
https://www.nationalarchives.gov.uk/PRONOM/fmt/1462	Comic Book Archive	cb7 | cba | cbr | cbt | cbz		format			
https://www.nationalarchives.gov.uk/PRONOM/fmt/1463	Ableton Live Set	als		format			version 8.2.1 onwards
https://www.nationalarchives.gov.uk/PRONOM/fmt/1464	Maestro Music File			format			
https://www.nationalarchives.gov.uk/PRONOM/fmt/1465	OrCAD Layout File	max		format			
https://www.nationalarchives.gov.uk/PRONOM/fmt/1466	InstallShield Executable	ex_		format			
https://www.nationalarchives.gov.uk/PRONOM/fmt/1467	STOS Memory Bank	mbk		format			
https://www.nationalarchives.gov.uk/PRONOM/fmt/1468	multiArtist File	mg1 | mg2 | mg4 | mg8		format			
https://www.nationalarchives.gov.uk/PRONOM/fmt/1469	MAKIchan Graphics File	mag | max | mki		format			
https://www.nationalarchives.gov.uk/PRONOM/fmt/147	Acrobat PDF/X - Portable Document Format - Exchange 2:2003	pdf | application/pdf		format			
https://www.nationalarchives.gov.uk/PRONOM/fmt/1470	MIG Graphics File	mig		format			
https://www.nationalarchives.gov.uk/PRONOM/fmt/1471	Multi Palette Picture File	mpp		format			
https://www.nationalarchives.gov.uk/PRONOM/fmt/1472	Magic Shadow Archiver Disk Image File	msa | application/vnd.msa-disk-image		format			
https://www.nationalarchives.gov.uk/PRONOM/fmt/1473	Archimedes Tracker Module	musx		format			
https://www.nationalarchives.gov.uk/PRONOM/fmt/1474	TEI P4 XML - Single Text File	odd | tei | xml | application/tei+xml		format			version P4
https://www.nationalarchives.gov.uk/PRONOM/fmt/1475	TEI P4 XML - Corpus File	odd | tei | xml | application/tei+xml		format			version P4
https://www.nationalarchives.gov.uk/PRONOM/fmt/1476	TEI P5 - Single Text File	odd | tei | xml | application/tei+xml		format			version P5
https://www.nationalarchives.gov.uk/PRONOM/fmt/1477	TEI P5 XML - Corpus File	odd | tei | xml | application/tei+xml		format			version P5
https://www.nationalarchives.gov.uk/PRONOM/fmt/1478	Unisig			format			
https://www.nationalarchives.gov.uk/PRONOM/fmt/1479	XIFF (Xerox Image File Format)	xif | image/vnd.xiff		format			version 2
https://www.nationalarchives.gov.uk/PRONOM/fmt/148	Acrobat PDF/X - Portable Document Format - Exchange 3:2003	pdf | application/pdf		format			
https://www.nationalarchives.gov.uk/PRONOM/fmt/1480	XIFF (Xerox Image File Format)	xif | image/vnd.xiff		format			version 3
https://www.nationalarchives.gov.uk/PRONOM/fmt/1481	Micrografx In-A-Vision Drawing	pic		format			
https://www.nationalarchives.gov.uk/PRONOM/fmt/1482	Access Report Snapshot	snp		format			
https://www.nationalarchives.gov.uk/PRONOM/fmt/1483	Mar Archive	mac | mar		format			
https://www.nationalarchives.gov.uk/PRONOM/fmt/1484	JPEG XL Codestream	jxl | image/jxl		format			
https://www.nationalarchives.gov.uk/PRONOM/fmt/1485	JPEG XL	jxl | image/jxl		format			
https://www.nationalarchives.gov.uk/PRONOM/fmt/1486	Novell Address Book	nab		format			
https://www.nationalarchives.gov.uk/PRONOM/fmt/1487	Timeline Maker Document	tlm | tlm3 | tlm4 | tlmp		format			
https://www.nationalarchives.gov.uk/PRONOM/fmt/1488	Phantom CINE Video File	cin | cine		format			
https://www.nationalarchives.gov.uk/PRONOM/fmt/1489	Phantom CINE Compressed Video File	cci		format			
https://www.nationalarchives.gov.uk/PRONOM/fmt/149	JTIP (JPEG Tiled Image Pyramid)			format			
https://www.nationalarchives.gov.uk/PRONOM/fmt/1490	HyperCard Stack			format			
https://www.nationalarchives.gov.uk/PRONOM/fmt/1491	Harvard Graphics Presentation	prs		format			version 1-3
https://www.nationalarchives.gov.uk/PRONOM/fmt/1492	Harvard Graphics Presentation	pr4		format			version 4
https://www.nationalarchives.gov.uk/PRONOM/fmt/1493	NTI JewelCase Maker	jwc		format			
https://www.nationalarchives.gov.uk/PRONOM/fmt/1494	QuarkXPress Project	qpt | qwd | qxp | application/vnd.Quark.QuarkXPress		format			version 2020
https://www.nationalarchives.gov.uk/PRONOM/fmt/1495	QuarkXPress Project	qpt | qwd | qxp | application/vnd.Quark.QuarkXPress		format			version 2021
https://www.nationalarchives.gov.uk/PRONOM/fmt/1496	ZoomBrowser Ex Thumbnail Cache	info		format			
https://www.nationalarchives.gov.uk/PRONOM/fmt/1497	XV Thumbnail	p7		format			
https://www.nationalarchives.gov.uk/PRONOM/fmt/1498	Cool Edit/Adobe Audition Session File	ses		format			version Binary
https://www.nationalarchives.gov.uk/PRONOM/fmt/1499	Adobe Audition Session File	sesx		format			version XML
https://www.nationalarchives.gov.uk/PRONOM/fmt/15	Acrobat PDF 1.1 - Portable Document Format	pdf | application/pdf		format			version 1.1
https://www.nationalarchives.gov.uk/PRONOM/fmt/150	JPEG-LS	jls		format			
https://www.nationalarchives.gov.uk/PRONOM/fmt/1500	Adobe Acrobat Forms Data Format	fdf | application/vnd.fdf		format			version 1.x
https://www.nationalarchives.gov.uk/PRONOM/fmt/1501	XML Forms Data Format	xfdf | application/vnd.adobe.xfdf		format			
https://www.nationalarchives.gov.uk/PRONOM/fmt/1502	Agisoft Project Archive	psz		format			
https://www.nationalarchives.gov.uk/PRONOM/fmt/1503	Agisoft Project File	psx		format			
https://www.nationalarchives.gov.uk/PRONOM/fmt/1504	Agisoft Tiled Model	tls		format			
https://www.nationalarchives.gov.uk/PRONOM/fmt/1505	Agisoft Point Cloud	oc3		format			
https://www.nationalarchives.gov.uk/PRONOM/fmt/1506	EinScan RGE 3D Range File	rge		format			
https://www.nationalarchives.gov.uk/PRONOM/fmt/1507	Exchangeable Image File Format (Compressed)	jpeg | jpg | image/jpeg		format			version 2.3.x
https://www.nationalarchives.gov.uk/PRONOM/fmt/1508	Microsoft Visio Drawing	vsd | vss | vst | application/vnd.visio		format			version 2
https://www.nationalarchives.gov.uk/PRONOM/fmt/1509	Microsoft Visio Drawing	vsd | vss | vst | application/vnd.visio		format			version 3
https://www.nationalarchives.gov.uk/PRONOM/fmt/151	JPX (JPEG 2000 part 2)	jpf | jpx | image/jpx		format			
https://www.nationalarchives.gov.uk/PRONOM/fmt/1510	Microsoft Visio Drawing	vsd | vss | vst | vsw | application/vnd.visio		format			version 4
https://www.nationalarchives.gov.uk/PRONOM/fmt/1511	Microsoft Publisher	pub | application/x-mspublisher		format			version 1
https://www.nationalarchives.gov.uk/PRONOM/fmt/1512	Microsoft Publisher	pub | application/x-mspublisher		format			version 2003
https://www.nationalarchives.gov.uk/PRONOM/fmt/1513	Microsoft Publisher	pub | application/x-mspublisher		format			version 2007
https://www.nationalarchives.gov.uk/PRONOM/fmt/1514	Microsoft Publisher	pub | application/x-mspublisher		format			version 2010
https://www.nationalarchives.gov.uk/PRONOM/fmt/1515	Microsoft Publisher	pub | application/x-mspublisher		format			version 2013
https://www.nationalarchives.gov.uk/PRONOM/fmt/1516	Microsoft Publisher	pub | application/x-mspublisher		format			version 2016-2019
https://www.nationalarchives.gov.uk/PRONOM/fmt/1517	Serif PhotoPlus Image	spp		format			version 5-X2
https://www.nationalarchives.gov.uk/PRONOM/fmt/1518	Serif PhotoPlus Image	spp		format			version X3 Onwards
https://www.nationalarchives.gov.uk/PRONOM/fmt/1519	Serif DrawPlus Drawing	dpa | dpp | dpx		format			version 6
https://www.nationalarchives.gov.uk/PRONOM/fmt/152	Digital Negative Format (DNG)	dng | tif | tiff | image/dng | image/tiff		format			version 1.1
https://www.nationalarchives.gov.uk/PRONOM/fmt/1520	Serif DrawPlus Drawing	dpa | dpp | dpx		format			version 7
https://www.nationalarchives.gov.uk/PRONOM/fmt/1521	Serif DrawPlus Drawing	dpa | dpp | dpx		format			version 8
https://www.nationalarchives.gov.uk/PRONOM/fmt/1522	Serif DrawPlus Drawing	dpa | dpp | dpx		format			version X2
https://www.nationalarchives.gov.uk/PRONOM/fmt/1523	Serif DrawPlus Drawing	dpa | dpp | dpx		format			version X3
https://www.nationalarchives.gov.uk/PRONOM/fmt/1524	Serif DrawPlus Drawing	dpa | dpp | dpx		format			version X4
https://www.nationalarchives.gov.uk/PRONOM/fmt/1525	Serif DrawPlus Drawing	dpa | dpp | dpx		format			version X5
https://www.nationalarchives.gov.uk/PRONOM/fmt/1526	Serif DrawPlus Drawing	dpa | dpp | dpx		format			version X6
https://www.nationalarchives.gov.uk/PRONOM/fmt/1527	Serif DrawPlus Drawing	dpa | dpp | dpx		format			version X8
https://www.nationalarchives.gov.uk/PRONOM/fmt/1528	Serif DrawPlus Drawing	dpa | dpp		format			version Generic
https://www.nationalarchives.gov.uk/PRONOM/fmt/1529	Serif PagePlus Publication	ppb | ppp | ppx		format			version X3
https://www.nationalarchives.gov.uk/PRONOM/fmt/153	Tagged Image File Format for Image Technology (TIFF/IT)	tif | tiff | image/tiff		format			
https://www.nationalarchives.gov.uk/PRONOM/fmt/1530	Serif PagePlus Publication	ppb | ppp | ppx		format			version X4
https://www.nationalarchives.gov.uk/PRONOM/fmt/1531	Serif PagePlus Publication	ppb | ppp | ppx		format			version X5
https://www.nationalarchives.gov.uk/PRONOM/fmt/1532	Serif PagePlus Publication	ppb | ppp | ppx		format			version X6
https://www.nationalarchives.gov.uk/PRONOM/fmt/1533	Serif PagePlus Publication	ppb | ppp | ppx		format			version X7
https://www.nationalarchives.gov.uk/PRONOM/fmt/1534	Serif PagePlus Publication	ppb | ppp | ppx		format			version X8
https://www.nationalarchives.gov.uk/PRONOM/fmt/1535	Serif PagePlus Publication	ppb | ppp | ppx		format			version X9
https://www.nationalarchives.gov.uk/PRONOM/fmt/1536	Serif PagePlus Publication	ppb | ppp | ppx		format			version SE
https://www.nationalarchives.gov.uk/PRONOM/fmt/1537	Serif PagePlus Publication	ppp | ppt		format			version 1-3
https://www.nationalarchives.gov.uk/PRONOM/fmt/1538	CompuServe RLE	rle		format			
https://www.nationalarchives.gov.uk/PRONOM/fmt/1539	Raster Matrix Format	rsw		format			
https://www.nationalarchives.gov.uk/PRONOM/fmt/154	Tagged Image File Format for Electronic Photography (TIFF/EP)	tif | tiff | image/tiff		format			
https://www.nationalarchives.gov.uk/PRONOM/fmt/1540	NeoDisk Icon File	nic		format			version 3
https://www.nationalarchives.gov.uk/PRONOM/fmt/1541	Visual Basic Form File	frm		format			version 4 onwards
https://www.nationalarchives.gov.uk/PRONOM/fmt/1542	Visual Basic Form File	frm		format			version 3 or earlier
https://www.nationalarchives.gov.uk/PRONOM/fmt/1543	ELAN Annotation File	eaf | application/eaf+xml		format			
https://www.nationalarchives.gov.uk/PRONOM/fmt/1544	ELAN Preference File	pfsx		format			
https://www.nationalarchives.gov.uk/PRONOM/fmt/1545	NeoDesk Icon File	nic		format			version 1 and 2
https://www.nationalarchives.gov.uk/PRONOM/fmt/1546	Daisy-Dot Font File	nlq		format			version I and II
https://www.nationalarchives.gov.uk/PRONOM/fmt/1547	Daisy-Dot Font File	nlq		format			version III
https://www.nationalarchives.gov.uk/PRONOM/fmt/1548	Visual Basics MAK File	mak		format			version 3 or earlier
https://www.nationalarchives.gov.uk/PRONOM/fmt/1549	Bentley Microstation Hidden Line File	hln		format			
https://www.nationalarchives.gov.uk/PRONOM/fmt/155	Geographic Tagged Image File Format (GeoTIFF)	cog | tif | tiff | image/tiff		format			
https://www.nationalarchives.gov.uk/PRONOM/fmt/1550	MATLAB Mat File	mat		format			version Level 4
https://www.nationalarchives.gov.uk/PRONOM/fmt/1551	NetWare Loadable Module	nlm		format			
https://www.nationalarchives.gov.uk/PRONOM/fmt/1552	Surprise! Adlib Tracker v2.0	sa2		format			version 2.0
https://www.nationalarchives.gov.uk/PRONOM/fmt/1553	Septentrio Binary Format	sbf		format			
https://www.nationalarchives.gov.uk/PRONOM/fmt/1554	DNA Sequence Chromatogram File	scf		format			version 3.00
https://www.nationalarchives.gov.uk/PRONOM/fmt/1555	Standard Data Format	sdf		format			
https://www.nationalarchives.gov.uk/PRONOM/fmt/1556	Starlink Data Format	sdf		format			
https://www.nationalarchives.gov.uk/PRONOM/fmt/1557	Cyber Paint Sequence	seq		format			
https://www.nationalarchives.gov.uk/PRONOM/fmt/1558	SelF-eXtracting LHA/LZH Compressed Files	sfx		format			
https://www.nationalarchives.gov.uk/PRONOM/fmt/1559	Beam Software SIFF File	son | vb		format			
https://www.nationalarchives.gov.uk/PRONOM/fmt/156	Tagged Image File Format for Internet Fax (TIFF-FX)	tfx | tif | tiff | image/tiff		format			
https://www.nationalarchives.gov.uk/PRONOM/fmt/1560	Sample Vision Audio File Format	smp		format			
https://www.nationalarchives.gov.uk/PRONOM/fmt/1561	SpritePad Image Format	spd		format			
https://www.nationalarchives.gov.uk/PRONOM/fmt/1562	AutoDesk Indexed Point Cloud	pcg		format			
https://www.nationalarchives.gov.uk/PRONOM/fmt/1563	ERDAS Imagine Large Raster Spill File	ige		format			
https://www.nationalarchives.gov.uk/PRONOM/fmt/1564	Associated Signature Container Extended (ASiC-E)	asice | sce | application/vnd.etsi.asic-e+zip		format			
https://www.nationalarchives.gov.uk/PRONOM/fmt/1565	reStructuredText	rst		format			
https://www.nationalarchives.gov.uk/PRONOM/fmt/1566	ColdFusion Markup Language	cfm		format			
https://www.nationalarchives.gov.uk/PRONOM/fmt/1567	ISDOC Information System Document	isdoc		format			version 5.x
https://www.nationalarchives.gov.uk/PRONOM/fmt/1568	ISDOCX Information System Document	isdocx		format			version 5.x
https://www.nationalarchives.gov.uk/PRONOM/fmt/1569	Bitstream Speedo Fonts	spd		format			
https://www.nationalarchives.gov.uk/PRONOM/fmt/157	Acrobat PDF/X - Portable Document Format - Exchange 1a:2001	pdf | application/pdf		format			
https://www.nationalarchives.gov.uk/PRONOM/fmt/1570	ISDOC Information System Document	isdoc		format			version 6.0.1
https://www.nationalarchives.gov.uk/PRONOM/fmt/1571	ISDOCX Information System Document	isdocx		format			version 6.0.1
https://www.nationalarchives.gov.uk/PRONOM/fmt/1572	OrCAD Project File	opj		format			
https://www.nationalarchives.gov.uk/PRONOM/fmt/1573	Visual Basic Project File	vbp		format			version 1-6
https://www.nationalarchives.gov.uk/PRONOM/fmt/1574	Visual Basic Project Workspace File	vbw		format			version 1-6
https://www.nationalarchives.gov.uk/PRONOM/fmt/1575	Spectrum 512 Compressed | Spectrum 512 Smooshed	spc | sps		format			
https://www.nationalarchives.gov.uk/PRONOM/fmt/1576	Spectrum 512 Uncompressed | Spectrum 512 Uncompressed Enhanced	spu		format			
https://www.nationalarchives.gov.uk/PRONOM/fmt/1577	Spectrum 512 Extended	spx		format			version 1
https://www.nationalarchives.gov.uk/PRONOM/fmt/1578	Spectrum 512 Extended	spx		format			version 2
https://www.nationalarchives.gov.uk/PRONOM/fmt/1579	SPYne Containers	spy		format			
https://www.nationalarchives.gov.uk/PRONOM/fmt/158	Acrobat PDF/X - Portable Document Format - Exchange 3:2002	pdf | application/pdf		format			
https://www.nationalarchives.gov.uk/PRONOM/fmt/1580	Envision Publisher File	evp		format			
https://www.nationalarchives.gov.uk/PRONOM/fmt/1581	Envision Publisher Font Files	svf		format			
https://www.nationalarchives.gov.uk/PRONOM/fmt/1582	Vim SWAP File	swp		format			
https://www.nationalarchives.gov.uk/PRONOM/fmt/1583	SXG (ZX Spectrum) Graphic File	sxg		format			
https://www.nationalarchives.gov.uk/PRONOM/fmt/1584	ADRIFT Text Adventure File	taf		format			
https://www.nationalarchives.gov.uk/PRONOM/fmt/1585	TurboCalc Document	tcd		format			
https://www.nationalarchives.gov.uk/PRONOM/fmt/1586	TheDraw Save File	td		format			
https://www.nationalarchives.gov.uk/PRONOM/fmt/1587	COKE Format (Atari Falcon)	tg1		format			
https://www.nationalarchives.gov.uk/PRONOM/fmt/1588	TGIF File Format	obj | tgif		format			
https://www.nationalarchives.gov.uk/PRONOM/fmt/1589	Taquart Interlace Picture	tip		format			
https://www.nationalarchives.gov.uk/PRONOM/fmt/159	EBCDIC-US	ebcdic		format			
https://www.nationalarchives.gov.uk/PRONOM/fmt/1590	Visual Basic Binary Form File	frx		format			
https://www.nationalarchives.gov.uk/PRONOM/fmt/1591	ESRI ArcInfo Coverage Annotation File	txt		format			
https://www.nationalarchives.gov.uk/PRONOM/fmt/1592	ASEG-GDF2 Description File	des		format			
https://www.nationalarchives.gov.uk/PRONOM/fmt/1593	ASEG-GDF2- Data Definition File	dfn		format			
https://www.nationalarchives.gov.uk/PRONOM/fmt/1594	ESRI ArcInfo DAT File (External)	dat		format			
https://www.nationalarchives.gov.uk/PRONOM/fmt/1595	Canon Raw	cr3		format			version 3.0
https://www.nationalarchives.gov.uk/PRONOM/fmt/1596	ESRI ArcInfo Grid .nit File	nit		format			
https://www.nationalarchives.gov.uk/PRONOM/fmt/1597	PageMaker Template File	pt5		format			version 5.0
https://www.nationalarchives.gov.uk/PRONOM/fmt/1598	Stata .do Command File	do		format			
https://www.nationalarchives.gov.uk/PRONOM/fmt/1599	R Program File	r		format			
https://www.nationalarchives.gov.uk/PRONOM/fmt/16	Acrobat PDF 1.2 - Portable Document Format	pdf | application/pdf		format			version 1.2
https://www.nationalarchives.gov.uk/PRONOM/fmt/160	TeX/LaTeX Device Independent Document	dvi | application/x-dvi		format			
https://www.nationalarchives.gov.uk/PRONOM/fmt/1600	ESRI ArcInfo DAT File (Internal)			format			
https://www.nationalarchives.gov.uk/PRONOM/fmt/1601	Type Library	tlb		format			version Type 1
https://www.nationalarchives.gov.uk/PRONOM/fmt/1602	Type Library	tlb		format			version Type 2
https://www.nationalarchives.gov.uk/PRONOM/fmt/1603	TUNDRA	tnd		format			
https://www.nationalarchives.gov.uk/PRONOM/fmt/1604	EggPaint (Atari Falcon)	trp		format			
https://www.nationalarchives.gov.uk/PRONOM/fmt/1605	True Colour Sprites [Spooky Sprites] (Atari Falcon)	trs		format			
https://www.nationalarchives.gov.uk/PRONOM/fmt/1606	Packed-Ice True Colour Sprites [Spooky Sprites] (Atari Falcon)	trs		format			
https://www.nationalarchives.gov.uk/PRONOM/fmt/1607	True Colour Picture [Spooky Sprites] (Atari Falcon)	trp | tru		format			
https://www.nationalarchives.gov.uk/PRONOM/fmt/1608	Packed-Ice True Colour Picture [Spooky Sprites] (Atari Falcon)	trp | tru		format			
https://www.nationalarchives.gov.uk/PRONOM/fmt/1609	exFAT (Extensible File Allocation Table) Disc Image	img		format			
https://www.nationalarchives.gov.uk/PRONOM/fmt/161	SIARD (Software-Independent Archiving of Relational Databases)	siard		format			version 1.0
https://www.nationalarchives.gov.uk/PRONOM/fmt/1610	Viacom New Media Graphics	000 | vnm		format			
https://www.nationalarchives.gov.uk/PRONOM/fmt/1611	WRAptor Compressed File	wr3 | wra		format			version 1; 2; 3
https://www.nationalarchives.gov.uk/PRONOM/fmt/1612	XBIN (eXtended BIN)	xb		format			
https://www.nationalarchives.gov.uk/PRONOM/fmt/1613	XML Shareable Playlist Format	xspf		format			
https://www.nationalarchives.gov.uk/PRONOM/fmt/1614	Esri ArcExplorer Project File	aep		format			
https://www.nationalarchives.gov.uk/PRONOM/fmt/1615	CATIA Drawing	catdrawing		format			version 5
https://www.nationalarchives.gov.uk/PRONOM/fmt/1616	BibTeX Database File	bib		format			
https://www.nationalarchives.gov.uk/PRONOM/fmt/1617	Devicetree Blob (DTB)	dtb		format			version 17
https://www.nationalarchives.gov.uk/PRONOM/fmt/1618	SGML/XML Entity File	ent | application/xml-external-parsed-entity		format			
https://www.nationalarchives.gov.uk/PRONOM/fmt/1619	Pascal Source Code	pas		format			
https://www.nationalarchives.gov.uk/PRONOM/fmt/162	Microsoft Multiplan	mod		format			version 4.0
https://www.nationalarchives.gov.uk/PRONOM/fmt/1620	Aero Studio Song	aero		format			
https://www.nationalarchives.gov.uk/PRONOM/fmt/1621	AHX-Module Format (formerly THX module format)	ahx		format			version 0-2
https://www.nationalarchives.gov.uk/PRONOM/fmt/1622	Asylum Music Format	amf		format			
https://www.nationalarchives.gov.uk/PRONOM/fmt/1623	Art Of Noise	aon		format			version 4 Channel Module
https://www.nationalarchives.gov.uk/PRONOM/fmt/1624	Art Of Noise	aon		format			version 8 Channel Module
https://www.nationalarchives.gov.uk/PRONOM/fmt/1625	ESRI Colour File Format	clr		format			
https://www.nationalarchives.gov.uk/PRONOM/fmt/1626	MicroStation Symbology Resource File	rsc		format			
https://www.nationalarchives.gov.uk/PRONOM/fmt/1627	Z Print Build File	zbd		format			
https://www.nationalarchives.gov.uk/PRONOM/fmt/1628	Adobe InDesign Document	ind | indd		format			version 1.0
https://www.nationalarchives.gov.uk/PRONOM/fmt/1629	Adobe InDesign Document	ind | indd | indt		format			version 1.5
https://www.nationalarchives.gov.uk/PRONOM/fmt/163	Microsoft Works Word Processor 1-3 for DOS and 2 for Windows	wps		format			
https://www.nationalarchives.gov.uk/PRONOM/fmt/1630	Adobe InDesign Document	ind | indd | indt		format			version 2.0
https://www.nationalarchives.gov.uk/PRONOM/fmt/1631	Adobe InDesign Document	ind | indd | indt		format			version CS5.5
https://www.nationalarchives.gov.uk/PRONOM/fmt/1632	Adobe InDesign Document	ind | indd | indt		format			version CC
https://www.nationalarchives.gov.uk/PRONOM/fmt/1633	Adobe InDesign Document	ind | indd | indt		format			version CC 2014
https://www.nationalarchives.gov.uk/PRONOM/fmt/1634	Adobe InDesign Document	ind | indd | indt		format			version CC 2015
https://www.nationalarchives.gov.uk/PRONOM/fmt/1635	Adobe InDesign Document	ind | indd | indt		format			version CC 2017
https://www.nationalarchives.gov.uk/PRONOM/fmt/1636	Adobe InDesign Document	ind | indd | indt		format			version CC 2018
https://www.nationalarchives.gov.uk/PRONOM/fmt/1637	Adobe InDesign Document	ind | indd | indt		format			version CC 2019
https://www.nationalarchives.gov.uk/PRONOM/fmt/1638	Adobe InDesign Document	ind | indd | indt		format			version CC 2020
https://www.nationalarchives.gov.uk/PRONOM/fmt/1639	Adobe InDesign Document	ind | indd | indt		format			version CC 2021
https://www.nationalarchives.gov.uk/PRONOM/fmt/164	Microsoft Works Word Processor for DOS			format			version 1.12
https://www.nationalarchives.gov.uk/PRONOM/fmt/1640	Adobe InDesign Document	ind | indd | indt		format			version CC 2022
https://www.nationalarchives.gov.uk/PRONOM/fmt/1641	Adobe InDesign Interchange Document	inx		format			
https://www.nationalarchives.gov.uk/PRONOM/fmt/1642	Adobe InDesign Library	indl		format			version 2
https://www.nationalarchives.gov.uk/PRONOM/fmt/1643	Lenel Network Video Recorder File	lnr		format			
https://www.nationalarchives.gov.uk/PRONOM/fmt/1644	Roxio Label Creator Project File	jwl		format			version 4-5
https://www.nationalarchives.gov.uk/PRONOM/fmt/1645	Roxio Label Creator Project File	jwl		format			version 6-7
https://www.nationalarchives.gov.uk/PRONOM/fmt/1646	Roxio Label Creator Project File	jwl		format			version 8-11
https://www.nationalarchives.gov.uk/PRONOM/fmt/1647	Inspiration Software File	isf		format			
https://www.nationalarchives.gov.uk/PRONOM/fmt/1648	Crystal Reports File	rpt | application/x-rpt		format			
https://www.nationalarchives.gov.uk/PRONOM/fmt/1649	AGS 4 Data Format	ags		format			version 4.0- 4.1
https://www.nationalarchives.gov.uk/PRONOM/fmt/165	Microsoft Works Word Processor for DOS			format			version 2.0
https://www.nationalarchives.gov.uk/PRONOM/fmt/1650	Bayesian Interchange Format File	bif		format			
https://www.nationalarchives.gov.uk/PRONOM/fmt/1651	Garmin Flexible and Interoperable Data Transfer File	fit		format			
https://www.nationalarchives.gov.uk/PRONOM/fmt/1652	Typescript	ts | tsx		format			
https://www.nationalarchives.gov.uk/PRONOM/fmt/1653	STAD PAC File	pac | seq		format			
https://www.nationalarchives.gov.uk/PRONOM/fmt/1654	Palm Database ImageViewer Format	pdb		format			
https://www.nationalarchives.gov.uk/PRONOM/fmt/1655	cdrLabel Label File	clb		format			
https://www.nationalarchives.gov.uk/PRONOM/fmt/1656	Microsoft Help Contents File	cnt		format			
https://www.nationalarchives.gov.uk/PRONOM/fmt/1657	XIMG (Extended GEM Bit Image)	img | ximg		format			
https://www.nationalarchives.gov.uk/PRONOM/fmt/1658	XL-Paint MaX	max | xlp		format			
https://www.nationalarchives.gov.uk/PRONOM/fmt/1659	XL-Paint	raw		format			
https://www.nationalarchives.gov.uk/PRONOM/fmt/166	Microsoft Works Spreadsheet	wks		format			version 1-5
https://www.nationalarchives.gov.uk/PRONOM/fmt/1660	Arts & Letters Clip Art Library	yal		format			
https://www.nationalarchives.gov.uk/PRONOM/fmt/1661	Yamaha Wave Audio	f01 | s01 | u01 | w01		format			version Generic
https://www.nationalarchives.gov.uk/PRONOM/fmt/1662	Yamaha TX Wave Audio	txw | w01 | w02 | w03 | w04 | w05 | w06 | w07 | w08 | w09 | w10 | w11 | w12 | w13 | w14 | w15 | w16 | w17 | w18 | w19 | w20 | w21 | w22		format			
https://www.nationalarchives.gov.uk/PRONOM/fmt/1663	YAODL (Yet Another Object Description Language) File	ydl		format			
https://www.nationalarchives.gov.uk/PRONOM/fmt/1664	RED Thumbnail File	rtn		format			
https://www.nationalarchives.gov.uk/PRONOM/fmt/1665	Easy CD Creator Layout | Roxio Easy CD Creator Layout	cl5 | rcl		format			version 5-6
https://www.nationalarchives.gov.uk/PRONOM/fmt/1666	Roxio Easy Media Creator Layout	rcl		format			version 7
https://www.nationalarchives.gov.uk/PRONOM/fmt/1667	Roxio Easy Media Creator - Classic Creator File	rcl		format			version 8-10
https://www.nationalarchives.gov.uk/PRONOM/fmt/1668	Roxio Easy Media Creator Layout	roxio		format			version 8-10
https://www.nationalarchives.gov.uk/PRONOM/fmt/1669	Roxio Data Project File	rox		format			version 11
https://www.nationalarchives.gov.uk/PRONOM/fmt/167	Microsoft Works Spreadsheet for DOS			format			version 1.12
https://www.nationalarchives.gov.uk/PRONOM/fmt/1670	Roxio Audio Project File	rox		format			version 11
https://www.nationalarchives.gov.uk/PRONOM/fmt/1671	Z Compressed Data	z		format			
https://www.nationalarchives.gov.uk/PRONOM/fmt/1672	Linux/i386 Binary Executable File ZMAGIC	o | so		format			
https://www.nationalarchives.gov.uk/PRONOM/fmt/1673	ZBrush MatCap	zmt		format			
https://www.nationalarchives.gov.uk/PRONOM/fmt/1674	ZyXEL Voice Format Audio	ad2 | zvd | zyx		format			
https://www.nationalarchives.gov.uk/PRONOM/fmt/1675	IntelliFont Font File	lib | type		format			
https://www.nationalarchives.gov.uk/PRONOM/fmt/1676	Covox ADPCM Audio Files	cvx | v2s | v3s | v4s | v8 | vmf		format			
https://www.nationalarchives.gov.uk/PRONOM/fmt/1677	Microsoft Office File List	xml		format			
https://www.nationalarchives.gov.uk/PRONOM/fmt/1678	MATLAB Script File	m		format			
https://www.nationalarchives.gov.uk/PRONOM/fmt/1679	Garmin track log file	gmn		format			
https://www.nationalarchives.gov.uk/PRONOM/fmt/168	Microsoft Works Spreadsheet for DOS			format			version 2.0
https://www.nationalarchives.gov.uk/PRONOM/fmt/1680	INTREPID Standard Information File	isi		format			version 3.7 onwards
https://www.nationalarchives.gov.uk/PRONOM/fmt/1681	OBO Flat File Format	obo		format			version 1.2
https://www.nationalarchives.gov.uk/PRONOM/fmt/1682	EndNote Library	enl		format			version X - X9
https://www.nationalarchives.gov.uk/PRONOM/fmt/1683	EndNote Compressed Library	enlx		format			version X - X9
https://www.nationalarchives.gov.uk/PRONOM/fmt/1684	EndNote Library	enl		format			version 20
https://www.nationalarchives.gov.uk/PRONOM/fmt/1685	EndNote Compressed Library	enlx		format			version 20
https://www.nationalarchives.gov.uk/PRONOM/fmt/1686	PageMaker Mac Document	application/vnd.pagemaker		format			version 4.0
https://www.nationalarchives.gov.uk/PRONOM/fmt/1687	PageMaker Mac Document	application/vnd.pagemaker		format			version 5.0
https://www.nationalarchives.gov.uk/PRONOM/fmt/1688	Microsoft Word for MS-DOS Document	doc | application/msword		format			version 6.0
https://www.nationalarchives.gov.uk/PRONOM/fmt/1689	Microsoft Word for MS-DOS Glossary File	gly | application/msword		format			version Generic
https://www.nationalarchives.gov.uk/PRONOM/fmt/169	Microsoft Works Database for DOS	wdb		format			version 1.05
https://www.nationalarchives.gov.uk/PRONOM/fmt/1690	Microsoft Word for MS-DOS Style Sheet File	sty | application/msword		format			version Generic
https://www.nationalarchives.gov.uk/PRONOM/fmt/1691	Microsoft Word for MS-DOS Printer Description File	prd | application/msword		format			version Generic
https://www.nationalarchives.gov.uk/PRONOM/fmt/1692	ESRI ArcGIS Raw Raster Reader/ Writer	hdr		format			
https://www.nationalarchives.gov.uk/PRONOM/fmt/1693	Asymetrix Compel Presentation	art | cpl		format			version 1.0
https://www.nationalarchives.gov.uk/PRONOM/fmt/1694	Asymetrix Compel Presentation	art | cpl		format			version 2.0
https://www.nationalarchives.gov.uk/PRONOM/fmt/1695	602 Text file	602		format			version 1.0-1.51
https://www.nationalarchives.gov.uk/PRONOM/fmt/1696	ESRI Attribute Index Files	ain		format			
https://www.nationalarchives.gov.uk/PRONOM/fmt/1697	Calc602 Spreadsheet file	bak | tc6		format			version 1.51
https://www.nationalarchives.gov.uk/PRONOM/fmt/1698	Calc602 Spreadsheet file	bak | tc6		format			version 1.00
https://www.nationalarchives.gov.uk/PRONOM/fmt/1699	602 Graph/Chart File	gc6		format			version 1.51
https://www.nationalarchives.gov.uk/PRONOM/fmt/17	Acrobat PDF 1.3 - Portable Document Format	pdf | application/pdf		format			version 1.3
https://www.nationalarchives.gov.uk/PRONOM/fmt/170	Microsoft Works Database for DOS	wdb		format			version 1.12
https://www.nationalarchives.gov.uk/PRONOM/fmt/1700	OGC GeoPackage	gpkg | application/geopackage+sqlite3		format			version 1.0-1.31
https://www.nationalarchives.gov.uk/PRONOM/fmt/1701	Persuasion Mac Document	pr1		format			version 1.0
https://www.nationalarchives.gov.uk/PRONOM/fmt/1702	Persuasion Mac Document	pr2		format			version 2.0
https://www.nationalarchives.gov.uk/PRONOM/fmt/1703	Persuasion Mac Document	pr2		format			version 2.1
https://www.nationalarchives.gov.uk/PRONOM/fmt/1704	Persuasion Mac Document	pr3		format			version 3.0
https://www.nationalarchives.gov.uk/PRONOM/fmt/1705	Persuasion Mac Document	pn4		format			version 4.0
https://www.nationalarchives.gov.uk/PRONOM/fmt/1706	Persuasion Windows Document	at2 | pr2		format			version 2.0
https://www.nationalarchives.gov.uk/PRONOM/fmt/1707	Persuasion Windows Document	at3 | at4 | pn4 | pr3		format			version 3.x - 4.x
https://www.nationalarchives.gov.uk/PRONOM/fmt/1708	Persuasion Player File	ppf		format			version 3
https://www.nationalarchives.gov.uk/PRONOM/fmt/1709	Persuasion Presentation Interchange File	prf		format			
https://www.nationalarchives.gov.uk/PRONOM/fmt/171	Microsoft Works Database for DOS	wdb		format			version 2.0
https://www.nationalarchives.gov.uk/PRONOM/fmt/1710	Persuasion Auto-Template Interchange File	atf		format			
https://www.nationalarchives.gov.uk/PRONOM/fmt/1711	Software602 Printer Configuration File	cfg		format			version 1.0
https://www.nationalarchives.gov.uk/PRONOM/fmt/1712	Calc602 Macro File	mc6		format			
https://www.nationalarchives.gov.uk/PRONOM/fmt/1713	Calc602 Project File	pc6		format			version 1.0
https://www.nationalarchives.gov.uk/PRONOM/fmt/1714	CATIA Model File	model		format			version 3
https://www.nationalarchives.gov.uk/PRONOM/fmt/1715	Applet Effect Factory Config File	data		format			
https://www.nationalarchives.gov.uk/PRONOM/fmt/1716	Cintel Raw Image/DaVinci Resolve Image	cri | dvcc		format			
https://www.nationalarchives.gov.uk/PRONOM/fmt/1717	Time Stamp Token	tst | application/vnd.etsi.timestamp-token		format			
https://www.nationalarchives.gov.uk/PRONOM/fmt/1718	PageMaker Mac Document	p65 | pmd | pmt | t65 | application/vnd.pagemaker		format			version 6.5-7.0
https://www.nationalarchives.gov.uk/PRONOM/fmt/1719	PageMaker Mac Document	pm6 | pt6 | application/vnd.pagemaker		format			version 6.0
https://www.nationalarchives.gov.uk/PRONOM/fmt/172	Microsoft Excel for Macintosh			format			version 3.0
https://www.nationalarchives.gov.uk/PRONOM/fmt/1720	Portable Compiled Format	pcf		format			
https://www.nationalarchives.gov.uk/PRONOM/fmt/1721	Pablo Paint Raster Image	pa3 | ppp		format			
https://www.nationalarchives.gov.uk/PRONOM/fmt/1722	BIM Metadata File	bim		format			
https://www.nationalarchives.gov.uk/PRONOM/fmt/1723	Wordcraft Chapter Files	001		format			
https://www.nationalarchives.gov.uk/PRONOM/fmt/1724	LegalDocML Document	xml		format			
https://www.nationalarchives.gov.uk/PRONOM/fmt/1725	Capture One Settings File	cos		format			
https://www.nationalarchives.gov.uk/PRONOM/fmt/1726	Geosoft Map Description File	mdf		format			
https://www.nationalarchives.gov.uk/PRONOM/fmt/1727	Pro Tools Session File	ptx		format			version 10+
https://www.nationalarchives.gov.uk/PRONOM/fmt/1728	dBASE Windows Form File	wfm		format			
https://www.nationalarchives.gov.uk/PRONOM/fmt/1729	Esri Shapefile Geospatial Metadata File	xml		format			
https://www.nationalarchives.gov.uk/PRONOM/fmt/173	Microsoft Excel for Macintosh			format			version 4.0
https://www.nationalarchives.gov.uk/PRONOM/fmt/1730	Data File	dat		format			version Generic
https://www.nationalarchives.gov.uk/PRONOM/fmt/1731	PowerGraphics Image File	pgr		format			
https://www.nationalarchives.gov.uk/PRONOM/fmt/1732	Prism Paint Bitmap	pnt | tpi		format			
https://www.nationalarchives.gov.uk/PRONOM/fmt/1733	PaintShop Plus Compressed Format	da4 | psc		format			
https://www.nationalarchives.gov.uk/PRONOM/fmt/1734	Portfolio Graphics Compressed File	pgc		format			
https://www.nationalarchives.gov.uk/PRONOM/fmt/1735	C/C++ Header File	h | hpp | hxx		format			
https://www.nationalarchives.gov.uk/PRONOM/fmt/1736	Creative Voice File	voc		format			
https://www.nationalarchives.gov.uk/PRONOM/fmt/1737	Flow Cytometry Standard File	fcs | application/vnd.isac.fcs		format			version 1.0-3.1
https://www.nationalarchives.gov.uk/PRONOM/fmt/1738	UDF Disc Image	cdr | dmg | iso | toast		format			
https://www.nationalarchives.gov.uk/PRONOM/fmt/1739	UDF-ISO 9660 Bridge Disc	cdr | dmg | iso | toast		format			
https://www.nationalarchives.gov.uk/PRONOM/fmt/174	Microsoft Excel for Macintosh			format			version 98
https://www.nationalarchives.gov.uk/PRONOM/fmt/1740	Apple Partition Map Disk Image	bin | cdr | dmg | img | iso | toast		format			
https://www.nationalarchives.gov.uk/PRONOM/fmt/1741	Apple Partition Map ISO 9660 Hybrid	cdr | iso | toast		format			
https://www.nationalarchives.gov.uk/PRONOM/fmt/1742	Hierarchical File System Plus	dmg | img | toast		format			
https://www.nationalarchives.gov.uk/PRONOM/fmt/1743	Nero Burning ROM Image File	nrg		format			version Generic
https://www.nationalarchives.gov.uk/PRONOM/fmt/1744	Psion Series 3 Bitmap	pic		format			
https://www.nationalarchives.gov.uk/PRONOM/fmt/1745	PixArt Bitmap	pix		format			
https://www.nationalarchives.gov.uk/PRONOM/fmt/1746	Rocky Interlace Picture	rip		format			
https://www.nationalarchives.gov.uk/PRONOM/fmt/1747	Microsoft PowerPoint Presentation	ppt | application/vnd.ms-PowerPoint		format			version 2.x
https://www.nationalarchives.gov.uk/PRONOM/fmt/1748	Microsoft PowerPoint Presentation	ppt | application/vnd.ms-PowerPoint		format			version 3.x
https://www.nationalarchives.gov.uk/PRONOM/fmt/1749	Canon MIF File	mif		format			
https://www.nationalarchives.gov.uk/PRONOM/fmt/175	Microsoft Excel for Macintosh			format			version 2001
https://www.nationalarchives.gov.uk/PRONOM/fmt/1750	Canon CIF File	cif		format			
https://www.nationalarchives.gov.uk/PRONOM/fmt/1751	Canon SIF File	sif		format			
https://www.nationalarchives.gov.uk/PRONOM/fmt/1752	OpenDocument Database Format	odb | application/vnd.oasis.opendocument.base		format			version 1.3
https://www.nationalarchives.gov.uk/PRONOM/fmt/1753	OpenDocument Graphics	odg | application/vnd.oasis.opendocument.graphics		format			version 1.3
https://www.nationalarchives.gov.uk/PRONOM/fmt/1754	OpenDocument Presentation	odp | application/vnd.oasis.opendocument.presentation		format			version 1.3
https://www.nationalarchives.gov.uk/PRONOM/fmt/1755	OpenDocument Spreadsheet	ods | application/vnd.oasis.opendocument.spreadsheet		format			version 1.3
https://www.nationalarchives.gov.uk/PRONOM/fmt/1756	OpenDocument Text	odt | application/vnd.oasis.opendocument.text		format			version 1.3
https://www.nationalarchives.gov.uk/PRONOM/fmt/1757	Apple Partition Map - ISO 9660 - UDF Hybrid Disk Image	dmg | iso | toast		format			
https://www.nationalarchives.gov.uk/PRONOM/fmt/1758	Media Descriptor File	mdf		format			
https://www.nationalarchives.gov.uk/PRONOM/fmt/1759	Media Descriptor Sidecar File	mds		format			
https://www.nationalarchives.gov.uk/PRONOM/fmt/176	Microsoft Excel for Macintosh			format			version 2002
https://www.nationalarchives.gov.uk/PRONOM/fmt/1760	CloneCD Control File	ccd		format			
https://www.nationalarchives.gov.uk/PRONOM/fmt/1761	MacBinary			format			version I
https://www.nationalarchives.gov.uk/PRONOM/fmt/1762	MacBinary	bin		format			version II
https://www.nationalarchives.gov.uk/PRONOM/fmt/1763	MacBinary	bin		format			version III
https://www.nationalarchives.gov.uk/PRONOM/fmt/1764	Sony SLV File	slv		format			
https://www.nationalarchives.gov.uk/PRONOM/fmt/1765	Media Hash List	mhl		format			
https://www.nationalarchives.gov.uk/PRONOM/fmt/1766	Sony SML File	sml		format			
https://www.nationalarchives.gov.uk/PRONOM/fmt/1767	Calc602 Project File	pc6		format			version 1.51
https://www.nationalarchives.gov.uk/PRONOM/fmt/1768	C Source Code File	c		format			
https://www.nationalarchives.gov.uk/PRONOM/fmt/1769	C++ Source Code File	cc | cpp | cxx		format			
https://www.nationalarchives.gov.uk/PRONOM/fmt/177	Microsoft Excel for Macintosh			format			version 2004
https://www.nationalarchives.gov.uk/PRONOM/fmt/1770	GenBank Flat File	gb | gbk		format			
https://www.nationalarchives.gov.uk/PRONOM/fmt/1771	ESRI Persistent Auxiliary Metadata File	aux.xml | xml		format			
https://www.nationalarchives.gov.uk/PRONOM/fmt/1772	Casio QV CAM	cam		format			
https://www.nationalarchives.gov.uk/PRONOM/fmt/1773	Calc602 Spreadsheet File	bak | tc6		format			
https://www.nationalarchives.gov.uk/PRONOM/fmt/1774	602 Graph/Chart File	gc6		format			
https://www.nationalarchives.gov.uk/PRONOM/fmt/1775	Calc602 Project File	pc6		format			
https://www.nationalarchives.gov.uk/PRONOM/fmt/1776	Extensible Markup Language	xml | application/xml | text/xml		format			version 1.1
https://www.nationalarchives.gov.uk/PRONOM/fmt/1777	SIARD (Software-Independent Archiving of Relational Databases)	siard		format			version 2.2
https://www.nationalarchives.gov.uk/PRONOM/fmt/1778	Dynamic Publisher Picture File	pct		format			
https://www.nationalarchives.gov.uk/PRONOM/fmt/1779	Dynamic Publisher Font File	fnt		format			
https://www.nationalarchives.gov.uk/PRONOM/fmt/178	Microsoft Excel for Macintosh			format			version X
https://www.nationalarchives.gov.uk/PRONOM/fmt/1780	Koala MicroIllustrator Graphic File	pic		format			
https://www.nationalarchives.gov.uk/PRONOM/fmt/1781	Pentax PEF Image File	pef | image/dng		format			
https://www.nationalarchives.gov.uk/PRONOM/fmt/1782	The Spectral Geologist Dataset	tsg		format			version 7.15
https://www.nationalarchives.gov.uk/PRONOM/fmt/1783	The Spectral Geologist Dataset	tsg		format			version 7
https://www.nationalarchives.gov.uk/PRONOM/fmt/1784	Animatic Film Format	flm		format			
https://www.nationalarchives.gov.uk/PRONOM/fmt/1785	FLR Database File	flr		format			
https://www.nationalarchives.gov.uk/PRONOM/fmt/1786	Funpaint Image File	fp2 | fun | vic		format			
https://www.nationalarchives.gov.uk/PRONOM/fmt/1787	G9B Graphics Format Bitmap	g9b		format			
https://www.nationalarchives.gov.uk/PRONOM/fmt/1788	Gunpaint Image File	gun		format			
https://www.nationalarchives.gov.uk/PRONOM/fmt/1789	GX2 Graphics File	ega | gx2		format			
https://www.nationalarchives.gov.uk/PRONOM/fmt/179	Microsoft PowerPoint for Macintosh	ppt | application/vnd.ms-powerpoint		format			version 4.0
https://www.nationalarchives.gov.uk/PRONOM/fmt/1790	Help Librarian File	dat | dta | hlp		format			
https://www.nationalarchives.gov.uk/PRONOM/fmt/1791	Haiku Vector Icon Format	hvif		format			
https://www.nationalarchives.gov.uk/PRONOM/fmt/1792	ICDRAW Single Icon File	ibi		format			
https://www.nationalarchives.gov.uk/PRONOM/fmt/1793	ICDRAW Group Icon File	ib3		format			
https://www.nationalarchives.gov.uk/PRONOM/fmt/1794	JPEG 2000 Codestream	j2c | j2k | jpc | image/jp2		format			
https://www.nationalarchives.gov.uk/PRONOM/fmt/1795	Asymetrix Toolbook File	sbk | tbk		format			version 6-11.5
https://www.nationalarchives.gov.uk/PRONOM/fmt/1796	Wireless Markup Language (WML) Document	wml | text/vnd.wap.wml		format			version 1.1
https://www.nationalarchives.gov.uk/PRONOM/fmt/1797	SHA512 File	sha512		format			
https://www.nationalarchives.gov.uk/PRONOM/fmt/1798	CHAT Transcription Format	cha | text/x-chat		format			
https://www.nationalarchives.gov.uk/PRONOM/fmt/1799	FLExText Interlinear XML Format	flextext		format			
https://www.nationalarchives.gov.uk/PRONOM/fmt/18	Acrobat PDF 1.4 - Portable Document Format	pdf | application/pdf		format			version 1.4
https://www.nationalarchives.gov.uk/PRONOM/fmt/180	Microsoft PowerPoint for Macintosh			format			version 98
https://www.nationalarchives.gov.uk/PRONOM/fmt/1800	Multimedia Viewer Book	mvb		format			
https://www.nationalarchives.gov.uk/PRONOM/fmt/1801	Praat TextGrid	textgrid | text/praat-textgrid		format			
https://www.nationalarchives.gov.uk/PRONOM/fmt/1802	Transcriber AG TAG Format	tag		format			
https://www.nationalarchives.gov.uk/PRONOM/fmt/1803	Transcriber TRS Format	trs		format			
https://www.nationalarchives.gov.uk/PRONOM/fmt/1804	B Source Code File	b		format			
https://www.nationalarchives.gov.uk/PRONOM/fmt/1805	Microsoft Access Database File	mda | mdb		format			version 1.0
https://www.nationalarchives.gov.uk/PRONOM/fmt/1806	Microsoft Access Database File	mda | mdb		format			version 1.1
https://www.nationalarchives.gov.uk/PRONOM/fmt/1807	Microsoft Access Encrypted Database File	mda | mdb		format			version 1.0
https://www.nationalarchives.gov.uk/PRONOM/fmt/1808	Microsoft Access Encrypted Database File	mda | mdb		format			version 1.1
https://www.nationalarchives.gov.uk/PRONOM/fmt/1809	Microsoft Access Encrypted Database File	mda | mdb		format			version 2.0
https://www.nationalarchives.gov.uk/PRONOM/fmt/181	Microsoft PowerPoint for Macintosh	ppt | application/vnd.ms-powerpoint		format			version 2001
https://www.nationalarchives.gov.uk/PRONOM/fmt/1810	Raw PIMA SWIR Reflectance Spectral File	fos		format			
https://www.nationalarchives.gov.uk/PRONOM/fmt/1811	Vips Image	v | vips		format			
https://www.nationalarchives.gov.uk/PRONOM/fmt/1812	Audio Data Transport Stream	aac | adts | audio/aac | audio/vnd.dlna.adts		format			
https://www.nationalarchives.gov.uk/PRONOM/fmt/1813	xdomea	xml		format			version 3.0.0
https://www.nationalarchives.gov.uk/PRONOM/fmt/1814	Adobe Color Book for Windows	acb		format			
https://www.nationalarchives.gov.uk/PRONOM/fmt/1815	Adobe Color Swatch	aco		format			
https://www.nationalarchives.gov.uk/PRONOM/fmt/1816	Adobe Swatch Exchange	ase		format			
https://www.nationalarchives.gov.uk/PRONOM/fmt/1817	Direct Stream Digital Stream File	dsf		format			
https://www.nationalarchives.gov.uk/PRONOM/fmt/1818	Direct Stream Digital Interchange File Format	dff		format			
https://www.nationalarchives.gov.uk/PRONOM/fmt/1819	MacCaption File	mcc		format			version 1
https://www.nationalarchives.gov.uk/PRONOM/fmt/182	Microsoft PowerPoint for Macintosh			format			version X
https://www.nationalarchives.gov.uk/PRONOM/fmt/1820	MacCaption File	mcc		format			version 2
https://www.nationalarchives.gov.uk/PRONOM/fmt/1821	MacCaption Project	cca		format			
https://www.nationalarchives.gov.uk/PRONOM/fmt/1822	Audacity Audio Block File	au		format			
https://www.nationalarchives.gov.uk/PRONOM/fmt/1823	Audacity Project File	aup		format			version Early
https://www.nationalarchives.gov.uk/PRONOM/fmt/1824	Audacity Project File	aup		format			version 1.x
https://www.nationalarchives.gov.uk/PRONOM/fmt/1825	Audacity Project File	aup		format			version 2.x
https://www.nationalarchives.gov.uk/PRONOM/fmt/1826	Audacity Project File	aup3		format			version 3.x
https://www.nationalarchives.gov.uk/PRONOM/fmt/1827	DOCX Strict OOXML Document	docx | application/vnd.openxmlformats-officedocument.wordprocessingml.document		format			version 2007 onwards
https://www.nationalarchives.gov.uk/PRONOM/fmt/1828	XLSX Strict OOXML Spreadsheet	xlsx | application/vnd.openxmlformats-officedocument.wordprocessingml.document		format			version 2007 onwards
https://www.nationalarchives.gov.uk/PRONOM/fmt/1829	PPTX Strict OOXML Presentation	pptx | application/vnd.openxmlformats-officedocument.presentationml.presentation		format			version 2007 onwards
https://www.nationalarchives.gov.uk/PRONOM/fmt/183	PrimeOCR	pro		format			version 3.0
https://www.nationalarchives.gov.uk/PRONOM/fmt/1830	3D Studio (DOS) 2D/3D Loft Object File	lft		format			
https://www.nationalarchives.gov.uk/PRONOM/fmt/1831	3D Studio (DOS) Project File	prj		format			
https://www.nationalarchives.gov.uk/PRONOM/fmt/1832	ArcSoft PhotoStudio File	psf		format			
https://www.nationalarchives.gov.uk/PRONOM/fmt/1833	ArcSoft Album and SlideShow Files for PhotoStudio and PhotoImpression	abm | sld		format			
https://www.nationalarchives.gov.uk/PRONOM/fmt/1834	GoDot 4Bit Graphics Format	4bt		format			
https://www.nationalarchives.gov.uk/PRONOM/fmt/1835	Archiver Format	a		format			
https://www.nationalarchives.gov.uk/PRONOM/fmt/1836	Brio Query File	bqy		format			
https://www.nationalarchives.gov.uk/PRONOM/fmt/1837	WordPerfect Presentations	shw		format			version 2
https://www.nationalarchives.gov.uk/PRONOM/fmt/1838	Leica Project File	lgs		format			
https://www.nationalarchives.gov.uk/PRONOM/fmt/1839	Microsoft Publisher Packaged Document	puz		format			
https://www.nationalarchives.gov.uk/PRONOM/fmt/184	PrimeOCR	pro		format			version 3.8
https://www.nationalarchives.gov.uk/PRONOM/fmt/1840	WACZ	wacz | application/x-wacz		format			
https://www.nationalarchives.gov.uk/PRONOM/fmt/1841	Digital Negative Format (DNG)	dng | image/dng | image/tiff		format			version 1.5
https://www.nationalarchives.gov.uk/PRONOM/fmt/1842	Digital Negative Format (DNG)	dng | image/dng | image/tiff		format			version 1.6
https://www.nationalarchives.gov.uk/PRONOM/fmt/1843	Human Machine Interfaces HMI File	hmi		format			
https://www.nationalarchives.gov.uk/PRONOM/fmt/1844	GNU Image Manipulation Program Palette File	gpl		format			
https://www.nationalarchives.gov.uk/PRONOM/fmt/1845	Final Draft Document	fdx		format			version 8
https://www.nationalarchives.gov.uk/PRONOM/fmt/1846	Fountain Markup Language File	fountain | spmd		format			
https://www.nationalarchives.gov.uk/PRONOM/fmt/1847	Esri ArcMap Label file	lxp		format			
https://www.nationalarchives.gov.uk/PRONOM/fmt/1848	Trelby Document File	trelby		format			
https://www.nationalarchives.gov.uk/PRONOM/fmt/1849	General Purpose RAW	gpr		format			
https://www.nationalarchives.gov.uk/PRONOM/fmt/185	Prime OCR	pro		format			version 3.9
https://www.nationalarchives.gov.uk/PRONOM/fmt/1850	WordPerfect Macro File	wcm | wpm		format			
https://www.nationalarchives.gov.uk/PRONOM/fmt/1851	DAV Video Format	dav		format			
https://www.nationalarchives.gov.uk/PRONOM/fmt/1852	Camtasia Recording File	camrec		format			
https://www.nationalarchives.gov.uk/PRONOM/fmt/1853	Camtasia Studio Project	camproj		format			
https://www.nationalarchives.gov.uk/PRONOM/fmt/1854	Open Media Framework Interchange	omf		format			version 1.0
https://www.nationalarchives.gov.uk/PRONOM/fmt/1855	Open Media Framework Interchange	omf		format			version 2.0
https://www.nationalarchives.gov.uk/PRONOM/fmt/1856	Enhanced Image Package	eip		format			
https://www.nationalarchives.gov.uk/PRONOM/fmt/1857	Capture One Session File	cos		format			
https://www.nationalarchives.gov.uk/PRONOM/fmt/1858	Microsoft Excel Workspace File	xlw | application/vnd.ms-excel		format			version 5/95
https://www.nationalarchives.gov.uk/PRONOM/fmt/1859	Adobe Air	air | application/vnd.adobe.air-application-installer-package+zip		format			version 2.5
https://www.nationalarchives.gov.uk/PRONOM/fmt/186	PrimeOCR	pro		format			version 4.0
https://www.nationalarchives.gov.uk/PRONOM/fmt/1860	dBASE Report Form Definition File	frm		format			version IV
https://www.nationalarchives.gov.uk/PRONOM/fmt/1861	Quicken 3 Database File	qst		format			version 3
https://www.nationalarchives.gov.uk/PRONOM/fmt/1862	Adobe Illustrator CC Artwork	ai | ait		format			version 17-23
https://www.nationalarchives.gov.uk/PRONOM/fmt/1863	Adobe Illustrator CC 2020 Artwork	ai | ait		format			version 24-24.1
https://www.nationalarchives.gov.uk/PRONOM/fmt/1864	Adobe Illustrator CC 2020 Artwork	ai | ait		format			version 24.2+
https://www.nationalarchives.gov.uk/PRONOM/fmt/1865	SWiSH Movie File	swi		format			
https://www.nationalarchives.gov.uk/PRONOM/fmt/1866	Microsoft Powerpoint for Macintosh	ppt | application/vnd.ms-PowerPoint		format			version 2
https://www.nationalarchives.gov.uk/PRONOM/fmt/1867	Microsoft Powerpoint for Macintosh	ppt | application/vnd.ms-PowerPoint		format			version 3
https://www.nationalarchives.gov.uk/PRONOM/fmt/1868	Leapfrog Geo 3D Scene Format	lfsc		format			
https://www.nationalarchives.gov.uk/PRONOM/fmt/1869	SPSS PC File Format			format			
https://www.nationalarchives.gov.uk/PRONOM/fmt/187	PrimeOCR	pro		format			version 4.2
https://www.nationalarchives.gov.uk/PRONOM/fmt/1870	Yamaha PSR Disk Manager File	mng		format			
https://www.nationalarchives.gov.uk/PRONOM/fmt/1871	Common Interface File	cif | mca		format			
https://www.nationalarchives.gov.uk/PRONOM/fmt/1872	Guitar Pro File	gtp		format			version 1
https://www.nationalarchives.gov.uk/PRONOM/fmt/1873	Guitar Pro File	gp3 | gp4 | gp5		format			version 2-5
https://www.nationalarchives.gov.uk/PRONOM/fmt/1874	Esko ArtPro File	ap		format			
https://www.nationalarchives.gov.uk/PRONOM/fmt/1875	Maptech BSB Documentation File	bsb | kap		format			
https://www.nationalarchives.gov.uk/PRONOM/fmt/1876	HMM Packfile	pak		format			
https://www.nationalarchives.gov.uk/PRONOM/fmt/1877	GST Art File	art		format			version 1
https://www.nationalarchives.gov.uk/PRONOM/fmt/1878	GST Art File	art		format			version 2
https://www.nationalarchives.gov.uk/PRONOM/fmt/1879	vCard	vcard | vcf | text/vcard		format			version 2.1
https://www.nationalarchives.gov.uk/PRONOM/fmt/188	PrimeOCR	pro		format			version 4.3
https://www.nationalarchives.gov.uk/PRONOM/fmt/1880	vCard	vcard | vcf | text/vcard		format			version 3
https://www.nationalarchives.gov.uk/PRONOM/fmt/1881	vCard	vcard | vcf | text/vcard		format			version 4
https://www.nationalarchives.gov.uk/PRONOM/fmt/1882	OPML File	opml		format			version 1.*
https://www.nationalarchives.gov.uk/PRONOM/fmt/1883	OPML File	opml		format			version 2
https://www.nationalarchives.gov.uk/PRONOM/fmt/1884	Encapsulated PostScript File Format	eps | epsf | application/postscript		format			version 2.1
https://www.nationalarchives.gov.uk/PRONOM/fmt/1885	CloudCompare Entity File	bin		format			
https://www.nationalarchives.gov.uk/PRONOM/fmt/1886	Resource Interchange File Format (RIFF)			format			
https://www.nationalarchives.gov.uk/PRONOM/fmt/1887	Common Instrument File (CIF)	ci1		format			version 1
https://www.nationalarchives.gov.uk/PRONOM/fmt/1888	Common Instrument File (CIF)	ci2		format			version 2
https://www.nationalarchives.gov.uk/PRONOM/fmt/1889	Open Access III Document	ext		format			version III
https://www.nationalarchives.gov.uk/PRONOM/fmt/189	Microsoft Office Open XML			format			version 2007 onwards
https://www.nationalarchives.gov.uk/PRONOM/fmt/1890	Memory Stick Voice File (MSV)	msv		format			version ADPCM Codec
https://www.nationalarchives.gov.uk/PRONOM/fmt/1891	Digital Voice File (DVF)	dvf		format			version TRC Codec
https://www.nationalarchives.gov.uk/PRONOM/fmt/1892	Memory Stick Voice File (MSV)/Digital Voice File (DVF)	dvf | msv		format			version LPEC Codec
https://www.nationalarchives.gov.uk/PRONOM/fmt/1893	Microsoft Agent File	acs		format			
https://www.nationalarchives.gov.uk/PRONOM/fmt/1894	RagTime Document File			format			version 2-3
https://www.nationalarchives.gov.uk/PRONOM/fmt/1895	RagTime Document File	rtd | rtt		format			version 4-6
https://www.nationalarchives.gov.uk/PRONOM/fmt/1896	Nokia Picture Message	npm		format			
https://www.nationalarchives.gov.uk/PRONOM/fmt/1897	Ptex File Format	ptx		format			
https://www.nationalarchives.gov.uk/PRONOM/fmt/1898	Perfect ZX Tape (PZX) Image Format	pzx		format			
https://www.nationalarchives.gov.uk/PRONOM/fmt/1899	RIS Citation	ris | application/x-research-info-systems		format			
https://www.nationalarchives.gov.uk/PRONOM/fmt/19	Acrobat PDF 1.5 - Portable Document Format	pdf | application/pdf		format			version 1.5
https://www.nationalarchives.gov.uk/PRONOM/fmt/190	Adobe FrameMaker Document	fm | application/vnd.framemaker		format			version 5.0
https://www.nationalarchives.gov.uk/PRONOM/fmt/1900	Mass Spectrometry Markup Language	mxml		format			
https://www.nationalarchives.gov.uk/PRONOM/fmt/1901	SGI Movie File	movie | mv		format			
https://www.nationalarchives.gov.uk/PRONOM/fmt/1902	Norton Change Directory Persistent Cache File	ncd		format			
https://www.nationalarchives.gov.uk/PRONOM/fmt/1903	Garmin Vehicle Images File	srf		format			
https://www.nationalarchives.gov.uk/PRONOM/fmt/1904	Pasti Floppy Disk Image	stx		format			
https://www.nationalarchives.gov.uk/PRONOM/fmt/1905	Universal Scene Description ASCII File	usda		format			
https://www.nationalarchives.gov.uk/PRONOM/fmt/1906	VBM (VDC BitMap) File	vbm		format			
https://www.nationalarchives.gov.uk/PRONOM/fmt/1907	Micrografx Icon File	icn		format			
https://www.nationalarchives.gov.uk/PRONOM/fmt/1908	Jupiter Tesselation (JT) File	jt		format			
https://www.nationalarchives.gov.uk/PRONOM/fmt/1909	TibetDoc Word Document	dct		format			
https://www.nationalarchives.gov.uk/PRONOM/fmt/191	Sony ARW RAW Image File	arw		format			version 1.x
https://www.nationalarchives.gov.uk/PRONOM/fmt/1910	Acrobat PDF/A - Portable Document Format	pdf | application/pdf		format			version 4
https://www.nationalarchives.gov.uk/PRONOM/fmt/1911	Acrobat PDF/A - Portable Document Format	pdf | application/pdf		format			version 4e
https://www.nationalarchives.gov.uk/PRONOM/fmt/1912	Acrobat PDF/A - Portable Document Format	pdf | application/pdf		format			version 4f
https://www.nationalarchives.gov.uk/PRONOM/fmt/1913	Graphisoft Archicad Project	pla | pln		format			version 17+
https://www.nationalarchives.gov.uk/PRONOM/fmt/1914	Graphisoft BIMx Hyper-Model	bimx		format			
https://www.nationalarchives.gov.uk/PRONOM/fmt/1915	ActiveMime Object	mso		format			
https://www.nationalarchives.gov.uk/PRONOM/fmt/1916	Autodesk Alias Wire Format			format			version 7
https://www.nationalarchives.gov.uk/PRONOM/fmt/1917	BigTIFF	btf | tf8 | tif		format			
https://www.nationalarchives.gov.uk/PRONOM/fmt/1918	MetaCard Stack	mc | rev		format			version 2.x
https://www.nationalarchives.gov.uk/PRONOM/fmt/1919	Revolution Stack	livecode | rev		format			version 2.7
https://www.nationalarchives.gov.uk/PRONOM/fmt/192	Kodak Digital Camera Raw Image File	dcr		format			
https://www.nationalarchives.gov.uk/PRONOM/fmt/1920	LiveCode Stack	livecode | rev		format			version 5.5
https://www.nationalarchives.gov.uk/PRONOM/fmt/1921	LiveCode Stack	livecode | rev		format			version 7.0
https://www.nationalarchives.gov.uk/PRONOM/fmt/1922	LiveCode Stack			format			version 8.0
https://www.nationalarchives.gov.uk/PRONOM/fmt/1923	LiveCode Stack	livecode | rev		format			version 8.1+
https://www.nationalarchives.gov.uk/PRONOM/fmt/1924	CorelDraw Drawing	cdr		format			version 8 Bidi
https://www.nationalarchives.gov.uk/PRONOM/fmt/1925	CorelDraw Drawing	cdr		format			version X6
https://www.nationalarchives.gov.uk/PRONOM/fmt/1926	CorelDraw Drawing	cdr		format			version X7
https://www.nationalarchives.gov.uk/PRONOM/fmt/1927	CorelDraw Drawing	cdr		format			version X8
https://www.nationalarchives.gov.uk/PRONOM/fmt/1928	CorelDraw Drawing	cdr		format			version 2017
https://www.nationalarchives.gov.uk/PRONOM/fmt/1929	CorelDraw Drawing	cdr		format			version 2018
https://www.nationalarchives.gov.uk/PRONOM/fmt/193	Digital Moving Picture Exchange Bitmap	dpx		format			version 1.0
https://www.nationalarchives.gov.uk/PRONOM/fmt/1930	CorelDraw Drawing	cdr		format			version 2019
https://www.nationalarchives.gov.uk/PRONOM/fmt/1931	CorelDraw Drawing	cdr		format			version 2020
https://www.nationalarchives.gov.uk/PRONOM/fmt/1932	CorelDraw Drawing	cdr		format			version 2021
https://www.nationalarchives.gov.uk/PRONOM/fmt/1933	CorelDraw Drawing	cdr		format			version 2022
https://www.nationalarchives.gov.uk/PRONOM/fmt/1934	CorelDraw Drawing	cdr		format			version 2023
https://www.nationalarchives.gov.uk/PRONOM/fmt/1935	S-57 Electronic Navigational Chart	000 | 001 | 002 | 003 | 004 | 006		format			version 3.1
https://www.nationalarchives.gov.uk/PRONOM/fmt/1936	PCRaster	csf | map		format			
https://www.nationalarchives.gov.uk/PRONOM/fmt/1937	Amazon Kindle eBook File	amr | azw | azw3 | mobi		format			
https://www.nationalarchives.gov.uk/PRONOM/fmt/1938	Lotus Screencam Data File	scm | application/vnd.lotus-screencam		format			version 3.0-3.1
https://www.nationalarchives.gov.uk/PRONOM/fmt/1939	Auto FX PhotoGraphic Edges Image File	afx		format			
https://www.nationalarchives.gov.uk/PRONOM/fmt/194	FileMaker Pro Database	fp7		format			version 7+
https://www.nationalarchives.gov.uk/PRONOM/fmt/1940	EBU Subtitling Data Exchange Format	stl		format			
https://www.nationalarchives.gov.uk/PRONOM/fmt/1941	Adobe InDesign Document	ind | indd | indt		format			version CC 2023
https://www.nationalarchives.gov.uk/PRONOM/fmt/1942	Adobe InDesign Document	ind | indd | indt		format			version CC 2024
https://www.nationalarchives.gov.uk/PRONOM/fmt/1943	Digital Negative Format (DNG)	dng | image/dng		format			version 1.7
https://www.nationalarchives.gov.uk/PRONOM/fmt/1944	Common Loudspeaker Format (CLF)	cf1		format			version 1
https://www.nationalarchives.gov.uk/PRONOM/fmt/1945	Common Loudspeaker Format (CLF)	cf2		format			version 2
https://www.nationalarchives.gov.uk/PRONOM/fmt/1946	Draw.io Diagram (XML) File	drawio | xml		format			
https://www.nationalarchives.gov.uk/PRONOM/fmt/1947	OpenWayback CDXJ File Format	cdx | cdxj		format			
https://www.nationalarchives.gov.uk/PRONOM/fmt/1948	Common Data Format dotCDF	cdf		format			version 2.0-2.5
https://www.nationalarchives.gov.uk/PRONOM/fmt/1949	Common Data Format dotCDF	cdf		format			version 2.6-2.7
https://www.nationalarchives.gov.uk/PRONOM/fmt/195	ERDAS IMAGINE Gray-scale Bitmap Image	gis		format			
https://www.nationalarchives.gov.uk/PRONOM/fmt/1950	Common Data Format dotCDF	cdf		format			version 3.x
https://www.nationalarchives.gov.uk/PRONOM/fmt/1951	Pro Tools Session File	ptf | pts		format			version 5-9
https://www.nationalarchives.gov.uk/PRONOM/fmt/1952	PechaMaker Format	pxp		format			
https://www.nationalarchives.gov.uk/PRONOM/fmt/1953	Zoom Project Settings	hprj		format			version H5
https://www.nationalarchives.gov.uk/PRONOM/fmt/1954	Zoom Project Settings	hprj		format			version H6
https://www.nationalarchives.gov.uk/PRONOM/fmt/1955	Graphisoft Archicad Project	pla | pln		format			version 6-9
https://www.nationalarchives.gov.uk/PRONOM/fmt/1956	Sandboxels Save File	sbxls		format			
https://www.nationalarchives.gov.uk/PRONOM/fmt/1957	Program Embroidery Stitch (PES) File	pes		format			
https://www.nationalarchives.gov.uk/PRONOM/fmt/1958	Melco OFM Project	ofm		format			version 11
https://www.nationalarchives.gov.uk/PRONOM/fmt/1959	Melco OFM Project	ofm		format			version pre v.11
https://www.nationalarchives.gov.uk/PRONOM/fmt/196	Adobe InDesign Document	ind | indd | indt		format			version CS
https://www.nationalarchives.gov.uk/PRONOM/fmt/1960	Disklavier E-Seq Music	esq | fil		format			
https://www.nationalarchives.gov.uk/PRONOM/fmt/1961	Shorten (codec)	shn		format			
https://www.nationalarchives.gov.uk/PRONOM/fmt/1962	SolidWorks Material Database File	sldmat		format			
https://www.nationalarchives.gov.uk/PRONOM/fmt/1963	NEC Thermo Tracer Image File	tmp		format			version TH5100
https://www.nationalarchives.gov.uk/PRONOM/fmt/1964	JPH (JPEG 2000 part 15)	jph | image/jph		format			
https://www.nationalarchives.gov.uk/PRONOM/fmt/1965	Papyrus Document	pap | pav | pbf		format			
https://www.nationalarchives.gov.uk/PRONOM/fmt/1966	Final Writer Document	fw		format			
https://www.nationalarchives.gov.uk/PRONOM/fmt/1967	Solidworks Design Document Files	sld | sldasm | slddrt | slddrw | sldlfp | sldprt		format			version 2015+
https://www.nationalarchives.gov.uk/PRONOM/fmt/1968	Atrac Codec File	aea		format			version v.1
https://www.nationalarchives.gov.uk/PRONOM/fmt/1969	ETC Express/Expression Show File	shw		format			
https://www.nationalarchives.gov.uk/PRONOM/fmt/197	InstallShield Compiled Rules File	inx		format			
https://www.nationalarchives.gov.uk/PRONOM/fmt/1970	MOXCEL	mxl		format			
https://www.nationalarchives.gov.uk/PRONOM/fmt/1971	Enigma Binary File (Finale)	mus		format			version 1
https://www.nationalarchives.gov.uk/PRONOM/fmt/1972	Enigma Binary File (Finale)	mus		format			version 2
https://www.nationalarchives.gov.uk/PRONOM/fmt/1973	Finale Performance Assessment	fpa		format			
https://www.nationalarchives.gov.uk/PRONOM/fmt/1974	Finale Notation File	musx | application/vnd.makemusic.notation		format			version 2014+
https://www.nationalarchives.gov.uk/PRONOM/fmt/1975	ICC Profile	icc | icm | application/vnd.iccprofile		format			version 2
https://www.nationalarchives.gov.uk/PRONOM/fmt/1976	ICC Profile	icc | icm | application/vnd.iccprofile		format			version 4
https://www.nationalarchives.gov.uk/PRONOM/fmt/1977	ICC Profile	icc | icm | application/vnd.iccprofile		format			version iccMAX
https://www.nationalarchives.gov.uk/PRONOM/fmt/1978	Sibelius Score	sib | application/x-sibelius-score		format			version 1.2
https://www.nationalarchives.gov.uk/PRONOM/fmt/1979	Sibelius Score	sib | application/x-sibelius-score		format			version 2
https://www.nationalarchives.gov.uk/PRONOM/fmt/198	MPEG Audio Stream Layer II	mp2 | mpa | mpw | audio/mpeg		format			
https://www.nationalarchives.gov.uk/PRONOM/fmt/1980	Sibelius Score	sib | application/x-sibelius-score		format			version 3
https://www.nationalarchives.gov.uk/PRONOM/fmt/1981	Sibelius Score	sib | application/x-sibelius-score		format			version 4
https://www.nationalarchives.gov.uk/PRONOM/fmt/1982	Sibelius Score	sib | application/x-sibelius-score		format			version 5
https://www.nationalarchives.gov.uk/PRONOM/fmt/1983	Sibelius Score	sib | application/x-sibelius-score		format			version 6
https://www.nationalarchives.gov.uk/PRONOM/fmt/1984	Sibelius Score	sib | application/x-sibelius-score		format			version 7
https://www.nationalarchives.gov.uk/PRONOM/fmt/1985	Sibelius Score	sib | application/x-sibelius-score		format			version 7.5-8.0
https://www.nationalarchives.gov.uk/PRONOM/fmt/1986	Sibelius Score	sib | application/x-sibelius-score		format			version 8.1-8.5
https://www.nationalarchives.gov.uk/PRONOM/fmt/1987	Sibelius Score	sib | application/x-sibelius-score		format			version 8.6-2019.12
https://www.nationalarchives.gov.uk/PRONOM/fmt/1988	Sibelius Score	sib | application/x-sibelius-score		format			version 2020.1
https://www.nationalarchives.gov.uk/PRONOM/fmt/1989	Sibelius Score	sib | application/x-sibelius-score		format			version 2020.3-2022.5
https://www.nationalarchives.gov.uk/PRONOM/fmt/199	MPEG-4 Media File	f4a | f4v | m4a | m4b | m4v | mp4 | application/mp4 | video/mp4		format			
https://www.nationalarchives.gov.uk/PRONOM/fmt/1990	Sibelius Score	sib | application/x-sibelius-score		format			version 2022.7-2022.11
https://www.nationalarchives.gov.uk/PRONOM/fmt/1991	Sibelius Score	sib | application/x-sibelius-score		format			version 2022.12-2023.3
https://www.nationalarchives.gov.uk/PRONOM/fmt/1992	Sibelius Score	sib | application/x-sibelius-score		format			version 2023.5-2023.8
https://www.nationalarchives.gov.uk/PRONOM/fmt/1993	Sibelius Score	sib | application/x-sibelius-score		format			version 2024
https://www.nationalarchives.gov.uk/PRONOM/fmt/1994	Sibelius Scorch	sco		format			
https://www.nationalarchives.gov.uk/PRONOM/fmt/1995	WinFax Fax Image	fxm | fxr | fxs		format			
https://www.nationalarchives.gov.uk/PRONOM/fmt/1996	SPIR-V	spirv		format			
https://www.nationalarchives.gov.uk/PRONOM/fmt/1997	IMF Package Asset Map	xml		format			
https://www.nationalarchives.gov.uk/PRONOM/fmt/1998	IMF Package Packing List	xml		format			
https://www.nationalarchives.gov.uk/PRONOM/fmt/1999	IMF Package Composition Playlist	xml		format			
https://www.nationalarchives.gov.uk/PRONOM/fmt/2	Broadcast WAVE	wav | audio/x-wav		format			version 1 Generic
https://www.nationalarchives.gov.uk/PRONOM/fmt/20	Acrobat PDF 1.6 - Portable Document Format	pdf | application/pdf		format			version 1.6
https://www.nationalarchives.gov.uk/PRONOM/fmt/200	Material Exchange Format	mxf | application/mxf		format			version Operational Pattern 1a
https://www.nationalarchives.gov.uk/PRONOM/fmt/2000	Husqvarna Embroidery Stitch File	hus		format			
https://www.nationalarchives.gov.uk/PRONOM/fmt/2001	Husqvarna / Pfaff Embroidery Stitch File	vip		format			
https://www.nationalarchives.gov.uk/PRONOM/fmt/2002	Husqvarna / TruE Embroidery Stitch File	vp3		format			
https://www.nationalarchives.gov.uk/PRONOM/fmt/2003	Husqvarna / Premier+ Embroidery Stitch File	vp4		format			
https://www.nationalarchives.gov.uk/PRONOM/fmt/2004	Husqvarna-Viking Designer 1 Stitch File	mhv | phv | shv		format			
https://www.nationalarchives.gov.uk/PRONOM/fmt/2005	Compressed MusicXML	mxl | application/vnd.recordare.musicxml		format			version 3.1+
https://www.nationalarchives.gov.uk/PRONOM/fmt/2006	QuarkXPress Project	qpt | qwd | qxp | application/vnd.Quark.QuarkXPress		format			version 18
https://www.nationalarchives.gov.uk/PRONOM/fmt/2007	QuarkXPress Project	qpt | qwd | qxp | application/vnd.Quark.QuarkXPress		format			version 19
https://www.nationalarchives.gov.uk/PRONOM/fmt/2008	QuarkXPress Project	qpt | qwd | qxp | application/vnd.Quark.QuarkXPress		format			version 20
https://www.nationalarchives.gov.uk/PRONOM/fmt/2009	Protein Data Bank File	pdb		format			version 3.3
https://www.nationalarchives.gov.uk/PRONOM/fmt/201	Mathematica Notebook	nb | application/mathematica		format			
https://www.nationalarchives.gov.uk/PRONOM/fmt/2010	Visualization Toolkit	vtk		format			version 1.0
https://www.nationalarchives.gov.uk/PRONOM/fmt/2011	Visualization Toolkit	vtk		format			version 2.0
https://www.nationalarchives.gov.uk/PRONOM/fmt/2012	Visualization Toolkit	vtk		format			version 4.2
https://www.nationalarchives.gov.uk/PRONOM/fmt/2013	RawACF	rawacf		format			
https://www.nationalarchives.gov.uk/PRONOM/fmt/2014	Axon Binary Format	abf		format			
https://www.nationalarchives.gov.uk/PRONOM/fmt/2015	KryoFlux Stream	raw		format			version 3
https://www.nationalarchives.gov.uk/PRONOM/fmt/2016	Binvox	binvox		format			version 1
https://www.nationalarchives.gov.uk/PRONOM/fmt/2017	GraphPad Prism	pzfx | application/x-graphpad-prism-pzfx		format			version 5-9
https://www.nationalarchives.gov.uk/PRONOM/fmt/2018	Sony OpenMG Audio	oma | audio/ATRAC-ADVANCED-LOSSLESS		format			
https://www.nationalarchives.gov.uk/PRONOM/fmt/2019	askSam Document for DOS	ask		format			
https://www.nationalarchives.gov.uk/PRONOM/fmt/202	Nikon Digital SLR Camera Raw Image File	nef | nrw		format			
https://www.nationalarchives.gov.uk/PRONOM/fmt/2020	askSam Document for Windows	ask		format			version 1
https://www.nationalarchives.gov.uk/PRONOM/fmt/2021	askSam Document for Windows	ask		format			version 2-3
https://www.nationalarchives.gov.uk/PRONOM/fmt/2022	askSam Document for Windows	ask		format			version 4-7
https://www.nationalarchives.gov.uk/PRONOM/fmt/2023	Parquet File	parquet		format			
https://www.nationalarchives.gov.uk/PRONOM/fmt/2024	CD Architect Project File	cdp		format			version 4
https://www.nationalarchives.gov.uk/PRONOM/fmt/2025	CD Architect Project File	cdp		format			version 5
https://www.nationalarchives.gov.uk/PRONOM/fmt/2026	Codebook Exchange Format	qdc		format			
https://www.nationalarchives.gov.uk/PRONOM/fmt/2027	Microsoft Project	mpp | application/vnd.ms-project		format			version 1
https://www.nationalarchives.gov.uk/PRONOM/fmt/2028	Microsoft Project	mpp		format			version 3
https://www.nationalarchives.gov.uk/PRONOM/fmt/2029	Apache Avro	avro		format			
https://www.nationalarchives.gov.uk/PRONOM/fmt/203	Ogg Vorbis Codec Compressed Multimedia File	ogg | audio/ogg		format			
https://www.nationalarchives.gov.uk/PRONOM/fmt/2030	Apache ORC	orc		format			version V0 and V1
https://www.nationalarchives.gov.uk/PRONOM/fmt/2031	HxC Floppy Emulator Disk Image	hfe		format			
https://www.nationalarchives.gov.uk/PRONOM/fmt/2032	Open Packaging Format	opf		format			version 3
https://www.nationalarchives.gov.uk/PRONOM/fmt/2033	Daisy Talking Book Navigation Control File	ncx		format			version 3
https://www.nationalarchives.gov.uk/PRONOM/fmt/2034	Daisy Talking Book Resource File	res		format			version 3
https://www.nationalarchives.gov.uk/PRONOM/fmt/2035	Plextalk Project File (imph)	imph		format			
https://www.nationalarchives.gov.uk/PRONOM/fmt/2036	Plextalk Project File (imdn)	imdn		format			
https://www.nationalarchives.gov.uk/PRONOM/fmt/2037	Plextalk Project File (imtt)	imtt		format			
https://www.nationalarchives.gov.uk/PRONOM/fmt/2038	HxC Floppy Emulator Disk Image	hfe		format			version 3
https://www.nationalarchives.gov.uk/PRONOM/fmt/2039	HxC Floppy Emulator Stream Image	hfe		format			
https://www.nationalarchives.gov.uk/PRONOM/fmt/204	RealVideo Clip	rv		format			
https://www.nationalarchives.gov.uk/PRONOM/fmt/2040	CityGML File	gml | xml		format			version 1.0
https://www.nationalarchives.gov.uk/PRONOM/fmt/2041	Android Package File	apk		format			
https://www.nationalarchives.gov.uk/PRONOM/fmt/2042	Android App Bundle File	aab		format			
https://www.nationalarchives.gov.uk/PRONOM/fmt/2043	Android Archive File	aar		format			
https://www.nationalarchives.gov.uk/PRONOM/fmt/2044	OpenDocument Text	odt | application/vnd.oasis.opendocument.text		format			version 1.4
https://www.nationalarchives.gov.uk/PRONOM/fmt/2045	OpenDocument Spreadsheet	ods | application/vnd.oasis.opendocument.spreadsheet		format			version 1.4
https://www.nationalarchives.gov.uk/PRONOM/fmt/2046	OpenDocument Presentation	odp | application/vnd.oasis.opendocument.presentation		format			version 1.4
https://www.nationalarchives.gov.uk/PRONOM/fmt/2047	OpenDocument Database	odb | application/vnd.oasis.opendocument.base		format			version 1.4
https://www.nationalarchives.gov.uk/PRONOM/fmt/2048	OpenDocument Graphics	odg | application/vnd.oasis.opendocument.graphics		format			version 1.4
https://www.nationalarchives.gov.uk/PRONOM/fmt/2049	ArcGIS Pro Layer File	lyrx		format			
https://www.nationalarchives.gov.uk/PRONOM/fmt/205	Synchronized Multimedia Integration Language (Generic)	smi | smil		format			
https://www.nationalarchives.gov.uk/PRONOM/fmt/2050	PDF/UA Portable Document Format	pdf | application/pdf		format			version 1
https://www.nationalarchives.gov.uk/PRONOM/fmt/2051	Cineon	cin		format			
https://www.nationalarchives.gov.uk/PRONOM/fmt/2052	PDF/UA Portable Document Format	pdf | application/pdf		format			version 2
https://www.nationalarchives.gov.uk/PRONOM/fmt/2053	Apache Arrow IPC Format	arrow | vnd.apache.arrow.file		format			
https://www.nationalarchives.gov.uk/PRONOM/fmt/2054	JSON Lines Text Format	jsonl		format			
https://www.nationalarchives.gov.uk/PRONOM/fmt/2055	Apple Mail EMLX Format	emlx		format			
https://www.nationalarchives.gov.uk/PRONOM/fmt/2056	Immersive Audio Model Format	iamf		format			
https://www.nationalarchives.gov.uk/PRONOM/fmt/2057	A2R Disk Image File	a2r		format			version 2
https://www.nationalarchives.gov.uk/PRONOM/fmt/2058	A2R Disk Image File	a2r		format			version 3
https://www.nationalarchives.gov.uk/PRONOM/fmt/2059	WOZ Disk Image File	woz		format			version 1
https://www.nationalarchives.gov.uk/PRONOM/fmt/206	Structured Query Language Data	sql		format			
https://www.nationalarchives.gov.uk/PRONOM/fmt/2060	WOZ Disk Image File	woz		format			version 2
https://www.nationalarchives.gov.uk/PRONOM/fmt/2061	MOOF Disk Image File	moof		format			version 1
https://www.nationalarchives.gov.uk/PRONOM/fmt/2062	AV1 Image File Format	avif		format			
https://www.nationalarchives.gov.uk/PRONOM/fmt/2063	DaVinci Resolve Timeline File	drt		format			version 9+
https://www.nationalarchives.gov.uk/PRONOM/fmt/2064	DaVinci Resolve Project File	drp		format			version 9+
https://www.nationalarchives.gov.uk/PRONOM/fmt/2065	TOML	toml | application/toml		format			
https://www.nationalarchives.gov.uk/PRONOM/fmt/2066	Rust Source File	rs		format			
https://www.nationalarchives.gov.uk/PRONOM/fmt/2067	XYZ Coordinate Data	xyz		format			
https://www.nationalarchives.gov.uk/PRONOM/fmt/2068	Macintosh File System	DSK | IMG | mfs		format			
https://www.nationalarchives.gov.uk/PRONOM/fmt/2069	Draco	bin | drc		format			version 2
https://www.nationalarchives.gov.uk/PRONOM/fmt/207	Obsidium Project File	opf		format			
https://www.nationalarchives.gov.uk/PRONOM/fmt/2070	Autodesk ReCap RCS Indexed Point Cloud Data	rcs		format			
https://www.nationalarchives.gov.uk/PRONOM/fmt/2071	SuperCard Pro Image File	scp		format			
https://www.nationalarchives.gov.uk/PRONOM/fmt/2072	Weaving Information File (WIF)	wif		format			version 1.1
https://www.nationalarchives.gov.uk/PRONOM/fmt/2073	Tilt Brush	tilt		format			
https://www.nationalarchives.gov.uk/PRONOM/fmt/2074	MRtrix File Format	mif		format			
https://www.nationalarchives.gov.uk/PRONOM/fmt/2075	ACE	ace | application/x-ace-compressed		format			version 1
https://www.nationalarchives.gov.uk/PRONOM/fmt/2076	ACE	ace | application/x-ace-compressed		format			version 2
https://www.nationalarchives.gov.uk/PRONOM/fmt/2077	Common Ground Digital Paper	dp		format			version 1
https://www.nationalarchives.gov.uk/PRONOM/fmt/2078	Common Ground Digital Paper	dp		format			version 3
https://www.nationalarchives.gov.uk/PRONOM/fmt/2079	Common Ground Digital Paper	dp		format			version 4
https://www.nationalarchives.gov.uk/PRONOM/fmt/208	Binary File	bin		format			
https://www.nationalarchives.gov.uk/PRONOM/fmt/2080	xdomea	xml		format			version 3.1.0
https://www.nationalarchives.gov.uk/PRONOM/fmt/2081	xdomea	xml		format			version 4.0.0
https://www.nationalarchives.gov.uk/PRONOM/fmt/2082	3DM 6	3dm		format			version 6
https://www.nationalarchives.gov.uk/PRONOM/fmt/2083	3DM 7	3dm		format			version 7
https://www.nationalarchives.gov.uk/PRONOM/fmt/2084	3DM 8	3dm		format			version 8
https://www.nationalarchives.gov.uk/PRONOM/fmt/2085	FieldWorks Language Explorer FWData XML	fwdata		format			
https://www.nationalarchives.gov.uk/PRONOM/fmt/2086	FieldWorks Language Explorer FWBackup	fwbackup		format			
https://www.nationalarchives.gov.uk/PRONOM/fmt/2087	Final Cut Pro Project File	fcp		format			
https://www.nationalarchives.gov.uk/PRONOM/fmt/2088	Final Cut Pro XML Interchange Format	xml		format			
https://www.nationalarchives.gov.uk/PRONOM/fmt/2089	FCPXML Interchange Format	fcpxml		format			
https://www.nationalarchives.gov.uk/PRONOM/fmt/209	Sound Designer II Audio File	sd2		format			
https://www.nationalarchives.gov.uk/PRONOM/fmt/2090	Kodak DCS RAW Image	tif | tiff		format			
https://www.nationalarchives.gov.uk/PRONOM/fmt/2091	Kodak DCS RAW Image	tif | tiff		format			version 3
https://www.nationalarchives.gov.uk/PRONOM/fmt/2092	Canadian Avalanche Association MarkUp Language	caaml | application/xml		format			version 6.0.3
https://www.nationalarchives.gov.uk/PRONOM/fmt/2093	ROS Bag Format	bag		format			version 2.0
https://www.nationalarchives.gov.uk/PRONOM/fmt/2094	M4A Audio	m4a | m4b | audio/mp4		format			
https://www.nationalarchives.gov.uk/PRONOM/fmt/2095	Hasselblad FFF Raw Image	fff		format			
https://www.nationalarchives.gov.uk/PRONOM/fmt/2096	GGML Universal File (GGUF)	gguf		format			version 1
https://www.nationalarchives.gov.uk/PRONOM/fmt/2097	GGML Universal File (GGUF)	gguf		format			version 2
https://www.nationalarchives.gov.uk/PRONOM/fmt/2098	GGML Universal File (GGUF)	gguf		format			version 3
https://www.nationalarchives.gov.uk/PRONOM/fmt/2099	iZotope RX Document	rxdoc		format			
https://www.nationalarchives.gov.uk/PRONOM/fmt/21	AutoCAD Drawing	dwg | image/vnd.dwg		format			version 1.0
https://www.nationalarchives.gov.uk/PRONOM/fmt/210	Statistica Report File	str		format			
https://www.nationalarchives.gov.uk/PRONOM/fmt/2100	Visualization Toolkit	vtk		format			version 4.0
https://www.nationalarchives.gov.uk/PRONOM/fmt/2101	ChemStation Gas Chromatography/Mass Spectrum (GC/MS) Data File	ms		format			version 2
https://www.nationalarchives.gov.uk/PRONOM/fmt/2102	BioSemi Data Format	bdf		format			
https://www.nationalarchives.gov.uk/PRONOM/fmt/2103	Discus Project	cdl		format			version 2-3
https://www.nationalarchives.gov.uk/PRONOM/fmt/2104	Discus Project File	cd4		format			version 4
https://www.nationalarchives.gov.uk/PRONOM/fmt/2105	ForTheRecord TRM Audio	trm		format			
https://www.nationalarchives.gov.uk/PRONOM/fmt/2106	FictionBook eBook	fb2		format			version 2
https://www.nationalarchives.gov.uk/PRONOM/fmt/2107	Aseprite Sprite	ase | aseprite		format			
https://www.nationalarchives.gov.uk/PRONOM/fmt/2108	FAB2 Book Container	fab | application/vnd.fabylon.book		format			version 0.2
https://www.nationalarchives.gov.uk/PRONOM/fmt/2109	Clock RINEX File Format	clk		format			version 2.0
https://www.nationalarchives.gov.uk/PRONOM/fmt/211	Kodak Photo CD Image	pcd		format			
https://www.nationalarchives.gov.uk/PRONOM/fmt/2110	Clock RINEX File Format	clk		format			version 3.0
https://www.nationalarchives.gov.uk/PRONOM/fmt/2111	LABView Virtual Instrument	vi | vim | vit		format			version 3.0
https://www.nationalarchives.gov.uk/PRONOM/fmt/2112	NumPy Format	npy | application/x-npy		format			
https://www.nationalarchives.gov.uk/PRONOM/fmt/2113	TIGER/Line ASCII	zip		format			version 1989-2006
https://www.nationalarchives.gov.uk/PRONOM/fmt/2114	TIGER/Line Shapefile	zip		format			version 2007 onwards
https://www.nationalarchives.gov.uk/PRONOM/fmt/2115	HALO Photonics Doppler LiDAR File Format	hpl		format			
https://www.nationalarchives.gov.uk/PRONOM/fmt/2116	Hugin Project File	pto		format			version 2.0
https://www.nationalarchives.gov.uk/PRONOM/fmt/2117	Address Event DATa Format	aedat4		format			
https://www.nationalarchives.gov.uk/PRONOM/fmt/2118	FASTQ	fastq | fq		format			
https://www.nationalarchives.gov.uk/PRONOM/fmt/212	Information or Setup File	inf		format			
https://www.nationalarchives.gov.uk/PRONOM/fmt/213	ScanIt Document	sid		format			
https://www.nationalarchives.gov.uk/PRONOM/fmt/214	Microsoft Excel for Windows	xlsx | application/vnd.openxmlformats-officedocument.spreadsheetml.sheet		format			version 2007 onwards
https://www.nationalarchives.gov.uk/PRONOM/fmt/215	Microsoft Powerpoint for Windows	pptx | application/vnd.openxmlformats-officedocument.presentationml.presentation		format			version 2007 onwards
https://www.nationalarchives.gov.uk/PRONOM/fmt/216	Microsoft Visio XML Drawing	vdx | application/vnd.visio		format			version 2003-2010
https://www.nationalarchives.gov.uk/PRONOM/fmt/217	PaintShop Pro Browser Cache File	jbf		format			
https://www.nationalarchives.gov.uk/PRONOM/fmt/218	Microsoft FrontPage	lck		format			
https://www.nationalarchives.gov.uk/PRONOM/fmt/219	Microsoft Works Database for Windows	wdb		format			version 2.0
https://www.nationalarchives.gov.uk/PRONOM/fmt/22	AutoCAD Drawing	dwg | image/vnd.dwg		format			version 1.2
https://www.nationalarchives.gov.uk/PRONOM/fmt/220	Microsoft Works Spreadsheet for Windows			format			version 2.0
https://www.nationalarchives.gov.uk/PRONOM/fmt/221	Microsoft Works Word Processor for Windows			format			version 2.0
https://www.nationalarchives.gov.uk/PRONOM/fmt/222	Microsoft Works Database for Windows	wdb		format			version 2.0a
https://www.nationalarchives.gov.uk/PRONOM/fmt/223	Microsoft Works Database for Windows	wdb		format			version 3.0
https://www.nationalarchives.gov.uk/PRONOM/fmt/224	Microsoft Works Database for Windows	wdb		format			version 3.0a
https://www.nationalarchives.gov.uk/PRONOM/fmt/225	Microsoft Works Database for Windows	wdb		format			version 3.0b
https://www.nationalarchives.gov.uk/PRONOM/fmt/226	Microsoft Works Database for Windows	wdb		format			version 4.0
https://www.nationalarchives.gov.uk/PRONOM/fmt/227	Microsoft Works Spreadsheet for Windows			format			version 2.0a
https://www.nationalarchives.gov.uk/PRONOM/fmt/228	Microsoft Works Spreadsheet for Windows			format			version 3.0
https://www.nationalarchives.gov.uk/PRONOM/fmt/229	Microsoft Works Spreadsheet for Windows			format			version 3.0a
https://www.nationalarchives.gov.uk/PRONOM/fmt/23	AutoCAD Drawing	dwg | image/vnd.dwg		format			version 1.3
https://www.nationalarchives.gov.uk/PRONOM/fmt/230	Microsoft Works Spreadsheet for Windows			format			version 3.0b
https://www.nationalarchives.gov.uk/PRONOM/fmt/231	Microsoft Works Spreadsheet for Windows			format			version 4.0
https://www.nationalarchives.gov.uk/PRONOM/fmt/232	Microsoft Works Word Processor for Windows			format			version 2.0a
https://www.nationalarchives.gov.uk/PRONOM/fmt/233	Microsoft Works Word Processor 3-4 for Windows	wps		format			
https://www.nationalarchives.gov.uk/PRONOM/fmt/234	Microsoft Works Word Processor for Windows			format			version 3.0a
https://www.nationalarchives.gov.uk/PRONOM/fmt/235	Microsoft Works Word Processor for Windows			format			version 3.0b
https://www.nationalarchives.gov.uk/PRONOM/fmt/236	Microsoft Works Word Processor for Windows			format			version 4.0
https://www.nationalarchives.gov.uk/PRONOM/fmt/237	Microsoft Office Binder File for Windows	obd		format			version 95
https://www.nationalarchives.gov.uk/PRONOM/fmt/238	Microsoft Office Binder Template for Windows	obt		format			version 95
https://www.nationalarchives.gov.uk/PRONOM/fmt/239	Microsoft Office Binder Wizard for Windows	obz		format			version 95
https://www.nationalarchives.gov.uk/PRONOM/fmt/24	AutoCAD Drawing	dwg | image/vnd.dwg		format			version 1.4
https://www.nationalarchives.gov.uk/PRONOM/fmt/240	Microsoft Office Binder File for Windows	obd		format			version 97-2000
https://www.nationalarchives.gov.uk/PRONOM/fmt/241	Microsoft Office Binder Template for Windows	obt		format			version 97-2003
https://www.nationalarchives.gov.uk/PRONOM/fmt/242	Microsoft Office Binder Wizard for Windows	obz		format			version 97-2003
https://www.nationalarchives.gov.uk/PRONOM/fmt/243	GPS Exchange Format	gpx		format			version 1.0
https://www.nationalarchives.gov.uk/PRONOM/fmt/244	Keyhole Markup Language (XML)	kml | application/vnd.google-earth.kml+xml		format			
https://www.nationalarchives.gov.uk/PRONOM/fmt/245	Structured Data Exchange Format			format			
https://www.nationalarchives.gov.uk/PRONOM/fmt/246	Microsoft Works Database for Windows	wdb		format			version 4.0a
https://www.nationalarchives.gov.uk/PRONOM/fmt/247	Microsoft Works Spreadsheet for Windows			format			version 4.0a
https://www.nationalarchives.gov.uk/PRONOM/fmt/248	Microsoft Works Word Processor Windows			format			version 4.0a
https://www.nationalarchives.gov.uk/PRONOM/fmt/249	Microsoft Works Database for Windows	wdb		format			version 4.5
https://www.nationalarchives.gov.uk/PRONOM/fmt/25	AutoCAD Drawing	dwg | image/vnd.dwg		format			version 2.0
https://www.nationalarchives.gov.uk/PRONOM/fmt/250	Microsoft Works Spreadsheet for Windows			format			version 4.5
https://www.nationalarchives.gov.uk/PRONOM/fmt/251	Microsoft Works Word Processor Windows			format			version 4.5
https://www.nationalarchives.gov.uk/PRONOM/fmt/252	Microsoft Works Database for Windows	wdb		format			version 4.5a
https://www.nationalarchives.gov.uk/PRONOM/fmt/253	Microsoft Works Spreadsheet for Windows			format			version 4.5a
https://www.nationalarchives.gov.uk/PRONOM/fmt/254	Microsoft Works Word Processor Windows			format			version 4.5a
https://www.nationalarchives.gov.uk/PRONOM/fmt/255	DjVu File Format	djv | djvu | image/vnd.djvu | image/x-djvu		format			
https://www.nationalarchives.gov.uk/PRONOM/fmt/256	Microsoft Works Database for Windows	wdb		format			version 2000
https://www.nationalarchives.gov.uk/PRONOM/fmt/257	Microsoft Works Spreadsheet for Windows			format			version 2000
https://www.nationalarchives.gov.uk/PRONOM/fmt/258	Microsoft Works Word Processor 5-6	wps		format			
https://www.nationalarchives.gov.uk/PRONOM/fmt/259	Microsoft Works Database for DOS	wdb		format			version 3
https://www.nationalarchives.gov.uk/PRONOM/fmt/26	AutoCAD Drawing	dwg | image/vnd.dwg		format			version 2.1
https://www.nationalarchives.gov.uk/PRONOM/fmt/260	Microsoft Works Database for DOS	wdb		format			version 3a
https://www.nationalarchives.gov.uk/PRONOM/fmt/261	Microsoft Works Database for DOS	wdb		format			version 3b
https://www.nationalarchives.gov.uk/PRONOM/fmt/262	Microsoft Works Spreadsheet for DOS			format			version 3
https://www.nationalarchives.gov.uk/PRONOM/fmt/263	Microsoft Works Spreadsheet for DOS			format			version 3a
https://www.nationalarchives.gov.uk/PRONOM/fmt/264	Microsoft Works Spreadsheet for DOS			format			version 3b
https://www.nationalarchives.gov.uk/PRONOM/fmt/265	Microsoft Works Word Processor DOS			format			version 3
https://www.nationalarchives.gov.uk/PRONOM/fmt/266	Microsoft Works Word Processor DOS			format			version 3a
https://www.nationalarchives.gov.uk/PRONOM/fmt/267	Microsoft Works Word Processor DOS			format			version 3b
https://www.nationalarchives.gov.uk/PRONOM/fmt/268	Microsoft Works Database for Macintosh	wdb		format			version 3
https://www.nationalarchives.gov.uk/PRONOM/fmt/269	Microsoft Works Database for Macintosh	wdb		format			version 4
https://www.nationalarchives.gov.uk/PRONOM/fmt/27	AutoCAD Drawing	dwg | image/vnd.dwg		format			version 2.2
https://www.nationalarchives.gov.uk/PRONOM/fmt/270	Microsoft Works Spreadsheet for Macintosh	wks		format			version 3
https://www.nationalarchives.gov.uk/PRONOM/fmt/271	Microsoft Works Spreadsheet for Macintosh	wks		format			version 4
https://www.nationalarchives.gov.uk/PRONOM/fmt/272	Microsoft Works Word Processor Macintosh	wps		format			version 3
https://www.nationalarchives.gov.uk/PRONOM/fmt/273	Microsoft Works Word Processor Macintosh	wps		format			version 4
https://www.nationalarchives.gov.uk/PRONOM/fmt/274	SPSS Output File (spv)	spv		format			
https://www.nationalarchives.gov.uk/PRONOM/fmt/275	Microsoft Access Database File	accdb		format			version 2007
https://www.nationalarchives.gov.uk/PRONOM/fmt/276	Acrobat PDF 1.7 - Portable Document Format	pdf | application/pdf		format			version 1.7
https://www.nationalarchives.gov.uk/PRONOM/fmt/277	ESRI Arc/View Shapefile Index	shx		format			
https://www.nationalarchives.gov.uk/PRONOM/fmt/278	Internet Message Format	eml | message/rfc822		format			
https://www.nationalarchives.gov.uk/PRONOM/fmt/279	FLAC (Free Lossless Audio Codec)	flac | audio/flac		format			version 1.2.1
https://www.nationalarchives.gov.uk/PRONOM/fmt/28	AutoCAD Drawing	dwg | image/vnd.dwg		format			version 2.5
https://www.nationalarchives.gov.uk/PRONOM/fmt/280	LaTeX (Master document)	tex		format			
https://www.nationalarchives.gov.uk/PRONOM/fmt/281	LaTeX (Subdocument)	tex		format			
https://www.nationalarchives.gov.uk/PRONOM/fmt/282	netCDF-3 Classic	cdf | nc | application/netcdf | application/x-netcdf		format			
https://www.nationalarchives.gov.uk/PRONOM/fmt/283	netCDF-3 64-bit	cdf | nc | application/netcdf | application/x-netcdf		format			
https://www.nationalarchives.gov.uk/PRONOM/fmt/284	Gridded Binary	grb | wmo		format			version 1.0
https://www.nationalarchives.gov.uk/PRONOM/fmt/285	Gridded Binary	grb | wmo		format			version 2.0
https://www.nationalarchives.gov.uk/PRONOM/fmt/286	HDF5	h5 | hdf | hdf5 | nc		format			version 1
https://www.nationalarchives.gov.uk/PRONOM/fmt/287	HDF5	h5 | hdf | hdf5 | nc		format			version 2
https://www.nationalarchives.gov.uk/PRONOM/fmt/288	Microsoft Front Page Server Extension Configuration			format			
https://www.nationalarchives.gov.uk/PRONOM/fmt/289	WARC	warc | application/warc		format			
https://www.nationalarchives.gov.uk/PRONOM/fmt/29	AutoCAD Drawing	dwg | image/vnd.dwg		format			version 2.6
https://www.nationalarchives.gov.uk/PRONOM/fmt/290	OpenDocument Text	odt | ott | application/vnd.oasis.opendocument.text		format			version 1.1
https://www.nationalarchives.gov.uk/PRONOM/fmt/291	OpenDocument Text	odt | ott | application/vnd.oasis.opendocument.text		format			version 1.2
https://www.nationalarchives.gov.uk/PRONOM/fmt/292	OpenDocument Presentation	odp | otp | application/vnd.oasis.opendocument.presentation		format			version 1.1
https://www.nationalarchives.gov.uk/PRONOM/fmt/293	OpenDocument Presentation	odp | otp | application/vnd.oasis.opendocument.presentation		format			version 1.2
https://www.nationalarchives.gov.uk/PRONOM/fmt/294	OpenDocument Spreadsheet	ods | ots | application/vnd.oasis.opendocument.spreadsheet		format			version 1.1
https://www.nationalarchives.gov.uk/PRONOM/fmt/295	OpenDocument Spreadsheet	ods | ots | application/vnd.oasis.opendocument.spreadsheet		format			version 1.2
https://www.nationalarchives.gov.uk/PRONOM/fmt/296	OpenDocument Graphics	odg | otg | application/vnd.oasis.opendocument.graphics		format			version 1.1
https://www.nationalarchives.gov.uk/PRONOM/fmt/297	OpenDocument Graphics	odg | otg | application/vnd.oasis.opendocument.graphics		format			version 1.2
https://www.nationalarchives.gov.uk/PRONOM/fmt/298	Autodesk Animator Pro FLIC	flc		format			
https://www.nationalarchives.gov.uk/PRONOM/fmt/299	Autodesk Animator (FlicLib)	fli		format			
https://www.nationalarchives.gov.uk/PRONOM/fmt/3	Graphics Interchange Format	gif | image/gif		format			version 87a
https://www.nationalarchives.gov.uk/PRONOM/fmt/30	AutoCAD Drawing	dwg | image/vnd.dwg		format			version R9
https://www.nationalarchives.gov.uk/PRONOM/fmt/300	ChiWriter Document	chi		format			version 4
https://www.nationalarchives.gov.uk/PRONOM/fmt/301	Computer Graphics Metafile ASCII	cgm | image/cgm		format			version 3
https://www.nationalarchives.gov.uk/PRONOM/fmt/302	Computer Graphics Metafile ASCII	cgm | image/cgm		format			version 4
https://www.nationalarchives.gov.uk/PRONOM/fmt/303	Computer Graphics Metafile (Binary)	cgm | image/cgm; version=1		format			version 1
https://www.nationalarchives.gov.uk/PRONOM/fmt/304	Computer Graphics Metafile (Binary)	cgm | image/cgm; version=2		format			version 2
https://www.nationalarchives.gov.uk/PRONOM/fmt/305	Computer Graphics Metafile (Binary)	cgm | image/cgm; version=3		format			version 3
https://www.nationalarchives.gov.uk/PRONOM/fmt/306	Computer Graphics Metafile (Binary)	cgm | image/cgm; version=4		format			version 4
https://www.nationalarchives.gov.uk/PRONOM/fmt/307	Quicken Interchange Format	qif | application/qif		format			
https://www.nationalarchives.gov.uk/PRONOM/fmt/308	Quicken Data Format	qdf		format			
https://www.nationalarchives.gov.uk/PRONOM/fmt/309	Open Financial Exchange	ofx | qfx | application/x-ofx		format			version 1.02
https://www.nationalarchives.gov.uk/PRONOM/fmt/31	AutoCAD Drawing	dwg | image/vnd.dwg		format			version R10
https://www.nationalarchives.gov.uk/PRONOM/fmt/310	Open Financial Exchange	ofx | qfx | application/x-ofx		format			version 1.03
https://www.nationalarchives.gov.uk/PRONOM/fmt/311	Open Financial Exchange	ofx | qfx | application/x-ofx		format			version 1.6
https://www.nationalarchives.gov.uk/PRONOM/fmt/312	Open Financial Exchange	ofx | qfx | application/x-ofx		format			version 2.0.3
https://www.nationalarchives.gov.uk/PRONOM/fmt/313	Open Financial Exchange	ofx | qfx | application/x-ofx		format			version 2.1.1
https://www.nationalarchives.gov.uk/PRONOM/fmt/314	Play SID Audio	psid | sid | audio/prs.sid		format			version 1
https://www.nationalarchives.gov.uk/PRONOM/fmt/315	Play SID Audio	psid | sid | audio/prs.sid		format			version 2
https://www.nationalarchives.gov.uk/PRONOM/fmt/316	Real SID Audio	sid | audio/prs.sid		format			
https://www.nationalarchives.gov.uk/PRONOM/fmt/317	Macromedia Director	dir | dxr | application/x-director		format			version Macintosh
https://www.nationalarchives.gov.uk/PRONOM/fmt/318	Secure DjVU	djv | djvu | image/vnd.djvu | image/x-djvu		format			
https://www.nationalarchives.gov.uk/PRONOM/fmt/319	ESRI Spatial Index File	sbn | sbx		format			
https://www.nationalarchives.gov.uk/PRONOM/fmt/32	AutoCAD Drawing	dwg | image/vnd.dwg		format			version R11/12
https://www.nationalarchives.gov.uk/PRONOM/fmt/320	ESRI Shapefile Projection (Well-Known Text) Format	prj		format			
https://www.nationalarchives.gov.uk/PRONOM/fmt/321	ESRI Shapefile Header Index	aih		format			
https://www.nationalarchives.gov.uk/PRONOM/fmt/322	Portable Form File	pff		format			
https://www.nationalarchives.gov.uk/PRONOM/fmt/323	Extended Module Audio File	xm | audio/xm		format			
https://www.nationalarchives.gov.uk/PRONOM/fmt/324	EndNote Style File	ens | application/x-endnote-style		format			
https://www.nationalarchives.gov.uk/PRONOM/fmt/325	EndNote Library	enl		format			version 1-9
https://www.nationalarchives.gov.uk/PRONOM/fmt/326	EndNote Connection File	enz | application/x-endnote-connect | application/x-endnote-connection		format			
https://www.nationalarchives.gov.uk/PRONOM/fmt/327	EndNote Filter File	enf		format			
https://www.nationalarchives.gov.uk/PRONOM/fmt/328	EndNote Import File	enr | enw | application/x-endnote-refer		format			
https://www.nationalarchives.gov.uk/PRONOM/fmt/329	Shell Archive Format	shar | application/x-sh | application/x-shar		format			
https://www.nationalarchives.gov.uk/PRONOM/fmt/33	AutoCAD Drawing	dwg | image/vnd.dwg		format			version R13
https://www.nationalarchives.gov.uk/PRONOM/fmt/330	Peak Graphical Waveform File	pk		format			
https://www.nationalarchives.gov.uk/PRONOM/fmt/331	Autorun Configuration File	inf		format			
https://www.nationalarchives.gov.uk/PRONOM/fmt/332	ESRI Arc/View Project	apr | def		format			version 3.x
https://www.nationalarchives.gov.uk/PRONOM/fmt/333	Chemical Markup Language	cml		format			
https://www.nationalarchives.gov.uk/PRONOM/fmt/334	Crystallographic Information Framework	cif		format			
https://www.nationalarchives.gov.uk/PRONOM/fmt/335	Dreamweaver Lock File	lck		format			
https://www.nationalarchives.gov.uk/PRONOM/fmt/336	Graphic Workshop for Windows Thumbnail File	thn		format			
https://www.nationalarchives.gov.uk/PRONOM/fmt/337	MJ2 (Motion JPEG 2000)	mj2 | mjp2 | video/mj2		format			
https://www.nationalarchives.gov.uk/PRONOM/fmt/338	Interchange File Format Interleaved Bitmap	iff | lbm		format			
https://www.nationalarchives.gov.uk/PRONOM/fmt/339	Interchange File Format 8-bit Sampled Voice	8svx | iff		format			
https://www.nationalarchives.gov.uk/PRONOM/fmt/34	AutoCAD Drawing	dwg | image/vnd.dwg		format			version R14
https://www.nationalarchives.gov.uk/PRONOM/fmt/340	Lotus WordPro Document	lwp | application/lwp | application/vnd.lotus-wordpro		format			version 97/Millennium
https://www.nationalarchives.gov.uk/PRONOM/fmt/341	Macintosh PICT Image	pct | pic | pict | image/x-pict		format			version 2.0
https://www.nationalarchives.gov.uk/PRONOM/fmt/342	Microsoft Project Export File	mpx | application/x-project		format			version 4.0
https://www.nationalarchives.gov.uk/PRONOM/fmt/343	Microsoft Project Export File	mpx | application/x-project		format			version 3.0
https://www.nationalarchives.gov.uk/PRONOM/fmt/344	Microsoft Windows Enhanced Metafile	emf | image/emf		format			version 2.0
https://www.nationalarchives.gov.uk/PRONOM/fmt/345	Microsoft Windows Enhanced Metafile	emf | image/emf		format			version 3.0
https://www.nationalarchives.gov.uk/PRONOM/fmt/346	Microsoft Word for Macintosh Document	mcw | application/msword		format			version 1.0
https://www.nationalarchives.gov.uk/PRONOM/fmt/347	MPEG 1/2 Audio Layer I	mp1 | audio/mpeg		format			
https://www.nationalarchives.gov.uk/PRONOM/fmt/348	Paint Shop Pro Image	pspimage		format			version 9
https://www.nationalarchives.gov.uk/PRONOM/fmt/349	Paint Shop Pro Image	pspimage		format			version 10
https://www.nationalarchives.gov.uk/PRONOM/fmt/35	AutoCAD Drawing	dwg | image/vnd.dwg		format			version 2000-2002
https://www.nationalarchives.gov.uk/PRONOM/fmt/350	Paradox Database Table	db		format			version 3.0
https://www.nationalarchives.gov.uk/PRONOM/fmt/351	Paradox Database Table	db		format			version 4.0
https://www.nationalarchives.gov.uk/PRONOM/fmt/352	Paradox Database Table	db		format			version 5.0
https://www.nationalarchives.gov.uk/PRONOM/fmt/353	Tagged Image File Format	tif | tiff | image/tiff		format			
https://www.nationalarchives.gov.uk/PRONOM/fmt/354	Acrobat PDF/A - Portable Document Format	pdf | application/pdf		format			version 1b
https://www.nationalarchives.gov.uk/PRONOM/fmt/355	Rich Text Format	rtf | application/rtf | text/rtf		format			version 1.9
https://www.nationalarchives.gov.uk/PRONOM/fmt/356	Adaptive Multi-Rate Audio	amr | audio/amr		format			
https://www.nationalarchives.gov.uk/PRONOM/fmt/357	3GPP Audio/Video File	3gp | 3gpp | audio/3gpp | video/3gpp		format			
https://www.nationalarchives.gov.uk/PRONOM/fmt/358	Internet Data Query File	idq		format			
https://www.nationalarchives.gov.uk/PRONOM/fmt/359	Microsoft Front Page Binary Tree Index	btr		format			
https://www.nationalarchives.gov.uk/PRONOM/fmt/36	AutoCAD Drawing	dwg | image/vnd.dwg		format			version 2004-2005
https://www.nationalarchives.gov.uk/PRONOM/fmt/360	pulse EKKO data file	dt1		format			
https://www.nationalarchives.gov.uk/PRONOM/fmt/361	pulse EKKO header file	hd		format			
https://www.nationalarchives.gov.uk/PRONOM/fmt/362	GSSI SIR-10 RADAN data file	dzt		format			
https://www.nationalarchives.gov.uk/PRONOM/fmt/363	SEG Y Data Exchange Format	segy		format			version Generic
https://www.nationalarchives.gov.uk/PRONOM/fmt/364	National Imagery Transmission Format	ntf | application/vnd.nitf		format			version 1.0
https://www.nationalarchives.gov.uk/PRONOM/fmt/365	National Imagery Transmission Format	ntf | application/vnd.nitf		format			version 2.0
https://www.nationalarchives.gov.uk/PRONOM/fmt/366	National Imagery Transmission Format	ntf | application/vnd.nitf		format			version 2.1
https://www.nationalarchives.gov.uk/PRONOM/fmt/367	ESRI World File Format	bilw | blw | bpw | btw | jgw | jpgw | pgw | rasterw | sdw | tfw | tifw		format			
https://www.nationalarchives.gov.uk/PRONOM/fmt/368	ASPRS Lidar Data Exchange Format	las | laz		format			version 1.0
https://www.nationalarchives.gov.uk/PRONOM/fmt/369	ASPRS Lidar Data Exchange Format	las | laz		format			version 1.1
https://www.nationalarchives.gov.uk/PRONOM/fmt/37	Microsoft Word for Windows Document	doc | application/msword		format			version 1.0
https://www.nationalarchives.gov.uk/PRONOM/fmt/370	ASPRS Lidar Data Exchange Format	las | laz		format			version 1.2
https://www.nationalarchives.gov.uk/PRONOM/fmt/371	Enhanced Compression Wavelet	ecw		format			
https://www.nationalarchives.gov.uk/PRONOM/fmt/372	Earth Resource Satellite Image Header Format	ers		format			
https://www.nationalarchives.gov.uk/PRONOM/fmt/373	FoxPro Database	dbf		format			version 2.x
https://www.nationalarchives.gov.uk/PRONOM/fmt/374	Microsoft Visual FoxPro Database Table File	dbf		format			
https://www.nationalarchives.gov.uk/PRONOM/fmt/375	FoxPro Compound Index File	cdx		format			
https://www.nationalarchives.gov.uk/PRONOM/fmt/376	FoxPro Report	frx		format			
https://www.nationalarchives.gov.uk/PRONOM/fmt/377	Microsoft Visual FoxPro Report	frx		format			
https://www.nationalarchives.gov.uk/PRONOM/fmt/378	Chemical Draw Exchange Format	cdx | chemical/x-cdx		format			
https://www.nationalarchives.gov.uk/PRONOM/fmt/379	Microsoft Visual FoxPro Class Library	vcx		format			
https://www.nationalarchives.gov.uk/PRONOM/fmt/38	Microsoft Word for Windows Document	doc | application/msword		format			version 2.0
https://www.nationalarchives.gov.uk/PRONOM/fmt/380	Microsoft Visual FoxPro Project	pjx		format			
https://www.nationalarchives.gov.uk/PRONOM/fmt/381	FoxPro Project	pjx		format			
https://www.nationalarchives.gov.uk/PRONOM/fmt/382	Microsoft Visual FoxPro database container (table files)	dbc		format			
https://www.nationalarchives.gov.uk/PRONOM/fmt/383	VICAR (Video Image Communication and Retrieval) Planetary File Format	img | vic | vicar		format			
https://www.nationalarchives.gov.uk/PRONOM/fmt/384	Microsoft Visual FoxPro database container (memo files)	dct		format			
https://www.nationalarchives.gov.uk/PRONOM/fmt/385	Microsoft Windows Cursor	cur | image/x-win-bitmap		format			
https://www.nationalarchives.gov.uk/PRONOM/fmt/386	Microsoft Animated Cursor Format	ani		format			
https://www.nationalarchives.gov.uk/PRONOM/fmt/387	VCalendar format	vcs | text/x-vCalendar		format			
https://www.nationalarchives.gov.uk/PRONOM/fmt/388	Internet Calendar and Scheduling format	ics | text/calendar		format			
https://www.nationalarchives.gov.uk/PRONOM/fmt/389	Log ASCII Standard Format	las		format			version 1.2
https://www.nationalarchives.gov.uk/PRONOM/fmt/39	Microsoft Word Document	doc | application/msword		format			version 6.0/95
https://www.nationalarchives.gov.uk/PRONOM/fmt/390	Log ASCII Standard Format	las		format			version 2.0
https://www.nationalarchives.gov.uk/PRONOM/fmt/391	Log ASCII Standard Format	las		format			version 3.0
https://www.nationalarchives.gov.uk/PRONOM/fmt/392	MrSID Image Format (Multi-resolution Seamless Image Database)	sid		format			
https://www.nationalarchives.gov.uk/PRONOM/fmt/393	Borland Reflex flat datafile	rxd		format			
https://www.nationalarchives.gov.uk/PRONOM/fmt/394	DS_Store File (MAC)	ds_store		format			
https://www.nationalarchives.gov.uk/PRONOM/fmt/395	vCard	vcard | vcf | text/vcard		format			
https://www.nationalarchives.gov.uk/PRONOM/fmt/396	PocketMobi (Palm Resource) File	mobi | prc		format			
https://www.nationalarchives.gov.uk/PRONOM/fmt/397	Enigma Binary File (Finale)	mus		format			version 3+
https://www.nationalarchives.gov.uk/PRONOM/fmt/398	Enigma Transportable File (Finale)	etf		format			
https://www.nationalarchives.gov.uk/PRONOM/fmt/399	Stuffit X Archive File	sitx		format			
https://www.nationalarchives.gov.uk/PRONOM/fmt/4	Graphics Interchange Format	gif | image/gif		format			version 89a
https://www.nationalarchives.gov.uk/PRONOM/fmt/40	Microsoft Word Document	doc | wbk | application/msword		format			version 97-2003
https://www.nationalarchives.gov.uk/PRONOM/fmt/400	Macromedia FreeHand MX	fh11		format			version 11
https://www.nationalarchives.gov.uk/PRONOM/fmt/401	X-Windows Screen Dump	xdm | xwd		format			version X11
https://www.nationalarchives.gov.uk/PRONOM/fmt/402	Truevision TGA Bitmap	icb | tga | vda | vst		format			version 2.0
https://www.nationalarchives.gov.uk/PRONOM/fmt/403	SuperCalc Spreadsheet	cal		format			version 1
https://www.nationalarchives.gov.uk/PRONOM/fmt/404	RealAudio	ra		format			version 4
https://www.nationalarchives.gov.uk/PRONOM/fmt/405	Portable Any Map	pam		format			
https://www.nationalarchives.gov.uk/PRONOM/fmt/406	Portable Grey Map - Binary	pgm | pgmb		format			
https://www.nationalarchives.gov.uk/PRONOM/fmt/407	Portable Grey Map - ASCII	pgm | pgma		format			
https://www.nationalarchives.gov.uk/PRONOM/fmt/408	Portable Pixel Map - Binary	ppm | ppmb		format			
https://www.nationalarchives.gov.uk/PRONOM/fmt/409	Portable Bitmap Image - Binary	pbmb | pnm		format			
https://www.nationalarchives.gov.uk/PRONOM/fmt/41	Raw JPEG Stream	jfi | jfif | jif | jpe | jpeg | jpg | image/jpeg		format			
https://www.nationalarchives.gov.uk/PRONOM/fmt/410	Internet Archive	arc		format			version 1.1
https://www.nationalarchives.gov.uk/PRONOM/fmt/411	RAR Archive	rar | application/vnd.rar		format			version 2.9
https://www.nationalarchives.gov.uk/PRONOM/fmt/412	Microsoft Word for Windows	docx | wbk | application/vnd.openxmlformats-officedocument.wordprocessingml.document		format			version 2007 onwards
https://www.nationalarchives.gov.uk/PRONOM/fmt/413	Scalable Vector Graphics Tiny	svg		format			version 1.2
https://www.nationalarchives.gov.uk/PRONOM/fmt/414	Audio Interchange File Format	aif | aiff		format			
https://www.nationalarchives.gov.uk/PRONOM/fmt/415	Cinema 4D	c4d		format			version 4.x
https://www.nationalarchives.gov.uk/PRONOM/fmt/416	Apple Core Audio Format	caf		format			version 1.0
https://www.nationalarchives.gov.uk/PRONOM/fmt/417	Adobe Illustrator	ai | application/postscript		format			version 88
https://www.nationalarchives.gov.uk/PRONOM/fmt/418	Adobe Illustrator	ai | application/postscript		format			version 3.0 / 3.2
https://www.nationalarchives.gov.uk/PRONOM/fmt/419	Adobe Illustrator	ai | application/postscript		format			version 4.0
https://www.nationalarchives.gov.uk/PRONOM/fmt/42	JPEG File Interchange Format	jfi | jfif | jif | jpe | jpeg | jpg | image/jpeg		format			version 1.00
https://www.nationalarchives.gov.uk/PRONOM/fmt/420	Adobe Illustrator	ai | application/postscript		format			version 5.0 / 5.5
https://www.nationalarchives.gov.uk/PRONOM/fmt/421	Adobe Illustrator	ai | application/postscript		format			version Japan
https://www.nationalarchives.gov.uk/PRONOM/fmt/422	Adobe Illustrator	ai | eps | application/postscript		format			version 6.0
https://www.nationalarchives.gov.uk/PRONOM/fmt/423	Adobe Illustrator	ai | application/postscript		format			version 7.0
https://www.nationalarchives.gov.uk/PRONOM/fmt/424	OpenDocument Database Format	odb		format			version 1.2
https://www.nationalarchives.gov.uk/PRONOM/fmt/425	Video Object File (MPEG-2 subset)	vob		format			
https://www.nationalarchives.gov.uk/PRONOM/fmt/426	Harris Matrix	hm		format			
https://www.nationalarchives.gov.uk/PRONOM/fmt/427	CorelDraw Drawing	cdr		format			version 12.0
https://www.nationalarchives.gov.uk/PRONOM/fmt/428	CorelDraw Drawing	cdr		format			version X3
https://www.nationalarchives.gov.uk/PRONOM/fmt/429	CorelDraw Drawing	cdr		format			version X4
https://www.nationalarchives.gov.uk/PRONOM/fmt/43	JPEG File Interchange Format	jfi | jfif | jif | jpe | jpeg | jpg | image/jpeg		format			version 1.01
https://www.nationalarchives.gov.uk/PRONOM/fmt/430	CorelDraw Drawing	cdr		format			version X5
https://www.nationalarchives.gov.uk/PRONOM/fmt/431	Corel R.A.V.E.	clk		format			version 2
https://www.nationalarchives.gov.uk/PRONOM/fmt/432	Corel R.A.V.E.	clk		format			version 3
https://www.nationalarchives.gov.uk/PRONOM/fmt/433	Drawing Interchange File Format (ASCII)	dxf | image/vnd.dxf		format			version 2007/2008/2009
https://www.nationalarchives.gov.uk/PRONOM/fmt/434	AutoCAD Drawing	dwg | image/vnd.dwg		format			version 2010/2011/2012
https://www.nationalarchives.gov.uk/PRONOM/fmt/435	Drawing Interchange File Format (ASCII)	dxf | image/vnd.dxf		format			version 2010/2011/2012
https://www.nationalarchives.gov.uk/PRONOM/fmt/436	Digital Negative Format (DNG)	dng | image/dng | image/tiff		format			version 1.0
https://www.nationalarchives.gov.uk/PRONOM/fmt/437	Digital Negative Format (DNG)	dng | image/dng		format			version 1.2
https://www.nationalarchives.gov.uk/PRONOM/fmt/438	Digital Negative Format (DNG)	dng | image/dng | image/tiff		format			version 1.3
https://www.nationalarchives.gov.uk/PRONOM/fmt/439	BSDIFF	bsdiff		format			version 4.0
https://www.nationalarchives.gov.uk/PRONOM/fmt/44	JPEG File Interchange Format	jfi | jfif | jif | jpe | jpeg | jpg | image/jpeg		format			version 1.02
https://www.nationalarchives.gov.uk/PRONOM/fmt/440	Microsoft Project	mpp | application/vnd.ms-project		format			version 2007
https://www.nationalarchives.gov.uk/PRONOM/fmt/441	Windows Media Video (WVC1)	wmv		format			version 9 Advanced Profile (WVC1)
https://www.nationalarchives.gov.uk/PRONOM/fmt/442	Microsoft Visio (generic)	vsd | application/vnd.visio		format			
https://www.nationalarchives.gov.uk/PRONOM/fmt/443	Microsoft Visio Drawing	vsd | application/vnd.visio		format			version 2003-2010
https://www.nationalarchives.gov.uk/PRONOM/fmt/444	OpenDocument Database Format	odb		format			version 1.1
https://www.nationalarchives.gov.uk/PRONOM/fmt/445	Microsoft Excel Macro-Enabled	xlsm | application/vnd.ms-excel.sheet.macroEnabled.12		format			version 2007
https://www.nationalarchives.gov.uk/PRONOM/fmt/446	Adobe Portable Document Catalog Index File	pdx		format			version 2.0
https://www.nationalarchives.gov.uk/PRONOM/fmt/447	Adobe Portable Document Catalog Index File	pdx		format			version 3.0
https://www.nationalarchives.gov.uk/PRONOM/fmt/448	Adobe Portable Document Catalog Index File	pdx		format			version 3.1
https://www.nationalarchives.gov.uk/PRONOM/fmt/449	Adobe Portable Document Catalog Index File	pdx		format			version 3.2
https://www.nationalarchives.gov.uk/PRONOM/fmt/45	Rich Text Format	rtf | application/rtf | text/rtf		format			version 1.0-1.4
https://www.nationalarchives.gov.uk/PRONOM/fmt/450	VectorWorks	vwx | application/vnd.vectorworks		format			version 12.5
https://www.nationalarchives.gov.uk/PRONOM/fmt/451	VectorWorks	vwx | application/vnd.vectorworks		format			version 2009
https://www.nationalarchives.gov.uk/PRONOM/fmt/452	Acrobat Catalog Cat File	cat		format			
https://www.nationalarchives.gov.uk/PRONOM/fmt/453	Verity Collection Stop List	stp		format			
https://www.nationalarchives.gov.uk/PRONOM/fmt/454	Verity Collection Index About File	abt		format			
https://www.nationalarchives.gov.uk/PRONOM/fmt/455	Verity Collection Index Pending Transaction File	trn		format			
https://www.nationalarchives.gov.uk/PRONOM/fmt/456	Verity Collection Index Style Policy	plc		format			
https://www.nationalarchives.gov.uk/PRONOM/fmt/457	Verity Collection Document Dataset Descriptor Style Set	ddd		format			
https://www.nationalarchives.gov.uk/PRONOM/fmt/458	Verity Collection Document Index Descriptor Style Set	did		format			
https://www.nationalarchives.gov.uk/PRONOM/fmt/459	Verity Collection Word List Descriptor Style Set	wld		format			
https://www.nationalarchives.gov.uk/PRONOM/fmt/46	Rich Text Format			format			version 1.1
https://www.nationalarchives.gov.uk/PRONOM/fmt/460	Verity Collection Partition Definition Descriptor Style Set	pdd		format			
https://www.nationalarchives.gov.uk/PRONOM/fmt/461	Verity Collection Index Descriptor File	ddd | did | pdd | wld		format			
https://www.nationalarchives.gov.uk/PRONOM/fmt/462	MS-DOS Compression Format (SZDD Variant)			format			
https://www.nationalarchives.gov.uk/PRONOM/fmt/463	JPM (JPEG 2000 part 6)	jpm | image/jpm		format			
https://www.nationalarchives.gov.uk/PRONOM/fmt/464	CorelDraw Drawing	cdr		format			version 5.0
https://www.nationalarchives.gov.uk/PRONOM/fmt/465	CorelDraw Drawing	cdr		format			version 4.0
https://www.nationalarchives.gov.uk/PRONOM/fmt/466	CorelDraw Drawing	cdr		format			version 2.0
https://www.nationalarchives.gov.uk/PRONOM/fmt/467	CorelDraw Drawing	cdr		format			version 1.0
https://www.nationalarchives.gov.uk/PRONOM/fmt/468	ISO 9660 Disk Image File	bin | cdr | dmg | iso | toast		format			
https://www.nationalarchives.gov.uk/PRONOM/fmt/469	MS DOS Compression Format (KWAJ Variant)			format			
https://www.nationalarchives.gov.uk/PRONOM/fmt/47	Rich Text Format			format			version 1.2
https://www.nationalarchives.gov.uk/PRONOM/fmt/470	Asymetrix Toolbook File	sbk | tbk		format			version 1-5
https://www.nationalarchives.gov.uk/PRONOM/fmt/471	Hypertext Markup Language	htm | html | text/html		format			version 5
https://www.nationalarchives.gov.uk/PRONOM/fmt/472	Sony Digital Voice File/Sony Memory Stick Voice File	dvf | msv		format			
https://www.nationalarchives.gov.uk/PRONOM/fmt/473	Microsoft Office Owner File	doc | docx		format			
https://www.nationalarchives.gov.uk/PRONOM/fmt/474	Windows Help File	hlp		format			
https://www.nationalarchives.gov.uk/PRONOM/fmt/475	Microsoft Management Console Snap-in Control file	msc		format			
https://www.nationalarchives.gov.uk/PRONOM/fmt/476	Acrobat PDF/A - Portable Document Format	pdf | application/pdf		format			version 2a
https://www.nationalarchives.gov.uk/PRONOM/fmt/477	Acrobat PDF/A - Portable Document Format	pdf | application/pdf		format			version 2b
https://www.nationalarchives.gov.uk/PRONOM/fmt/478	Acrobat PDF/A - Portable Document Format	pdf | application/pdf		format			version 2u
https://www.nationalarchives.gov.uk/PRONOM/fmt/479	Acrobat PDF/A - Portable Document Format	pdf | application/pdf		format			version 3a
https://www.nationalarchives.gov.uk/PRONOM/fmt/48	Rich Text Format			format			version 1.3
https://www.nationalarchives.gov.uk/PRONOM/fmt/480	Acrobat PDF/A - Portable Document Format	pdf | application/pdf		format			version 3b
https://www.nationalarchives.gov.uk/PRONOM/fmt/481	Acrobat PDF/A - Portable Document Format	pdf | application/pdf		format			version 3u
https://www.nationalarchives.gov.uk/PRONOM/fmt/482	Apple iBook format	ibooks | application/x-ibooks+zip		format			
https://www.nationalarchives.gov.uk/PRONOM/fmt/483	ePub Format	epub | application/epub+zip		format			
https://www.nationalarchives.gov.uk/PRONOM/fmt/484	7Zip format	7z		format			
https://www.nationalarchives.gov.uk/PRONOM/fmt/485	Rocket Book eBook format	rb		format			
https://www.nationalarchives.gov.uk/PRONOM/fmt/486	Macromedia (Adobe) Director Compressed Resource file	dcr		format			
https://www.nationalarchives.gov.uk/PRONOM/fmt/487	Macro Enabled Microsoft Powerpoint	pptm | application/vnd.ms-powerpoint.presentation.macroEnabled.12		format			version 2007 Onwards
https://www.nationalarchives.gov.uk/PRONOM/fmt/488	Acrobat PDF/X - Portable Document Format - Exchange PDF/X-4	pdf | application/pdf		format			
https://www.nationalarchives.gov.uk/PRONOM/fmt/489	Acrobat PDF/X - Portable Document Format - Exchange PDF/X-4p	pdf | application/pdf		format			
https://www.nationalarchives.gov.uk/PRONOM/fmt/49	Rich Text Format			format			version 1.4
https://www.nationalarchives.gov.uk/PRONOM/fmt/490	Acrobat PDF/X - Portable Document Format - Exchange PDF/X-5g	pdf | application/pdf		format			
https://www.nationalarchives.gov.uk/PRONOM/fmt/491	Acrobat PDF/X - Portable Document Format - Exchange PDF/X-5pg	pdf | application/pdf		format			
https://www.nationalarchives.gov.uk/PRONOM/fmt/492	Acrobat PDF/X - Portable Document Format - Exchange PDF/X-5n	pdf | application/pdf		format			
https://www.nationalarchives.gov.uk/PRONOM/fmt/493	Acrobat PDF/E - Portable Document Format for Engineering PDF/E-1	pdf | application/pdf		format			
https://www.nationalarchives.gov.uk/PRONOM/fmt/494	Microsoft Office Encrypted Document	docx | pptx | xlsx		format			version 2007 Onwards
https://www.nationalarchives.gov.uk/PRONOM/fmt/495	ATCO-CIF	cif		format			
https://www.nationalarchives.gov.uk/PRONOM/fmt/496	TransXchange File Format	txc		format			
https://www.nationalarchives.gov.uk/PRONOM/fmt/497	Wireless Bitmap	wbmp | image/vnd-wap-wbmp		format			
https://www.nationalarchives.gov.uk/PRONOM/fmt/498	ActiveX License Package file	lpk		format			
https://www.nationalarchives.gov.uk/PRONOM/fmt/499	VivoActive	viv | video/vnd-vivo		format			
https://www.nationalarchives.gov.uk/PRONOM/fmt/5	Audio/Video Interleaved Format	avi | video/x-msvideo		format			
https://www.nationalarchives.gov.uk/PRONOM/fmt/50	Rich Text Format	rtf | application/rtf | text/rtf		format			version 1.5-1.6
https://www.nationalarchives.gov.uk/PRONOM/fmt/500	Internet Explorer for Mac cache file	waf		format			
https://www.nationalarchives.gov.uk/PRONOM/fmt/501	PostScript	ps | application/postscript		format			version 3.1
https://www.nationalarchives.gov.uk/PRONOM/fmt/502	Bentley V8 DGN	dgn		format			
https://www.nationalarchives.gov.uk/PRONOM/fmt/503	AppleDouble Resource Fork	multipart/appledouble		format			version 2
https://www.nationalarchives.gov.uk/PRONOM/fmt/504	Standard Flowgram Format	sff		format			
https://www.nationalarchives.gov.uk/PRONOM/fmt/505	Adobe Flash	swf | application/x-shockwave-flash		format			version 8
https://www.nationalarchives.gov.uk/PRONOM/fmt/506	Adobe Flash	swf | application/x-shockwave-flash		format			version 9
https://www.nationalarchives.gov.uk/PRONOM/fmt/507	Adobe Flash	swf | application/x-shockwave-flash		format			version 10
https://www.nationalarchives.gov.uk/PRONOM/fmt/508	Quarter Inch Cartridge Host Interchange Format	qic		format			
https://www.nationalarchives.gov.uk/PRONOM/fmt/509	Adobe PostScript Font Metrics file	pfm		format			
https://www.nationalarchives.gov.uk/PRONOM/fmt/51	Rich Text Format			format			version 1.6
https://www.nationalarchives.gov.uk/PRONOM/fmt/510	PowerProject Teamplan	pdb		format			
https://www.nationalarchives.gov.uk/PRONOM/fmt/511	PowerProject	pp		format			version 7
https://www.nationalarchives.gov.uk/PRONOM/fmt/512	PowerProject	pp		format			version 8
https://www.nationalarchives.gov.uk/PRONOM/fmt/513	PowerProject	pp		format			version 9
https://www.nationalarchives.gov.uk/PRONOM/fmt/514	PowerProject	pp		format			version 10
https://www.nationalarchives.gov.uk/PRONOM/fmt/515	PowerProject	pp		format			version 11
https://www.nationalarchives.gov.uk/PRONOM/fmt/516	PowerProject	pp		format			version 12.0.01
https://www.nationalarchives.gov.uk/PRONOM/fmt/517	PowerProject	pp		format			version 12.0.02+
https://www.nationalarchives.gov.uk/PRONOM/fmt/518	Broad Band eBook	lrf		format			version LRF
https://www.nationalarchives.gov.uk/PRONOM/fmt/519	Polynomial Texture Map	ptm		format			
https://www.nationalarchives.gov.uk/PRONOM/fmt/52	Rich Text Format	rtf | application/rtf | text/rtf		format			version 1.7
https://www.nationalarchives.gov.uk/PRONOM/fmt/520	OpenType Font File	otf | font/otf		format			
https://www.nationalarchives.gov.uk/PRONOM/fmt/521	Adobe Multiple Master Metrics font file	mmm		format			
https://www.nationalarchives.gov.uk/PRONOM/fmt/522	Open Project File	pod		format			
https://www.nationalarchives.gov.uk/PRONOM/fmt/523	Macro enabled Microsoft Word Document OOXML	docm | application/vnd.ms-word.document.macroEnabled.12		format			version 2007 Onwards
https://www.nationalarchives.gov.uk/PRONOM/fmt/524	Microsoft Office Theme	thmx | application/vnd.ms-officetheme		format			
https://www.nationalarchives.gov.uk/PRONOM/fmt/525	Adobe Printer Font Binary	pfb		format			
https://www.nationalarchives.gov.uk/PRONOM/fmt/526	Adobe Font List	lst		format			
https://www.nationalarchives.gov.uk/PRONOM/fmt/527	Broadcast WAVE	wav | audio/x-wav		format			version 2 Generic
https://www.nationalarchives.gov.uk/PRONOM/fmt/528	Multiple-image Network Graphics	mng | video/x-mng		format			
https://www.nationalarchives.gov.uk/PRONOM/fmt/529	JPEG Network Graphics	jng | image/x-jng		format			
https://www.nationalarchives.gov.uk/PRONOM/fmt/53	Rich Text Format	rtf | application/rtf | text/rtf		format			version 1.8
https://www.nationalarchives.gov.uk/PRONOM/fmt/530	eRuby HTML document	rhtm | rhtml		format			
https://www.nationalarchives.gov.uk/PRONOM/fmt/531	AutoCAD Drawing	dwg | image/vnd.dwg		format			version 2013/2014
https://www.nationalarchives.gov.uk/PRONOM/fmt/532	Drawing Interchange File Format (ASCII)	dxf | image/vnd.dxf		format			version 2013/2014/2015/2016/2017
https://www.nationalarchives.gov.uk/PRONOM/fmt/533	Adobe FrameMaker Document	fm | application/vnd.framemaker		format			version 2.0
https://www.nationalarchives.gov.uk/PRONOM/fmt/534	Adobe FrameMaker Document	fm | application/vnd.framemaker		format			version 3.0
https://www.nationalarchives.gov.uk/PRONOM/fmt/535	Adobe FrameMaker Document	fm | application/vnd.framemaker		format			version 4.0
https://www.nationalarchives.gov.uk/PRONOM/fmt/536	Adobe FrameMaker Document	fm | application/vnd.framemaker		format			version 5.5
https://www.nationalarchives.gov.uk/PRONOM/fmt/537	Adobe FrameMaker Document	fm | application/vnd.framemaker		format			version 6.0
https://www.nationalarchives.gov.uk/PRONOM/fmt/538	Adobe FrameMaker Document	fm | application/vnd.framemaker		format			version 7.0
https://www.nationalarchives.gov.uk/PRONOM/fmt/539	Adobe FrameMaker Document	fm | application/vnd.framemaker		format			version 9.0
https://www.nationalarchives.gov.uk/PRONOM/fmt/54	Drawing Interchange Binary Format	dxb		format			version 1.0
https://www.nationalarchives.gov.uk/PRONOM/fmt/540	Cinema 4D	c4d		format			version 5.x
https://www.nationalarchives.gov.uk/PRONOM/fmt/541	Digital Moving Picture Exchange Bitmap	dpx		format			version 2.0
https://www.nationalarchives.gov.uk/PRONOM/fmt/542	GEM Metafile Format	gem		format			version 1.01
https://www.nationalarchives.gov.uk/PRONOM/fmt/543	GEM Metafile Format	gem		format			version 3.10
https://www.nationalarchives.gov.uk/PRONOM/fmt/544	Macromedia FreeHand	fh7		format			version 7
https://www.nationalarchives.gov.uk/PRONOM/fmt/545	Macromedia FreeHand	fh8		format			version 8
https://www.nationalarchives.gov.uk/PRONOM/fmt/546	Macromedia FreeHand	fh9		format			version 9
https://www.nationalarchives.gov.uk/PRONOM/fmt/547	Macromedia FreeHand	fh10		format			version 10
https://www.nationalarchives.gov.uk/PRONOM/fmt/548	Adobe InDesign Document	ind | indd | indt		format			version CS2
https://www.nationalarchives.gov.uk/PRONOM/fmt/549	Adobe InDesign Document	ind | indd | indt		format			version CS3
https://www.nationalarchives.gov.uk/PRONOM/fmt/55	Microsoft Excel 2.x Worksheet (xls)	xls | application/vnd.ms-excel		format			version 2
https://www.nationalarchives.gov.uk/PRONOM/fmt/550	Adobe InDesign Document	ind | indd | indt		format			version CS4
https://www.nationalarchives.gov.uk/PRONOM/fmt/551	Adobe InDesign Document	ind | indd | indt		format			version CS5
https://www.nationalarchives.gov.uk/PRONOM/fmt/552	Adobe InDesign Document	ind | indd | indt		format			version CS6
https://www.nationalarchives.gov.uk/PRONOM/fmt/553	Microsoft Excel Chart	xlc | application/vnd.ms-excel		format			version 2.x
https://www.nationalarchives.gov.uk/PRONOM/fmt/554	Microsoft Excel Chart	xlc | application/vnd.ms-excel		format			version 3.0
https://www.nationalarchives.gov.uk/PRONOM/fmt/555	Microsoft Excel Macro	xlm | application/vnd.ms-excel		format			version 2.x
https://www.nationalarchives.gov.uk/PRONOM/fmt/556	Microsoft Excel Macro	xlm | application/vnd.ms-excel		format			version 3.0
https://www.nationalarchives.gov.uk/PRONOM/fmt/557	Adobe Illustrator	ai | eps | application/postscript		format			version 8.0
https://www.nationalarchives.gov.uk/PRONOM/fmt/558	Adobe Illustrator	ai | pdf | application/postscript		format			version 9.0
https://www.nationalarchives.gov.uk/PRONOM/fmt/559	Adobe Illustrator	ai | pdf | application/postscript		format			version 10.0
https://www.nationalarchives.gov.uk/PRONOM/fmt/56	Microsoft Excel 3.0 Worksheet (xls)	xls | application/vnd.ms-excel		format			version 3
https://www.nationalarchives.gov.uk/PRONOM/fmt/560	Adobe Illustrator	ai | pdf | application/postscript		format			version 11.0
https://www.nationalarchives.gov.uk/PRONOM/fmt/561	Adobe Illustrator	ai | pdf | application/postscript		format			version 12.0
https://www.nationalarchives.gov.uk/PRONOM/fmt/562	Adobe Illustrator	ai | pdf | application/postscript		format			version 13.0
https://www.nationalarchives.gov.uk/PRONOM/fmt/563	Adobe Illustrator	ai | pdf | application/postscript		format			version 14.0
https://www.nationalarchives.gov.uk/PRONOM/fmt/564	Adobe Illustrator	ai | pdf | application/postscript		format			version 15.0
https://www.nationalarchives.gov.uk/PRONOM/fmt/565	Adobe Illustrator	ai | pdf | application/postscript		format			version 16.0
https://www.nationalarchives.gov.uk/PRONOM/fmt/566	WebP	webp | image/webp		format			version Lossy
https://www.nationalarchives.gov.uk/PRONOM/fmt/567	WebP	webp | image/webp		format			version Lossless
https://www.nationalarchives.gov.uk/PRONOM/fmt/568	WebP	webp | image/webp		format			version Extended
https://www.nationalarchives.gov.uk/PRONOM/fmt/569	Matroska	mk3d | mka | mks | mkv		format			version 1-4
https://www.nationalarchives.gov.uk/PRONOM/fmt/57	Microsoft Excel 4.0 Worksheet (xls)	xls | application/vnd.ms-excel		format			version 4S
https://www.nationalarchives.gov.uk/PRONOM/fmt/570	Extensible Metadata Platform Packet	xmp		format			
https://www.nationalarchives.gov.uk/PRONOM/fmt/571	Domino XML Document Export	dxl		format			
https://www.nationalarchives.gov.uk/PRONOM/fmt/572	Domino XML Database Export	dxl		format			
https://www.nationalarchives.gov.uk/PRONOM/fmt/573	WebM	webm | video/webm		format			
https://www.nationalarchives.gov.uk/PRONOM/fmt/574	Digital Imaging and Communications in Medicine File Format	dcm | application/dicom		format			
https://www.nationalarchives.gov.uk/PRONOM/fmt/575	GraphPad Prism	pzm		format			version 1-3
https://www.nationalarchives.gov.uk/PRONOM/fmt/576	GraphPad Prism	pzf		format			version 4
https://www.nationalarchives.gov.uk/PRONOM/fmt/577	Image Cytometry Standard	ics		format			version 1
https://www.nationalarchives.gov.uk/PRONOM/fmt/578	Image Cytometry Standard	ics		format			version 2
https://www.nationalarchives.gov.uk/PRONOM/fmt/579	X3D	x3d		format			version 3.0
https://www.nationalarchives.gov.uk/PRONOM/fmt/58	Microsoft Excel 4.0 Workbook (xls)	xlw | application/vnd.ms-excel		format			version 4W
https://www.nationalarchives.gov.uk/PRONOM/fmt/580	X3D	x3d		format			version 3.1
https://www.nationalarchives.gov.uk/PRONOM/fmt/581	X3D	x3d		format			version 3.2
https://www.nationalarchives.gov.uk/PRONOM/fmt/582	X3D	x3d		format			version 3.3
https://www.nationalarchives.gov.uk/PRONOM/fmt/583	Vector Markup Language	htm | html | vml		format			
https://www.nationalarchives.gov.uk/PRONOM/fmt/584	Windows Media Metafile	asx | wax | wmx | wvx		format			
https://www.nationalarchives.gov.uk/PRONOM/fmt/585	MPEG-2 Transport Stream	m2t | m2ts | ts		format			
https://www.nationalarchives.gov.uk/PRONOM/fmt/586	LifeTechnologies SDS	sds		format			
https://www.nationalarchives.gov.uk/PRONOM/fmt/587	LifeTechnologies ABIF	abif		format			
https://www.nationalarchives.gov.uk/PRONOM/fmt/588	Redcode RAW (R3D) Media File	r3d		format			version 1
https://www.nationalarchives.gov.uk/PRONOM/fmt/589	Windows Media Playlist	wpl | application/vnd.ms-wpl		format			
https://www.nationalarchives.gov.uk/PRONOM/fmt/59	Microsoft Excel 5.0/95 Workbook (xls)	xls | xlw | application/vnd.ms-excel		format			version 5/95
https://www.nationalarchives.gov.uk/PRONOM/fmt/590	JPEG Extended Range	jxr | wdp | image/jxr		format			
https://www.nationalarchives.gov.uk/PRONOM/fmt/591	Radiance RGBE Image Format	hdr | pic | rgbe | xyze | image/vnd.radiance		format			
https://www.nationalarchives.gov.uk/PRONOM/fmt/592	Canon RAW	cr2		format			version 2.0
https://www.nationalarchives.gov.uk/PRONOM/fmt/593	Canon RAW	crw		format			version 1.0
https://www.nationalarchives.gov.uk/PRONOM/fmt/594	Microsoft PhotoDraw	mix | image/vnd.mix		format			version 1.0
https://www.nationalarchives.gov.uk/PRONOM/fmt/595	Microsoft Excel Non-XML Binary Workbook	xlsb | application/vnd.ms-excel.sheet.binary.macroEnabled.12		format			version 2007 onwards
https://www.nationalarchives.gov.uk/PRONOM/fmt/596	Apple Lossless Audio Codec	m4a | mp4		format			
https://www.nationalarchives.gov.uk/PRONOM/fmt/597	Microsoft Word Template	dotx | application/vnd.openxmlformats-officedocument.wordprocessingml.template		format			version 2007 onwards
https://www.nationalarchives.gov.uk/PRONOM/fmt/598	Microsoft Excel Template	xltx | application/vnd.openxmlformats-officedocument.spreadsheetml.template		format			version 2007 onwards
https://www.nationalarchives.gov.uk/PRONOM/fmt/599	Microsoft Word Macro-Enabled Document Template	dotm | application/vnd.ms-word.template.macroEnabled.12		format			version 2007 onwards
https://www.nationalarchives.gov.uk/PRONOM/fmt/6	Waveform Audio	wav | audio/x-wav		format			
https://www.nationalarchives.gov.uk/PRONOM/fmt/60	Excel 95 Workbook (xls)			format			version 7
https://www.nationalarchives.gov.uk/PRONOM/fmt/600	eXtensible ARchive format	xar		format			
https://www.nationalarchives.gov.uk/PRONOM/fmt/601	Statistical Analysis System Catalogue XPT (Windows)	xpt		format			version 9.1
https://www.nationalarchives.gov.uk/PRONOM/fmt/602	Statistical Analysis System Catalogue XPT (Unix)	xpt		format			version 9.1
https://www.nationalarchives.gov.uk/PRONOM/fmt/603	Statistical Analysis System Data XPT (Windows)	xpt		format			version 9.1
https://www.nationalarchives.gov.uk/PRONOM/fmt/604	Statistical Analysis System Data XPT (Unix)	xpt		format			version 9.1
https://www.nationalarchives.gov.uk/PRONOM/fmt/605	Statistical Analysis System Catalog (Windows)	sas7bcat | sc7		format			version 9.1
https://www.nationalarchives.gov.uk/PRONOM/fmt/606	Statistical Analysis System Catalog (Unix)	sas7bcat | sc7		format			version 9.1
https://www.nationalarchives.gov.uk/PRONOM/fmt/607	Statistical Analysis System Data (Windows)	sas7bdat | sd7		format			version 9.1
https://www.nationalarchives.gov.uk/PRONOM/fmt/608	Statistical Analysis System Data (Unix)	sas7bdat | sd7		format			version 9.1
https://www.nationalarchives.gov.uk/PRONOM/fmt/609	Microsoft Word (Generic)	doc | application/msword		format			version 6.0-2003
https://www.nationalarchives.gov.uk/PRONOM/fmt/61	Microsoft Excel 97-2003 Workbook (xls)	xls | xlw | application/vnd.ms-excel		format			version 8 & 8X
https://www.nationalarchives.gov.uk/PRONOM/fmt/610	ARJ File Format	arj		format			
https://www.nationalarchives.gov.uk/PRONOM/fmt/611	LDAP Data Interchange Format	ldif		format			
https://www.nationalarchives.gov.uk/PRONOM/fmt/612	Mork	dat | mab | msf		format			
https://www.nationalarchives.gov.uk/PRONOM/fmt/613	RAR Archive	rar | application/vnd.rar		format			version 5.0
https://www.nationalarchives.gov.uk/PRONOM/fmt/614	Windows Imaging Format	swm | wim		format			
https://www.nationalarchives.gov.uk/PRONOM/fmt/615	Gimp Image File Format	xcf		format			
https://www.nationalarchives.gov.uk/PRONOM/fmt/616	Web Open Font Format	woff | font/woff		format			version 1.0
https://www.nationalarchives.gov.uk/PRONOM/fmt/617	GeoGebra	ggb | application/vnd.geogebra.file		format			version 2
https://www.nationalarchives.gov.uk/PRONOM/fmt/618	GeoGebra	geo | application/vnd.geogebra.file		format			version 1.0
https://www.nationalarchives.gov.uk/PRONOM/fmt/619	GeoGebra	ggb | application/vnd.geogebra.file		format			version 1.x
https://www.nationalarchives.gov.uk/PRONOM/fmt/62	Microsoft Excel 2000-2003 Workbook (xls)			format			version 8X
https://www.nationalarchives.gov.uk/PRONOM/fmt/620	GeoGebra	ggb | application/vnd.geogebra.file		format			version 3
https://www.nationalarchives.gov.uk/PRONOM/fmt/621	GeoGebra	ggb | application/vnd.geogebra.file		format			version 4
https://www.nationalarchives.gov.uk/PRONOM/fmt/622	GeoGebra	ggb | application/vnd.geogebra.file		format			version 5
https://www.nationalarchives.gov.uk/PRONOM/fmt/623	SmartDraw	sdr		format			
https://www.nationalarchives.gov.uk/PRONOM/fmt/624	RIFF Palette Format	pal		format			
https://www.nationalarchives.gov.uk/PRONOM/fmt/625	Apple Disk Copy Image	dmg | image | img | smi		format			version 4.2
https://www.nationalarchives.gov.uk/PRONOM/fmt/626	LHA File Format	lha | lzh		format			
https://www.nationalarchives.gov.uk/PRONOM/fmt/627	Microsoft Excel Macro-Enabled Template	xltm | application/vnd.ms-excel.template.macroEnabled.12		format			version 2007
https://www.nationalarchives.gov.uk/PRONOM/fmt/628	Microsoft Excel Macro-Enabled Add-In	xlam | application/vnd.ms-excel.addin.macroEnabled.12		format			version 2007
https://www.nationalarchives.gov.uk/PRONOM/fmt/629	Microsoft PowerPoint Show	ppsx | application/vnd.openxmlformats-officedocument.presentationml.slideshow		format			version 2007
https://www.nationalarchives.gov.uk/PRONOM/fmt/63	Drawing Interchange File Format (ASCII)	dxf | image/vnd.dxf		format			version Generic
https://www.nationalarchives.gov.uk/PRONOM/fmt/630	Microsoft PowerPoint Macro-Enabled Show	ppsm | application/vnd.ms-powerpoint.slideshow.macroEnabled.12		format			version 2007
https://www.nationalarchives.gov.uk/PRONOM/fmt/631	Microsoft PowerPoint Template	potx | application/vnd.openxmlformats-officedocument.presentationml.template		format			version 2007
https://www.nationalarchives.gov.uk/PRONOM/fmt/632	Microsoft PowerPoint Macro-Enabled Template	potm | application/vnd.ms-powerpoint.template.macroEnabled.12		format			version 2007
https://www.nationalarchives.gov.uk/PRONOM/fmt/633	Microsoft PowerPoint Macro-Enabled Add-In	ppam | application/vnd.ms-powerpoint.addin.macroEnabled.12		format			version 2007
https://www.nationalarchives.gov.uk/PRONOM/fmt/634	Microsoft Compiled HTML Help	chm | chw | application/vnd.ms-htmlhelp		format			
https://www.nationalarchives.gov.uk/PRONOM/fmt/635	CPIO	cpio		format			
https://www.nationalarchives.gov.uk/PRONOM/fmt/636	Microsoft PowerPoint Macro-Enabled Slide	sldm | application/vnd.ms-powerpoint.slide.macroEnabled.12		format			version 2007
https://www.nationalarchives.gov.uk/PRONOM/fmt/637	Microsoft OneNote	one | application/msonenote		format			
https://www.nationalarchives.gov.uk/PRONOM/fmt/638	SPSS Data File	sav		format			
https://www.nationalarchives.gov.uk/PRONOM/fmt/639	Stuffit Archive File	sit | application/x-stuffit		format			version 5
https://www.nationalarchives.gov.uk/PRONOM/fmt/64	Drawing Interchange File Format (ASCII)	dxf | image/vnd.dxf		format			version 1.0
https://www.nationalarchives.gov.uk/PRONOM/fmt/640	MPEG-2 Elementary Stream	m2v | mpeg | mpg		format			
https://www.nationalarchives.gov.uk/PRONOM/fmt/641	Epson Raw Image Format	erf		format			
https://www.nationalarchives.gov.uk/PRONOM/fmt/642	Fujifilm RAW Image Format	raf		format			
https://www.nationalarchives.gov.uk/PRONOM/fmt/643	ASTM E57 3D File Format	e57 | model/e57		format			
https://www.nationalarchives.gov.uk/PRONOM/fmt/644	Nullsoft Scriptable Install System	nsi		format			
https://www.nationalarchives.gov.uk/PRONOM/fmt/645	Exchangeable Image File Format (Compressed)	jpeg | jpg | image/jpeg		format			version 2.21
https://www.nationalarchives.gov.uk/PRONOM/fmt/646	Apple iWork Keynote	key		format			version 09
https://www.nationalarchives.gov.uk/PRONOM/fmt/647	Microsoft Expression Media	ivc		format			version 2
https://www.nationalarchives.gov.uk/PRONOM/fmt/648	Media View Pro	mpcatalog		format			
https://www.nationalarchives.gov.uk/PRONOM/fmt/649	MPEG-1 Elementary Stream	m1v | mpeg | mpg		format			
https://www.nationalarchives.gov.uk/PRONOM/fmt/65	Drawing Interchange File Format (ASCII)	dxf | image/vnd.dxf		format			version 1.2
https://www.nationalarchives.gov.uk/PRONOM/fmt/650	QuarkXPress Report File	qxp report | qxp%20report | xtg | application/vnd.Quark.QuarkXPress		format			
https://www.nationalarchives.gov.uk/PRONOM/fmt/651	QuarkXPress Project	qpt | qwd | qxp | application/vnd.Quark.QuarkXPress		format			version 10
https://www.nationalarchives.gov.uk/PRONOM/fmt/652	QuarkXPress Project	qpt | qwd | qxp | application/vnd.Quark.QuarkXPress		format			version 6
https://www.nationalarchives.gov.uk/PRONOM/fmt/653	INTERLIS Transfer File	xtf		format			version 2.3
https://www.nationalarchives.gov.uk/PRONOM/fmt/654	INTERLIS Model File	ili		format			version 2.3
https://www.nationalarchives.gov.uk/PRONOM/fmt/655	KryoFlux	raw		format			version 2
https://www.nationalarchives.gov.uk/PRONOM/fmt/656	KryoFlux	raw		format			version 2.2
https://www.nationalarchives.gov.uk/PRONOM/fmt/657	Open XML Paper Specification	oxps | xps | application/oxps		format			
https://www.nationalarchives.gov.uk/PRONOM/fmt/658	Cypher Query Language	cql		format			
https://www.nationalarchives.gov.uk/PRONOM/fmt/659	Industry Foundation Classes	ifc		format			version 2x2
https://www.nationalarchives.gov.uk/PRONOM/fmt/66	Drawing Interchange File Format (ASCII)	dxf | image/vnd.dxf		format			version 1.3
https://www.nationalarchives.gov.uk/PRONOM/fmt/660	Adobe Type 1 Mac Font File			format			
https://www.nationalarchives.gov.uk/PRONOM/fmt/661	Sigma RAW Image	x3f		format			
https://www.nationalarchives.gov.uk/PRONOM/fmt/662	Panasonic Raw	rw2		format			
https://www.nationalarchives.gov.uk/PRONOM/fmt/663	Industry Foundation Classes XML	ifcXML		format			
https://www.nationalarchives.gov.uk/PRONOM/fmt/664	Gerber Format	gbr | application/vnd.gerber		format			
https://www.nationalarchives.gov.uk/PRONOM/fmt/665	Chasys Draw image file	cd5		format			
https://www.nationalarchives.gov.uk/PRONOM/fmt/666	ART image format	art		format			
https://www.nationalarchives.gov.uk/PRONOM/fmt/667	Photoshop Curve File	acv | atf		format			
https://www.nationalarchives.gov.uk/PRONOM/fmt/668	Olympus RAW	orf		format			
https://www.nationalarchives.gov.uk/PRONOM/fmt/669	Minolta RAW	mrw		format			
https://www.nationalarchives.gov.uk/PRONOM/fmt/67	Drawing Interchange File Format (ASCII)	dxf | image/vnd.dxf		format			version 1.4
https://www.nationalarchives.gov.uk/PRONOM/fmt/670	PKCS #7 Cryptographic Message File	p7b | p7m | p7s | application/pkcs7-mime | application/pkcs7-signature		format			
https://www.nationalarchives.gov.uk/PRONOM/fmt/671	Serif PagePlus Publication	ppp		format			version Generic
https://www.nationalarchives.gov.uk/PRONOM/fmt/672	Serif PagePlus Publication	ppp		format			version 4
https://www.nationalarchives.gov.uk/PRONOM/fmt/673	Serif PagePlus Publication	ppp		format			version 5
https://www.nationalarchives.gov.uk/PRONOM/fmt/674	Serif PagePlus Publication	ppp		format			version 6
https://www.nationalarchives.gov.uk/PRONOM/fmt/675	Serif PagePlus Publication	ppp		format			version 7
https://www.nationalarchives.gov.uk/PRONOM/fmt/676	Serif PagePlus Publication	ppp		format			version 8
https://www.nationalarchives.gov.uk/PRONOM/fmt/677	Serif PagePlus Publication	ppp		format			version 9
https://www.nationalarchives.gov.uk/PRONOM/fmt/678	Serif PagePlus Publication	ppp		format			version 10
https://www.nationalarchives.gov.uk/PRONOM/fmt/679	Serif PagePlus Publication	ppp		format			version 11
https://www.nationalarchives.gov.uk/PRONOM/fmt/68	Drawing Interchange File Format (ASCII)	dxf | image/vnd.dxf		format			version 2.0
https://www.nationalarchives.gov.uk/PRONOM/fmt/680	Serif PagePlus Publication	ppp		format			version 12
https://www.nationalarchives.gov.uk/PRONOM/fmt/681	Serif PagePlus Publication	ppp		format			version Home Office
https://www.nationalarchives.gov.uk/PRONOM/fmt/682	Thumbs DB file	db | application/vnd.microsoft.windows.thumbnail-cache		format			version XP
https://www.nationalarchives.gov.uk/PRONOM/fmt/683	Advanced Function Presentation	afp		format			
https://www.nationalarchives.gov.uk/PRONOM/fmt/684	Vectorworks	vwx | application/vnd.vectorworks		format			version 2015
https://www.nationalarchives.gov.uk/PRONOM/fmt/685	QuarkXPress Project	qpt | qwd | qxp | application/vnd.Quark.QuarkXPress		format			version 9
https://www.nationalarchives.gov.uk/PRONOM/fmt/686	Vectorworks	vwx | application/vnd.vectorworks		format			version 2010
https://www.nationalarchives.gov.uk/PRONOM/fmt/687	Better Portable Graphics	bpg		format			
https://www.nationalarchives.gov.uk/PRONOM/fmt/688	Executable and Linkable Format	elf | o		format			version 32bit Little Endian
https://www.nationalarchives.gov.uk/PRONOM/fmt/689	Executable and Linkable Format	elf | o		format			version 32bit Big Endian
https://www.nationalarchives.gov.uk/PRONOM/fmt/69	Drawing Interchange File Format (ASCII)	dxf | image/vnd.dxf		format			version 2.1
https://www.nationalarchives.gov.uk/PRONOM/fmt/690	Executable and Linkable Format	elf | o		format			version 64bit Little Endian
https://www.nationalarchives.gov.uk/PRONOM/fmt/691	Executable and Linkable Format	elf | o		format			version 64bit Big Endian
https://www.nationalarchives.gov.uk/PRONOM/fmt/692	Mach-O			format			version 32bit
https://www.nationalarchives.gov.uk/PRONOM/fmt/693	Mach-O			format			version 64bit
https://www.nationalarchives.gov.uk/PRONOM/fmt/694	Dalvik Executable Format	dex		format			
https://www.nationalarchives.gov.uk/PRONOM/fmt/695	Optimised Dalvik Executable Format	odex		format			
https://www.nationalarchives.gov.uk/PRONOM/fmt/696	Sibelius	sib		format			
https://www.nationalarchives.gov.uk/PRONOM/fmt/697	Additive Manufacturing File Format	amf		format			
https://www.nationalarchives.gov.uk/PRONOM/fmt/698	Standard for the Exchange of Product model data	p21 | step | stp		format			
https://www.nationalarchives.gov.uk/PRONOM/fmt/699	Industry Foundation Classes	ifc		format			version 2x3
https://www.nationalarchives.gov.uk/PRONOM/fmt/7	Tagged Image File Format			format			version 3
https://www.nationalarchives.gov.uk/PRONOM/fmt/70	Drawing Interchange File Format (ASCII)	dxf | image/vnd.dxf		format			version 2.2
https://www.nationalarchives.gov.uk/PRONOM/fmt/700	Industry Foundation Classes	ifc		format			version 4
https://www.nationalarchives.gov.uk/PRONOM/fmt/701	Processing Development Environment	pde		format			
https://www.nationalarchives.gov.uk/PRONOM/fmt/702	Universal 3D File Format	u3d		format			
https://www.nationalarchives.gov.uk/PRONOM/fmt/703	Broadcast WAVE	wav | audio/x-wav		format			version 0 PCM Encoding
https://www.nationalarchives.gov.uk/PRONOM/fmt/704	Broadcast WAVE	wav | audio/x-wav		format			version 1 PCM Encoding
https://www.nationalarchives.gov.uk/PRONOM/fmt/705	Broadcast WAVE	wav | audio/x-wav		format			version 2 PCM Encoding
https://www.nationalarchives.gov.uk/PRONOM/fmt/706	Broadcast WAVE	wav | audio/x-wav		format			version 0 MPEG Encoding
https://www.nationalarchives.gov.uk/PRONOM/fmt/707	Broadcast WAVE	wav | audio/x-wav		format			version 1 MPEG Encoding
https://www.nationalarchives.gov.uk/PRONOM/fmt/708	Broadcast WAVE	wav | audio/x-wav		format			version 2 MPEG Encoding
https://www.nationalarchives.gov.uk/PRONOM/fmt/709	Broadcast WAVE	rf64 | wav | audio/x-wav		format			version 0 WAVEFORMATEXTENSIBLE Encoding
https://www.nationalarchives.gov.uk/PRONOM/fmt/71	Drawing Interchange File Format (ASCII)	dxf | image/vnd.dxf		format			version 2.5
https://www.nationalarchives.gov.uk/PRONOM/fmt/710	Broadcast WAVE	rf64 | wav | audio/x-wav		format			version 1 WAVEFORMATEXTENSIBLE Encoding
https://www.nationalarchives.gov.uk/PRONOM/fmt/711	Broadcast WAVE	wav | audio/x-wav		format			version 2 WAVEFORMATEXTENSIBLE Encoding
https://www.nationalarchives.gov.uk/PRONOM/fmt/712	RF64	rf64 | wav		format			
https://www.nationalarchives.gov.uk/PRONOM/fmt/713	RF64 Multichannel Broadcast Wave format	rf64 | wav		format			
https://www.nationalarchives.gov.uk/PRONOM/fmt/714	Extensible Music Format	mxmf | xmf		format			
https://www.nationalarchives.gov.uk/PRONOM/fmt/715	Impulse Tracker Module	it		format			
https://www.nationalarchives.gov.uk/PRONOM/fmt/716	MOD Audio Module	mod		format			
https://www.nationalarchives.gov.uk/PRONOM/fmt/717	Scream Tracker Module	stm		format			version 1-2
https://www.nationalarchives.gov.uk/PRONOM/fmt/718	Scream Tracker Module	s3m		format			version 3
https://www.nationalarchives.gov.uk/PRONOM/fmt/719	MultiTracker Module	mtm		format			
https://www.nationalarchives.gov.uk/PRONOM/fmt/72	Drawing Interchange File Format (ASCII)	dxf | image/vnd.dxf		format			version 2.6
https://www.nationalarchives.gov.uk/PRONOM/fmt/720	MBOX	mbox | application/mbox		format			
https://www.nationalarchives.gov.uk/PRONOM/fmt/721	VLW Font File	vlw		format			
https://www.nationalarchives.gov.uk/PRONOM/fmt/722	Oktalyzer Audio file	okt		format			
https://www.nationalarchives.gov.uk/PRONOM/fmt/723	Farandole Composer Module	far		format			
https://www.nationalarchives.gov.uk/PRONOM/fmt/724	Keyhole Markup Language (Container)	kmz | application/vnd.google-earth.kmz		format			
https://www.nationalarchives.gov.uk/PRONOM/fmt/725	Microsoft Project	mpp | application/vnd.ms-project		format			version 2010
https://www.nationalarchives.gov.uk/PRONOM/fmt/726	Virtual Disk Image	vdi		format			
https://www.nationalarchives.gov.uk/PRONOM/fmt/727	Cartesian Perceptual Compression image format	cpc | cpi		format			
https://www.nationalarchives.gov.uk/PRONOM/fmt/728	RealLegal E-Transcript	ptx		format			
https://www.nationalarchives.gov.uk/PRONOM/fmt/729	SQLite Database File Format	db | db3 | sqlite | sqlite3 | application/x-sqlite3		format			version 3
https://www.nationalarchives.gov.uk/PRONOM/fmt/73	Drawing Interchange File Format (ASCII)	dxf | image/vnd.dxf		format			version R9
https://www.nationalarchives.gov.uk/PRONOM/fmt/730	Digital Negative Format (DNG)	dng | image/dng | image/tiff		format			version 1.4
https://www.nationalarchives.gov.uk/PRONOM/fmt/731	Bink Video Format	bik		format			version 1
https://www.nationalarchives.gov.uk/PRONOM/fmt/732	Bink Video Format	bik2 | bk2 | video/vnd.radgamettools.bink		format			version 2
https://www.nationalarchives.gov.uk/PRONOM/fmt/733	FL Studio project file (FLP)	flp		format			
https://www.nationalarchives.gov.uk/PRONOM/fmt/734	SuperScape Virtual Reality Format	svr		format			
https://www.nationalarchives.gov.uk/PRONOM/fmt/735	Dolby Digital AC-3	ac3 | audio/ac3		format			
https://www.nationalarchives.gov.uk/PRONOM/fmt/736	ClarisWorks	cwk		format			version 1 (generic)
https://www.nationalarchives.gov.uk/PRONOM/fmt/737	ClarisWorks	cwk		format			version 2-3 (generic)
https://www.nationalarchives.gov.uk/PRONOM/fmt/738	ClarisWorks Drawing	cwk		format			version 4
https://www.nationalarchives.gov.uk/PRONOM/fmt/739	ClarisWorks Word Processor	cwk		format			version 4
https://www.nationalarchives.gov.uk/PRONOM/fmt/74	Drawing Interchange File Format (ASCII)	dxf | image/vnd.dxf		format			version R10
https://www.nationalarchives.gov.uk/PRONOM/fmt/740	ClarisWorks Spreadsheet	cwk		format			version 4
https://www.nationalarchives.gov.uk/PRONOM/fmt/741	ClarisWorks Database	cwk		format			version 4
https://www.nationalarchives.gov.uk/PRONOM/fmt/742	ClarisWorks Painting	cwk		format			version 4
https://www.nationalarchives.gov.uk/PRONOM/fmt/743	ClarisWorks/AppleWorks Drawing	cwk		format			version 5
https://www.nationalarchives.gov.uk/PRONOM/fmt/744	ClarisWorks/AppleWorks Word Processor	cwk		format			version 5
https://www.nationalarchives.gov.uk/PRONOM/fmt/745	ClarisWorks/AppleWorks Spreadsheet	cwk		format			version 5
https://www.nationalarchives.gov.uk/PRONOM/fmt/746	ClarisWorks/AppleWorks Database	cwk		format			version 5
https://www.nationalarchives.gov.uk/PRONOM/fmt/747	ClarisWorks/AppleWorks Painting	cwk		format			version 5
https://www.nationalarchives.gov.uk/PRONOM/fmt/748	AppleWorks Drawing	cwk		format			version 6
https://www.nationalarchives.gov.uk/PRONOM/fmt/749	AppleWorks Word Processor	cwk		format			version 6
https://www.nationalarchives.gov.uk/PRONOM/fmt/75	Drawing Interchange File Format (ASCII)	dxf | image/vnd.dxf		format			version R11/12
https://www.nationalarchives.gov.uk/PRONOM/fmt/750	AppleWorks Spreadsheet	cwk		format			version 6
https://www.nationalarchives.gov.uk/PRONOM/fmt/751	AppleWorks Database	cwk		format			version 6
https://www.nationalarchives.gov.uk/PRONOM/fmt/752	AppleWorks Painting	cwk		format			version 6
https://www.nationalarchives.gov.uk/PRONOM/fmt/753	AppleWorks Presentation	cwk		format			version 6
https://www.nationalarchives.gov.uk/PRONOM/fmt/754	Microsoft Word Document (Password Protected)	doc | wbk | application/msword		format			version 97-2003
https://www.nationalarchives.gov.uk/PRONOM/fmt/755	Microsoft Word Document Template (Password Protected)	dot | application/msword		format			version 97-2003
https://www.nationalarchives.gov.uk/PRONOM/fmt/756	Zope Export File	zexp		format			
https://www.nationalarchives.gov.uk/PRONOM/fmt/757	Adobe Flash	swf | application/x-shockwave-flash		format			version 11
https://www.nationalarchives.gov.uk/PRONOM/fmt/758	Adobe Flash	swf | application/x-shockwave-flash		format			version 12
https://www.nationalarchives.gov.uk/PRONOM/fmt/759	Adobe Flash	swf | application/x-shockwave-flash		format			version 13
https://www.nationalarchives.gov.uk/PRONOM/fmt/76	Drawing Interchange File Format (ASCII)	dxf | image/vnd.dxf		format			version R13
https://www.nationalarchives.gov.uk/PRONOM/fmt/760	Adobe Flash	swf | application/x-shockwave-flash		format			version 14
https://www.nationalarchives.gov.uk/PRONOM/fmt/761	Adobe Flash	swf | application/x-shockwave-flash		format			version 15
https://www.nationalarchives.gov.uk/PRONOM/fmt/762	Adobe Flash	swf | application/x-shockwave-flash		format			version 16
https://www.nationalarchives.gov.uk/PRONOM/fmt/763	Adobe Flash	swf | application/x-shockwave-flash		format			version 17
https://www.nationalarchives.gov.uk/PRONOM/fmt/764	Adobe Flash	swf | application/x-shockwave-flash		format			version 18
https://www.nationalarchives.gov.uk/PRONOM/fmt/765	Adobe Flash	swf | application/x-shockwave-flash		format			version 19
https://www.nationalarchives.gov.uk/PRONOM/fmt/766	Adobe Flash	swf | application/x-shockwave-flash		format			version 20
https://www.nationalarchives.gov.uk/PRONOM/fmt/767	Adobe Flash	swf | application/x-shockwave-flash		format			version 21
https://www.nationalarchives.gov.uk/PRONOM/fmt/768	Adobe Flash	swf | application/x-shockwave-flash		format			version 22
https://www.nationalarchives.gov.uk/PRONOM/fmt/769	Adobe Flash	swf | application/x-shockwave-flash		format			version 23
https://www.nationalarchives.gov.uk/PRONOM/fmt/77	Drawing Interchange File Format (ASCII)	dxf | image/vnd.dxf		format			version R14
https://www.nationalarchives.gov.uk/PRONOM/fmt/770	Adobe Flash	swf | application/x-shockwave-flash		format			version 24
https://www.nationalarchives.gov.uk/PRONOM/fmt/771	Adobe Flash	swf | application/x-shockwave-flash		format			version 25
https://www.nationalarchives.gov.uk/PRONOM/fmt/772	Adobe Flash	swf | application/x-shockwave-flash		format			version 26
https://www.nationalarchives.gov.uk/PRONOM/fmt/773	Adobe Flash	swf | application/x-shockwave-flash		format			version 27
https://www.nationalarchives.gov.uk/PRONOM/fmt/774	Adobe Flash	swf | application/x-shockwave-flash		format			version 28
https://www.nationalarchives.gov.uk/PRONOM/fmt/775	Adobe Flash	swf | application/x-shockwave-flash		format			version 29
https://www.nationalarchives.gov.uk/PRONOM/fmt/776	Adobe Flash	swf | application/x-shockwave-flash		format			version 30
https://www.nationalarchives.gov.uk/PRONOM/fmt/777	Microsoft Network Monitor Packet Capture	cap		format			version 1
https://www.nationalarchives.gov.uk/PRONOM/fmt/778	Microsoft Network Monitor Packet Capture	cap		format			version 2
https://www.nationalarchives.gov.uk/PRONOM/fmt/779	pcap Packet Capture	cap | dmp | pcap | application/vnd.tcpdump.pcap		format			
https://www.nationalarchives.gov.uk/PRONOM/fmt/78	Drawing Interchange File Format (ASCII)	dxf | image/vnd.dxf		format			version 2000-2002
https://www.nationalarchives.gov.uk/PRONOM/fmt/780	pcap Next Generation Packet Capture	pcapng | application/vnd.tcpdump.pcap		format			
https://www.nationalarchives.gov.uk/PRONOM/fmt/781	Snoop Packet Capture	snoop		format			
https://www.nationalarchives.gov.uk/PRONOM/fmt/782	PowerVR Object Data	pod		format			
https://www.nationalarchives.gov.uk/PRONOM/fmt/783	Material Exchange Format	mxf | application/mxf		format			version Operational Pattern 1b
https://www.nationalarchives.gov.uk/PRONOM/fmt/784	Material Exchange Format	mxf | application/mxf		format			version Operational Pattern 1c
https://www.nationalarchives.gov.uk/PRONOM/fmt/785	Material Exchange Format	mxf | application/mxf		format			version Operational Pattern 2a
https://www.nationalarchives.gov.uk/PRONOM/fmt/786	Material Exchange Format	mxf | application/mxf		format			version Operational Pattern 2b
https://www.nationalarchives.gov.uk/PRONOM/fmt/787	Material Exchange Format	mxf | application/mxf		format			version Operational Pattern 2c
https://www.nationalarchives.gov.uk/PRONOM/fmt/788	Material Exchange Format	mxf | application/mxf		format			version Operational Pattern 3a
https://www.nationalarchives.gov.uk/PRONOM/fmt/789	Material Exchange Format	mxf | application/mxf		format			version Operational Pattern 3b
https://www.nationalarchives.gov.uk/PRONOM/fmt/79	Drawing Interchange File Format (ASCII)	dxf | image/vnd.dxf		format			version 2004/2005/2006
https://www.nationalarchives.gov.uk/PRONOM/fmt/790	Material Exchange Format	mxf | application/mxf		format			version Operational Pattern 3c
https://www.nationalarchives.gov.uk/PRONOM/fmt/791	Material Exchange Format	mxf | application/mxf		format			version Operational Pattern OP-ATOM
https://www.nationalarchives.gov.uk/PRONOM/fmt/792	Unified Emulator Format	hq.uef | uef		format			
https://www.nationalarchives.gov.uk/PRONOM/fmt/793	RPM Package Manager file	rpm | src.rpm		format			version 1
https://www.nationalarchives.gov.uk/PRONOM/fmt/794	RPM Package Manager file	rpm | src.rpm		format			version 2
https://www.nationalarchives.gov.uk/PRONOM/fmt/795	RPM Package Manager file	rpm | src.rpm		format			version 3
https://www.nationalarchives.gov.uk/PRONOM/fmt/796	Adobe After Effects	aep		format			
https://www.nationalarchives.gov.uk/PRONOM/fmt/797	Apple ProRes	mov		format			
https://www.nationalarchives.gov.uk/PRONOM/fmt/798	The Neuroimaging Informatics Technology Initiative File Format	nii		format			version 1
https://www.nationalarchives.gov.uk/PRONOM/fmt/799	WriteNow			format			
https://www.nationalarchives.gov.uk/PRONOM/fmt/8	Tagged Image File Format			format			version 4
https://www.nationalarchives.gov.uk/PRONOM/fmt/80	Drawing Interchange File Format (Binary)	dxf | image/vnd.dxf		format			version R10
https://www.nationalarchives.gov.uk/PRONOM/fmt/800	CSV Schema	csvs | text/csv-schema		format			
https://www.nationalarchives.gov.uk/PRONOM/fmt/801	TAP (ZX Spectrum)	tap		format			
https://www.nationalarchives.gov.uk/PRONOM/fmt/802	TAP (Commodore 64)	tap		format			
https://www.nationalarchives.gov.uk/PRONOM/fmt/803	Encase Image File/Expert Witness Compression File	e01 | application/encase		format			
https://www.nationalarchives.gov.uk/PRONOM/fmt/804	Logical File Evidence Format	l01		format			
https://www.nationalarchives.gov.uk/PRONOM/fmt/805	XAML Binary Format	xbf		format			
https://www.nationalarchives.gov.uk/PRONOM/fmt/806	MATLAB Mat File	fig | mat		format			version Level 5
https://www.nationalarchives.gov.uk/PRONOM/fmt/807	HDF5	h5 | hdf | hdf5 | nc		format			version 0
https://www.nationalarchives.gov.uk/PRONOM/fmt/808	StarOffice Calc	sdc		format			version 3.x
https://www.nationalarchives.gov.uk/PRONOM/fmt/809	StarOffice Calc	sdc		format			version 4.x
https://www.nationalarchives.gov.uk/PRONOM/fmt/81	Drawing Interchange File Format (Binary)	dxf | image/vnd.dxf		format			version R11/12
https://www.nationalarchives.gov.uk/PRONOM/fmt/810	StarOffice Draw	sdd		format			version 3.x
https://www.nationalarchives.gov.uk/PRONOM/fmt/811	StarOffice Draw	sdd		format			version 4.x
https://www.nationalarchives.gov.uk/PRONOM/fmt/812	StarOffice Writer	sdw		format			version 3.x
https://www.nationalarchives.gov.uk/PRONOM/fmt/813	StarOffice Writer	sdw		format			version 4.x
https://www.nationalarchives.gov.uk/PRONOM/fmt/814	StarOffice Impress	sdd		format			version 3.x
https://www.nationalarchives.gov.uk/PRONOM/fmt/815	StarOffice Impress	sdd		format			version 4.x
https://www.nationalarchives.gov.uk/PRONOM/fmt/816	NUT Open Container Format	nut		format			
https://www.nationalarchives.gov.uk/PRONOM/fmt/817	JSON Data Interchange Format	json | application/json		format			
https://www.nationalarchives.gov.uk/PRONOM/fmt/818	YAML	yaml | yml		format			
https://www.nationalarchives.gov.uk/PRONOM/fmt/819	CD-ROM/XA (eXtended Architecture)	dat		format			
https://www.nationalarchives.gov.uk/PRONOM/fmt/82	Drawing Interchange File Format (Binary)	dxf | image/vnd.dxf		format			version R13
https://www.nationalarchives.gov.uk/PRONOM/fmt/820	T64 Tape Image Format	t64		format			
https://www.nationalarchives.gov.uk/PRONOM/fmt/821	G64 GCR-encoded Disk Image Format	g41 | g64 | g71		format			
https://www.nationalarchives.gov.uk/PRONOM/fmt/822	CRT C64 Cartridge Image Format	crt		format			
https://www.nationalarchives.gov.uk/PRONOM/fmt/823	P00 C64 Image Format	p00 | p01 | p02 | p03 | p04		format			
https://www.nationalarchives.gov.uk/PRONOM/fmt/824	Apple iWork Pages	pages		format			version Generic
https://www.nationalarchives.gov.uk/PRONOM/fmt/825	Apple iWork Numbers	numbers		format			version Generic
https://www.nationalarchives.gov.uk/PRONOM/fmt/826	Scriptware Script Format	sw3		format			
https://www.nationalarchives.gov.uk/PRONOM/fmt/827	Serif DrawPlus Drawing	dpp		format			version 3
https://www.nationalarchives.gov.uk/PRONOM/fmt/828	MATLAB Mat File	fig | mat		format			version Level 7.3
https://www.nationalarchives.gov.uk/PRONOM/fmt/829	3MF 3D Manufacturing Format	3mf | application/vnd.ms-3mfdocument		format			
https://www.nationalarchives.gov.uk/PRONOM/fmt/83	Drawing Interchange File Format (Binary)	dxf | image/vnd.dxf		format			version R14
https://www.nationalarchives.gov.uk/PRONOM/fmt/830	Qsplat Model	qs		format			
https://www.nationalarchives.gov.uk/PRONOM/fmt/831	Polygon File Format	ply		format			
https://www.nationalarchives.gov.uk/PRONOM/fmt/832	Open Inventor File Format	iv		format			version 1.x
https://www.nationalarchives.gov.uk/PRONOM/fmt/833	Open Inventor File Format	iv		format			version 2.x
https://www.nationalarchives.gov.uk/PRONOM/fmt/834	Quattro Pro Spreadsheet for Windows	wb1		format			version 1/5
https://www.nationalarchives.gov.uk/PRONOM/fmt/835	Quattro Pro Spreadsheet for Windows	wb2		format			version 6
https://www.nationalarchives.gov.uk/PRONOM/fmt/836	Quattro Pro Spreadsheet	wb3		format			version 7-8
https://www.nationalarchives.gov.uk/PRONOM/fmt/837	Quattro Pro Spreadsheet	qpw		format			version 9 onwards
https://www.nationalarchives.gov.uk/PRONOM/fmt/838	Outlook Express Message Database	dbx		format			
https://www.nationalarchives.gov.uk/PRONOM/fmt/839	Outlook Express Folder Database	dbx		format			
https://www.nationalarchives.gov.uk/PRONOM/fmt/84	Drawing Interchange File Format (Binary)	dxf | image/vnd.dxf		format			version 2000-2002
https://www.nationalarchives.gov.uk/PRONOM/fmt/840	ADX Audio Format	adx		format			
https://www.nationalarchives.gov.uk/PRONOM/fmt/841	Interleaved ADX Audio Format (AIX)	aix		format			
https://www.nationalarchives.gov.uk/PRONOM/fmt/842	AccessData Custom Content Image	ad1 | ad2 | ad3 | ad4 | ad5		format			
https://www.nationalarchives.gov.uk/PRONOM/fmt/843	AccessData Custom Content Image (Encrypted)	ad1 | ad2 | ad3 | ad4 | ad5		format			
https://www.nationalarchives.gov.uk/PRONOM/fmt/844	Advanced Forensic Format	aff		format			
https://www.nationalarchives.gov.uk/PRONOM/fmt/845	ClarisWorks Drawing	cwk		format			version 2-3
https://www.nationalarchives.gov.uk/PRONOM/fmt/846	ClarisWorks Word Processor	cwk		format			version 2-3
https://www.nationalarchives.gov.uk/PRONOM/fmt/847	ClarisWorks Spreadsheet	cwk		format			version 2-3
https://www.nationalarchives.gov.uk/PRONOM/fmt/848	ClarisWorks Database	cwk		format			version 2-3
https://www.nationalarchives.gov.uk/PRONOM/fmt/849	ClarisWorks Painting	cwk		format			version 2-3
https://www.nationalarchives.gov.uk/PRONOM/fmt/85	Drawing Interchange File Format (Binary)	dxf | image/vnd.dxf		format			version 2004-2006
https://www.nationalarchives.gov.uk/PRONOM/fmt/850	NuFile Exchange Archival Library	bxy | sdk | shk		format			
https://www.nationalarchives.gov.uk/PRONOM/fmt/851	Genealogical Data Communication (GEDCOM) Format	ged		format			
https://www.nationalarchives.gov.uk/PRONOM/fmt/852	Serif DrawPlus Drawing	dpp		format			version 4
https://www.nationalarchives.gov.uk/PRONOM/fmt/853	Serif DrawPlus Drawing	dpp		format			version 5
https://www.nationalarchives.gov.uk/PRONOM/fmt/854	Personal Ancestral File (PAF)	paf		format			version 3
https://www.nationalarchives.gov.uk/PRONOM/fmt/855	Personal Ancestral File (PAF)	paf		format			version 4
https://www.nationalarchives.gov.uk/PRONOM/fmt/856	Personal Ancestral File (PAF)	paf		format			version 5
https://www.nationalarchives.gov.uk/PRONOM/fmt/857	Navisworks Document	nwc | nwd		format			version Generic
https://www.nationalarchives.gov.uk/PRONOM/fmt/858	Navisworks Document	nwc | nwd		format			version 2010
https://www.nationalarchives.gov.uk/PRONOM/fmt/859	Navisworks Document	nwc | nwd		format			version 2011
https://www.nationalarchives.gov.uk/PRONOM/fmt/86	PCX	pcc | pcx | image/vnd.zbrush.pcx		format			version 0
https://www.nationalarchives.gov.uk/PRONOM/fmt/860	Navisworks Document	nwc | nwd		format			version 2012
https://www.nationalarchives.gov.uk/PRONOM/fmt/861	Maya Binary File Format	mb		format			version 32 Bit
https://www.nationalarchives.gov.uk/PRONOM/fmt/862	Maya Binary File Format	mb		format			version 64 Bit
https://www.nationalarchives.gov.uk/PRONOM/fmt/863	Maya ASCII File Format	ma		format			
https://www.nationalarchives.gov.uk/PRONOM/fmt/864	3DM	3dm		format			version 5
https://www.nationalarchives.gov.uk/PRONOM/fmt/865	STL (Standard Tessellation Language) Binary	stl		format			
https://www.nationalarchives.gov.uk/PRONOM/fmt/866	Apple Safari Webarchive	webarchive		format			
https://www.nationalarchives.gov.uk/PRONOM/fmt/867	Microsoft Reader eBook	lit		format			
https://www.nationalarchives.gov.uk/PRONOM/fmt/868	MySQL Table Definition Format	frm		format			
https://www.nationalarchives.gov.uk/PRONOM/fmt/869	CDX Internet Archive Index	cdx		format			
https://www.nationalarchives.gov.uk/PRONOM/fmt/87	PCX	pcc | pcx | image/vnd.zbrush.pcx		format			version 2
https://www.nationalarchives.gov.uk/PRONOM/fmt/870	Perl Script	pl		format			
https://www.nationalarchives.gov.uk/PRONOM/fmt/871	Adobe Content Server Message File	acsm | application/vnd.adobe.adept+xml		format			
https://www.nationalarchives.gov.uk/PRONOM/fmt/872	Free Lossless Image Format (FLIF)	flif | image/flif		format			
https://www.nationalarchives.gov.uk/PRONOM/fmt/873	Notation3	n3 | text/n3		format			
https://www.nationalarchives.gov.uk/PRONOM/fmt/874	Turtle	ttl | text/turtle		format			
https://www.nationalarchives.gov.uk/PRONOM/fmt/875	RDF/XML	rdf | application/rdf+xml		format			
https://www.nationalarchives.gov.uk/PRONOM/fmt/876	Pagemaker Document (Generic)	p65 | pmd | pmt | application/vnd.pagemaker		format			
https://www.nationalarchives.gov.uk/PRONOM/fmt/877	Corel Presentation	shw		format			version 7-8-9
https://www.nationalarchives.gov.uk/PRONOM/fmt/878	Corel Presentation	shw		format			version 3
https://www.nationalarchives.gov.uk/PRONOM/fmt/879	Fortran	f | f03 | f90 | f95 | for		format			
https://www.nationalarchives.gov.uk/PRONOM/fmt/88	PCX	pcc | pcx | image/vnd.zbrush.pcx		format			version 3
https://www.nationalarchives.gov.uk/PRONOM/fmt/880	JSON-LD	jsonld		format			
https://www.nationalarchives.gov.uk/PRONOM/fmt/881	Microsoft Document Imaging File Format	mdi | image/vnd.ms-modi		format			
https://www.nationalarchives.gov.uk/PRONOM/fmt/882	Wordstar 2000			format			version 1
https://www.nationalarchives.gov.uk/PRONOM/fmt/883	Siegfried Signature File	sig		format			
https://www.nationalarchives.gov.uk/PRONOM/fmt/884	AXD HTTP Handler File	axd		format			
https://www.nationalarchives.gov.uk/PRONOM/fmt/885	BASIC File	bas		format			
https://www.nationalarchives.gov.uk/PRONOM/fmt/886	HTML Components	htc		format			
https://www.nationalarchives.gov.uk/PRONOM/fmt/887	SafeGuard Encrypted Virtual Disk	hdr | vol		format			
https://www.nationalarchives.gov.uk/PRONOM/fmt/888	QuadriSpace Format	qsd | qsl | qsm | qst		format			
https://www.nationalarchives.gov.uk/PRONOM/fmt/889	Feather	feather		format			
https://www.nationalarchives.gov.uk/PRONOM/fmt/89	PCX	pcc | pcx | image/vnd.zbrush.pcx		format			version 4
https://www.nationalarchives.gov.uk/PRONOM/fmt/890	AbiWord Document	abw		format			
https://www.nationalarchives.gov.uk/PRONOM/fmt/891	AbiWord Document Template	awt		format			
https://www.nationalarchives.gov.uk/PRONOM/fmt/892	Compound WordPerfect for Windows Document	doc | w60 | wp | wp6 | wpd | application/vnd.wordperfect		format			version 6 onwards
https://www.nationalarchives.gov.uk/PRONOM/fmt/893	i2 Analysts Notebook	anb		format			
https://www.nationalarchives.gov.uk/PRONOM/fmt/894	Gaussian Input Data File	gjf		format			
https://www.nationalarchives.gov.uk/PRONOM/fmt/895	JEOL NMR Spectroscopy	jdf		format			
https://www.nationalarchives.gov.uk/PRONOM/fmt/896	MusicXML	musicxml | xml | application/vnd.recordare.musicxml+xml		format			
https://www.nationalarchives.gov.uk/PRONOM/fmt/897	Compressed MusicXML	mxl | application/vnd.recordare.musicxml		format			
https://www.nationalarchives.gov.uk/PRONOM/fmt/898	Zoomify Image Format	zif		format			
https://www.nationalarchives.gov.uk/PRONOM/fmt/899	Windows Portable Executable	dll | exe | sys | application/vnd.microsoft.portable-executable		format			version 32 bit
https://www.nationalarchives.gov.uk/PRONOM/fmt/9	Tagged Image File Format			format			version 5
https://www.nationalarchives.gov.uk/PRONOM/fmt/90	PCX	pcc | pcx | image/vnd.zbrush.pcx		format			version 5
https://www.nationalarchives.gov.uk/PRONOM/fmt/900	Windows Portable Executable	dll | exe | sys | application/vnd.microsoft.portable-executable		format			version 64 bit
https://www.nationalarchives.gov.uk/PRONOM/fmt/901	Microsoft Works Spreadsheet	xlr		format			version 6-9
https://www.nationalarchives.gov.uk/PRONOM/fmt/902	Blender 3D	blend		format			version 32 bit
https://www.nationalarchives.gov.uk/PRONOM/fmt/903	Blender 3D	blend		format			version 64 bit
https://www.nationalarchives.gov.uk/PRONOM/fmt/904	Bluetooth Snoop Packet Capture	log		format			
https://www.nationalarchives.gov.uk/PRONOM/fmt/905	Variant Call Format	vcf		format			version 1.x
https://www.nationalarchives.gov.uk/PRONOM/fmt/906	Variant Call Format	vcf		format			version 2.x
https://www.nationalarchives.gov.uk/PRONOM/fmt/907	Variant Call Format	vcf		format			version 3.x
https://www.nationalarchives.gov.uk/PRONOM/fmt/908	Variant Call Format	vcf		format			version 4.x
https://www.nationalarchives.gov.uk/PRONOM/fmt/909	CRAM File Format	cram		format			version 1.x
https://www.nationalarchives.gov.uk/PRONOM/fmt/91	Scalable Vector Graphics	svg | image/svg+xml		format			version 1.0
https://www.nationalarchives.gov.uk/PRONOM/fmt/910	CRAM File Format	cram		format			version 2.x
https://www.nationalarchives.gov.uk/PRONOM/fmt/911	CRAM File Format	cram		format			version 3.x
https://www.nationalarchives.gov.uk/PRONOM/fmt/912	Microsoft Paint	msp		format			version 2
https://www.nationalarchives.gov.uk/PRONOM/fmt/913	Caligari trueSpace File Format	cob | scn		format			version ASCII
https://www.nationalarchives.gov.uk/PRONOM/fmt/914	Caligari trueSpace File Format	cob | scn		format			version Binary
https://www.nationalarchives.gov.uk/PRONOM/fmt/915	Mapsforge Binary Map File Format	map		format			
https://www.nationalarchives.gov.uk/PRONOM/fmt/916	ESRI ArcMap Document	mxd | mxt		format			
https://www.nationalarchives.gov.uk/PRONOM/fmt/917	AmiraMesh	am | amiramesh | hx		format			version ASCII 1.0
https://www.nationalarchives.gov.uk/PRONOM/fmt/918	AmiraMesh	am | amiramesh | hx		format			version 3D ASCII 2.0
https://www.nationalarchives.gov.uk/PRONOM/fmt/919	AmiraMesh	am | amiramesh | hx		format			version 3D Binary 2.0
https://www.nationalarchives.gov.uk/PRONOM/fmt/92	Scalable Vector Graphics	svg | image/svg+xml		format			version 1.1
https://www.nationalarchives.gov.uk/PRONOM/fmt/920	AmiraMesh	am | amiramesh | hx		format			version 3D Binary Little Endian 2.0
https://www.nationalarchives.gov.uk/PRONOM/fmt/921	AmiraMesh	am | amiramesh | hx		format			version Binary Little Endian 2.1
https://www.nationalarchives.gov.uk/PRONOM/fmt/922	Xar Image Format	xar		format			
https://www.nationalarchives.gov.uk/PRONOM/fmt/923	Microsoft xWMA	xwma		format			
https://www.nationalarchives.gov.uk/PRONOM/fmt/924	Microsoft Visio Drawing	vsdx | application/vnd.ms-visio.drawing.main+xml		format			version 2013
https://www.nationalarchives.gov.uk/PRONOM/fmt/925	Microsoft Visio Stencil	vssx | application/vnd.ms-visio.stencil.main+xml		format			version 2013
https://www.nationalarchives.gov.uk/PRONOM/fmt/926	Microsoft Visio Template	vstx | application/vnd.ms-visio.template.main+xml		format			version 2013
https://www.nationalarchives.gov.uk/PRONOM/fmt/927	Microsoft Visio Macro-Enabled Drawing	vsdm | application/vnd.ms-visio.drawing.macroEnabled.main+xml		format			version 2013
https://www.nationalarchives.gov.uk/PRONOM/fmt/928	Microsoft Visio Macro-Enabled Stencil	vssm | application/vnd.ms-visio.stencil.macroEnabled.main+xml		format			version 2013
https://www.nationalarchives.gov.uk/PRONOM/fmt/929	Microsoft Visio Macro-Enabled Template	vstm | application/vnd.ms-visio.template.macroEnabled.main+xml		format			version 2013
https://www.nationalarchives.gov.uk/PRONOM/fmt/93	Virtual Reality Modeling Language	wrl | model/vrml		format			version 1.0
https://www.nationalarchives.gov.uk/PRONOM/fmt/930	Magick Image File Format	mif | miff		format			
https://www.nationalarchives.gov.uk/PRONOM/fmt/931	Mathcad Document	mcd		format			version Binary
https://www.nationalarchives.gov.uk/PRONOM/fmt/932	Mathcad Document	xmcd		format			version XML
https://www.nationalarchives.gov.uk/PRONOM/fmt/933	Simple Vector Format	svf | image/vnd-svf		format			version 1
https://www.nationalarchives.gov.uk/PRONOM/fmt/934	Simple Vector Format	svf | image/vnd-svf		format			version 2
https://www.nationalarchives.gov.uk/PRONOM/fmt/935	Animated Portable Network Graphics	apng | png | image/apng		format			
https://www.nationalarchives.gov.uk/PRONOM/fmt/936	Microsoft Picture It! Image File	mix | image/vnd.mix		format			version 1
https://www.nationalarchives.gov.uk/PRONOM/fmt/937	Adobe Air	air | application/vnd.adobe.air-application-installer-package+zip		format			version 1.0
https://www.nationalarchives.gov.uk/PRONOM/fmt/938	Python Source Code File	py		format			
https://www.nationalarchives.gov.uk/PRONOM/fmt/939	Python Compiled File	pyc		format			version 2.7
https://www.nationalarchives.gov.uk/PRONOM/fmt/94	Virtual Reality Modeling Language	wrl | model/vrml		format			version 2.0
https://www.nationalarchives.gov.uk/PRONOM/fmt/940	Python Compiled File	pyc		format			version 3.4
https://www.nationalarchives.gov.uk/PRONOM/fmt/941	Back Up File	bak		format			
https://www.nationalarchives.gov.uk/PRONOM/fmt/942	Adobe Air	air | application/vnd.adobe.air-application-installer-package+zip		format			version 1.5
https://www.nationalarchives.gov.uk/PRONOM/fmt/943	Adobe Air	air | application/vnd.adobe.air-application-installer-package+zip		format			version 2.0
https://www.nationalarchives.gov.uk/PRONOM/fmt/944	Ogg Multimedia Container	ogg | ogv | opus | spx | application/ogg		format			
https://www.nationalarchives.gov.uk/PRONOM/fmt/945	Ogg Theora Video	ogg | ogv | video/ogg		format			
https://www.nationalarchives.gov.uk/PRONOM/fmt/946	Ogg Opus Codec Compressed Multimedia File	ogg | opus | audio/ogg | audio/opus		format			
https://www.nationalarchives.gov.uk/PRONOM/fmt/947	Ogg FLAC Compressed Multimedia File	ogg | audio/ogg		format			
https://www.nationalarchives.gov.uk/PRONOM/fmt/948	Ogg Speex Codec Multimedia File	ogg | spx | audio/ogg | audio/speex		format			
https://www.nationalarchives.gov.uk/PRONOM/fmt/949	WordPerfect	wp4 | wpd | application/vnd.wordperfect		format			version 4.0/4.1/4.2
https://www.nationalarchives.gov.uk/PRONOM/fmt/95	Acrobat PDF/A - Portable Document Format	pdf | application/pdf		format			version 1a
https://www.nationalarchives.gov.uk/PRONOM/fmt/950	MIME Email	eml | message/rfc822		format			version 1.0
https://www.nationalarchives.gov.uk/PRONOM/fmt/951	Sonic Foundry WAVE 64	w64 | wav		format			
https://www.nationalarchives.gov.uk/PRONOM/fmt/952	True Audio	tta | audio/tta		format			version 1
https://www.nationalarchives.gov.uk/PRONOM/fmt/953	True Audio	tta | audio/tta		format			version 2
https://www.nationalarchives.gov.uk/PRONOM/fmt/954	Adaptive Multi-Rate Wideband Audio	awb | audio/amr-wb		format			
https://www.nationalarchives.gov.uk/PRONOM/fmt/955	Downloadable Sounds Audio	dls | audio/dls		format			
https://www.nationalarchives.gov.uk/PRONOM/fmt/956	RIFF-based MIDI	rmi		format			
https://www.nationalarchives.gov.uk/PRONOM/fmt/957	DirectMusic Segment File Format	sgt		format			
https://www.nationalarchives.gov.uk/PRONOM/fmt/958	DirectMusic Style File Format	sty		format			
https://www.nationalarchives.gov.uk/PRONOM/fmt/959	Portable Sound Format	gsf | gsflib | minigsf | minipsf | minipsf1 | psf | psf1 | psflib		format			
https://www.nationalarchives.gov.uk/PRONOM/fmt/96	Hypertext Markup Language	htm | html | text/html		format			
https://www.nationalarchives.gov.uk/PRONOM/fmt/960	DOS Sound and Music Interface Advanced Module Format	amf		format			
https://www.nationalarchives.gov.uk/PRONOM/fmt/961	Mobile eXtensible Music Format	mxmf | audio/mobile-xmf		format			
https://www.nationalarchives.gov.uk/PRONOM/fmt/962	QCP Audio File Format	qcp | audio/qcelp		format			
https://www.nationalarchives.gov.uk/PRONOM/fmt/963	OMNIC Spectral Data File	spa		format			
https://www.nationalarchives.gov.uk/PRONOM/fmt/964	Final Draft Document	fdr		format			version 5-7
https://www.nationalarchives.gov.uk/PRONOM/fmt/965	Music Encoding Initiative	mei		format			
https://www.nationalarchives.gov.uk/PRONOM/fmt/966	AppleDouble Resource Fork	multipart/appledouble		format			version 1
https://www.nationalarchives.gov.uk/PRONOM/fmt/967	AppleSingle	as | application/applefile		format			version 1
https://www.nationalarchives.gov.uk/PRONOM/fmt/968	AppleSingle	as | application/applefile		format			version 2
https://www.nationalarchives.gov.uk/PRONOM/fmt/969	Rich Text Format	rtf | application/rtf		format			version 0
https://www.nationalarchives.gov.uk/PRONOM/fmt/97	Hypertext Markup Language	htm | html | text/html		format			version 2.0
https://www.nationalarchives.gov.uk/PRONOM/fmt/970	Khronos Texture File	ktx | image/ktx		format			
https://www.nationalarchives.gov.uk/PRONOM/fmt/971	Microsoft Windows Movie Maker File	mswmm		format			
https://www.nationalarchives.gov.uk/PRONOM/fmt/972	Dolby MLP Lossless Audio	mlp | audio/vnd.dolby.mlp		format			
https://www.nationalarchives.gov.uk/PRONOM/fmt/973	DTS Coherent Acoustics (DCA) Audio	dts | audio/vnd.dts		format			
https://www.nationalarchives.gov.uk/PRONOM/fmt/974	Notation Interchange File Format	nif | application/vnd.music-niff		format			
https://www.nationalarchives.gov.uk/PRONOM/fmt/975	Jamcracker Tracker Module	jam		format			
https://www.nationalarchives.gov.uk/PRONOM/fmt/976	MagicaVoxel Vox format	vox		format			
https://www.nationalarchives.gov.uk/PRONOM/fmt/977	AutoCAD Design Web Format(DWFx)	dwfx		format			
https://www.nationalarchives.gov.uk/PRONOM/fmt/978	3DS Max	chr | max		format			
https://www.nationalarchives.gov.uk/PRONOM/fmt/979	XML Property List	plist		format			
https://www.nationalarchives.gov.uk/PRONOM/fmt/98	Hypertext Markup Language	htm | html | text/html		format			version 3.2
https://www.nationalarchives.gov.uk/PRONOM/fmt/980	AAE Sidecar Format	aae		format			
https://www.nationalarchives.gov.uk/PRONOM/fmt/981	EazyDraw File Format	ezdraw		format			
https://www.nationalarchives.gov.uk/PRONOM/fmt/982	iMovieProj File Format	iMovieProj		format			
https://www.nationalarchives.gov.uk/PRONOM/fmt/983	NIB File Format	nib		format			
https://www.nationalarchives.gov.uk/PRONOM/fmt/984	Binary Property List	aae | ezdraw | iMovieProj | nib | plist		format			
https://www.nationalarchives.gov.uk/PRONOM/fmt/985	Valve Texture Format	vtf | image/vnd.valve.source.texture		format			
https://www.nationalarchives.gov.uk/PRONOM/fmt/986	Extensible Metadata Platform Format	xmp		format			
https://www.nationalarchives.gov.uk/PRONOM/fmt/987	Microsoft OneNote Package File	onepkg		format			
https://www.nationalarchives.gov.uk/PRONOM/fmt/988	ESRI ArcScene Document	sxd		format			
https://www.nationalarchives.gov.uk/PRONOM/fmt/989	ESRI ArcGlobe Document	3dd		format			
https://www.nationalarchives.gov.uk/PRONOM/fmt/99	Hypertext Markup Language	htm | html | text/html		format			version 4.0
https://www.nationalarchives.gov.uk/PRONOM/fmt/990	ESRI File Geodatabase			format			
https://www.nationalarchives.gov.uk/PRONOM/fmt/991	SHA256 File	sha256		format			
https://www.nationalarchives.gov.uk/PRONOM/fmt/992	SHA1 File	sha1		format			
https://www.nationalarchives.gov.uk/PRONOM/fmt/993	MD5 File	md5		format			
https://www.nationalarchives.gov.uk/PRONOM/fmt/994	Jeffs Image Format	jif		format			
https://www.nationalarchives.gov.uk/PRONOM/fmt/995	SIARD (Software-Independent Archiving of Relational Databases)	siard		format			version 2.0
https://www.nationalarchives.gov.uk/PRONOM/fmt/996	Adobe Photoshop Large Document Format	psb | image/vnd.adobe.photoshop		format			
https://www.nationalarchives.gov.uk/PRONOM/fmt/997	SPSS Portable Data Format	por		format			
https://www.nationalarchives.gov.uk/PRONOM/fmt/998	OpenRaster Image Format	ora | image/openraster		format			
https://www.nationalarchives.gov.uk/PRONOM/fmt/999	Krita Document Format	kra | application/x-krita		format			
https://www.nationalarchives.gov.uk/PRONOM/x-fmt/1	Microsoft Word for Macintosh Document	mcw | application/msword		format			version 3.0
https://www.nationalarchives.gov.uk/PRONOM/x-fmt/10	dBASE Database	dbf | application/dbase		format			version IV
https://www.nationalarchives.gov.uk/PRONOM/x-fmt/100	AutoCAD Script	scr		format			
https://www.nationalarchives.gov.uk/PRONOM/x-fmt/101	Harvard Graphics Show	sh3		format			version 3.0
https://www.nationalarchives.gov.uk/PRONOM/x-fmt/102	3D Studio (DOS) 2D Shape File	shp		format			
https://www.nationalarchives.gov.uk/PRONOM/x-fmt/103	AutoCAD Compiled Shape/Font File	shx		format			
https://www.nationalarchives.gov.uk/PRONOM/x-fmt/104	AutoCAD Slide Library	slb		format			
https://www.nationalarchives.gov.uk/PRONOM/x-fmt/105	AutoCAD Slide	sld | application/sld | application/x-sld | image/x-sld		format			
https://www.nationalarchives.gov.uk/PRONOM/x-fmt/106	Microsoft Symbolic Link (SYLK) File	slk		format			
https://www.nationalarchives.gov.uk/PRONOM/x-fmt/107	AutoCAD Named Plot Style Table	stb		format			
https://www.nationalarchives.gov.uk/PRONOM/x-fmt/108	STL (Standard Tessellation Language) ASCII	stl		format			
https://www.nationalarchives.gov.uk/PRONOM/x-fmt/109	Scalable Vector Graphics Compressed	svgz | image/svg+xml		format			
https://www.nationalarchives.gov.uk/PRONOM/x-fmt/11	Revisable-Form-Text Document Content Architecture			format			
https://www.nationalarchives.gov.uk/PRONOM/x-fmt/110	Fixed Width Values Text File	text/plain		format			
https://www.nationalarchives.gov.uk/PRONOM/x-fmt/111	Plain Text File	txt | text/plain		format			
https://www.nationalarchives.gov.uk/PRONOM/x-fmt/112	AutoCAD External Database Configuration File	udl		format			
https://www.nationalarchives.gov.uk/PRONOM/x-fmt/113	Microsoft Visio Drawing	vsd | vss | vst | application/vnd.visio		format			version 5.0
https://www.nationalarchives.gov.uk/PRONOM/x-fmt/114	Lotus 1-2-3 Worksheet	wk1 | wk2 | application/vnd.lotus-1-2-3 | application/x-123		format			version 2.0
https://www.nationalarchives.gov.uk/PRONOM/x-fmt/115	Lotus 1-2-3 Worksheet	wk3 | application/lotus123 | application/vnd.lotus-1-2-3		format			version 3.0
https://www.nationalarchives.gov.uk/PRONOM/x-fmt/116	Lotus 1-2-3 Worksheet	wk4 | application/lotus123 | application/vnd.lotus-1-2-3		format			version 4-5
https://www.nationalarchives.gov.uk/PRONOM/x-fmt/117	Lotus 1-2-3 Worksheet	wks | application/vnd.lotus-1-2-3 | application/x-123		format			version 1.0
https://www.nationalarchives.gov.uk/PRONOM/x-fmt/118	Microsoft Works Spreadsheet			format			version 2.0
https://www.nationalarchives.gov.uk/PRONOM/x-fmt/119	Windows Metafile Image	wmf | image/wmf		format			
https://www.nationalarchives.gov.uk/PRONOM/x-fmt/12	Write for Windows Document	wri		format			version 3.0
https://www.nationalarchives.gov.uk/PRONOM/x-fmt/120	Microsoft Works for Windows			format			version 4.0
https://www.nationalarchives.gov.uk/PRONOM/x-fmt/121	Quattro Pro Spreadsheet for DOS	wkq | wq1		format			version 1-4
https://www.nationalarchives.gov.uk/PRONOM/x-fmt/122	Quattro Pro Spreadsheet for DOS	wkq | wq2		format			version 5
https://www.nationalarchives.gov.uk/PRONOM/x-fmt/123	Microsoft Excel Macro	xla | xlm | application/vnd.ms-excel		format			version 4.0
https://www.nationalarchives.gov.uk/PRONOM/x-fmt/124	Microsoft Excel Add-In	xla | xll		format			
https://www.nationalarchives.gov.uk/PRONOM/x-fmt/125	Microsoft Excel Toolbar	xlb		format			
https://www.nationalarchives.gov.uk/PRONOM/x-fmt/126	Microsoft Excel Chart	xlc		format			version 4.0
https://www.nationalarchives.gov.uk/PRONOM/x-fmt/127	AutoCAD Xref Log	xlg		format			
https://www.nationalarchives.gov.uk/PRONOM/x-fmt/128	Microsoft Excel Workspace File	xlw		format			
https://www.nationalarchives.gov.uk/PRONOM/x-fmt/129	Microsoft Word for Macintosh Document			format			version X
https://www.nationalarchives.gov.uk/PRONOM/x-fmt/13	Tab-separated Values	tab | tsv | text/tab-separated-values		format			
https://www.nationalarchives.gov.uk/PRONOM/x-fmt/130	MS-DOS Text File with line breaks	text/plain		format			
https://www.nationalarchives.gov.uk/PRONOM/x-fmt/131	Stationery for Mac OS X	doc		format			
https://www.nationalarchives.gov.uk/PRONOM/x-fmt/132	Speller Custom Dictionary	dic		format			
https://www.nationalarchives.gov.uk/PRONOM/x-fmt/133	Speller Exclude Dictionary	dic		format			
https://www.nationalarchives.gov.uk/PRONOM/x-fmt/134	AutoCAD Device-Independent Binary Plotter File	adi		format			
https://www.nationalarchives.gov.uk/PRONOM/x-fmt/135	Audio Interchange File Format			format			version 1.3
https://www.nationalarchives.gov.uk/PRONOM/x-fmt/136	Audio Interchange File Format (compressed)	aifc | audio/x-aiff		format			
https://www.nationalarchives.gov.uk/PRONOM/x-fmt/137	Electronic Arts Music	asf		format			
https://www.nationalarchives.gov.uk/PRONOM/x-fmt/138	Active Server Page	asp		format			
https://www.nationalarchives.gov.uk/PRONOM/x-fmt/139	NeXT/Sun sound	au | audio/basic		format			
https://www.nationalarchives.gov.uk/PRONOM/x-fmt/14	Macintosh Text File	text/plain		format			
https://www.nationalarchives.gov.uk/PRONOM/x-fmt/140	Silicon Graphics Image	bw | rgb | image/x-sgi-bw		format			
https://www.nationalarchives.gov.uk/PRONOM/x-fmt/141	Calendar Creator Plus Data File	cce		format			version 2
https://www.nationalarchives.gov.uk/PRONOM/x-fmt/142	Computer Graphics Metafile ASCII	cgm | image/cgm		format			version 1
https://www.nationalarchives.gov.uk/PRONOM/x-fmt/143	OS/2 Change Control File	cin		format			
https://www.nationalarchives.gov.uk/PRONOM/x-fmt/144	Corel Photo-Paint Image	cpt		format			
https://www.nationalarchives.gov.uk/PRONOM/x-fmt/145	Stats+ Data File			format			
https://www.nationalarchives.gov.uk/PRONOM/x-fmt/146	Scitex Continuous Tone Bitmap	ct | sct		format			
https://www.nationalarchives.gov.uk/PRONOM/x-fmt/147	Paradox Database Table	db		format			version 7
https://www.nationalarchives.gov.uk/PRONOM/x-fmt/148	IBM DisplayWrite DCA Text File	dca		format			
https://www.nationalarchives.gov.uk/PRONOM/x-fmt/149	Desktop Color Separation File	dcs		format			
https://www.nationalarchives.gov.uk/PRONOM/x-fmt/15	MS-DOS Text File	text/plain		format			
https://www.nationalarchives.gov.uk/PRONOM/x-fmt/150	Visual FoxPro Database Container File	dcx		format			
https://www.nationalarchives.gov.uk/PRONOM/x-fmt/151	Micrografx Designer	dsf		format			
https://www.nationalarchives.gov.uk/PRONOM/x-fmt/152	Digital Video	dv | video/dv		format			
https://www.nationalarchives.gov.uk/PRONOM/x-fmt/153	Microsoft Windows Enhanced Metafile	emf | image/emf		format			version 1.0
https://www.nationalarchives.gov.uk/PRONOM/x-fmt/154	AutoDesk FLIC Animation	fli		format			
https://www.nationalarchives.gov.uk/PRONOM/x-fmt/155	AutoCAD Film Roll	flm		format			
https://www.nationalarchives.gov.uk/PRONOM/x-fmt/156	Ventura Publisher	gen		format			
https://www.nationalarchives.gov.uk/PRONOM/x-fmt/157	Interchange File	iff		format			
https://www.nationalarchives.gov.uk/PRONOM/x-fmt/158	Initial Graphics Exchange Specification (IGES)	iges | igs | model/iges		format			version 5.x
https://www.nationalarchives.gov.uk/PRONOM/x-fmt/159	GEM Image	img		format			
https://www.nationalarchives.gov.uk/PRONOM/x-fmt/16	Unicode Text File	text/plain		format			
https://www.nationalarchives.gov.uk/PRONOM/x-fmt/160	Java Servlet Page	jsp | text/html		format			
https://www.nationalarchives.gov.uk/PRONOM/x-fmt/161	MacPaint Image	mac		format			version 1
https://www.nationalarchives.gov.uk/PRONOM/x-fmt/162	Adobe FrameMaker Interchange Format	mif | application/vnd.mif		format			
https://www.nationalarchives.gov.uk/PRONOM/x-fmt/163	NAP Metafile	nap		format			
https://www.nationalarchives.gov.uk/PRONOM/x-fmt/164	Portable Bitmap Image - ASCII	pbm | image/x-portable-bitmap		format			
https://www.nationalarchives.gov.uk/PRONOM/x-fmt/165	Kodak PhotoCD Image			format			version 1.0
https://www.nationalarchives.gov.uk/PRONOM/x-fmt/166	PICS Animation	pcs		format			
https://www.nationalarchives.gov.uk/PRONOM/x-fmt/167	Adobe PhotoDeluxe	pdd		format			
https://www.nationalarchives.gov.uk/PRONOM/x-fmt/168	Broderbund Print Shop Deluxe	pcc | pda | pdb | pdc | pdg | pdl | pds		format			version 1-4
https://www.nationalarchives.gov.uk/PRONOM/x-fmt/169	PHP Script Page	php | text/html		format			
https://www.nationalarchives.gov.uk/PRONOM/x-fmt/17	Microsoft Excel Template	xlt | application/vnd.ms-excel		format			version 97-2003
https://www.nationalarchives.gov.uk/PRONOM/x-fmt/170	PC Paint Bitmap	pic		format			
https://www.nationalarchives.gov.uk/PRONOM/x-fmt/171	Inset Systems Bitmap	pix		format			
https://www.nationalarchives.gov.uk/PRONOM/x-fmt/172	Microsoft FoxPro Library	plb		format			
https://www.nationalarchives.gov.uk/PRONOM/x-fmt/173	PageMaker PC Document	pm5 | pt5 | application/vnd.pagemaker		format			version 5.0
https://www.nationalarchives.gov.uk/PRONOM/x-fmt/174	PageMaker PC Document	pm6 | pt6 | application/vnd.pagemaker		format			version 6.0
https://www.nationalarchives.gov.uk/PRONOM/x-fmt/175	MacPaint Graphics	pnt		format			
https://www.nationalarchives.gov.uk/PRONOM/x-fmt/176	Picture Publisher Bitmap	pp4		format			version 4
https://www.nationalarchives.gov.uk/PRONOM/x-fmt/177	Microsoft PowerPoint Graphics File	ppi		format			
https://www.nationalarchives.gov.uk/PRONOM/x-fmt/178	Portable Pixel Map - ASCII	ppm | image/x-portable-pixmap		format			
https://www.nationalarchives.gov.uk/PRONOM/x-fmt/179	Microsoft Visual Modeller Petal file (ASCII)	ptl		format			
https://www.nationalarchives.gov.uk/PRONOM/x-fmt/18	Comma Separated Values	csv | text/csv		format			
https://www.nationalarchives.gov.uk/PRONOM/x-fmt/180	Instalit Script	pvd		format			
https://www.nationalarchives.gov.uk/PRONOM/x-fmt/181	PageMaker PC Document	p65 | pmd | pmt | t65 | application/vnd.pagemaker		format			version 6.5-7.0
https://www.nationalarchives.gov.uk/PRONOM/x-fmt/182	QuarkXPress Data File	qcd | qpt | qwd | qwt | qxb | qxd | qxl | qxp | qxt | application/vnd.Quark.QuarkXPress		format			
https://www.nationalarchives.gov.uk/PRONOM/x-fmt/183	RealAudio Metafile	ram | audio/vnd.rn-realaudio | audio/x-pn-realaudio		format			
https://www.nationalarchives.gov.uk/PRONOM/x-fmt/184	Sun Raster Image	ras | sun | image/x-sun-raster		format			
https://www.nationalarchives.gov.uk/PRONOM/x-fmt/185	Raw Bitmap	raw		format			
https://www.nationalarchives.gov.uk/PRONOM/x-fmt/186	Silicon Graphics RGB File			format			
https://www.nationalarchives.gov.uk/PRONOM/x-fmt/187	Painter RIFF Image File	rif		format			
https://www.nationalarchives.gov.uk/PRONOM/x-fmt/188	SDSC Image Tool Wavefront Raster Image	rla		format			
https://www.nationalarchives.gov.uk/PRONOM/x-fmt/189	SDSC Image Tool Run-Length Encoded Bitmap	rle		format			
https://www.nationalarchives.gov.uk/PRONOM/x-fmt/19	3D Studio	3ds		format			
https://www.nationalarchives.gov.uk/PRONOM/x-fmt/190	RealMedia	rm | rmvb | application/vnd.rn-realmedia		format			
https://www.nationalarchives.gov.uk/PRONOM/x-fmt/191	AMI Professional Document	sam | application/vnd.lotus-wordpro		format			
https://www.nationalarchives.gov.uk/PRONOM/x-fmt/192	SAS for MS-DOS Catalog	sct		format			
https://www.nationalarchives.gov.uk/PRONOM/x-fmt/193	Unisys (Sperry) System Data File	sdf		format			
https://www.nationalarchives.gov.uk/PRONOM/x-fmt/194	IRIS Graphics			format			
https://www.nationalarchives.gov.uk/PRONOM/x-fmt/195	Standard Generalized Markup Language	sgm | sgml | text/sgml		format			
https://www.nationalarchives.gov.uk/PRONOM/x-fmt/196	NeXt Sound			format			
https://www.nationalarchives.gov.uk/PRONOM/x-fmt/197	DataFlex Query Tag Name	tag		format			
https://www.nationalarchives.gov.uk/PRONOM/x-fmt/198	Pagemaker TableEditor Graphics	tbl		format			
https://www.nationalarchives.gov.uk/PRONOM/x-fmt/199	Turbo Debugger Keystroke Recording File	tdk		format			
https://www.nationalarchives.gov.uk/PRONOM/x-fmt/2	Microsoft Word for Macintosh Document			format			version 6.0
https://www.nationalarchives.gov.uk/PRONOM/x-fmt/20	Adobe Illustrator	ai | application/postscript		format			version 1.0 / 1.1
https://www.nationalarchives.gov.uk/PRONOM/x-fmt/200	PageMaker Time Stamp File	tym		format			version 4.0
https://www.nationalarchives.gov.uk/PRONOM/x-fmt/201	CCITT G.711 Audio	ulaw		format			
https://www.nationalarchives.gov.uk/PRONOM/x-fmt/202	Corel Wavelet Compressed Bitmap	wi | wvl		format			
https://www.nationalarchives.gov.uk/PRONOM/x-fmt/203	WordPerfect for Windows Document	w52 | wp | wp5 | wpd | application/vnd.wordperfect		format			version 5.2
https://www.nationalarchives.gov.uk/PRONOM/x-fmt/204	Microsoft Word for Windows Macro	wpm		format			
https://www.nationalarchives.gov.uk/PRONOM/x-fmt/205	WordStar for MS-DOS Document	ws | ws5		format			version 5.0
https://www.nationalarchives.gov.uk/PRONOM/x-fmt/206	WordStar for Windows Document	ws | wsd | wsw		format			version 1.0
https://www.nationalarchives.gov.uk/PRONOM/x-fmt/207	X-Windows Bitmap Image	xbm | image/x-xbitmap		format			version X11
https://www.nationalarchives.gov.uk/PRONOM/x-fmt/208	X-Windows Pixmap Image	xpm | image/x-xpixmap		format			version X10
https://www.nationalarchives.gov.uk/PRONOM/x-fmt/209	SDSC Image Tool X Window Dump Format	xwd		format			
https://www.nationalarchives.gov.uk/PRONOM/x-fmt/21	7-bit ANSI Text	ans | text/plain		format			
https://www.nationalarchives.gov.uk/PRONOM/x-fmt/210	XYWrite Document	xy		format			
https://www.nationalarchives.gov.uk/PRONOM/x-fmt/211	XYWrite Document	xy3		format			version III
https://www.nationalarchives.gov.uk/PRONOM/x-fmt/212	Lotus 1-2-3 Worksheet			format			version 5.0
https://www.nationalarchives.gov.uk/PRONOM/x-fmt/213	Quicken Data File	abd | qdf | qel		format			
https://www.nationalarchives.gov.uk/PRONOM/x-fmt/214	Microsoft Paint	msp		format			version 1
https://www.nationalarchives.gov.uk/PRONOM/x-fmt/215	GEM Metafile Format	gem		format			version 1.00
https://www.nationalarchives.gov.uk/PRONOM/x-fmt/216	Microsoft Powerpoint Packaged Presentation	ppz		format			
https://www.nationalarchives.gov.uk/PRONOM/x-fmt/217	Adobe ACD	acd		format			
https://www.nationalarchives.gov.uk/PRONOM/x-fmt/218	ESRI Arc/Info Binary Grid	adf		format			
https://www.nationalarchives.gov.uk/PRONOM/x-fmt/219	Internet Archive	arc | application/x-internet-archive		format			version 1.0
https://www.nationalarchives.gov.uk/PRONOM/x-fmt/22	7-bit ASCII Text	asc | text/plain		format			
https://www.nationalarchives.gov.uk/PRONOM/x-fmt/220	Applixware Spreadsheet	as		format			
https://www.nationalarchives.gov.uk/PRONOM/x-fmt/221	MapBrowser/MapWriter Vector Map Data	cbd		format			
https://www.nationalarchives.gov.uk/PRONOM/x-fmt/222	CD Audio	cda | application/x-cdf		format			
https://www.nationalarchives.gov.uk/PRONOM/x-fmt/223	Autodesk Animator CEL File Format	cel		format			
https://www.nationalarchives.gov.uk/PRONOM/x-fmt/224	Cascading Style Sheet	css | text/css		format			
https://www.nationalarchives.gov.uk/PRONOM/x-fmt/225	ESRI MapInfo Data File	mid		format			
https://www.nationalarchives.gov.uk/PRONOM/x-fmt/226	ESRI Arc/Info Export File	e00 | e01 | e02 | e03 | e04 | e05 | e06 | e07 | e08 | e09 | e10 | e11 | e12 | e13 | e14 | e15 | e16 | e17 | e18 | e19 | e20 | x00		format			
https://www.nationalarchives.gov.uk/PRONOM/x-fmt/227	Geography Markup Language	gml | application/gml+xml		format			
https://www.nationalarchives.gov.uk/PRONOM/x-fmt/228	Applixware Bitmap	im		format			
https://www.nationalarchives.gov.uk/PRONOM/x-fmt/229	Intergraph Raster Image	ing		format			
https://www.nationalarchives.gov.uk/PRONOM/x-fmt/23	Microsoft Excel Backup	xlk		format			
https://www.nationalarchives.gov.uk/PRONOM/x-fmt/230	MIDI Audio	mid | midi | audio/midi		format			
https://www.nationalarchives.gov.uk/PRONOM/x-fmt/231	ESRI MapInfo Export File	mif		format			
https://www.nationalarchives.gov.uk/PRONOM/x-fmt/232	Microsoft Project Export File	mpx | application/x-project		format			version 1.0
https://www.nationalarchives.gov.uk/PRONOM/x-fmt/233	Paint Shop Pro Image	psp		format			version 3.0
https://www.nationalarchives.gov.uk/PRONOM/x-fmt/234	Paint Shop Pro Image	psp		format			version 5.0
https://www.nationalarchives.gov.uk/PRONOM/x-fmt/235	ESRI Arc/View ShapeFile	shp		format			
https://www.nationalarchives.gov.uk/PRONOM/x-fmt/236	WordStar for MS-DOS Document	ws		format			version 5.5
https://www.nationalarchives.gov.uk/PRONOM/x-fmt/237	WordStar for MS-DOS Document	ws | ws6		format			version 6.0
https://www.nationalarchives.gov.uk/PRONOM/x-fmt/238	Microsoft Access Database File	mda | mdb | mde | mdt		format			version 95
https://www.nationalarchives.gov.uk/PRONOM/x-fmt/239	Microsoft Access Database File	mda | mdb | mde | mdt		format			version 97
https://www.nationalarchives.gov.uk/PRONOM/x-fmt/24	AutoCAD Block Attribute Template	blk		format			
https://www.nationalarchives.gov.uk/PRONOM/x-fmt/240	Microsoft Access Database File	mdb | mde		format			version 2000
https://www.nationalarchives.gov.uk/PRONOM/x-fmt/241	Microsoft Access Database File	mdb | mde		format			version 2002
https://www.nationalarchives.gov.uk/PRONOM/x-fmt/242	Microsoft FoxPro Database	dbf		format			version 2.6
https://www.nationalarchives.gov.uk/PRONOM/x-fmt/243	Microsoft Project	mpp | application/vnd.ms-project		format			version 4.0
https://www.nationalarchives.gov.uk/PRONOM/x-fmt/244	Microsoft Project	mpp | application/vnd.ms-project		format			version 95
https://www.nationalarchives.gov.uk/PRONOM/x-fmt/245	Microsoft Project	mpp | application/vnd.ms-project		format			version 98
https://www.nationalarchives.gov.uk/PRONOM/x-fmt/246	Microsoft Project			format			version 2000
https://www.nationalarchives.gov.uk/PRONOM/x-fmt/247	Microsoft Project	mpp | application/vnd.ms-project		format			version 2000-2003
https://www.nationalarchives.gov.uk/PRONOM/x-fmt/248	Microsoft Outlook Personal Folders (ANSI)	pst | application/vnd.ms-outlook		format			version 1997-2002
https://www.nationalarchives.gov.uk/PRONOM/x-fmt/249	Microsoft Outlook Personal Folders (Unicode)	pst		format			version 2003-2007
https://www.nationalarchives.gov.uk/PRONOM/x-fmt/25	OS/2 Bitmap			format			version 1.0
https://www.nationalarchives.gov.uk/PRONOM/x-fmt/250	Microsoft Outlook Personal Folders			format			
https://www.nationalarchives.gov.uk/PRONOM/x-fmt/251	Microsoft Outlook Personal Folders			format			
https://www.nationalarchives.gov.uk/PRONOM/x-fmt/252	Microsoft Publisher	pub | application/x-mspublisher		format			version 2.0
https://www.nationalarchives.gov.uk/PRONOM/x-fmt/253	Microsoft Publisher	pub | application/x-mspublisher		format			version 95
https://www.nationalarchives.gov.uk/PRONOM/x-fmt/254	Microsoft Publisher	pub | application/x-mspublisher		format			version 97
https://www.nationalarchives.gov.uk/PRONOM/x-fmt/255	Microsoft Publisher	pub | application/x-mspublisher		format			version 98
https://www.nationalarchives.gov.uk/PRONOM/x-fmt/256	Microsoft Publisher	pub | application/x-mspublisher		format			version 2000
https://www.nationalarchives.gov.uk/PRONOM/x-fmt/257	Microsoft Publisher	pub | application/x-mspublisher		format			version 2002
https://www.nationalarchives.gov.uk/PRONOM/x-fmt/258	Microsoft Visio Drawing	vsd | vss | vst | application/vnd.visio		format			version 2000-2002
https://www.nationalarchives.gov.uk/PRONOM/x-fmt/259	Microsoft Visio Drawing			format			version 2002
https://www.nationalarchives.gov.uk/PRONOM/x-fmt/26	AutoCAD Batch Plot File	bp2 | bpl		format			version 1.0-R14
https://www.nationalarchives.gov.uk/PRONOM/x-fmt/260	WordStar for MS-DOS Document	ws | ws4		format			version 4.0
https://www.nationalarchives.gov.uk/PRONOM/x-fmt/261	WordStar for MS-DOS Document	ws | ws7		format			version 7.0
https://www.nationalarchives.gov.uk/PRONOM/x-fmt/262	WordStar for Windows Document	ws | wsw		format			version 2.0
https://www.nationalarchives.gov.uk/PRONOM/x-fmt/263	ZIP Format	zip | application/zip		format			
https://www.nationalarchives.gov.uk/PRONOM/x-fmt/264	RAR Archive	rar | application/vnd.rar		format			version 2.0
https://www.nationalarchives.gov.uk/PRONOM/x-fmt/265	Tape Archive Format	tar | application/x-tar		format			
https://www.nationalarchives.gov.uk/PRONOM/x-fmt/266	GZIP Format	gz | z | application/gzip		format			
https://www.nationalarchives.gov.uk/PRONOM/x-fmt/267	BZIP Compressed Archive	bz		format			
https://www.nationalarchives.gov.uk/PRONOM/x-fmt/268	BZIP2 Compressed Archive	bz2 | application/x-bzip2		format			
https://www.nationalarchives.gov.uk/PRONOM/x-fmt/269	ZOO Compressed Archive	zoo		format			
https://www.nationalarchives.gov.uk/PRONOM/x-fmt/27	AutoCAD Batch Plot File	bp3		format			version 2000-2005
https://www.nationalarchives.gov.uk/PRONOM/x-fmt/270	OS/2 Bitmap	bmp | image/bmp		format			version 2.0
https://www.nationalarchives.gov.uk/PRONOM/x-fmt/271	dBASE Database	dbf		format			version III+
https://www.nationalarchives.gov.uk/PRONOM/x-fmt/272	dBASE Database	dbf		format			version V
https://www.nationalarchives.gov.uk/PRONOM/x-fmt/273	Microsoft Word for MS-DOS Document			format			version 3.0
https://www.nationalarchives.gov.uk/PRONOM/x-fmt/274	Microsoft Word for MS-DOS Document	doc | application/msword		format			version 1.x - 4.0
https://www.nationalarchives.gov.uk/PRONOM/x-fmt/275	Microsoft Word for MS-DOS Document	doc | application/msword		format			version 5.0 - 5.4
https://www.nationalarchives.gov.uk/PRONOM/x-fmt/276	Microsoft Word for MS-DOS Document	doc | application/msword		format			version 5.5
https://www.nationalarchives.gov.uk/PRONOM/x-fmt/277	Real Video	rv | video/vnd.rn-realvideo		format			
https://www.nationalarchives.gov.uk/PRONOM/x-fmt/278	RealAudio	ra | audio/vnd.rn-realaudio		format			version 3
https://www.nationalarchives.gov.uk/PRONOM/x-fmt/279	MPEG 1/2 Audio Layer 3 Streaming	m3u | m3u8 | audio/mpeg		format			
https://www.nationalarchives.gov.uk/PRONOM/x-fmt/28	CALS Compressed Bitmap	cal		format			
https://www.nationalarchives.gov.uk/PRONOM/x-fmt/280	XML Schema Definition	xsd | application/xml		format			
https://www.nationalarchives.gov.uk/PRONOM/x-fmt/281	Extensible Stylesheet Language	xsl | application/xml		format			
https://www.nationalarchives.gov.uk/PRONOM/x-fmt/282	8-bit ANSI Text	ans | text/plain		format			
https://www.nationalarchives.gov.uk/PRONOM/x-fmt/283	8-bit ASCII Text	asc | text/plain		format			
https://www.nationalarchives.gov.uk/PRONOM/x-fmt/284	IBM DisplayWrite Final Form Text File	fft		format			
https://www.nationalarchives.gov.uk/PRONOM/x-fmt/285	IBM DisplayWrite Revisable Form Text File	rft		format			
https://www.nationalarchives.gov.uk/PRONOM/x-fmt/286	DEC Data Exchange File	dx | application/dec-dx.		format			
https://www.nationalarchives.gov.uk/PRONOM/x-fmt/287	DEC WPS Plus Document	wpl		format			
https://www.nationalarchives.gov.uk/PRONOM/x-fmt/288	IBM DisplayWrite Document			format			version 2
https://www.nationalarchives.gov.uk/PRONOM/x-fmt/289	IBM DisplayWrite Document			format			version 3
https://www.nationalarchives.gov.uk/PRONOM/x-fmt/29	CorelDraw Drawing	cdr		format			version 6.0
https://www.nationalarchives.gov.uk/PRONOM/x-fmt/290	AMI Draw Vector Image	sdw		format			
https://www.nationalarchives.gov.uk/PRONOM/x-fmt/291	CorelDraw Drawing	cdr		format			version 7.0
https://www.nationalarchives.gov.uk/PRONOM/x-fmt/292	CorelDraw Drawing	cdr		format			version 8.0
https://www.nationalarchives.gov.uk/PRONOM/x-fmt/293	Hewlett Packard Graphics Language	hpgl | application/vnd.hp-HPGL		format			
https://www.nationalarchives.gov.uk/PRONOM/x-fmt/294	Micrografx Draw	drw		format			version 3.0
https://www.nationalarchives.gov.uk/PRONOM/x-fmt/295	Micrografx Draw	drt | drw		format			version 4.0
https://www.nationalarchives.gov.uk/PRONOM/x-fmt/296	Micrografx Designer	drw		format			version 3.1
https://www.nationalarchives.gov.uk/PRONOM/x-fmt/297	Paint Shop Pro Image	psp | pspimage		format			version 6.0
https://www.nationalarchives.gov.uk/PRONOM/x-fmt/298	Paint Shop Pro Image	psp | pspimage		format			version 7
https://www.nationalarchives.gov.uk/PRONOM/x-fmt/299	X-Windows Bitmap Image	xbm | image/x-xbitmap		format			version X10
https://www.nationalarchives.gov.uk/PRONOM/x-fmt/3	Online Description Tool Format	odt		format			
https://www.nationalarchives.gov.uk/PRONOM/x-fmt/30	CorelDraw Template	cdt		format			
https://www.nationalarchives.gov.uk/PRONOM/x-fmt/300	X-Windows Screen Dump File	xdm | xwd | image/x-xwindowdump		format			version X10
https://www.nationalarchives.gov.uk/PRONOM/x-fmt/301	ACBM Graphics	acb		format			
https://www.nationalarchives.gov.uk/PRONOM/x-fmt/302	Adobe Framemaker Document	fm | application/vnd.framemaker		format			version 8.0
https://www.nationalarchives.gov.uk/PRONOM/x-fmt/303	Aldus Freehand Drawing	fh3		format			version 3
https://www.nationalarchives.gov.uk/PRONOM/x-fmt/304	Aldus Freehand Drawing	fh4		format			version 4
https://www.nationalarchives.gov.uk/PRONOM/x-fmt/305	Apple Sound	afc		format			
https://www.nationalarchives.gov.uk/PRONOM/x-fmt/306	AutoSketch Drawing	skf		format			
https://www.nationalarchives.gov.uk/PRONOM/x-fmt/307	Paradox Database Memo Field (Binary Large Object)	dbq | mb		format			
https://www.nationalarchives.gov.uk/PRONOM/x-fmt/308	Btrieve Database	btr		format			version 5.1
https://www.nationalarchives.gov.uk/PRONOM/x-fmt/309	ChiWriter Document	chi		format			version 3
https://www.nationalarchives.gov.uk/PRONOM/x-fmt/31	CorelDraw Compressed Drawing	cdx | cjw		format			version 1
https://www.nationalarchives.gov.uk/PRONOM/x-fmt/310	CorelCHART Document	cch		format			
https://www.nationalarchives.gov.uk/PRONOM/x-fmt/311	dBASE Text Memo	dbt		format			
https://www.nationalarchives.gov.uk/PRONOM/x-fmt/312	DesignCAD Drawing	dc | dc2		format			
https://www.nationalarchives.gov.uk/PRONOM/x-fmt/313	DesignCAD for Windows Drawing	dw2		format			
https://www.nationalarchives.gov.uk/PRONOM/x-fmt/314	Digital Terrain Elevation Data	avg | dt0 | dt1 | dt2 | dted | max | min		format			
https://www.nationalarchives.gov.uk/PRONOM/x-fmt/315	Document Type Definition	dtd		format			
https://www.nationalarchives.gov.uk/PRONOM/x-fmt/316	Dr Halo Bitmap	cut		format			
https://www.nationalarchives.gov.uk/PRONOM/x-fmt/317	ESRI Arc/View Project	apr		format			version 2.x
https://www.nationalarchives.gov.uk/PRONOM/x-fmt/318	FileMaker Pro Database	fm | fmp | fp | fp3 | application/x-filemaker		format			version 3
https://www.nationalarchives.gov.uk/PRONOM/x-fmt/319	FileMaker Pro Database	fm | fmp | fp | fp5		format			version 5
https://www.nationalarchives.gov.uk/PRONOM/x-fmt/32	Harvard Graphics Chart	ch3		format			version 3.0
https://www.nationalarchives.gov.uk/PRONOM/x-fmt/320	Fractal Image	fif		format			
https://www.nationalarchives.gov.uk/PRONOM/x-fmt/321	Framework Database	fw | fw2		format			version II
https://www.nationalarchives.gov.uk/PRONOM/x-fmt/322	Framework Database	fw3		format			version III
https://www.nationalarchives.gov.uk/PRONOM/x-fmt/323	Framework Database	fw4		format			version IV
https://www.nationalarchives.gov.uk/PRONOM/x-fmt/324	Harvard Graphics Show	shw		format			version 2.0
https://www.nationalarchives.gov.uk/PRONOM/x-fmt/325	Harvard Graphics Vector Graphics	cht		format			version 2.0
https://www.nationalarchives.gov.uk/PRONOM/x-fmt/326	Hewlett Packard AdvanceWrite Text File	aw		format			
https://www.nationalarchives.gov.uk/PRONOM/x-fmt/327	IntelliDraw Vector Graphics	idw		format			
https://www.nationalarchives.gov.uk/PRONOM/x-fmt/328	InterBase Database	gdb		format			
https://www.nationalarchives.gov.uk/PRONOM/x-fmt/329	Interleaf Document	doc		format			
https://www.nationalarchives.gov.uk/PRONOM/x-fmt/33	Corel R.A.V.E.	clk		format			version 1
https://www.nationalarchives.gov.uk/PRONOM/x-fmt/330	JustWrite Text Document	jw | jwt		format			
https://www.nationalarchives.gov.uk/PRONOM/x-fmt/331	Lotus 1-2-3 Spreadsheet Formatting File	fm1 | fmt		format			version 2.3-2.4
https://www.nationalarchives.gov.uk/PRONOM/x-fmt/332	Lotus 1-2-3 Spreadsheet Formatting File	fm3		format			version 3.0
https://www.nationalarchives.gov.uk/PRONOM/x-fmt/333	Lotus Approach View File	apr | application/vnd.lotus-approach		format			version 97
https://www.nationalarchives.gov.uk/PRONOM/x-fmt/334	Lotus Approach View File	apt | application/vnd.lotus-approach		format			
https://www.nationalarchives.gov.uk/PRONOM/x-fmt/335	Lotus Freelance Smartmaster Graphics	mas | application/vnd.lotus-freelance		format			
https://www.nationalarchives.gov.uk/PRONOM/x-fmt/336	Lotus Notes Database	ns2 | nsf | application/vnd.lotus-notes		format			version 2
https://www.nationalarchives.gov.uk/PRONOM/x-fmt/337	Lotus Notes Database	ns3 | nsf | application/vnd.lotus-notes		format			version 3
https://www.nationalarchives.gov.uk/PRONOM/x-fmt/338	Lotus Notes Database	ns4 | nsf | application/vnd.lotus-notes		format			version 4
https://www.nationalarchives.gov.uk/PRONOM/x-fmt/339	Lotus Notes File	box		format			
https://www.nationalarchives.gov.uk/PRONOM/x-fmt/34	Corel Presentation Exchange File	cmx		format			version 5.0
https://www.nationalarchives.gov.uk/PRONOM/x-fmt/340	Lotus WordPro Document	lwp | application/lwp | application/vnd.lotus-wordpro		format			version 96
https://www.nationalarchives.gov.uk/PRONOM/x-fmt/341	Macromedia Director	dir | dxr | application/x-director		format			version PC
https://www.nationalarchives.gov.uk/PRONOM/x-fmt/342	Microsoft FoxPro Memo	fpt | frt | pjt | vct		format			
https://www.nationalarchives.gov.uk/PRONOM/x-fmt/343	Microsoft Visual FoxPro Table	dbx		format			
https://www.nationalarchives.gov.uk/PRONOM/x-fmt/344	Microsoft Works Database	bdb		format			
https://www.nationalarchives.gov.uk/PRONOM/x-fmt/345	Microsoft Works Document	bps		format			
https://www.nationalarchives.gov.uk/PRONOM/x-fmt/346	Microstation CAD Drawing	dgn		format			version 95
https://www.nationalarchives.gov.uk/PRONOM/x-fmt/347	MultiMate Text File	dox | fnx | pat		format			version 4.x
https://www.nationalarchives.gov.uk/PRONOM/x-fmt/348	Multipage Zsoft Paintbrush Bitmap Graphics	dcx | image/x-dcx		format			
https://www.nationalarchives.gov.uk/PRONOM/x-fmt/349	Nota Bene Text File	nb		format			
https://www.nationalarchives.gov.uk/PRONOM/x-fmt/35	Corel Presentation Exchange File	cmx		format			version 6 and Later
https://www.nationalarchives.gov.uk/PRONOM/x-fmt/350	OmniPage Pro Document	met		format			version 5-9
https://www.nationalarchives.gov.uk/PRONOM/x-fmt/351	PageMaker Document	pm3		format			version 3.0
https://www.nationalarchives.gov.uk/PRONOM/x-fmt/352	PageMaker PC Document	pm4 | pt4 | application/vnd.pagemaker		format			version 4.0
https://www.nationalarchives.gov.uk/PRONOM/x-fmt/353	Professional Write Text File	pw		format			
https://www.nationalarchives.gov.uk/PRONOM/x-fmt/354	SAP Document	ali		format			
https://www.nationalarchives.gov.uk/PRONOM/x-fmt/355	SAS Data File	ssd		format			
https://www.nationalarchives.gov.uk/PRONOM/x-fmt/356	SAS for MS-DOS Database	ssd		format			
https://www.nationalarchives.gov.uk/PRONOM/x-fmt/357	Scanstudio 16-Colour Bitmap	adc		format			
https://www.nationalarchives.gov.uk/PRONOM/x-fmt/358	Silicon Graphics Graphics File			format			
https://www.nationalarchives.gov.uk/PRONOM/x-fmt/359	StarOffice Calc	sdc		format			version 5.x
https://www.nationalarchives.gov.uk/PRONOM/x-fmt/36	CorelDraw Compressed Drawing	cpx		format			version 2
https://www.nationalarchives.gov.uk/PRONOM/x-fmt/360	StarOffice Impress	sdd		format			version 5.x
https://www.nationalarchives.gov.uk/PRONOM/x-fmt/361	StatGraphics Data File	aws		format			
https://www.nationalarchives.gov.uk/PRONOM/x-fmt/362	StratGraphics Data File	asf		format			
https://www.nationalarchives.gov.uk/PRONOM/x-fmt/363	SuperCalc Spreadsheet	cal		format			version 4
https://www.nationalarchives.gov.uk/PRONOM/x-fmt/364	SuperCalc Spreadsheet	cal		format			version 5
https://www.nationalarchives.gov.uk/PRONOM/x-fmt/365	TeX Binary File	dvi | application/x-dvi		format			
https://www.nationalarchives.gov.uk/PRONOM/x-fmt/367	Truevision TGA Bitmap	afi | bpx | icb | tga | vda | vst		format			version 1.0
https://www.nationalarchives.gov.uk/PRONOM/x-fmt/368	VisiCalc Database	dif		format			
https://www.nationalarchives.gov.uk/PRONOM/x-fmt/369	Vista Pro Graphics	dem		format			
https://www.nationalarchives.gov.uk/PRONOM/x-fmt/37	AutoCAD Colour-Dependant Plot Style Table	ctb		format			
https://www.nationalarchives.gov.uk/PRONOM/x-fmt/370	WordStar for MS-DOS Document	ws | ws3		format			version 3.0
https://www.nationalarchives.gov.uk/PRONOM/x-fmt/371	XYWrite for Windows Document	xyw		format			version 4.0
https://www.nationalarchives.gov.uk/PRONOM/x-fmt/372	XYWrite Document	xyp		format			version III+
https://www.nationalarchives.gov.uk/PRONOM/x-fmt/373	XYWrite Document	xy4		format			version IV
https://www.nationalarchives.gov.uk/PRONOM/x-fmt/374	CorelDraw Drawing	cdr		format			version 9.0
https://www.nationalarchives.gov.uk/PRONOM/x-fmt/375	CorelDraw Drawing	cdr		format			version 10.0
https://www.nationalarchives.gov.uk/PRONOM/x-fmt/376	Paint Shop Pro Image	pspimage		format			version 8
https://www.nationalarchives.gov.uk/PRONOM/x-fmt/377	Paint Shop Pro Image	psp		format			version 4.00
https://www.nationalarchives.gov.uk/PRONOM/x-fmt/378	CorelDraw Drawing	cdr		format			version 11.0
https://www.nationalarchives.gov.uk/PRONOM/x-fmt/379	CorelDraw Drawing	cdr		format			version 3.0
https://www.nationalarchives.gov.uk/PRONOM/x-fmt/38	AutoCAD Custom Dictionary	cus		format			
https://www.nationalarchives.gov.uk/PRONOM/x-fmt/380	dBASE for Windows database	dbf		format			version 5.0
https://www.nationalarchives.gov.uk/PRONOM/x-fmt/381	Dia Graphics Format	dia		format			
https://www.nationalarchives.gov.uk/PRONOM/x-fmt/382	Macromedia FLV	flv | video/x-flv		format			version 1
https://www.nationalarchives.gov.uk/PRONOM/x-fmt/383	Flexible Image Transport System	fits | application/fits | image/fits		format			
https://www.nationalarchives.gov.uk/PRONOM/x-fmt/384	Quicktime	mov | qtm | video/quicktime		format			
https://www.nationalarchives.gov.uk/PRONOM/x-fmt/385	MPEG-1 Program Stream	mpeg | mpg | video/mpeg		format			
https://www.nationalarchives.gov.uk/PRONOM/x-fmt/386	MPEG-2 Program Stream	mod | mpeg | mpg | video/mpeg		format			
https://www.nationalarchives.gov.uk/PRONOM/x-fmt/387	Exchangeable Image File Format (Uncompressed)	tif | tiff | image/tiff		format			version 2.2
https://www.nationalarchives.gov.uk/PRONOM/x-fmt/388	Exchangeable Image File Format (Uncompressed)	tif | tiff | image/tiff		format			version 2.1
https://www.nationalarchives.gov.uk/PRONOM/x-fmt/389	Exchangeable Image File Format (Audio)	wav | audio/x-wav		format			version 2.1
https://www.nationalarchives.gov.uk/PRONOM/x-fmt/39	AutoCAD dbConnect Query Set	dbq		format			
https://www.nationalarchives.gov.uk/PRONOM/x-fmt/390	Exchangeable Image File Format (Compressed)	jpeg | jpg | image/jpeg		format			version 2.1
https://www.nationalarchives.gov.uk/PRONOM/x-fmt/391	Exchangeable Image File Format (Compressed)	jpeg | jpg | image/jpeg		format			version 2.2
https://www.nationalarchives.gov.uk/PRONOM/x-fmt/392	JP2 (JPEG 2000 part 1)	jp2 | image/jp2		format			
https://www.nationalarchives.gov.uk/PRONOM/x-fmt/393	WordPerfect for MS-DOS Document	doc | w50 | wp | wp5 | wpd | application/vnd.wordperfect		format			version 5.0
https://www.nationalarchives.gov.uk/PRONOM/x-fmt/394	WordPerfect for MS-DOS/Windows Document	doc | w51 | wp | wp5 | wpd | application/vnd.wordperfect		format			version 5.1
https://www.nationalarchives.gov.uk/PRONOM/x-fmt/395	WordPerfect Graphics Metafile	wpg		format			version 1.0
https://www.nationalarchives.gov.uk/PRONOM/x-fmt/396	Exchangeable Image File Format (Audio)	wav | audio/x-wav		format			version 2.2
https://www.nationalarchives.gov.uk/PRONOM/x-fmt/397	Exchangeable Image File Format (Audio)	wav | audio/x-wav		format			version 2.0
https://www.nationalarchives.gov.uk/PRONOM/x-fmt/398	Exchangeable Image File Format (Compressed)	jpeg | jpg | image/jpeg		format			version 2.0
https://www.nationalarchives.gov.uk/PRONOM/x-fmt/399	Exchangeable Image File Format (Uncompressed)	tif | tiff | image/tiff		format			version 2.0
https://www.nationalarchives.gov.uk/PRONOM/x-fmt/4	Write for Windows Document	wri		format			version 3.1
https://www.nationalarchives.gov.uk/PRONOM/x-fmt/40	AutoCAD dbConnect Template Set	dbt		format			
https://www.nationalarchives.gov.uk/PRONOM/x-fmt/400	StarOffice Writer	sdw | application/vnd.stardivision.writer		format			version 5.x
https://www.nationalarchives.gov.uk/PRONOM/x-fmt/401	StarOffice Draw	sda | application/vnd.stardivision.draw		format			version 5.x
https://www.nationalarchives.gov.uk/PRONOM/x-fmt/402	StarOffice Draw			format			version 5.2
https://www.nationalarchives.gov.uk/PRONOM/x-fmt/403	StarOffice Writer			format			version 5.2
https://www.nationalarchives.gov.uk/PRONOM/x-fmt/404	StarOffice Calc			format			version 5.2
https://www.nationalarchives.gov.uk/PRONOM/x-fmt/405	StarOffice Impress			format			version 5.2
https://www.nationalarchives.gov.uk/PRONOM/x-fmt/406	PostScript	ps | application/postscript		format			version 2.0
https://www.nationalarchives.gov.uk/PRONOM/x-fmt/407	PostScript	ps | application/postscript		format			version 2.1
https://www.nationalarchives.gov.uk/PRONOM/x-fmt/408	PostScript	ps | application/postscript		format			version 3.0
https://www.nationalarchives.gov.uk/PRONOM/x-fmt/409	MS-DOS Executable	exe		format			
https://www.nationalarchives.gov.uk/PRONOM/x-fmt/41	Data Interchange Format	dif		format			
https://www.nationalarchives.gov.uk/PRONOM/x-fmt/410	Windows New Executable	exe		format			
https://www.nationalarchives.gov.uk/PRONOM/x-fmt/411	Windows Portable Executable	dll | exe | sys | application/vnd.microsoft.portable-executable		format			
https://www.nationalarchives.gov.uk/PRONOM/x-fmt/412	Java Archive Format	jar | application/java-archive		format			
https://www.nationalarchives.gov.uk/PRONOM/x-fmt/413	Batch file (executable)	bat		format			
https://www.nationalarchives.gov.uk/PRONOM/x-fmt/414	Windows Cabinet File	cab | application/vnd.ms-cab-compressed		format			
https://www.nationalarchives.gov.uk/PRONOM/x-fmt/415	Java Class File	class		format			
https://www.nationalarchives.gov.uk/PRONOM/x-fmt/416	BinHex Binary Text	hqx | application/mac-binhex40		format			
https://www.nationalarchives.gov.uk/PRONOM/x-fmt/417	HTML Extension File	htx		format			
https://www.nationalarchives.gov.uk/PRONOM/x-fmt/418	Icon file format	ico | image/vnd.microsoft.icon | image/x-icon		format			
https://www.nationalarchives.gov.uk/PRONOM/x-fmt/419	DVD data file and backup data file	bup | ifo		format			
https://www.nationalarchives.gov.uk/PRONOM/x-fmt/42	Wordperfect Secondary File	doc		format			version 5.0
https://www.nationalarchives.gov.uk/PRONOM/x-fmt/420	Windows Setup File	inf | application/inf		format			
https://www.nationalarchives.gov.uk/PRONOM/x-fmt/421	Text Configuration file	ini		format			
https://www.nationalarchives.gov.uk/PRONOM/x-fmt/422	Java Language Source Code File	java		format			
https://www.nationalarchives.gov.uk/PRONOM/x-fmt/423	JavaScript file	js | application/javascript		format			
https://www.nationalarchives.gov.uk/PRONOM/x-fmt/424	Deluxe Paint bitmap	lbm		format			
https://www.nationalarchives.gov.uk/PRONOM/x-fmt/425	Generic Library File	lib		format			
https://www.nationalarchives.gov.uk/PRONOM/x-fmt/426	License file	lic		format			
https://www.nationalarchives.gov.uk/PRONOM/x-fmt/427	Acrobat Language definition file	lng		format			
https://www.nationalarchives.gov.uk/PRONOM/x-fmt/428	Microsoft Windows Shortcut	lnk		format			
https://www.nationalarchives.gov.uk/PRONOM/x-fmt/429	MHTML	mht | mhtml | multipart/related		format			
https://www.nationalarchives.gov.uk/PRONOM/x-fmt/43	Wordperfect Secondary File	doc		format			version 5.1/5.2
https://www.nationalarchives.gov.uk/PRONOM/x-fmt/430	Microsoft Outlook Email Message	msg | oft | application/vnd.ms-outlook		format			version 97-2003
https://www.nationalarchives.gov.uk/PRONOM/x-fmt/432	3DM	3dm		format			version 4
https://www.nationalarchives.gov.uk/PRONOM/x-fmt/433	3DM	3dm		format			version 1
https://www.nationalarchives.gov.uk/PRONOM/x-fmt/434	3DM	3dm		format			version 2
https://www.nationalarchives.gov.uk/PRONOM/x-fmt/435	3DM	3dm		format			version 3
https://www.nationalarchives.gov.uk/PRONOM/x-fmt/436	CATIA Model	mod | model		format			version 4
https://www.nationalarchives.gov.uk/PRONOM/x-fmt/437	CATIA Project	project		format			version 4
https://www.nationalarchives.gov.uk/PRONOM/x-fmt/438	CATIA Material Description	catmaterial		format			version 5
https://www.nationalarchives.gov.uk/PRONOM/x-fmt/439	CATIA Model (Part Description)	catpart		format			version 5
https://www.nationalarchives.gov.uk/PRONOM/x-fmt/44	WordPerfect for MS-DOS/Windows Document	doc | w60 | w61 | w62 | wp | wp6 | wpd | application/vnd.wordperfect		format			version 6.x
https://www.nationalarchives.gov.uk/PRONOM/x-fmt/440	CATIA Product Description	catproduct		format			version 5
https://www.nationalarchives.gov.uk/PRONOM/x-fmt/441	AutoCAD Database File Locking Information	dwl | application/octet-stream		format			
https://www.nationalarchives.gov.uk/PRONOM/x-fmt/442	form*Z Project File	fmz | application/octet-stream		format			
https://www.nationalarchives.gov.uk/PRONOM/x-fmt/443	Revit Family File	rfa | application/octet-stream		format			
https://www.nationalarchives.gov.uk/PRONOM/x-fmt/444	Revit Family Template	rft | application/octet-stream		format			
https://www.nationalarchives.gov.uk/PRONOM/x-fmt/445	Revit Template	rte | application/octet-stream		format			
https://www.nationalarchives.gov.uk/PRONOM/x-fmt/446	Revit External Group	rvg | application/octet-stream		format			
https://www.nationalarchives.gov.uk/PRONOM/x-fmt/447	Revit Project	rvt | application/octet-stream		format			
https://www.nationalarchives.gov.uk/PRONOM/x-fmt/448	Revit Workspace	rws | application/octet-stream		format			
https://www.nationalarchives.gov.uk/PRONOM/x-fmt/449	Steel Detailing Neutral Format	sdn | text/plain		format			
https://www.nationalarchives.gov.uk/PRONOM/x-fmt/45	Microsoft Word Document Template	dot		format			version 97-2003
https://www.nationalarchives.gov.uk/PRONOM/x-fmt/450	Adobe InDesign Document	ind | indd | indt | application/octet-stream		format			version Generic
https://www.nationalarchives.gov.uk/PRONOM/x-fmt/451	SketchUp Document	skb | skp		format			
https://www.nationalarchives.gov.uk/PRONOM/x-fmt/452	SketchUp Document			format			
https://www.nationalarchives.gov.uk/PRONOM/x-fmt/453	TrueType Font	ttf | font/ttf		format			
https://www.nationalarchives.gov.uk/PRONOM/x-fmt/454	Microsoft Internet Shortcut	url | text/plain		format			
https://www.nationalarchives.gov.uk/PRONOM/x-fmt/455	AutoCAD Drawing	dwg | image/vnd.dwg		format			version 2007-2008
https://www.nationalarchives.gov.uk/PRONOM/x-fmt/46	Microsoft Excel ODBC Query	dqy		format			
https://www.nationalarchives.gov.uk/PRONOM/x-fmt/47	Micrografx Draw	drw		format			version 1-2
https://www.nationalarchives.gov.uk/PRONOM/x-fmt/48	Visual Basic Macro	dvb		format			
https://www.nationalarchives.gov.uk/PRONOM/x-fmt/49	AutoCAD Design Web Format	dwf | application/dwf | application/x-dwf | drawing/x-dwf | image/vnd.dwf | image/x-dwf | model/vnd.dwf		format			version 6.0
https://www.nationalarchives.gov.uk/PRONOM/x-fmt/5	Works for Macintosh Document			format			version 4.0
https://www.nationalarchives.gov.uk/PRONOM/x-fmt/50	AutoCAD Drawing Standards File	dws		format			
https://www.nationalarchives.gov.uk/PRONOM/x-fmt/51	AutoCAD Drawing Template	dwt		format			
https://www.nationalarchives.gov.uk/PRONOM/x-fmt/52	Drawing Interchange Format Style Extract	dxx		format			
https://www.nationalarchives.gov.uk/PRONOM/x-fmt/53	Macromedia Freehand	fh4 | fh5		format			version 4 & 5
https://www.nationalarchives.gov.uk/PRONOM/x-fmt/54	AutoCAD Font Mapping Table	fmp		format			
https://www.nationalarchives.gov.uk/PRONOM/x-fmt/55	Frame Vector Metafile	fmv		format			
https://www.nationalarchives.gov.uk/PRONOM/x-fmt/56	Kodak FlashPix Image	fpx | image/vnd.fpx		format			
https://www.nationalarchives.gov.uk/PRONOM/x-fmt/57	Ventura Publisher Vector Graphics	gem		format			
https://www.nationalarchives.gov.uk/PRONOM/x-fmt/58	Microsoft Excel Web Query	iqy		format			
https://www.nationalarchives.gov.uk/PRONOM/x-fmt/59	AutoCAD Last Saved Layer State	las		format			
https://www.nationalarchives.gov.uk/PRONOM/x-fmt/6	FoxPro Database	dbf		format			version 2.0
https://www.nationalarchives.gov.uk/PRONOM/x-fmt/60	AutoCAD Linetype Definition File	lin		format			
https://www.nationalarchives.gov.uk/PRONOM/x-fmt/61	AutoCAD Landscape Library	lli		format			
https://www.nationalarchives.gov.uk/PRONOM/x-fmt/62	Log File	log		format			
https://www.nationalarchives.gov.uk/PRONOM/x-fmt/63	AutoLISP File	lsp		format			
https://www.nationalarchives.gov.uk/PRONOM/x-fmt/64	Microsoft Word for Macintosh Document	mcw | application/msword		format			version 4.0
https://www.nationalarchives.gov.uk/PRONOM/x-fmt/65	Microsoft Word for Macintosh Document	mcw | application/msword		format			version 5.0
https://www.nationalarchives.gov.uk/PRONOM/x-fmt/66	Microsoft Access Database File	mda | mdb		format			version 2.0
https://www.nationalarchives.gov.uk/PRONOM/x-fmt/67	OS/2 Presentation Manager Metafile (MET)	met		format			
https://www.nationalarchives.gov.uk/PRONOM/x-fmt/68	AutoCAD Compiled Menu	mnc		format			
https://www.nationalarchives.gov.uk/PRONOM/x-fmt/69	AutoLISP Menu Source File	mnl		format			
https://www.nationalarchives.gov.uk/PRONOM/x-fmt/7	FoxPro Database	dbf		format			version 2.5
https://www.nationalarchives.gov.uk/PRONOM/x-fmt/70	AutoCAD Menu Resource File	mnr | mnt		format			
https://www.nationalarchives.gov.uk/PRONOM/x-fmt/71	AutoCAD Source Menu File	mns		format			
https://www.nationalarchives.gov.uk/PRONOM/x-fmt/72	AutoCAD Template Menu File	mnu		format			
https://www.nationalarchives.gov.uk/PRONOM/x-fmt/73	Microsoft Outlook Address Book	olk		format			
https://www.nationalarchives.gov.uk/PRONOM/x-fmt/74	Microsoft Excel OLAP Query	oqy		format			
https://www.nationalarchives.gov.uk/PRONOM/x-fmt/75	Microsoft Outlook Personal Address Book	pab		format			
https://www.nationalarchives.gov.uk/PRONOM/x-fmt/76	CorelDraw Pattern	pat		format			
https://www.nationalarchives.gov.uk/PRONOM/x-fmt/77	AutoCAD Plot Configuration File	pc2		format			version R14
https://www.nationalarchives.gov.uk/PRONOM/x-fmt/78	AutoCAD Plot Configuration File	pc3		format			version 2000
https://www.nationalarchives.gov.uk/PRONOM/x-fmt/79	AutoCAD Plot Configuration File	pcp		format			version 1.0-R13
https://www.nationalarchives.gov.uk/PRONOM/x-fmt/8	dBASE Database	dbf		format			version II
https://www.nationalarchives.gov.uk/PRONOM/x-fmt/80	Macintosh PICT Image	pct | pict | image/x-pict		format			version 1.0
https://www.nationalarchives.gov.uk/PRONOM/x-fmt/81	Inkwriter/Notetaker Template	pdt		format			
https://www.nationalarchives.gov.uk/PRONOM/x-fmt/82	Lotus 1-2-3 Chart	pic		format			
https://www.nationalarchives.gov.uk/PRONOM/x-fmt/83	Hewlett Packard Vector Graphic Plotter File	plt		format			
https://www.nationalarchives.gov.uk/PRONOM/x-fmt/84	Microsoft Powerpoint Design Template	pot		format			
https://www.nationalarchives.gov.uk/PRONOM/x-fmt/85	Picture Publisher Bitmap	pp5		format			version 5.0
https://www.nationalarchives.gov.uk/PRONOM/x-fmt/86	Microsoft Powerpoint Add-In	ppa		format			
https://www.nationalarchives.gov.uk/PRONOM/x-fmt/87	Microsoft Powerpoint Presentation Show	pps | application/vnd.ms-powerpoint		format			version 97-2003
https://www.nationalarchives.gov.uk/PRONOM/x-fmt/88	Microsoft PowerPoint Presentation	ppt | application/vnd.ms-powerpoint		format			version 4.x
https://www.nationalarchives.gov.uk/PRONOM/x-fmt/89	Freelance File	pre		format			version 1.0-2.1
https://www.nationalarchives.gov.uk/PRONOM/x-fmt/9	dBASE Database	dbf		format			version III
https://www.nationalarchives.gov.uk/PRONOM/x-fmt/90	Microsoft Print File	prn		format			
https://www.nationalarchives.gov.uk/PRONOM/x-fmt/91	Postscript	ps | application/postscript		format			version 1.0
https://www.nationalarchives.gov.uk/PRONOM/x-fmt/92	Adobe Photoshop	pdd | psd | image/vnd.adobe.photoshop		format			
https://www.nationalarchives.gov.uk/PRONOM/x-fmt/93	Postscript Support File	psf		format			
https://www.nationalarchives.gov.uk/PRONOM/x-fmt/94	Pocket Word Document	psw | pwd		format			
https://www.nationalarchives.gov.uk/PRONOM/x-fmt/95	Inkwriter/Notetaker Document	pwi		format			
https://www.nationalarchives.gov.uk/PRONOM/x-fmt/96	Pocket Word Template	pwt		format			
https://www.nationalarchives.gov.uk/PRONOM/x-fmt/97	Microsoft Excel OLE DB Query	rqy		format			
https://www.nationalarchives.gov.uk/PRONOM/x-fmt/98	AutoCAD ACIS Export File	sat		format			
https://www.nationalarchives.gov.uk/PRONOM/x-fmt/99	Schedule+ Contacts	scd		format			
